grade,preschool,expectBachelors,motherHS,motherBachelors,motherWork,fatherHS,fatherBachelors,fatherWork,selfBornUS,motherBornUS,fatherBornUS,englishAtHome,computerForSchoolwork,read30MinsADay,minutesPerWeekEnglish,studentsInEnglish,schoolHasLibrary,publicSchool,urban,schoolSize,readingScore,gender,0,1,2,3,4,5,6
11,0,0,1,1,1,1,0,1,1,1,1,1,1,1,450,25,1,1,0,1173,575.01,M,0.0,0.0,0.0,0.0,0.0,0.0,1.0
10,1,1,0,0,1,1,0,1,1,1,1,1,1,1,200,23,1,1,1,2640,458.11,F,0.0,0.0,1.0,0.0,0.0,0.0,0.0
10,1,0,1,0,1,1,0,0,1,1,0,1,1,1,250,35,1,1,1,1095,613.89,M,0.0,0.0,0.0,1.0,0.0,0.0,0.0
10,1,1,1,0,0,1,0,1,1,1,1,1,1,1,300,30,1,1,0,1913,439.36,F,0.0,0.0,0.0,0.0,0.0,0.0,1.0
10,1,1,1,1,1,0,0,1,1,1,1,1,1,0,294,24,1,1,0,899,465.9,M,0.0,0.0,0.0,0.0,1.0,0.0,0.0
10,1,1,1,0,1,1,0,0,0,0,0,0,0,1,232,14,1,1,0,1733,508.95,F,0.0,0.0,0.0,1.0,0.0,0.0,0.0
10,1,1,1,0,1,1,1,1,1,1,1,1,1,1,225,20,1,1,0,149,646.38,F,0.0,0.0,0.0,0.0,0.0,0.0,1.0
10,1,0,0,0,0,0,0,1,0,0,0,0,1,1,270,25,1,1,1,1400,403.77,F,0.0,0.0,0.0,1.0,0.0,0.0,0.0
11,1,1,1,0,0,1,1,1,1,1,1,1,1,0,275,30,1,1,1,1988,423.73,M,0.0,0.0,0.0,0.0,0.0,0.0,1.0
9,1,1,1,1,1,1,1,1,1,1,1,1,1,0,225,15,1,0,1,915,646.6,M,0.0,0.0,0.0,0.0,0.0,0.0,1.0
11,1,1,1,1,1,1,0,1,1,1,1,1,1,1,250,20,1,1,0,636,532.86,F,0.0,0.0,0.0,0.0,0.0,0.0,1.0
10,1,1,1,1,1,1,0,1,1,1,1,1,1,0,250,12,1,1,0,854,547.32,F,0.0,0.0,0.0,0.0,0.0,0.0,1.0
10,1,1,1,1,1,1,1,0,1,1,1,1,1,1,315,40,1,1,1,2999,569.32,M,0.0,0.0,0.0,0.0,0.0,0.0,1.0
10,0,1,1,0,1,1,1,1,1,1,1,1,1,0,225,30,1,1,0,2748,563.55,M,0.0,0.0,0.0,0.0,0.0,0.0,1.0
9,1,1,1,0,1,1,0,0,1,1,1,1,0,1,235,32,1,1,0,149,493.38,F,0.0,0.0,0.0,0.0,0.0,0.0,1.0
10,1,1,1,0,1,1,0,1,1,1,1,1,1,1,600,30,1,1,0,361,472.41,F,0.0,0.0,0.0,1.0,0.0,0.0,0.0
10,1,1,1,1,0,1,1,1,0,1,0,1,1,1,240,26,1,0,1,575,513.72,F,0.0,0.0,0.0,0.0,0.0,0.0,1.0
11,1,1,1,0,0,1,0,0,1,1,1,1,1,0,1296,30,1,1,1,3261,577.9,M,0.0,0.0,1.0,0.0,0.0,0.0,0.0
10,0,1,1,1,1,1,0,1,1,1,1,1,1,1,300,30,1,1,0,2340,555.85,M,0.0,0.0,0.0,0.0,0.0,0.0,1.0
10,1,1,1,1,0,1,0,1,1,1,1,1,1,1,250,25,1,1,0,1913,649.65,M,0.0,0.0,0.0,0.0,0.0,0.0,1.0
10,1,1,1,1,1,1,0,1,1,1,1,1,1,0,90,20,1,1,0,2569,596.41,M,0.0,0.0,0.0,0.0,0.0,0.0,1.0
9,0,1,1,1,0,1,1,1,1,1,1,1,1,1,180,25,1,0,1,1212,561.94,M,0.0,0.0,0.0,0.0,0.0,0.0,1.0
11,0,1,1,0,1,1,0,1,1,1,1,1,1,1,250,25,1,1,0,509,637.65,F,0.0,0.0,0.0,0.0,0.0,0.0,1.0
10,1,1,1,0,1,1,0,1,1,1,1,1,1,0,315,25,1,1,0,899,488.43,M,0.0,0.0,0.0,1.0,0.0,0.0,0.0
10,0,1,1,1,1,1,1,1,1,1,1,1,1,0,270,25,1,1,0,1526,490.68,F,0.0,0.0,1.0,0.0,0.0,0.0,0.0
10,1,1,1,0,1,1,1,1,1,1,1,1,1,1,225,25,1,1,0,276,591.57,F,0.0,0.0,0.0,0.0,0.0,0.0,1.0
10,1,1,1,0,0,1,0,1,1,1,1,1,0,1,225,30,1,1,0,1250,444.29,F,0.0,0.0,0.0,1.0,0.0,0.0,0.0
10,1,1,1,1,0,1,1,1,0,1,1,1,1,0,250,30,1,1,0,2878,639.55,F,0.0,0.0,0.0,0.0,0.0,0.0,1.0
10,1,1,1,0,0,1,0,1,1,1,1,1,0,1,225,25,1,1,0,276,453.9,F,0.0,0.0,0.0,0.0,0.0,0.0,1.0
11,1,1,1,0,1,1,1,1,1,1,1,1,1,0,290,12,1,1,0,929,566.75,M,0.0,0.0,0.0,0.0,0.0,0.0,1.0
10,1,1,1,1,1,1,0,0,1,1,1,1,1,0,225,6,1,1,0,1897,494.04,M,0.0,0.0,1.0,0.0,0.0,0.0,0.0
10,1,1,1,0,1,0,0,1,1,1,1,1,1,0,200,14,1,1,1,2640,506.15,M,0.0,0.0,1.0,0.0,0.0,0.0,0.0
10,1,1,1,1,0,1,1,1,1,1,1,1,1,1,460,27,1,1,0,1087,637.33,F,0.0,0.0,0.0,0.0,0.0,0.0,1.0
11,1,1,1,1,1,1,1,1,1,1,1,1,1,1,232,25,1,1,0,2710,614.85,F,0.0,0.0,0.0,0.0,0.0,0.0,1.0
11,1,1,0,0,0,0,0,1,1,0,0,1,1,0,70,25,1,1,0,1101,416.09,F,0.0,0.0,0.0,1.0,0.0,0.0,0.0
10,0,0,1,0,1,0,0,1,1,1,1,1,0,1,275,25,1,1,0,2000,570.04,M,0.0,0.0,0.0,0.0,0.0,0.0,1.0
10,1,0,1,0,1,1,0,0,1,1,1,1,1,0,225,25,1,1,1,1046,505.58,M,0.0,0.0,0.0,0.0,0.0,0.0,1.0
10,1,1,1,0,1,1,0,1,1,1,1,1,0,0,270,22,1,1,0,196,548.55,M,0.0,0.0,0.0,0.0,0.0,0.0,1.0
10,0,1,1,0,0,1,0,1,1,1,1,1,1,1,225,25,1,1,0,1375,497.12,F,0.0,0.0,0.0,0.0,0.0,0.0,1.0
9,1,1,1,0,0,1,0,0,1,1,1,1,0,0,40,13,1,1,0,1380,401.15,F,0.0,0.0,0.0,0.0,1.0,0.0,0.0
10,1,1,1,0,1,1,0,1,1,0,1,1,1,1,205,25,1,1,1,673,493.62,F,0.0,0.0,1.0,0.0,0.0,0.0,0.0
11,1,1,1,0,0,1,0,1,1,1,1,1,1,0,300,40,0,1,1,3138,566.39,F,0.0,0.0,0.0,0.0,0.0,0.0,1.0
10,1,1,1,1,1,1,1,1,1,1,1,1,1,0,225,18,1,0,1,1212,398.24,M,0.0,0.0,0.0,0.0,0.0,0.0,1.0
11,1,1,1,0,1,1,0,1,0,0,0,0,1,0,50,20,1,1,1,1723,467.35,M,0.0,0.0,0.0,1.0,0.0,0.0,0.0
10,1,1,1,1,1,1,1,1,1,1,1,1,1,0,200,20,1,1,0,1680,589.66,F,0.0,0.0,0.0,0.0,0.0,0.0,1.0
10,1,1,1,1,1,1,1,1,1,1,1,1,1,0,240,17,1,0,1,575,608.6,M,0.0,0.0,0.0,0.0,0.0,0.0,1.0
11,0,1,1,1,0,1,0,1,0,0,0,1,1,0,50,20,1,1,0,868,644.16,F,0.0,0.0,0.0,1.0,0.0,0.0,0.0
10,0,1,0,0,1,0,0,1,1,0,0,0,0,1,450,16,1,1,0,3004,514.04,F,0.0,0.0,0.0,1.0,0.0,0.0,0.0
10,1,1,1,0,1,1,0,0,1,0,0,1,1,0,300,30,1,1,1,3261,616.22,M,0.0,0.0,1.0,0.0,0.0,0.0,0.0
10,1,1,1,1,1,1,0,0,1,1,1,1,1,0,300,25,1,1,1,1276,426.89,F,0.0,0.0,1.0,0.0,0.0,0.0,0.0
11,1,0,1,0,1,0,0,1,0,0,0,0,1,0,270,25,1,1,0,1489,449.61,F,0.0,0.0,0.0,1.0,0.0,0.0,0.0
9,0,1,1,0,0,1,0,1,1,1,1,1,1,0,270,30,1,1,0,1900,429.67,M,0.0,0.0,0.0,1.0,0.0,0.0,0.0
10,0,0,1,0,0,1,1,1,1,0,1,1,1,1,600,20,1,1,1,1720,658.86,F,0.0,0.0,0.0,0.0,0.0,0.0,1.0
10,1,1,1,1,1,1,1,1,1,1,1,1,1,1,190,25,1,1,0,1087,604.36,F,0.0,0.0,0.0,0.0,0.0,0.0,1.0
9,0,0,1,1,1,0,0,0,1,1,1,1,1,0,225,25,1,1,1,1062,432.79,M,1.0,0.0,0.0,0.0,0.0,0.0,0.0
11,1,1,1,0,0,1,0,0,1,1,1,1,1,0,290,33,1,1,0,754,551.53,F,0.0,0.0,0.0,0.0,0.0,0.0,1.0
10,0,1,0,0,1,0,0,0,1,0,1,1,1,0,360,30,1,1,1,2886,531.96,M,0.0,0.0,0.0,1.0,0.0,0.0,0.0
10,1,1,1,0,1,1,0,1,1,1,1,1,1,0,0,20,1,1,0,820,443.26,F,0.0,0.0,1.0,0.0,0.0,0.0,0.0
11,1,1,1,0,1,1,1,1,1,1,1,1,1,0,270,20,1,1,0,979,522.14,F,0.0,0.0,0.0,0.0,0.0,0.0,1.0
10,1,0,1,0,0,1,1,1,1,1,1,1,1,1,344,15,1,1,0,247,474.72,M,0.0,0.0,0.0,0.0,0.0,0.0,1.0
11,0,1,1,1,1,1,1,1,0,0,0,0,1,1,285,29,1,1,0,2000,692.86,M,0.0,1.0,0.0,0.0,0.0,0.0,0.0
11,0,0,0,0,1,1,0,1,1,0,1,1,0,0,180,20,1,1,0,808,320.48,M,0.0,0.0,0.0,0.0,0.0,0.0,1.0
10,1,1,1,0,1,1,1,0,1,1,1,1,1,1,205,30,1,1,0,1828,316.63,M,0.0,0.0,0.0,0.0,0.0,0.0,1.0
10,1,1,1,0,1,1,1,1,1,0,0,0,1,0,225,20,1,1,0,2098,531.24,M,0.0,1.0,0.0,0.0,0.0,0.0,0.0
11,1,1,1,0,1,1,0,0,1,1,1,1,1,0,200,36,1,1,0,1733,604.44,F,0.0,0.0,0.0,0.0,0.0,0.0,1.0
11,0,1,1,0,0,1,1,1,0,0,0,1,1,1,550,25,1,1,0,2000,667.04,F,0.0,1.0,0.0,0.0,0.0,0.0,0.0
10,0,0,1,0,0,0,0,1,1,1,1,1,1,0,420,28,0,1,1,626,367.06,M,0.0,0.0,0.0,1.0,0.0,0.0,0.0
11,0,1,1,0,1,1,0,1,1,1,1,1,1,0,160,23,1,0,1,1212,577.9,M,0.0,0.0,0.0,0.0,0.0,0.0,1.0
10,1,1,1,1,1,1,1,1,1,1,1,1,1,0,225,20,1,1,0,2098,580.45,F,0.0,0.0,0.0,0.0,0.0,0.0,1.0
10,1,1,1,0,1,1,1,1,1,1,1,1,1,1,225,25,1,1,0,854,459.86,F,0.0,0.0,0.0,0.0,0.0,0.0,1.0
11,1,1,1,0,1,1,0,1,1,0,1,1,1,1,360,36,1,1,1,2942,544.95,M,0.0,0.0,0.0,1.0,0.0,0.0,0.0
11,1,1,1,1,1,1,1,1,1,0,0,1,1,0,180,25,1,0,1,570,606.27,M,0.0,0.0,0.0,0.0,0.0,1.0,0.0
10,1,1,0,0,1,0,0,1,0,0,0,0,1,0,225,25,1,1,1,3000,349.6,F,0.0,1.0,0.0,0.0,0.0,0.0,0.0
10,1,1,1,0,1,1,0,1,1,1,1,1,1,1,260,17,1,1,0,636,656.95,F,0.0,0.0,0.0,0.0,0.0,0.0,1.0
11,0,1,1,0,0,1,0,1,1,0,0,1,1,1,275,26,1,1,1,2144,562.42,F,0.0,0.0,0.0,1.0,0.0,0.0,0.0
10,1,1,1,1,1,1,1,1,1,1,1,1,1,0,250,15,1,0,1,915,656.0,F,0.0,0.0,0.0,0.0,0.0,0.0,1.0
10,1,1,1,1,1,1,1,1,1,1,1,1,1,0,250,25,1,1,0,3004,340.6,M,0.0,0.0,0.0,0.0,0.0,0.0,1.0
11,1,1,1,1,1,0,0,1,1,0,0,0,1,1,354,40,1,1,1,3592,462.0,F,0.0,0.0,0.0,1.0,0.0,0.0,0.0
10,1,1,1,1,1,1,1,1,1,1,1,1,1,0,275,25,1,1,0,2878,683.64,M,0.0,0.0,0.0,0.0,0.0,0.0,1.0
11,1,0,1,0,1,1,0,1,1,1,1,1,1,0,300,20,1,1,1,1988,490.13,F,0.0,0.0,0.0,0.0,0.0,0.0,1.0
10,1,1,1,1,0,1,1,1,1,1,1,1,1,0,450,10,1,1,0,1173,548.88,M,0.0,0.0,0.0,0.0,0.0,0.0,1.0
11,0,1,1,1,0,1,1,0,1,1,1,1,1,0,270,24,1,1,0,389,680.83,M,0.0,0.0,0.0,0.0,0.0,0.0,1.0
11,0,1,1,1,1,1,1,1,1,0,0,1,1,0,255,24,1,0,1,570,422.05,F,0.0,0.0,0.0,0.0,0.0,1.0,0.0
11,1,1,1,1,1,1,1,0,1,1,0,1,1,0,250,14,1,0,1,915,644.24,F,0.0,0.0,0.0,0.0,0.0,0.0,1.0
10,1,1,0,0,0,0,0,1,0,0,0,0,0,0,84,23,1,1,1,3201,388.62,M,0.0,0.0,0.0,1.0,0.0,0.0,0.0
10,1,1,1,1,1,1,1,1,1,1,1,1,1,0,300,25,1,1,0,898,609.08,M,0.0,0.0,0.0,0.0,0.0,0.0,1.0
10,0,1,1,1,1,1,1,1,1,1,1,1,1,0,300,20,1,1,0,2183,720.03,M,0.0,0.0,0.0,0.0,0.0,0.0,1.0
10,1,1,1,0,1,1,1,0,1,1,1,1,0,1,225,30,1,1,0,1233,440.65,M,0.0,0.0,0.0,0.0,0.0,0.0,1.0
11,0,1,1,0,1,1,0,1,1,1,1,1,1,0,264,30,1,1,0,2402,520.31,F,0.0,0.0,0.0,1.0,0.0,0.0,0.0
10,1,1,1,1,1,1,1,1,1,1,1,1,1,1,55,31,1,1,0,2340,626.64,M,0.0,0.0,0.0,0.0,0.0,0.0,1.0
10,1,1,1,0,1,1,1,1,1,1,1,1,1,0,258,25,1,1,0,1812,528.5,F,0.0,0.0,0.0,0.0,0.0,0.0,1.0
10,1,1,1,1,1,1,1,1,1,1,0,1,1,0,375,20,1,1,0,1295,520.01,M,0.0,0.0,0.0,0.0,0.0,0.0,1.0
10,0,1,1,0,1,1,0,1,1,1,1,1,1,1,275,30,1,1,1,2144,522.7,F,0.0,0.0,0.0,0.0,0.0,0.0,1.0
10,1,1,1,1,1,1,1,1,1,1,1,1,1,1,300,30,1,1,0,898,620.41,F,0.0,0.0,0.0,0.0,0.0,0.0,1.0
10,1,1,1,0,1,0,0,1,1,1,1,1,1,0,250,30,1,1,1,539,530.56,F,0.0,0.0,0.0,1.0,0.0,0.0,0.0
10,1,1,1,1,0,1,1,0,1,1,1,1,1,1,250,20,1,1,0,1375,677.14,M,0.0,0.0,0.0,0.0,0.0,0.0,1.0
10,0,1,1,1,0,1,0,1,1,1,1,1,1,0,420,30,1,1,0,899,498.93,M,0.0,0.0,0.0,0.0,0.0,0.0,1.0
10,1,1,1,1,1,1,1,1,1,1,1,1,1,0,285,30,1,1,1,2966,560.34,M,0.0,0.0,0.0,0.0,0.0,0.0,1.0
10,1,1,1,1,1,1,1,1,1,1,0,1,1,1,140,15,1,1,1,1900,583.71,F,0.0,0.0,0.0,0.0,0.0,0.0,1.0
9,1,0,1,1,1,0,0,0,1,1,1,1,1,1,300,9,1,1,0,421,438.17,F,0.0,0.0,0.0,0.0,0.0,0.0,1.0
10,1,1,1,0,1,1,1,1,1,0,1,1,1,1,235,22,1,0,1,356,536.84,F,0.0,0.0,0.0,0.0,0.0,0.0,1.0
10,1,1,0,0,1,0,0,1,1,0,0,0,0,0,180,20,1,0,1,570,485.92,F,0.0,0.0,0.0,1.0,0.0,0.0,0.0
10,1,1,1,1,1,1,0,1,1,1,1,1,1,0,270,25,1,1,1,2999,677.53,F,0.0,0.0,0.0,0.0,0.0,0.0,1.0
10,1,1,1,0,1,1,0,1,1,1,0,1,1,0,300,22,1,1,0,899,453.72,M,0.0,0.0,0.0,0.0,0.0,0.0,1.0
10,1,1,1,1,1,1,1,1,1,1,1,1,1,0,275,21,1,1,0,1526,640.03,M,0.0,0.0,0.0,0.0,0.0,0.0,1.0
10,0,0,0,0,0,0,0,1,1,0,0,0,1,0,0,28,1,1,0,2569,413.7,F,0.0,0.0,0.0,1.0,0.0,0.0,0.0
10,0,1,0,0,1,0,0,1,1,1,1,1,1,0,270,21,1,1,0,196,609.88,M,0.0,0.0,0.0,0.0,0.0,0.0,1.0
10,0,1,1,1,0,1,1,1,1,1,1,1,1,1,270,35,1,1,1,1734,537.89,M,0.0,0.0,0.0,0.0,0.0,0.0,1.0
10,1,1,1,0,0,1,1,1,1,1,1,1,1,0,300,23,1,1,0,434,577.27,F,0.0,0.0,0.0,0.0,0.0,0.0,1.0
10,1,1,1,0,1,1,0,1,1,1,1,1,1,0,250,28,1,1,0,2878,465.02,F,0.0,0.0,1.0,0.0,0.0,0.0,0.0
11,1,1,0,0,0,1,0,1,1,0,1,0,1,0,255,25,1,1,1,1763,438.16,M,0.0,0.0,0.0,1.0,0.0,0.0,0.0
10,0,1,0,0,0,1,0,0,1,1,1,1,0,1,360,40,1,1,1,3201,556.94,F,0.0,0.0,0.0,1.0,0.0,0.0,0.0
11,1,1,1,0,0,1,0,1,1,1,1,1,0,0,250,28,1,1,0,505,586.88,F,0.0,0.0,0.0,0.0,0.0,0.0,1.0
10,1,1,1,0,1,0,0,1,1,1,1,0,1,0,375,30,1,1,0,1101,517.93,M,0.0,0.0,0.0,1.0,0.0,0.0,0.0
11,1,1,1,0,1,1,0,1,1,1,1,1,1,0,350,25,1,1,0,1295,450.49,F,0.0,0.0,0.0,0.0,0.0,0.0,1.0
10,1,1,1,0,1,1,0,1,1,1,1,1,1,1,375,20,1,1,0,2183,653.81,M,0.0,0.0,0.0,0.0,0.0,0.0,1.0
10,1,1,1,1,0,1,0,1,1,1,1,1,1,0,275,18,1,1,0,362,544.07,M,0.0,0.0,0.0,0.0,0.0,0.0,1.0
10,1,1,1,1,1,1,1,1,1,1,1,1,1,0,200,24,1,0,1,1212,519.37,M,0.0,0.0,0.0,0.0,0.0,0.0,1.0
10,1,1,1,0,1,1,0,1,1,1,1,1,1,1,325,30,1,1,0,712,702.23,F,0.0,0.0,0.0,0.0,0.0,0.0,1.0
10,1,1,1,0,0,1,0,0,1,1,1,1,1,0,225,25,1,1,0,1610,490.27,M,1.0,0.0,0.0,0.0,0.0,0.0,0.0
10,1,1,1,1,1,1,1,1,1,1,1,1,1,1,225,18,0,0,1,366,661.56,F,0.0,0.0,0.0,0.0,0.0,0.0,1.0
10,1,1,1,1,1,1,0,1,1,1,1,1,1,0,270,20,0,1,1,502,586.01,F,0.0,0.0,0.0,0.0,0.0,0.0,1.0
10,1,0,1,0,1,1,0,1,1,1,1,1,1,1,300,30,1,1,0,1913,528.5,F,0.0,0.0,0.0,0.0,0.0,0.0,1.0
9,1,1,1,0,1,1,0,1,1,1,1,1,0,0,450,30,1,1,0,1173,431.98,F,0.0,0.0,0.0,0.0,0.0,0.0,1.0
10,0,1,0,0,0,1,0,1,1,1,1,1,1,1,435,30,1,1,0,1317,567.9,F,0.0,0.0,0.0,0.0,0.0,0.0,1.0
10,1,1,1,1,1,1,1,1,1,1,1,0,1,1,255,2,1,1,0,996,516.41,M,0.0,0.0,0.0,1.0,0.0,0.0,0.0
10,1,0,1,0,1,1,0,1,1,1,1,1,1,0,50,32,1,1,1,1392,430.95,M,0.0,0.0,1.0,0.0,0.0,0.0,0.0
10,1,1,1,0,1,1,0,1,1,1,1,1,1,1,45,34,1,1,0,1064,586.17,F,0.0,0.0,0.0,0.0,1.0,0.0,0.0
10,1,1,0,0,1,1,0,1,0,0,1,1,1,0,300,25,1,1,0,929,602.61,F,0.0,0.0,0.0,0.0,0.0,0.0,1.0
10,0,1,1,0,0,1,0,0,1,0,0,0,0,1,270,45,1,1,1,3201,407.86,M,0.0,1.0,0.0,0.0,0.0,0.0,0.0
10,1,1,1,1,1,1,1,1,1,1,0,1,1,0,250,18,1,1,0,1064,563.05,F,0.0,0.0,0.0,0.0,0.0,0.0,1.0
10,1,1,1,0,0,0,0,1,1,0,1,0,1,1,300,25,1,1,0,1900,454.7,F,0.0,0.0,0.0,1.0,0.0,0.0,0.0
10,1,0,1,0,1,1,1,1,1,1,1,1,1,0,35,3,1,1,0,2098,378.19,F,0.0,0.0,0.0,0.0,0.0,0.0,1.0
10,1,1,1,0,1,1,0,0,1,1,0,1,1,1,225,22,1,1,0,850,448.67,M,0.0,0.0,0.0,0.0,0.0,0.0,1.0
10,1,1,1,0,1,1,0,1,1,0,1,1,1,0,40,20,1,1,0,1680,394.24,F,0.0,0.0,0.0,1.0,0.0,0.0,0.0
9,0,1,1,0,0,1,0,0,1,1,1,1,1,0,250,20,1,1,1,2004,575.65,M,0.0,0.0,0.0,0.0,1.0,0.0,0.0
10,1,1,1,0,1,1,0,1,1,1,1,1,0,1,400,30,1,1,0,979,597.13,F,0.0,0.0,0.0,0.0,0.0,0.0,1.0
10,1,1,1,1,1,1,1,1,1,1,1,1,1,0,225,25,1,0,0,1064,515.2,M,0.0,0.0,0.0,0.0,0.0,0.0,1.0
10,0,1,1,0,1,1,0,1,0,0,0,0,1,0,250,40,1,1,1,3138,428.3,M,0.0,0.0,0.0,0.0,0.0,0.0,1.0
10,1,1,1,0,1,1,0,1,1,0,0,0,1,0,270,38,1,1,1,2085,527.55,M,0.0,1.0,0.0,0.0,0.0,0.0,0.0
10,1,0,1,0,1,1,0,1,1,1,1,1,1,0,270,15,1,1,0,389,473.44,M,0.0,0.0,0.0,0.0,0.0,0.0,1.0
10,1,1,1,1,1,1,0,1,1,1,1,1,1,1,225,19,1,1,0,358,489.09,F,0.0,0.0,0.0,0.0,0.0,0.0,1.0
11,1,1,1,1,1,1,1,1,1,1,1,1,1,0,215,15,1,1,0,774,556.89,M,0.0,0.0,0.0,0.0,0.0,0.0,1.0
10,1,1,1,0,0,1,0,1,1,1,1,1,0,1,275,33,1,1,1,2162,539.74,M,0.0,0.0,0.0,0.0,1.0,0.0,0.0
10,0,1,1,0,1,1,0,1,1,0,0,0,1,0,180,20,1,1,0,996,480.51,F,0.0,0.0,0.0,1.0,0.0,0.0,0.0
9,0,1,0,0,0,0,0,1,1,0,0,0,1,0,54,30,1,1,1,3592,450.67,M,0.0,0.0,0.0,1.0,0.0,0.0,0.0
10,1,0,0,0,1,0,0,1,0,0,0,0,0,1,250,35,1,1,1,1095,408.74,M,0.0,0.0,0.0,1.0,0.0,0.0,0.0
10,1,1,1,0,1,1,0,1,1,1,1,1,1,0,270,17,1,1,0,389,499.41,M,0.0,0.0,0.0,0.0,0.0,0.0,1.0
10,1,1,1,1,0,1,1,1,1,1,0,1,1,0,160,15,1,1,1,1900,672.01,M,0.0,1.0,0.0,0.0,0.0,0.0,0.0
10,0,1,1,0,1,1,1,1,1,1,1,1,1,0,250,15,1,1,0,421,529.07,M,0.0,0.0,0.0,0.0,0.0,0.0,1.0
11,1,1,1,0,1,1,0,0,1,1,1,1,0,1,200,20,1,1,0,754,556.38,F,0.0,0.0,0.0,0.0,0.0,0.0,1.0
10,0,1,1,1,1,1,1,1,1,1,1,1,0,0,275,25,1,1,0,1382,587.68,M,0.0,0.0,0.0,0.0,0.0,0.0,1.0
10,1,1,0,0,0,0,0,1,1,0,0,0,1,1,225,23,1,1,1,1408,559.87,F,0.0,0.0,0.0,1.0,0.0,0.0,0.0
10,0,1,1,1,1,1,0,1,1,1,1,1,0,0,450,20,1,1,0,1173,346.53,M,0.0,0.0,0.0,0.0,0.0,0.0,1.0
10,0,1,1,0,0,1,0,0,1,1,1,1,1,1,300,26,1,1,0,1064,557.65,F,0.0,0.0,0.0,0.0,0.0,0.0,1.0
11,1,1,1,1,1,1,0,1,1,1,1,1,1,0,225,25,1,1,0,1897,675.86,F,0.0,0.0,0.0,0.0,0.0,0.0,1.0
10,1,1,1,0,0,1,0,1,1,1,1,1,1,0,275,38,1,1,1,2085,647.18,F,0.0,0.0,0.0,0.0,0.0,0.0,1.0
10,1,1,1,1,1,1,1,1,1,1,1,1,1,1,225,25,1,1,0,612,615.17,M,0.0,0.0,0.0,0.0,0.0,0.0,1.0
11,1,1,1,1,0,1,1,1,0,0,1,1,1,1,270,25,1,1,0,1680,652.74,F,0.0,0.0,0.0,0.0,1.0,0.0,0.0
10,1,0,1,0,0,1,1,1,1,1,1,1,1,0,210,25,1,1,0,996,498.07,F,0.0,0.0,0.0,0.0,0.0,0.0,1.0
10,1,1,1,0,0,1,1,1,1,1,1,1,1,0,250,25,1,1,0,1233,483.94,M,0.0,0.0,0.0,0.0,0.0,0.0,1.0
10,1,1,1,0,1,1,0,1,1,1,1,1,1,1,225,16,1,1,0,358,560.83,F,0.0,0.0,0.0,0.0,0.0,0.0,1.0
9,0,1,0,0,1,0,0,1,0,0,0,0,1,1,150,30,1,1,0,926,535.01,M,0.0,0.0,0.0,1.0,0.0,0.0,0.0
10,1,0,1,1,1,1,1,1,1,1,1,1,1,0,250,20,1,1,0,1526,512.08,M,0.0,0.0,0.0,0.0,0.0,0.0,1.0
11,1,1,1,1,0,1,1,1,1,1,1,1,1,0,264,32,1,1,0,2402,371.47,M,0.0,0.0,0.0,0.0,0.0,0.0,1.0
10,0,1,1,0,1,1,0,1,1,1,1,1,1,0,250,30,1,1,1,3592,466.78,M,0.0,0.0,1.0,0.0,0.0,0.0,0.0
10,1,1,1,1,1,1,0,1,1,1,1,1,1,0,270,25,1,1,0,979,514.48,M,0.0,0.0,0.0,0.0,0.0,0.0,1.0
10,0,0,0,0,0,0,0,0,1,0,0,0,0,0,225,20,1,1,0,3004,403.7,F,0.0,0.0,0.0,1.0,0.0,0.0,0.0
11,1,1,1,0,1,1,0,0,1,1,1,1,0,0,275,30,1,1,0,1411,482.42,F,0.0,0.0,0.0,0.0,0.0,0.0,1.0
10,0,0,1,1,1,1,1,1,1,1,1,1,0,0,240,15,1,1,0,509,422.84,F,0.0,0.0,0.0,0.0,0.0,0.0,1.0
10,1,1,1,1,1,1,0,1,1,1,1,1,1,0,300,22,1,1,0,899,337.23,M,0.0,0.0,0.0,0.0,0.0,0.0,1.0
10,1,1,1,1,1,1,0,1,1,1,1,1,1,0,500,26,1,1,0,2183,727.97,F,0.0,0.0,0.0,0.0,0.0,0.0,1.0
10,0,1,1,0,1,1,0,1,1,1,1,1,1,0,540,20,1,1,0,2361,357.28,M,0.0,0.0,0.0,0.0,0.0,0.0,1.0
11,1,0,1,0,1,1,0,1,1,1,1,1,1,1,275,20,1,1,0,868,520.79,F,0.0,0.0,0.0,0.0,0.0,0.0,1.0
11,0,1,0,0,0,1,0,1,1,0,0,0,1,1,270,30,1,0,1,570,561.62,M,0.0,0.0,0.0,1.0,0.0,0.0,0.0
10,0,0,1,0,1,0,0,0,1,1,1,1,0,0,225,10,1,1,1,2004,377.72,M,0.0,0.0,0.0,0.0,0.0,0.0,1.0
10,1,1,1,0,1,1,0,1,1,1,1,1,1,0,225,29,0,1,1,1392,424.43,F,0.0,0.0,1.0,0.0,0.0,0.0,0.0
10,1,1,1,1,1,1,0,1,1,1,1,1,1,0,275,18,1,1,0,1913,473.6,M,0.0,0.0,0.0,0.0,0.0,0.0,1.0
10,1,1,1,0,0,1,0,1,1,1,1,1,1,1,735,20,1,1,0,987,495.53,F,0.0,0.0,0.0,0.0,0.0,0.0,1.0
11,1,1,1,0,0,1,0,1,1,1,0,1,1,0,450,25,1,1,1,1720,569.33,F,0.0,0.0,1.0,0.0,0.0,0.0,0.0
10,1,1,1,0,1,1,1,1,1,1,1,1,1,0,180,20,1,0,1,1212,513.52,M,0.0,0.0,0.0,0.0,0.0,0.0,1.0
10,0,1,1,0,0,1,0,0,1,1,1,1,1,0,250,25,1,1,1,2004,417.48,M,0.0,0.0,0.0,0.0,0.0,0.0,1.0
10,1,1,1,1,0,1,1,1,1,1,1,1,1,1,275,18,1,1,0,690,631.61,F,0.0,0.0,0.0,0.0,0.0,0.0,1.0
11,0,1,1,0,1,1,1,0,1,1,1,1,1,0,400,25,1,1,0,930,547.19,M,0.0,0.0,0.0,0.0,0.0,0.0,1.0
9,1,0,0,0,1,0,0,1,1,1,1,1,0,0,450,13,1,1,0,865,362.97,M,0.0,0.0,0.0,0.0,0.0,0.0,1.0
10,1,1,0,0,1,0,0,1,0,0,0,1,0,0,30,30,1,1,0,1347,437.93,F,0.0,0.0,0.0,1.0,0.0,0.0,0.0
10,0,1,1,1,0,1,1,1,1,0,1,1,1,0,250,27,1,1,0,1375,607.32,M,0.0,0.0,0.0,0.0,0.0,0.0,1.0
10,1,1,1,1,1,1,0,0,1,1,1,1,1,0,260,30,1,1,1,2080,719.31,M,0.0,0.0,0.0,0.0,0.0,0.0,1.0
9,1,1,1,0,1,1,0,1,1,1,1,1,1,0,250,19,1,1,0,636,413.95,M,0.0,0.0,0.0,0.0,0.0,0.0,1.0
9,0,0,0,0,1,0,0,1,0,0,0,0,0,0,360,35,1,1,1,1408,479.45,M,0.0,0.0,0.0,1.0,0.0,0.0,0.0
10,1,0,1,1,0,1,0,1,1,1,1,1,1,0,250,60,1,1,0,1382,567.1,F,0.0,0.0,0.0,0.0,0.0,0.0,1.0
10,1,1,1,0,1,1,0,1,1,1,1,1,1,1,250,20,1,1,0,1375,531.99,F,0.0,0.0,0.0,0.0,0.0,0.0,1.0
10,1,1,1,0,0,1,0,0,1,1,1,1,1,1,110,26,1,1,0,507,394.32,F,0.0,0.0,1.0,0.0,0.0,0.0,0.0
10,1,1,1,1,1,1,0,0,1,1,0,1,1,1,50,35,1,1,1,1392,363.66,F,0.0,0.0,1.0,0.0,0.0,0.0,0.0
11,1,1,1,0,1,1,1,1,1,1,1,1,1,1,250,12,1,0,1,915,651.49,M,0.0,0.0,0.0,0.0,0.0,0.0,1.0
10,1,0,1,0,1,1,0,1,1,1,1,1,1,0,180,30,1,1,1,2942,456.68,M,0.0,0.0,0.0,1.0,0.0,0.0,0.0
10,1,1,1,1,1,1,1,1,1,1,1,1,1,0,220,20,1,1,0,690,671.17,F,0.0,0.0,0.0,0.0,0.0,0.0,1.0
11,1,1,1,1,1,1,1,1,1,1,1,1,1,0,225,25,1,1,0,1610,616.91,F,0.0,0.0,0.0,0.0,0.0,0.0,1.0
10,1,1,1,0,1,1,1,0,1,0,0,1,1,0,250,13,1,0,1,915,705.73,F,0.0,1.0,0.0,0.0,0.0,0.0,0.0
11,1,1,1,1,1,1,1,1,1,1,1,1,1,0,270,28,1,1,0,1680,600.55,F,0.0,0.0,0.0,0.0,0.0,0.0,1.0
10,1,0,1,1,1,1,1,1,1,1,1,1,1,0,270,25,1,1,1,1378,362.57,M,0.0,0.0,0.0,0.0,0.0,0.0,1.0
10,0,0,1,0,1,0,0,0,1,1,1,1,0,0,250,23,1,1,0,507,355.35,M,0.0,0.0,0.0,0.0,0.0,0.0,1.0
9,1,1,1,1,1,1,1,1,1,1,1,1,1,1,275,25,1,0,1,308,536.76,F,0.0,0.0,0.0,0.0,0.0,0.0,1.0
10,1,1,1,1,1,1,1,1,1,1,1,1,1,1,282,17,1,1,1,1619,520.1,M,0.0,0.0,1.0,0.0,0.0,0.0,0.0
11,1,1,1,0,1,1,0,1,1,1,1,1,1,1,250,30,1,0,1,308,611.11,F,0.0,0.0,0.0,0.0,0.0,0.0,1.0
10,1,1,1,0,0,1,0,0,1,1,1,1,1,0,630,20,1,1,0,261,446.18,M,0.0,0.0,0.0,0.0,0.0,0.0,1.0
10,1,1,1,0,1,1,0,0,1,1,1,1,0,0,450,17,1,1,0,865,559.38,M,0.0,0.0,0.0,0.0,0.0,0.0,1.0
10,1,0,1,0,1,0,0,1,1,1,1,1,0,1,350,20,0,1,0,300,345.78,F,1.0,0.0,0.0,0.0,0.0,0.0,0.0
11,0,0,1,0,1,1,0,1,1,1,1,1,1,0,275,20,1,1,0,362,510.56,M,0.0,0.0,0.0,0.0,0.0,0.0,1.0
9,0,1,1,0,0,1,1,1,1,1,0,1,1,0,270,23,1,1,1,2999,382.69,M,0.0,0.0,1.0,0.0,0.0,0.0,0.0
10,1,1,1,0,1,1,0,0,1,1,1,1,1,1,250,30,1,1,0,1064,575.92,F,0.0,0.0,0.0,0.0,1.0,0.0,0.0
10,1,1,1,0,0,1,0,1,1,1,1,1,1,0,350,25,1,1,0,2569,495.64,M,0.0,0.0,0.0,1.0,0.0,0.0,0.0
10,0,1,1,0,0,1,0,1,1,1,1,1,0,0,225,30,1,1,0,421,344.19,F,0.0,0.0,0.0,0.0,0.0,0.0,1.0
10,0,1,1,0,1,1,0,1,1,1,1,1,0,1,250,12,1,1,0,1375,557.01,F,0.0,0.0,0.0,0.0,0.0,0.0,1.0
10,1,1,1,1,1,1,1,1,1,1,1,1,1,0,450,30,1,1,0,1173,464.94,M,0.0,0.0,0.0,0.0,0.0,0.0,1.0
10,1,0,1,1,1,0,0,1,1,1,1,1,1,0,225,24,1,1,0,227,373.39,M,0.0,0.0,0.0,0.0,1.0,0.0,0.0
10,1,1,1,1,1,1,1,1,1,1,1,1,1,0,270,28,1,1,0,1471,656.54,M,0.0,0.0,0.0,0.0,0.0,0.0,1.0
10,1,1,1,1,1,1,1,1,1,1,1,1,1,0,300,15,1,1,1,2162,521.86,M,0.0,0.0,0.0,0.0,0.0,0.0,1.0
10,1,1,1,1,1,1,1,1,1,1,1,1,1,0,275,25,1,1,0,507,563.47,M,0.0,0.0,1.0,0.0,0.0,0.0,0.0
10,1,1,1,1,1,1,1,1,1,0,1,1,1,0,250,15,1,0,1,915,646.92,M,0.0,0.0,0.0,0.0,0.0,0.0,1.0
10,1,1,1,0,0,1,1,1,1,1,1,1,1,0,232,18,1,1,0,2710,517.53,M,0.0,0.0,0.0,0.0,0.0,0.0,1.0
10,1,1,1,1,0,1,1,1,1,1,1,1,1,1,160,30,1,1,1,2999,518.49,F,0.0,0.0,0.0,0.0,0.0,0.0,1.0
11,1,1,1,1,1,1,0,1,1,1,1,1,1,1,400,28,1,1,0,712,602.06,F,0.0,0.0,0.0,0.0,0.0,0.0,1.0
11,0,1,1,1,1,0,0,1,0,0,0,0,1,1,390,25,1,1,0,2183,518.89,M,0.0,0.0,1.0,0.0,0.0,0.0,0.0
10,0,1,1,0,1,1,0,1,1,1,1,1,1,0,240,12,1,1,0,509,506.89,F,0.0,0.0,0.0,0.0,0.0,0.0,1.0
11,1,1,1,1,1,1,1,1,1,1,1,1,1,0,232,26,1,1,0,2710,608.49,F,0.0,0.0,0.0,0.0,0.0,0.0,1.0
10,0,1,1,1,1,1,1,1,1,1,1,1,1,0,300,25,1,1,0,690,485.78,M,0.0,0.0,0.0,0.0,0.0,0.0,1.0
11,0,1,1,1,0,1,0,0,1,0,0,0,1,1,250,30,1,1,0,1733,532.12,M,0.0,1.0,0.0,0.0,0.0,0.0,0.0
11,1,1,1,0,0,1,0,1,1,1,1,1,1,0,225,24,1,0,0,1064,537.33,M,0.0,0.0,0.0,0.0,0.0,0.0,1.0
11,1,1,1,0,1,1,0,1,1,0,1,1,1,0,240,20,1,1,0,1087,546.53,F,0.0,0.0,0.0,0.0,0.0,0.0,1.0
10,0,1,1,0,1,1,0,1,1,1,0,1,1,0,275,11,1,1,1,539,637.25,F,0.0,0.0,0.0,1.0,0.0,0.0,0.0
10,0,1,0,0,1,0,0,0,1,1,1,1,0,1,250,20,1,1,0,366,537.79,F,0.0,0.0,0.0,0.0,0.0,0.0,1.0
10,1,1,1,0,1,1,0,1,0,0,0,0,1,0,300,30,1,1,1,2255,608.2,M,0.0,0.0,0.0,1.0,0.0,0.0,0.0
10,1,1,1,0,1,1,0,1,1,1,0,1,1,0,210,20,1,0,1,570,462.32,F,0.0,0.0,0.0,1.0,0.0,0.0,0.0
9,1,0,1,0,1,1,0,1,1,1,1,1,1,1,250,15,1,1,1,2532,416.88,F,0.0,0.0,0.0,1.0,0.0,0.0,0.0
10,1,1,1,1,1,1,1,1,1,1,1,1,1,0,250,30,1,1,0,1233,505.02,M,0.0,0.0,0.0,0.0,0.0,0.0,1.0
10,1,0,1,0,1,0,0,1,1,1,1,1,0,0,150,25,1,1,0,1848,404.01,M,0.0,0.0,0.0,0.0,0.0,0.0,1.0
10,1,1,1,0,1,1,0,1,1,1,1,1,1,0,300,25,1,0,1,308,449.55,M,0.0,0.0,0.0,0.0,0.0,0.0,1.0
10,1,0,0,0,0,0,0,1,1,1,1,1,1,1,250,30,1,1,0,505,496.8,F,0.0,0.0,0.0,0.0,0.0,0.0,1.0
10,1,1,1,0,0,1,0,1,1,1,1,1,1,1,250,25,1,1,0,1064,680.51,M,0.0,0.0,0.0,0.0,0.0,0.0,1.0
10,1,1,1,1,1,1,1,1,1,1,1,1,1,0,270,25,1,1,0,1489,528.35,M,0.0,0.0,0.0,0.0,0.0,0.0,1.0
11,0,1,1,0,1,1,0,1,1,1,1,1,1,0,450,25,1,1,0,432,519.36,F,0.0,0.0,1.0,0.0,0.0,0.0,0.0
10,1,1,1,1,1,1,1,1,1,0,0,1,1,0,275,15,1,0,1,915,609.21,F,0.0,1.0,0.0,0.0,0.0,0.0,0.0
10,1,0,1,0,1,1,0,1,1,1,1,1,1,0,300,30,1,1,1,2144,478.65,M,0.0,0.0,0.0,0.0,0.0,0.0,1.0
11,1,1,1,1,1,1,1,1,1,1,1,1,1,0,250,30,0,0,1,308,494.1,F,0.0,0.0,0.0,0.0,0.0,0.0,1.0
10,1,1,1,1,1,1,0,1,1,1,1,1,1,0,275,30,1,1,1,2080,579.82,M,0.0,0.0,0.0,0.0,0.0,0.0,1.0
10,1,1,1,0,1,0,0,1,1,1,1,1,0,0,275,25,1,1,0,362,532.07,F,0.0,0.0,0.0,0.0,0.0,0.0,1.0
10,1,1,1,1,1,1,0,1,1,1,1,1,1,0,225,25,1,1,0,366,641.55,M,0.0,0.0,0.0,0.0,0.0,0.0,1.0
10,1,0,0,0,0,0,0,1,1,1,1,1,1,0,450,20,1,1,0,1387,543.19,F,0.0,0.0,0.0,0.0,0.0,0.0,1.0
9,0,0,1,0,0,1,0,0,1,1,1,1,0,0,60,15,1,1,0,100,376.77,F,0.0,0.0,1.0,0.0,0.0,0.0,0.0
10,1,1,1,0,0,1,0,1,1,0,0,1,1,0,275,30,1,1,0,2340,607.08,M,0.0,0.0,0.0,0.0,0.0,1.0,0.0
10,1,1,1,0,1,1,0,1,1,1,1,1,1,0,225,25,1,1,0,1610,399.04,M,0.0,0.0,0.0,0.0,0.0,0.0,1.0
9,1,0,1,1,0,1,1,1,0,0,1,0,1,0,225,24,1,1,0,2878,501.26,M,0.0,0.0,0.0,1.0,0.0,0.0,0.0
10,1,0,1,0,1,1,0,1,1,1,1,1,1,0,225,20,1,1,0,149,421.89,M,0.0,0.0,0.0,0.0,0.0,0.0,1.0
11,1,1,1,1,0,1,1,0,1,1,1,1,1,0,285,15,1,1,1,914,386.94,M,0.0,0.0,1.0,0.0,0.0,0.0,0.0
10,1,1,1,0,1,1,0,1,1,1,1,1,1,0,220,20,1,1,0,2098,700.09,F,0.0,0.0,0.0,0.0,0.0,0.0,1.0
10,0,1,1,0,1,1,1,0,1,0,1,0,1,0,300,25,1,1,1,3164,532.15,F,0.0,0.0,0.0,1.0,0.0,0.0,0.0
9,1,1,1,0,0,1,0,1,1,1,1,1,0,0,480,15,1,1,0,434,575.44,F,0.0,0.0,0.0,0.0,0.0,0.0,1.0
10,1,1,1,1,1,1,1,1,1,1,1,1,1,0,120,25,1,0,1,1212,544.79,M,0.0,0.0,0.0,0.0,0.0,0.0,1.0
10,0,1,1,0,0,1,0,1,1,1,1,1,1,1,300,30,1,1,1,2942,704.14,F,0.0,0.0,0.0,1.0,0.0,0.0,0.0
10,1,1,1,1,1,1,1,1,1,1,1,1,1,1,250,20,1,1,0,1382,638.36,F,0.0,0.0,0.0,0.0,0.0,0.0,1.0
10,1,1,1,1,1,1,1,1,1,1,0,1,1,1,360,20,1,1,0,2361,544.15,F,0.0,0.0,0.0,0.0,0.0,0.0,1.0
10,1,1,1,0,1,1,0,0,1,1,1,1,0,0,180,30,1,1,0,1380,441.11,F,0.0,0.0,0.0,0.0,1.0,0.0,0.0
10,1,1,1,0,1,1,1,1,1,1,1,1,0,0,480,23,1,1,0,434,557.21,M,0.0,0.0,0.0,0.0,0.0,0.0,1.0
10,1,1,1,0,1,1,0,1,1,1,1,1,1,1,225,20,1,1,0,276,551.22,F,0.0,0.0,0.0,0.0,0.0,0.0,1.0
10,1,1,1,0,1,1,0,1,1,1,1,1,1,0,765,22,1,1,0,1610,561.38,M,0.0,0.0,0.0,0.0,0.0,0.0,1.0
9,0,1,1,0,1,1,0,1,1,1,1,1,1,0,225,20,1,1,1,2532,377.4,M,0.0,0.0,0.0,1.0,0.0,0.0,0.0
11,1,1,1,0,1,1,0,1,1,1,1,1,0,0,285,28,1,1,1,914,454.84,M,0.0,0.0,1.0,0.0,0.0,0.0,0.0
10,1,1,1,1,0,1,1,1,1,1,1,1,1,0,250,28,1,1,0,3009,487.11,F,0.0,0.0,0.0,0.0,0.0,0.0,1.0
10,1,0,1,0,1,1,0,1,1,1,1,1,1,1,235,28,1,1,0,1828,509.91,F,0.0,0.0,0.0,0.0,0.0,0.0,1.0
11,1,1,1,0,1,1,0,1,1,0,0,1,1,0,360,30,1,1,1,2886,537.57,M,0.0,0.0,0.0,1.0,0.0,0.0,0.0
10,1,1,0,0,1,1,0,1,1,1,1,1,1,0,250,20,1,1,0,400,396.31,F,0.0,0.0,0.0,0.0,0.0,0.0,1.0
10,0,0,1,1,1,1,0,1,1,1,1,1,1,0,300,25,1,1,0,434,545.99,M,0.0,0.0,0.0,0.0,0.0,0.0,1.0
10,1,1,1,0,1,1,0,1,1,1,1,1,1,1,225,20,1,1,0,366,600.34,M,0.0,0.0,0.0,0.0,0.0,0.0,1.0
10,1,1,1,0,1,1,0,1,1,1,1,1,1,0,210,30,1,1,0,774,526.91,M,0.0,0.0,0.0,0.0,0.0,0.0,1.0
10,1,1,1,1,1,1,1,1,1,1,1,0,1,1,250,25,1,1,1,1276,401.53,M,0.0,0.0,0.0,0.0,0.0,0.0,1.0
10,1,1,1,1,1,1,1,1,1,1,1,1,1,0,270,30,1,1,0,1680,687.14,F,0.0,0.0,0.0,0.0,0.0,0.0,1.0
10,0,1,1,0,1,1,0,1,1,1,1,1,1,1,225,30,1,1,0,358,516.82,F,0.0,0.0,0.0,0.0,0.0,0.0,1.0
10,1,1,0,0,0,0,0,1,1,0,0,0,1,0,270,25,1,1,0,1489,483.06,M,0.0,0.0,0.0,1.0,0.0,0.0,0.0
9,0,1,1,1,1,1,1,1,1,1,1,1,1,0,250,25,1,1,0,1375,530.08,F,0.0,0.0,0.0,0.0,0.0,0.0,1.0
10,1,1,1,0,0,1,0,1,1,1,1,1,1,0,285,30,1,1,1,2966,608.68,M,0.0,0.0,0.0,0.0,0.0,0.0,1.0
10,1,1,1,0,1,1,0,1,1,1,1,1,1,0,250,24,1,1,0,850,519.13,M,0.0,0.0,0.0,0.0,0.0,0.0,1.0
10,1,1,1,0,1,1,0,0,1,1,1,1,1,0,275,27,1,1,0,762,527.31,M,0.0,0.0,1.0,0.0,0.0,0.0,0.0
10,1,1,1,0,1,1,1,1,1,1,1,1,1,1,270,22,0,1,0,227,528.81,F,0.0,0.0,0.0,0.0,0.0,0.0,1.0
10,1,1,1,0,0,1,0,1,1,0,1,1,1,0,300,30,1,1,1,2255,566.27,M,0.0,0.0,0.0,0.0,0.0,1.0,0.0
9,0,1,1,0,1,1,0,1,1,0,0,1,1,1,300,30,1,1,1,3261,499.74,F,0.0,0.0,0.0,1.0,0.0,0.0,0.0
9,1,1,1,0,1,1,0,1,1,1,1,1,1,0,275,25,1,1,0,276,347.82,M,0.0,0.0,0.0,0.0,0.0,0.0,1.0
11,1,1,1,0,1,1,0,0,1,1,1,1,1,1,270,30,1,1,1,2999,538.61,M,0.0,0.0,1.0,0.0,0.0,0.0,0.0
10,0,1,1,0,1,1,0,0,1,1,1,1,1,0,0,30,1,1,0,1317,542.56,F,0.0,0.0,0.0,0.0,0.0,0.0,1.0
11,1,1,1,1,1,1,1,1,1,1,1,1,1,1,450,20,1,1,0,987,667.68,M,0.0,0.0,0.0,0.0,0.0,0.0,1.0
11,0,1,0,0,0,0,0,0,0,0,0,1,1,1,360,29,1,1,1,1408,537.55,F,0.0,0.0,0.0,1.0,0.0,0.0,0.0
10,1,1,1,0,1,1,0,0,1,1,1,1,1,0,225,30,1,1,0,1233,446.59,F,0.0,0.0,0.0,0.0,0.0,0.0,1.0
10,0,1,1,1,1,1,0,1,1,1,1,1,0,1,300,20,1,1,0,434,565.87,M,0.0,0.0,0.0,0.0,0.0,0.0,1.0
10,0,1,1,0,0,1,0,1,1,1,1,1,1,0,250,30,1,1,0,854,532.84,M,0.0,0.0,0.0,0.0,0.0,0.0,1.0
11,0,1,1,0,1,1,1,1,1,1,1,1,1,1,60,28,1,1,1,2162,563.39,M,0.0,0.0,0.0,1.0,0.0,0.0,0.0
10,1,1,1,0,0,1,0,1,1,1,1,1,1,0,225,30,1,1,1,2004,415.0,M,0.0,0.0,0.0,1.0,0.0,0.0,0.0
11,1,1,1,1,1,1,1,1,1,1,1,1,1,0,275,30,0,0,1,308,586.49,F,0.0,0.0,0.0,0.0,0.0,0.0,1.0
10,1,0,1,0,1,1,1,1,1,1,1,1,1,0,250,25,1,1,1,1046,430.95,M,0.0,0.0,0.0,0.0,0.0,0.0,1.0
10,1,1,1,0,1,1,0,1,1,1,1,1,1,0,180,23,1,1,1,914,434.36,F,0.0,0.0,1.0,0.0,0.0,0.0,0.0
10,1,1,1,0,0,1,0,1,1,1,1,1,0,0,450,20,1,1,0,1173,509.35,M,0.0,0.0,1.0,0.0,0.0,0.0,0.0
10,1,1,1,0,1,1,1,1,1,1,1,1,1,0,225,27,1,1,0,1610,565.83,F,0.0,0.0,0.0,0.0,0.0,0.0,1.0
11,1,0,1,1,1,1,1,0,1,1,1,1,1,0,275,20,1,1,0,316,557.49,F,0.0,0.0,0.0,0.0,0.0,0.0,1.0
10,1,0,1,0,1,1,0,1,1,1,1,1,1,0,440,22,1,1,0,507,374.78,F,0.0,0.0,0.0,0.0,0.0,0.0,1.0
10,1,1,1,1,1,1,1,0,1,1,1,1,1,0,200,24,1,1,0,1680,560.34,M,0.0,0.0,0.0,0.0,0.0,0.0,1.0
11,0,1,0,0,0,0,0,1,1,1,1,1,0,0,270,40,1,1,0,979,482.02,F,0.0,0.0,0.0,0.0,0.0,0.0,1.0
10,1,1,1,0,1,1,1,1,1,1,1,1,1,1,225,16,1,1,0,247,587.6,M,0.0,0.0,0.0,0.0,0.0,0.0,1.0
10,1,1,1,1,0,1,1,1,1,1,1,1,1,0,180,18,1,1,0,612,679.99,F,0.0,0.0,0.0,0.0,0.0,0.0,1.0
10,1,1,1,1,1,1,1,1,1,0,1,1,1,0,270,25,1,1,1,2999,496.85,M,0.0,0.0,0.0,0.0,0.0,0.0,1.0
11,1,0,1,0,0,1,0,1,1,1,1,1,1,1,270,30,1,1,1,1046,554.17,M,0.0,0.0,0.0,0.0,0.0,0.0,1.0
10,1,1,1,1,1,1,0,0,1,1,1,1,1,0,275,22,1,1,0,507,421.09,M,0.0,0.0,1.0,0.0,0.0,0.0,0.0
10,1,1,1,1,0,1,1,1,1,1,1,1,1,0,225,30,1,0,0,1064,615.81,M,0.0,0.0,0.0,0.0,0.0,0.0,1.0
10,1,0,1,0,0,1,1,1,1,1,1,1,1,1,300,23,1,1,0,316,487.95,M,0.0,0.0,0.0,0.0,0.0,0.0,1.0
10,1,0,1,0,0,1,0,1,1,1,1,1,1,0,250,30,1,1,1,1095,573.89,M,0.0,0.0,0.0,0.0,0.0,0.0,1.0
11,1,1,1,1,1,1,0,1,1,1,1,1,1,0,50,25,1,1,1,1046,494.97,F,0.0,0.0,0.0,0.0,0.0,0.0,1.0
10,1,1,1,1,1,1,1,1,1,1,0,1,1,0,300,25,1,1,0,1913,603.07,M,0.0,0.0,0.0,0.0,0.0,0.0,1.0
10,1,1,1,0,1,1,0,1,1,1,1,1,1,1,270,25,1,1,0,1489,656.3,M,0.0,0.0,0.0,0.0,0.0,0.0,1.0
10,1,0,1,1,1,1,1,1,1,1,1,1,0,1,30,10,1,1,0,276,334.11,F,0.0,0.0,0.0,0.0,0.0,0.0,1.0
11,0,1,0,0,1,0,0,1,1,0,0,0,1,0,55,27,1,1,1,2149,477.77,M,0.0,0.0,0.0,1.0,0.0,0.0,0.0
9,1,0,1,0,1,1,0,1,0,0,0,0,1,0,45,20,1,1,1,1062,411.71,M,0.0,0.0,0.0,1.0,0.0,0.0,0.0
9,1,0,0,0,0,1,0,1,1,1,1,1,0,0,50,15,1,1,0,400,333.63,M,0.0,0.0,0.0,1.0,0.0,0.0,0.0
10,0,0,1,0,0,1,0,1,1,1,1,0,1,0,45,30,1,1,1,3592,447.62,M,0.0,0.0,0.0,1.0,0.0,0.0,0.0
10,1,1,1,0,0,1,0,1,1,1,1,1,1,0,270,35,1,1,1,2966,507.99,M,0.0,0.0,0.0,0.0,0.0,0.0,1.0
10,1,1,1,0,1,1,0,1,1,1,1,1,1,0,250,35,1,1,1,2004,621.2,F,0.0,0.0,0.0,0.0,0.0,0.0,1.0
10,1,1,1,0,0,1,0,1,1,1,1,1,1,0,250,20,1,1,0,850,585.83,M,0.0,0.0,0.0,0.0,0.0,0.0,1.0
10,0,1,1,0,1,1,0,1,1,1,1,1,1,1,275,20,1,1,0,1382,508.95,F,0.0,0.0,0.0,1.0,0.0,0.0,0.0
10,1,1,1,1,1,1,0,1,1,1,1,1,1,1,250,15,0,1,0,868,340.7,F,0.0,0.0,1.0,0.0,0.0,0.0,0.0
10,0,1,1,1,0,1,1,1,1,1,1,1,1,1,210,25,1,1,0,632,608.6,M,0.0,0.0,0.0,0.0,0.0,0.0,1.0
11,1,1,1,1,1,1,1,1,1,1,1,1,1,0,210,22,1,1,0,774,614.13,M,0.0,0.0,0.0,0.0,0.0,0.0,1.0
10,0,1,0,0,1,0,0,1,0,0,0,0,1,0,275,25,1,1,1,2144,412.51,M,0.0,0.0,0.0,1.0,0.0,0.0,0.0
9,1,1,1,0,1,1,0,1,1,1,1,1,1,0,315,33,1,1,0,361,411.8,F,0.0,0.0,0.0,0.0,0.0,0.0,1.0
10,0,1,0,0,0,0,0,1,1,1,1,1,1,1,250,24,1,1,1,1723,577.75,F,0.0,0.0,0.0,0.0,0.0,0.0,1.0
11,0,1,1,0,0,1,0,1,1,1,1,1,1,1,270,35,1,1,1,1411,536.05,M,0.0,0.0,0.0,0.0,1.0,0.0,0.0
10,1,1,1,0,1,1,0,1,1,1,1,1,0,1,55,62,1,1,0,421,458.19,F,0.0,0.0,0.0,0.0,0.0,0.0,1.0
11,1,1,0,0,0,0,0,0,1,0,0,0,1,1,1200,28,1,1,1,2646,387.57,F,0.0,0.0,0.0,1.0,0.0,0.0,0.0
9,0,1,1,0,1,0,0,1,1,1,1,1,0,1,45,20,1,1,0,762,379.55,F,0.0,0.0,1.0,0.0,0.0,0.0,0.0
11,0,1,1,0,1,1,0,1,1,1,1,1,1,0,264,15,1,1,0,2402,438.48,M,0.0,0.0,0.0,0.0,0.0,0.0,1.0
10,1,1,1,0,1,1,0,1,1,1,1,1,1,0,225,20,1,1,0,1327,536.93,M,0.0,0.0,0.0,0.0,0.0,0.0,1.0
10,1,0,1,0,1,0,0,1,1,1,1,1,1,0,400,25,1,1,0,712,459.57,M,0.0,0.0,0.0,0.0,0.0,0.0,1.0
10,1,1,1,0,1,1,0,1,1,1,1,1,1,1,180,20,1,1,0,887,598.48,F,0.0,0.0,0.0,0.0,0.0,0.0,1.0
10,0,1,0,0,0,1,0,1,0,0,0,0,1,1,235,25,1,1,0,1828,541.05,F,0.0,1.0,0.0,0.0,0.0,0.0,0.0
11,1,1,1,1,1,1,0,1,1,1,1,1,1,0,250,30,1,1,1,1046,617.26,M,0.0,0.0,0.0,0.0,0.0,0.0,1.0
10,1,1,1,0,1,1,0,1,1,1,1,1,1,1,270,15,1,1,0,389,695.58,M,0.0,0.0,0.0,0.0,0.0,0.0,1.0
10,1,1,1,0,1,1,0,1,1,1,1,1,1,0,50,20,1,1,0,868,455.17,F,0.0,0.0,1.0,0.0,0.0,0.0,0.0
11,1,1,1,1,1,1,1,1,1,0,0,1,1,0,135,20,1,1,0,2710,436.9,F,0.0,0.0,1.0,0.0,0.0,0.0,0.0
11,1,1,1,0,0,1,0,1,1,1,1,1,1,0,200,16,1,1,0,1680,584.39,M,0.0,0.0,0.0,0.0,0.0,0.0,1.0
10,1,0,0,0,0,1,0,1,1,0,0,0,1,1,270,33,1,1,1,3201,453.72,M,0.0,1.0,0.0,0.0,0.0,0.0,0.0
10,1,1,1,0,1,1,0,1,1,1,1,1,1,0,450,22,1,1,0,1079,344.59,F,0.0,0.0,1.0,0.0,0.0,0.0,0.0
10,1,1,1,1,0,1,1,1,1,1,1,1,1,1,325,26,1,1,0,898,576.21,M,0.0,0.0,0.0,0.0,0.0,0.0,1.0
10,1,1,1,0,1,1,0,1,1,1,1,1,1,0,200,20,1,1,1,1900,553.2,F,0.0,0.0,0.0,0.0,0.0,0.0,1.0
11,1,1,1,1,1,1,0,0,1,1,1,1,1,1,30,9,1,1,0,1848,485.92,F,0.0,0.0,1.0,0.0,0.0,0.0,0.0
10,1,1,1,0,1,1,0,1,1,0,0,1,1,0,280,36,1,1,1,2646,541.1,M,0.0,0.0,0.0,0.0,0.0,0.0,1.0
10,0,1,1,0,0,1,0,1,1,1,1,1,1,0,300,25,1,1,0,1900,522.06,F,0.0,0.0,0.0,1.0,0.0,0.0,0.0
10,1,1,1,1,1,1,1,1,1,1,1,1,1,1,240,20,1,1,0,1087,656.08,F,0.0,0.0,0.0,0.0,0.0,0.0,1.0
10,1,1,1,1,1,1,1,1,1,1,1,1,1,0,275,20,1,1,1,2080,594.11,F,0.0,0.0,0.0,0.0,0.0,0.0,1.0
11,1,1,1,1,1,1,0,1,1,1,1,1,1,0,300,13,1,1,0,1848,565.36,F,0.0,0.0,0.0,0.0,0.0,0.0,1.0
10,1,1,0,1,1,0,0,0,1,1,1,1,1,0,45,18,1,1,1,3138,365.17,F,0.0,0.0,0.0,1.0,0.0,0.0,0.0
10,1,0,1,1,0,1,0,1,1,1,1,1,1,1,50,17,1,1,0,762,448.1,F,0.0,0.0,1.0,0.0,0.0,0.0,0.0
10,1,1,1,0,1,1,0,1,1,1,1,1,1,1,300,1,1,1,0,636,621.76,F,0.0,0.0,0.0,0.0,0.0,0.0,1.0
10,0,1,1,0,0,1,0,1,1,1,1,1,1,0,240,18,1,1,0,247,527.39,M,0.0,0.0,0.0,0.0,0.0,0.0,1.0
10,0,1,1,0,1,1,0,1,1,0,1,1,1,1,275,32,1,1,0,2041,622.71,M,0.0,0.0,0.0,1.0,0.0,0.0,0.0
10,1,1,1,1,1,1,1,1,1,1,1,1,1,0,250,30,1,1,0,2878,713.67,F,0.0,0.0,0.0,0.0,0.0,0.0,1.0
10,1,1,1,0,1,1,0,1,1,0,0,0,1,0,365,25,1,1,0,2183,477.97,F,0.0,0.0,0.0,0.0,0.0,1.0,0.0
10,0,1,1,1,0,1,0,0,1,0,0,0,1,1,360,28,1,1,1,2886,685.07,F,0.0,0.0,0.0,1.0,0.0,0.0,0.0
10,1,1,1,0,1,1,0,1,1,1,1,1,1,0,300,30,1,1,0,1692,585.53,F,0.0,0.0,0.0,0.0,0.0,0.0,1.0
10,0,1,1,0,1,1,1,1,1,1,1,1,1,1,300,25,1,1,0,316,495.69,F,0.0,0.0,0.0,0.0,0.0,0.0,1.0
11,1,0,1,0,1,1,0,1,1,1,1,1,1,0,0,30,1,1,0,930,509.99,F,0.0,0.0,0.0,0.0,0.0,0.0,1.0
10,1,1,1,1,1,1,1,1,1,1,1,1,1,1,270,24,1,1,0,979,546.39,M,0.0,0.0,0.0,0.0,0.0,0.0,1.0
10,1,1,1,1,1,1,1,1,1,1,1,1,1,0,215,15,1,1,0,774,512.8,M,0.0,0.0,0.0,0.0,0.0,0.0,1.0
10,1,1,1,1,1,1,1,1,1,1,1,1,1,1,205,30,1,1,0,2098,592.97,M,0.0,0.0,0.0,0.0,0.0,0.0,1.0
10,0,1,1,1,1,1,1,0,1,1,1,1,0,0,200,29,1,1,0,632,558.58,M,0.0,0.0,0.0,0.0,0.0,0.0,1.0
10,1,1,1,1,1,1,0,0,1,1,1,1,1,0,250,15,1,1,0,2000,448.75,M,0.0,0.0,0.0,0.0,0.0,0.0,1.0
10,1,0,1,1,0,1,0,1,1,1,1,1,1,0,240,30,1,0,1,575,412.67,M,0.0,0.0,0.0,1.0,0.0,0.0,0.0
10,1,1,1,0,1,1,1,1,1,1,1,1,1,0,275,23,1,1,0,3009,419.81,M,0.0,0.0,0.0,0.0,0.0,0.0,1.0
9,1,1,1,1,1,1,1,1,1,0,0,1,1,0,200,20,1,1,0,1733,451.95,M,0.0,0.0,1.0,0.0,0.0,0.0,0.0
10,1,1,1,0,1,1,1,1,1,1,1,1,1,0,450,25,1,1,0,930,577.9,M,0.0,0.0,0.0,0.0,0.0,0.0,1.0
10,1,1,1,0,1,1,0,1,1,1,1,1,1,1,450,25,1,1,0,1295,517.85,F,0.0,0.0,0.0,0.0,0.0,0.0,1.0
10,1,1,1,0,1,1,0,1,1,1,1,1,1,1,225,25,1,1,0,1250,580.13,F,0.0,0.0,0.0,0.0,0.0,0.0,1.0
10,1,1,1,0,0,1,0,1,1,1,1,1,1,1,225,15,1,1,0,1250,596.09,M,0.0,0.0,0.0,0.0,0.0,0.0,1.0
10,1,1,1,1,1,1,0,1,1,1,1,1,1,1,200,20,1,0,1,398,534.85,M,0.0,0.0,0.0,1.0,0.0,0.0,0.0
10,1,1,1,0,1,1,1,1,1,1,1,1,1,0,180,25,1,1,1,2966,574.61,M,0.0,0.0,0.0,0.0,0.0,0.0,1.0
11,0,1,1,0,0,1,0,1,1,1,1,1,1,0,0,20,1,1,0,1387,473.92,M,0.0,0.0,1.0,0.0,0.0,0.0,0.0
10,1,1,1,0,0,1,1,0,1,1,1,1,1,0,285,37,1,1,1,1734,419.42,F,0.0,0.0,0.0,0.0,0.0,0.0,1.0
10,1,1,1,1,1,1,0,1,1,1,1,1,1,0,360,30,1,1,0,1900,402.98,F,0.0,0.0,0.0,1.0,0.0,0.0,0.0
10,1,1,1,1,1,1,0,1,1,1,1,1,1,0,0,25,1,1,0,1317,444.9,M,0.0,0.0,0.0,0.0,0.0,0.0,1.0
9,1,1,1,0,1,1,1,1,1,1,1,1,1,0,275,28,1,1,0,1526,456.28,M,0.0,0.0,0.0,0.0,0.0,0.0,1.0
10,0,1,1,1,1,1,1,1,0,0,0,0,1,0,240,30,1,1,1,2886,566.27,M,0.0,0.0,0.0,1.0,0.0,0.0,0.0
10,1,1,1,0,1,1,0,1,1,1,0,1,1,0,360,30,1,1,1,2886,539.62,F,0.0,0.0,0.0,1.0,0.0,0.0,0.0
10,1,0,1,0,1,1,0,1,1,1,1,1,1,0,50,23,1,1,0,400,358.0,M,0.0,0.0,0.0,1.0,0.0,0.0,0.0
10,1,0,1,0,1,1,0,1,1,1,1,1,1,0,275,30,1,1,0,1064,572.98,F,0.0,0.0,0.0,0.0,0.0,0.0,1.0
11,0,1,0,0,1,0,0,1,1,0,0,0,1,1,80,34,1,1,1,2942,517.69,M,0.0,0.0,0.0,1.0,0.0,0.0,0.0
10,1,1,1,1,1,1,1,1,1,1,1,1,1,0,250,30,1,1,0,1233,549.15,F,0.0,0.0,0.0,0.0,0.0,0.0,1.0
10,1,1,1,1,0,1,1,1,1,1,1,1,1,0,300,28,1,1,0,898,531.72,M,0.0,0.0,0.0,0.0,0.0,0.0,1.0
10,0,0,0,0,1,0,0,1,1,0,0,0,1,0,300,20,1,1,0,1900,282.0,M,0.0,0.0,0.0,1.0,0.0,0.0,0.0
10,1,0,1,0,1,1,0,1,1,1,1,1,1,0,225,25,1,1,0,276,445.64,F,0.0,0.0,0.0,0.0,0.0,0.0,1.0
10,1,1,1,1,0,1,1,1,1,1,1,1,0,0,275,25,1,1,0,400,411.32,F,0.0,0.0,1.0,0.0,0.0,0.0,0.0
11,1,0,1,1,1,1,1,0,1,0,0,1,1,0,270,35,1,1,1,2085,419.0,M,0.0,1.0,0.0,0.0,0.0,0.0,0.0
10,1,0,0,0,1,1,0,1,0,0,0,0,1,0,250,20,1,1,0,846,323.04,M,0.0,0.0,0.0,0.0,0.0,0.0,1.0
11,1,1,1,1,1,1,1,1,1,0,1,1,1,0,225,20,1,1,0,774,501.25,F,0.0,0.0,0.0,1.0,0.0,0.0,0.0
10,0,1,1,1,1,1,1,1,1,1,1,1,1,1,300,24,1,1,0,434,626.16,M,0.0,0.0,0.0,0.0,0.0,0.0,1.0
10,1,1,1,0,1,1,0,1,1,1,1,1,1,0,350,32,1,1,0,1295,470.35,F,0.0,0.0,0.0,0.0,0.0,0.0,1.0
9,1,1,1,0,0,1,0,1,1,0,0,0,0,0,600,30,1,1,1,1763,367.14,M,0.0,0.0,0.0,1.0,0.0,0.0,0.0
10,1,1,1,0,0,0,0,1,1,0,0,0,1,0,300,30,1,1,0,1900,557.05,M,0.0,0.0,0.0,1.0,0.0,0.0,0.0
10,1,1,1,0,0,1,0,1,1,1,1,1,1,0,264,30,1,1,0,2402,414.27,M,0.0,0.0,0.0,0.0,0.0,0.0,1.0
10,1,1,1,0,1,1,1,1,1,1,1,1,1,0,258,31,1,1,0,1812,575.25,M,0.0,0.0,0.0,0.0,1.0,0.0,0.0
10,1,1,1,1,1,1,1,1,1,1,1,1,1,1,250,15,1,0,1,915,560.82,M,0.0,0.0,0.0,0.0,0.0,0.0,1.0
10,1,1,1,1,1,1,1,1,1,1,1,1,1,0,225,16,1,1,0,400,671.33,F,0.0,0.0,0.0,0.0,0.0,0.0,1.0
10,1,1,1,0,0,1,0,0,1,1,1,1,0,1,315,20,1,1,0,400,497.12,F,0.0,0.0,0.0,1.0,0.0,0.0,0.0
10,0,1,1,0,1,1,0,1,1,1,1,1,1,1,250,30,1,1,1,1723,464.39,F,0.0,0.0,1.0,0.0,0.0,0.0,0.0
11,0,1,1,0,1,1,1,1,1,0,0,0,1,0,200,25,1,0,1,398,543.82,M,0.0,0.0,0.0,1.0,0.0,0.0,0.0
10,1,1,1,1,1,1,1,1,1,0,0,1,1,0,250,30,1,1,0,2878,601.26,F,0.0,1.0,0.0,0.0,0.0,0.0,0.0
10,1,1,1,0,1,1,0,1,1,1,1,1,1,0,232,21,1,1,0,2710,452.63,F,0.0,0.0,0.0,0.0,0.0,0.0,1.0
9,1,1,1,1,1,1,0,1,1,1,1,1,1,0,360,30,1,1,1,2886,358.1,F,0.0,0.0,0.0,0.0,0.0,0.0,1.0
11,1,1,1,1,0,1,0,1,1,0,1,1,1,1,275,30,1,1,0,2041,571.71,F,0.0,0.0,0.0,1.0,0.0,0.0,0.0
11,1,1,1,0,0,0,0,0,1,1,1,1,1,1,270,23,1,1,0,1273,557.61,M,0.0,0.0,0.0,0.0,0.0,0.0,1.0
10,1,1,1,0,1,1,0,1,1,1,1,1,1,1,360,30,1,1,0,1295,517.37,F,0.0,0.0,0.0,0.0,0.0,0.0,1.0
10,1,1,1,1,1,1,0,0,1,1,1,1,0,1,225,21,1,1,1,2004,624.3,F,0.0,0.0,0.0,0.0,0.0,0.0,1.0
10,1,1,1,1,1,1,1,0,1,1,1,1,1,0,200,25,1,1,0,987,509.83,M,0.0,0.0,0.0,0.0,0.0,0.0,1.0
10,1,1,0,0,0,1,0,1,1,1,1,1,0,0,250,28,1,1,0,1848,473.92,F,0.0,0.0,0.0,0.0,0.0,0.0,1.0
10,1,1,1,0,1,0,0,1,1,1,1,1,1,0,250,28,1,1,0,868,553.68,F,0.0,0.0,0.0,0.0,0.0,0.0,1.0
10,0,0,1,0,0,0,0,1,1,1,1,1,1,0,650,25,1,1,0,865,421.65,M,0.0,0.0,0.0,0.0,0.0,0.0,1.0
10,1,1,1,0,1,1,1,1,0,0,0,1,1,1,255,25,1,1,0,1680,607.14,F,0.0,0.0,0.0,1.0,0.0,0.0,0.0
10,1,1,1,1,1,0,0,1,1,1,1,1,1,1,250,25,1,1,0,1848,451.44,F,0.0,0.0,1.0,0.0,0.0,0.0,0.0
10,1,1,1,1,1,1,0,1,1,1,1,1,1,0,225,40,1,1,0,149,462.56,F,0.0,0.0,0.0,0.0,0.0,0.0,1.0
11,1,1,1,1,0,1,1,1,1,1,1,1,1,1,232,22,1,1,0,2710,606.76,M,0.0,0.0,0.0,0.0,1.0,0.0,0.0
10,0,1,1,0,0,0,0,1,1,1,1,1,0,0,225,20,1,1,0,926,448.58,F,0.0,0.0,0.0,0.0,0.0,0.0,1.0
10,0,1,1,0,1,0,0,1,1,1,0,1,1,0,450,17,1,1,0,865,611.41,M,0.0,0.0,0.0,0.0,0.0,0.0,1.0
11,0,1,1,0,1,1,0,0,1,1,1,1,1,0,300,40,1,1,1,2162,657.98,M,0.0,0.0,0.0,0.0,0.0,0.0,1.0
10,0,1,1,1,1,1,1,1,1,1,1,1,1,0,225,25,1,1,0,1610,622.31,M,0.0,0.0,0.0,0.0,0.0,0.0,1.0
11,1,1,1,1,1,1,1,1,1,1,1,1,1,1,90,25,1,1,1,1411,440.32,F,0.0,0.0,1.0,0.0,0.0,0.0,0.0
10,1,1,1,1,1,1,1,1,1,1,1,1,1,1,230,25,1,1,0,1897,592.05,F,0.0,0.0,0.0,0.0,0.0,0.0,1.0
10,1,1,1,1,1,1,1,1,1,1,1,1,1,0,225,25,1,1,0,2098,470.9,F,0.0,0.0,0.0,0.0,0.0,0.0,1.0
10,1,1,1,0,0,1,0,1,1,1,1,1,1,1,300,25,1,1,1,1046,481.39,F,0.0,0.0,0.0,0.0,0.0,0.0,1.0
11,0,1,1,1,1,1,0,1,1,1,1,1,1,1,210,12,1,1,0,774,611.43,F,0.0,0.0,0.0,0.0,0.0,0.0,1.0
11,0,1,1,0,1,1,1,1,1,1,1,1,1,0,135,13,1,1,0,509,488.67,M,0.0,0.0,0.0,0.0,1.0,0.0,0.0
10,1,0,1,1,1,1,0,1,1,1,1,1,1,0,240,30,1,1,1,2966,476.72,M,0.0,0.0,0.0,0.0,0.0,0.0,1.0
10,1,1,1,0,0,1,0,0,1,1,1,1,1,0,240,26,1,1,0,247,489.41,F,0.0,0.0,0.0,0.0,0.0,0.0,1.0
10,1,1,1,1,1,1,0,1,1,1,1,1,1,1,350,30,1,1,0,1233,423.24,F,0.0,0.0,0.0,0.0,0.0,0.0,1.0
10,1,1,1,1,1,1,1,1,1,1,1,1,1,0,450,20,1,1,0,987,646.76,M,0.0,0.0,0.0,0.0,0.0,0.0,1.0
9,0,1,1,0,1,1,0,1,1,1,1,1,1,1,250,26,1,0,1,308,678.24,F,0.0,0.0,0.0,0.0,0.0,0.0,1.0
11,1,0,1,0,0,0,0,0,1,1,1,1,1,0,300,30,1,1,0,1250,592.6,F,0.0,0.0,0.0,0.0,0.0,0.0,1.0
10,1,1,1,1,0,1,1,1,1,1,1,1,1,0,270,20,1,1,0,1680,593.77,M,0.0,0.0,0.0,0.0,0.0,0.0,1.0
10,1,1,1,0,0,1,0,1,1,0,0,0,1,1,270,30,1,1,0,1680,565.39,M,0.0,1.0,0.0,0.0,0.0,0.0,0.0
11,1,0,1,0,1,1,0,1,1,0,0,1,1,1,225,12,1,1,1,673,596.34,F,0.0,0.0,1.0,0.0,0.0,0.0,0.0
10,0,1,1,0,1,1,0,1,1,1,1,1,1,0,210,22,1,1,0,1680,513.0,F,0.0,0.0,0.0,0.0,0.0,0.0,1.0
10,0,0,1,0,0,1,0,1,1,1,1,1,1,0,180,20,1,1,0,887,422.28,F,0.0,0.0,0.0,0.0,0.0,0.0,1.0
10,0,1,1,0,0,1,0,1,1,1,1,1,1,0,300,40,1,1,0,1692,572.11,F,0.0,0.0,0.0,0.0,0.0,0.0,1.0
9,0,0,0,0,1,0,0,1,1,0,0,0,1,0,750,22,1,1,1,3164,386.14,M,0.0,0.0,0.0,1.0,0.0,0.0,0.0
10,1,1,1,1,1,1,0,0,1,1,1,1,1,1,300,30,1,1,1,2255,599.75,F,0.0,0.0,0.0,0.0,1.0,0.0,0.0
10,1,1,1,0,0,1,1,1,1,1,1,1,1,0,225,23,1,1,0,1610,630.65,M,0.0,0.0,0.0,0.0,0.0,0.0,1.0
11,1,1,1,1,1,1,1,1,1,0,0,1,1,1,275,25,1,1,0,2000,695.32,F,0.0,1.0,0.0,0.0,0.0,0.0,0.0
10,1,1,1,1,1,1,1,1,1,0,1,1,1,1,225,20,1,1,0,612,648.05,F,0.0,1.0,0.0,0.0,0.0,0.0,0.0
10,1,1,1,0,1,1,0,1,1,1,1,1,1,1,250,20,1,1,0,854,526.43,M,0.0,0.0,0.0,0.0,0.0,0.0,1.0
10,1,1,1,0,1,1,0,1,1,1,1,1,1,0,250,20,1,1,0,868,493.94,F,0.0,0.0,0.0,0.0,0.0,0.0,1.0
10,1,1,1,0,1,1,0,1,1,1,1,1,1,0,290,20,1,1,0,926,536.36,F,0.0,0.0,0.0,0.0,0.0,0.0,1.0
10,1,1,1,1,1,1,1,1,1,1,1,1,1,0,270,15,1,1,0,389,441.13,M,0.0,0.0,0.0,0.0,0.0,0.0,1.0
10,1,1,1,1,1,1,1,1,1,1,1,1,1,0,270,30,1,1,1,2999,528.27,M,0.0,0.0,0.0,0.0,0.0,0.0,1.0
10,0,1,1,1,1,1,0,1,1,1,1,1,1,0,225,30,1,1,0,366,485.36,F,0.0,0.0,0.0,0.0,0.0,0.0,1.0
10,1,1,1,1,1,1,0,1,1,1,1,1,1,0,280,15,1,0,1,398,514.64,M,0.0,0.0,0.0,0.0,0.0,0.0,1.0
10,1,1,1,1,1,1,1,1,1,1,1,1,1,0,270,25,1,1,0,1680,649.97,M,0.0,0.0,0.0,0.0,0.0,0.0,1.0
10,1,1,1,0,1,1,0,1,1,1,1,1,1,0,56,30,1,1,0,227,470.79,M,0.0,0.0,0.0,0.0,0.0,0.0,1.0
11,1,1,1,0,0,1,1,1,1,1,1,1,1,0,55,30,1,1,0,1610,371.47,M,0.0,0.0,0.0,0.0,0.0,0.0,1.0
9,1,1,1,0,1,1,0,1,1,1,1,1,1,0,270,8,1,1,0,421,364.37,F,0.0,0.0,0.0,0.0,0.0,0.0,1.0
10,0,1,1,0,1,1,0,0,1,0,0,1,1,1,285,21,1,0,1,570,515.61,M,0.0,0.0,0.0,0.0,0.0,0.0,1.0
9,1,1,1,1,1,1,1,1,1,1,1,1,1,0,250,26,1,1,0,507,530.44,M,0.0,0.0,0.0,0.0,0.0,0.0,1.0
10,1,1,1,1,1,1,1,1,1,1,1,1,1,0,200,21,1,1,0,1680,376.19,M,0.0,0.0,0.0,0.0,0.0,0.0,1.0
10,1,1,1,1,1,1,1,1,1,1,1,1,1,1,225,25,1,1,1,2532,540.41,F,0.0,0.0,1.0,0.0,0.0,0.0,0.0
10,1,1,1,0,1,1,0,1,1,1,1,1,1,0,450,22,1,1,0,1750,578.23,F,0.0,0.0,1.0,0.0,0.0,0.0,0.0
9,0,0,1,0,1,0,0,1,1,1,0,1,1,0,225,20,1,1,0,2878,315.91,M,0.0,0.0,0.0,1.0,0.0,0.0,0.0
10,1,0,1,0,1,1,1,1,1,1,1,1,1,0,220,13,1,1,0,2098,546.95,M,0.0,0.0,0.0,0.0,0.0,0.0,1.0
10,1,0,1,0,1,1,0,1,1,1,1,1,1,0,360,25,1,1,0,1295,464.71,F,0.0,0.0,0.0,0.0,0.0,0.0,1.0
9,1,1,1,1,1,0,0,1,1,0,0,1,1,1,225,35,1,0,1,570,460.13,M,0.0,0.0,0.0,1.0,0.0,0.0,0.0
10,1,1,1,1,1,1,1,1,1,1,1,1,1,0,250,15,1,1,0,850,527.94,F,0.0,0.0,0.0,0.0,0.0,0.0,1.0
10,1,1,1,0,1,1,0,1,1,1,1,1,1,0,275,40,1,1,1,3592,458.91,F,0.0,0.0,0.0,1.0,0.0,0.0,0.0
11,1,1,1,0,0,1,1,1,1,0,1,1,1,0,270,27,1,1,1,2966,518.01,F,0.0,0.0,0.0,0.0,0.0,0.0,1.0
11,0,1,0,0,0,0,0,0,1,1,1,1,0,0,225,15,1,1,0,366,591.28,M,0.0,0.0,0.0,0.0,0.0,0.0,1.0
11,1,1,1,1,1,1,1,1,1,1,1,1,1,1,250,25,1,1,1,2162,619.1,M,0.0,0.0,0.0,0.0,0.0,0.0,1.0
11,1,1,1,0,1,1,0,0,1,1,1,1,1,0,240,21,1,1,0,247,572.04,M,0.0,0.0,0.0,0.0,0.0,0.0,1.0
10,1,1,1,1,1,1,1,1,1,1,1,1,1,0,275,20,1,1,0,1526,657.74,F,0.0,0.0,0.0,0.0,0.0,0.0,1.0
10,1,1,0,0,0,0,0,1,0,0,0,0,1,0,250,20,1,1,1,3000,475.51,F,0.0,0.0,0.0,1.0,0.0,0.0,0.0
10,0,0,1,0,0,1,0,1,1,1,1,1,0,1,225,20,1,1,1,2004,551.68,M,0.0,0.0,0.0,0.0,0.0,0.0,1.0
10,1,0,1,0,1,1,0,1,1,1,1,1,1,0,240,22,1,1,0,636,566.59,M,0.0,0.0,0.0,0.0,0.0,0.0,1.0
10,1,1,1,1,1,1,1,1,1,1,1,1,1,0,225,9,1,0,1,366,523.3,M,0.0,0.0,0.0,0.0,0.0,0.0,1.0
10,1,1,1,1,1,1,1,0,1,0,1,0,1,0,210,30,1,1,0,996,537.01,M,0.0,0.0,0.0,1.0,0.0,0.0,0.0
11,1,1,1,1,1,1,1,1,1,1,1,1,1,0,160,20,1,0,1,1212,552.16,M,0.0,0.0,0.0,0.0,0.0,0.0,1.0
11,1,1,1,1,1,1,1,1,1,1,1,1,1,1,50,30,1,1,1,1392,560.59,F,0.0,0.0,1.0,0.0,0.0,0.0,0.0
10,1,1,1,0,1,1,1,0,1,1,1,1,1,0,270,30,1,1,0,2402,455.97,F,0.0,0.0,1.0,0.0,0.0,0.0,0.0
10,0,1,1,0,1,1,0,1,1,1,1,1,1,0,150,40,1,1,1,2942,522.9,M,0.0,0.0,0.0,0.0,0.0,0.0,1.0
10,1,1,1,1,1,1,1,1,1,1,1,1,1,0,160,20,1,0,1,1212,663.84,M,0.0,0.0,0.0,0.0,0.0,0.0,1.0
10,1,1,1,0,1,1,0,1,1,1,1,1,1,0,450,25,1,1,0,930,512.0,M,0.0,0.0,0.0,0.0,0.0,0.0,1.0
10,1,1,1,1,1,1,1,1,1,1,1,1,1,0,320,18,1,0,1,575,577.43,F,0.0,0.0,0.0,0.0,0.0,0.0,1.0
10,1,1,1,0,1,1,0,1,1,0,1,1,1,1,225,20,1,1,0,1327,462.32,F,0.0,0.0,0.0,0.0,0.0,0.0,1.0
10,1,0,1,0,0,1,0,1,1,1,1,1,1,0,225,20,1,1,0,149,338.04,M,0.0,0.0,0.0,0.0,0.0,0.0,1.0
10,1,1,1,1,0,1,1,1,1,1,1,1,1,1,600,26,1,1,0,987,622.07,M,0.0,0.0,0.0,0.0,0.0,0.0,1.0
10,1,1,1,1,0,1,1,1,1,1,1,1,1,1,270,27,1,1,0,1680,676.1,F,0.0,0.0,0.0,0.0,0.0,0.0,1.0
10,1,1,1,0,1,0,0,1,1,1,1,1,0,0,350,24,1,1,0,899,517.93,M,0.0,0.0,0.0,0.0,0.0,0.0,1.0
11,1,1,1,0,1,1,1,1,1,1,1,1,1,1,250,25,1,1,0,926,699.21,F,0.0,0.0,0.0,0.0,0.0,0.0,1.0
11,0,1,1,1,0,1,1,1,1,1,1,1,1,0,200,20,1,1,0,1680,666.24,F,0.0,0.0,0.0,0.0,0.0,0.0,1.0
11,0,1,1,1,1,1,1,1,1,1,1,1,1,0,210,25,1,1,1,1640,595.45,M,0.0,0.0,0.0,0.0,0.0,0.0,1.0
10,0,1,1,0,0,1,0,1,1,1,0,0,1,0,240,30,1,0,1,575,664.34,F,0.0,0.0,0.0,1.0,0.0,0.0,0.0
10,0,1,1,0,0,1,0,1,1,0,0,0,1,0,330,25,1,1,1,1763,563.79,M,0.0,0.0,0.0,1.0,0.0,0.0,0.0
10,1,1,1,0,1,1,0,1,1,1,1,1,1,0,225,30,1,1,0,358,473.12,M,0.0,0.0,0.0,0.0,0.0,0.0,1.0
10,1,1,1,0,1,1,1,1,1,1,1,1,1,0,225,25,1,1,0,1087,494.84,M,0.0,0.0,0.0,0.0,0.0,0.0,1.0
10,1,1,1,0,1,1,1,1,1,1,1,1,1,0,300,25,1,1,1,1988,462.32,F,0.0,0.0,0.0,0.0,0.0,0.0,1.0
11,1,1,1,1,1,1,1,1,1,1,1,1,1,1,450,25,1,1,0,930,604.52,F,0.0,0.0,0.0,0.0,0.0,0.0,1.0
10,0,0,0,0,1,1,0,1,1,0,1,1,1,1,390,25,1,1,0,1273,700.64,F,0.0,1.0,0.0,0.0,0.0,0.0,0.0
9,0,1,0,0,0,1,0,1,0,0,0,0,1,0,350,20,1,1,0,1101,487.95,M,0.0,0.0,0.0,1.0,0.0,0.0,0.0
12,1,1,1,0,0,1,1,1,0,0,0,1,1,0,210,25,1,1,0,1680,726.37,M,0.0,1.0,0.0,0.0,0.0,0.0,0.0
10,1,1,1,0,1,1,0,1,1,1,1,1,1,1,250,25,1,1,0,1233,555.03,F,0.0,0.0,0.0,0.0,0.0,0.0,1.0
10,1,0,1,0,0,0,0,1,1,1,1,1,1,0,275,30,1,1,0,1347,391.51,M,0.0,0.0,0.0,0.0,0.0,0.0,1.0
10,1,1,1,0,1,0,0,0,1,1,1,1,1,0,275,25,1,1,0,1375,451.92,F,0.0,0.0,0.0,0.0,0.0,0.0,1.0
10,1,0,0,0,1,0,0,1,1,0,0,0,1,0,300,15,1,1,0,1733,420.22,F,0.0,0.0,0.0,0.0,0.0,0.0,1.0
10,1,1,1,1,1,1,0,1,1,1,1,1,1,0,235,20,1,1,0,347,494.65,F,0.0,0.0,0.0,0.0,0.0,0.0,1.0
10,1,1,1,0,1,1,0,1,1,1,1,1,1,0,275,28,1,1,0,507,495.08,M,0.0,0.0,0.0,0.0,0.0,0.0,1.0
10,1,1,1,0,1,0,0,1,0,0,0,1,1,0,49,22,1,1,1,1095,497.51,F,0.0,0.0,1.0,0.0,0.0,0.0,0.0
10,1,1,1,1,1,1,1,1,1,1,1,1,1,0,275,30,1,1,0,1382,541.34,M,0.0,0.0,0.0,0.0,0.0,0.0,1.0
11,1,1,1,1,1,1,1,1,1,1,1,1,1,0,270,20,1,1,0,1680,544.23,M,0.0,0.0,0.0,0.0,0.0,0.0,1.0
10,1,1,1,0,1,1,0,1,1,1,1,1,1,0,450,17,1,1,0,865,456.52,F,0.0,0.0,0.0,0.0,0.0,0.0,1.0
10,1,1,1,0,1,1,1,1,1,1,1,1,1,0,180,19,1,1,0,887,526.91,F,0.0,0.0,0.0,0.0,0.0,0.0,1.0
10,1,0,1,0,1,1,0,1,1,1,0,1,1,0,35,1,0,1,0,889,450.64,F,0.0,0.0,0.0,1.0,0.0,0.0,0.0
9,0,0,1,0,0,1,0,1,1,1,1,1,1,0,275,20,1,1,0,362,343.65,M,0.0,0.0,0.0,0.0,0.0,0.0,1.0
11,1,1,1,1,1,1,0,1,1,1,1,1,1,0,160,20,1,0,1,1212,570.2,M,0.0,0.0,0.0,0.0,0.0,0.0,1.0
10,0,1,1,0,1,1,0,1,1,0,0,0,1,1,225,27,1,1,1,1574,538.43,F,0.0,0.0,0.0,1.0,0.0,0.0,0.0
10,0,1,1,0,1,1,0,1,1,1,1,1,1,1,270,18,1,1,0,261,436.27,F,0.0,0.0,1.0,0.0,0.0,0.0,0.0
10,1,1,1,0,1,1,0,1,1,1,1,1,1,1,315,18,1,1,0,899,551.2,M,0.0,0.0,0.0,1.0,0.0,0.0,0.0
10,1,1,1,0,1,1,0,1,1,1,1,1,1,1,250,20,1,1,0,762,505.86,F,0.0,0.0,1.0,0.0,0.0,0.0,0.0
10,1,1,1,1,0,1,1,1,1,0,0,0,1,0,200,25,1,1,0,2710,426.54,M,0.0,0.0,0.0,0.0,0.0,0.0,1.0
10,1,1,1,1,1,1,1,1,1,1,1,1,1,0,335,20,1,1,0,712,606.27,M,0.0,0.0,0.0,0.0,0.0,0.0,1.0
10,0,1,0,0,0,1,0,1,0,0,0,0,1,1,230,20,1,1,1,1574,491.23,M,0.0,0.0,0.0,1.0,0.0,0.0,0.0
11,1,1,1,0,1,1,0,1,1,1,1,1,1,0,225,26,1,1,0,1610,494.89,F,0.0,0.0,0.0,0.0,0.0,0.0,1.0
10,1,1,1,1,1,1,1,1,1,1,1,1,1,1,250,9,1,1,0,247,648.52,M,0.0,0.0,0.0,0.0,0.0,0.0,1.0
10,1,1,1,0,0,0,0,1,0,0,0,0,1,1,360,22,1,1,1,2942,521.19,F,0.0,0.0,0.0,1.0,0.0,0.0,0.0
11,0,1,0,0,1,1,0,1,1,0,1,1,1,1,250,31,1,1,1,2646,595.46,F,0.0,1.0,0.0,0.0,0.0,0.0,0.0
10,1,1,1,0,1,1,0,1,1,1,1,1,0,0,250,27,1,1,1,1392,421.49,M,0.0,0.0,1.0,0.0,0.0,0.0,0.0
11,1,1,1,1,1,1,0,1,1,0,1,1,1,1,210,25,1,1,0,996,650.83,F,0.0,0.0,0.0,0.0,0.0,1.0,0.0
10,1,1,1,0,1,1,0,1,1,1,1,1,1,0,275,21,1,1,0,507,456.21,F,0.0,0.0,1.0,0.0,0.0,0.0,0.0
11,1,1,1,1,1,1,1,1,1,1,1,1,1,0,204,15,1,1,1,2203,586.47,M,0.0,0.0,0.0,0.0,0.0,0.0,1.0
10,1,0,1,0,1,1,0,1,1,1,1,1,1,0,300,30,1,1,0,898,408.22,F,0.0,0.0,0.0,1.0,0.0,0.0,0.0
11,0,1,1,0,0,1,0,1,1,0,0,0,1,0,348,36,1,1,1,3261,493.0,M,0.0,0.0,0.0,1.0,0.0,0.0,0.0
10,1,1,1,1,1,1,1,1,1,1,1,1,1,0,450,22,1,1,0,987,568.36,M,0.0,0.0,0.0,0.0,0.0,0.0,1.0
10,1,1,1,1,1,1,1,1,1,0,0,1,1,0,270,27,1,0,1,570,618.62,M,0.0,0.0,0.0,0.0,0.0,1.0,0.0
10,1,1,1,1,1,1,1,1,1,1,1,1,1,0,450,22,1,1,0,1387,475.67,F,0.0,0.0,1.0,0.0,0.0,0.0,0.0
9,1,1,1,0,1,1,0,1,1,1,1,1,1,1,0,30,1,1,0,1387,488.3,F,0.0,0.0,0.0,0.0,0.0,0.0,1.0
9,0,0,1,0,0,1,0,1,1,1,1,1,1,0,300,30,1,1,0,227,457.16,M,0.0,0.0,0.0,0.0,0.0,0.0,1.0
10,1,1,1,1,1,1,1,1,1,1,1,1,1,1,225,28,1,1,0,1087,649.01,F,0.0,0.0,0.0,0.0,0.0,0.0,1.0
10,1,1,1,0,1,1,0,1,1,1,0,1,1,0,240,32,1,1,0,2402,348.62,M,0.0,0.0,0.0,1.0,0.0,0.0,0.0
10,1,1,1,1,1,1,0,1,1,1,1,1,1,0,525,36,1,1,0,432,488.75,M,0.0,0.0,0.0,0.0,0.0,0.0,1.0
11,0,1,1,1,1,1,1,1,1,1,1,1,1,0,200,30,1,1,1,2162,637.01,F,0.0,0.0,0.0,0.0,0.0,0.0,1.0
10,0,1,1,1,1,1,1,1,1,0,1,1,1,0,250,25,1,1,0,1411,575.57,M,0.0,0.0,0.0,0.0,0.0,0.0,1.0
10,1,1,1,0,1,1,0,1,1,1,1,1,1,1,225,30,1,1,0,366,520.87,F,0.0,0.0,0.0,0.0,0.0,0.0,1.0
10,1,1,1,0,1,1,0,1,1,1,1,1,1,1,250,25,1,1,0,149,663.07,F,0.0,1.0,0.0,0.0,0.0,0.0,0.0
10,1,1,1,1,1,1,1,1,1,1,1,1,1,0,300,38,1,1,1,3138,582.83,F,0.0,0.0,0.0,0.0,0.0,0.0,1.0
10,0,0,1,0,0,1,1,1,1,1,1,1,1,0,450,22,1,1,0,434,398.4,M,0.0,0.0,0.0,0.0,0.0,0.0,1.0
10,1,1,1,0,1,1,0,1,1,1,1,1,1,0,300,20,1,1,0,636,491.56,M,0.0,0.0,0.0,0.0,0.0,0.0,1.0
10,1,0,0,0,0,1,0,1,1,1,1,1,1,0,275,25,1,1,1,2144,520.15,F,0.0,0.0,0.0,0.0,0.0,0.0,1.0
10,1,1,1,0,1,1,1,1,1,1,1,1,1,0,450,27,1,1,0,1750,532.76,M,0.0,0.0,0.0,0.0,0.0,0.0,1.0
10,1,1,1,1,1,1,0,1,1,1,1,1,1,0,400,25,1,1,0,930,708.17,M,0.0,0.0,0.0,0.0,0.0,0.0,1.0
10,1,1,1,1,1,1,0,1,1,1,1,1,1,0,220,24,1,1,0,690,485.62,M,0.0,0.0,0.0,0.0,0.0,0.0,1.0
10,1,0,0,0,1,1,0,1,1,1,1,1,1,1,225,23,1,1,0,1375,475.92,M,0.0,0.0,0.0,0.0,0.0,0.0,1.0
11,1,1,0,0,0,1,0,1,1,0,0,1,1,0,60,30,1,1,1,3138,403.38,F,0.0,0.0,0.0,1.0,0.0,0.0,0.0
11,1,1,1,1,1,1,0,1,1,0,1,1,1,0,300,28,1,1,1,1988,690.85,M,0.0,0.0,0.0,0.0,0.0,0.0,1.0
11,1,1,1,1,0,1,1,1,0,0,0,1,1,1,225,30,1,1,0,2878,670.77,F,0.0,0.0,1.0,0.0,0.0,0.0,0.0
10,1,1,1,1,0,1,1,1,1,0,0,1,1,1,53,36,1,1,1,2085,529.8,M,0.0,1.0,0.0,0.0,0.0,0.0,0.0
11,1,1,1,1,1,1,1,1,1,1,0,0,1,0,280,35,1,1,1,2085,540.3,M,0.0,0.0,0.0,1.0,0.0,0.0,0.0
10,1,1,1,1,1,1,1,1,1,1,1,1,1,1,240,30,1,0,1,575,610.12,M,0.0,0.0,0.0,0.0,0.0,0.0,1.0
10,0,0,1,1,1,1,0,0,1,1,1,1,1,0,200,30,1,1,0,632,417.04,F,0.0,0.0,0.0,0.0,0.0,0.0,1.0
10,1,0,0,0,0,0,0,1,1,0,0,0,0,1,230,30,1,1,1,1574,380.76,M,0.0,0.0,0.0,1.0,0.0,0.0,0.0
10,0,1,1,0,0,1,0,1,1,1,1,1,1,0,288,20,1,1,1,1378,456.13,F,0.0,0.0,0.0,0.0,0.0,0.0,1.0
11,1,1,1,0,1,1,1,1,1,1,1,1,1,0,225,25,1,0,0,1064,612.69,M,0.0,0.0,0.0,0.0,0.0,0.0,1.0
10,1,0,1,0,0,0,0,1,1,1,1,1,1,0,450,27,1,1,0,432,410.92,F,0.0,0.0,0.0,0.0,0.0,0.0,1.0
11,1,1,1,0,0,0,0,1,1,1,1,1,1,0,250,20,1,1,0,1375,610.88,F,0.0,0.0,0.0,0.0,0.0,0.0,1.0
10,0,0,1,1,1,1,0,1,1,1,1,1,1,1,275,40,1,1,1,3592,500.29,F,0.0,0.0,0.0,0.0,0.0,0.0,1.0
10,1,1,1,0,1,1,0,1,1,1,1,1,1,1,450,25,1,1,0,820,482.34,M,0.0,0.0,1.0,0.0,0.0,0.0,0.0
10,1,1,1,1,0,0,0,0,1,1,1,1,1,0,50,25,1,1,1,1276,413.7,F,0.0,0.0,1.0,0.0,0.0,0.0,0.0
10,1,1,1,1,1,1,0,0,1,1,1,1,1,0,300,25,1,1,0,2361,523.94,M,0.0,0.0,0.0,0.0,0.0,0.0,1.0
10,1,0,1,0,0,0,0,1,1,0,0,0,1,0,450,26,1,1,0,1101,409.87,M,0.0,0.0,0.0,1.0,0.0,0.0,0.0
11,1,1,0,0,0,0,0,0,0,0,0,0,1,1,270,35,1,1,1,3201,477.26,F,0.0,1.0,0.0,0.0,0.0,0.0,0.0
10,1,1,1,1,0,1,1,1,1,0,0,0,1,0,255,40,1,1,1,1734,516.1,F,0.0,0.0,0.0,1.0,0.0,0.0,0.0
10,1,1,1,1,1,1,1,1,1,1,1,1,1,0,225,30,1,1,0,358,561.94,F,0.0,0.0,0.0,0.0,0.0,0.0,1.0
11,1,1,1,1,1,1,1,1,1,1,1,1,1,1,200,20,1,1,0,1680,597.45,F,0.0,0.0,0.0,0.0,0.0,0.0,1.0
11,1,1,1,0,0,1,0,1,1,1,1,0,1,1,300,20,1,1,0,1900,464.22,M,0.0,0.0,0.0,1.0,0.0,0.0,0.0
10,1,1,1,0,0,1,0,1,1,1,1,1,1,1,300,9,1,1,0,690,518.96,F,0.0,0.0,0.0,0.0,0.0,0.0,1.0
9,1,0,1,0,1,1,0,1,1,1,1,1,1,0,225,28,1,1,1,1574,413.63,F,0.0,0.0,0.0,1.0,0.0,0.0,0.0
10,1,1,1,1,1,1,1,1,1,1,1,1,1,0,275,25,1,1,0,2878,668.07,F,0.0,0.0,0.0,0.0,0.0,0.0,1.0
10,0,1,1,0,1,1,0,1,1,1,1,1,1,0,450,30,1,1,0,432,388.46,M,0.0,0.0,0.0,0.0,0.0,0.0,1.0
10,1,1,1,1,1,1,1,1,1,1,1,1,1,1,350,30,1,1,0,1375,626.72,M,0.0,0.0,0.0,0.0,0.0,0.0,1.0
10,1,1,1,1,0,1,1,1,1,1,1,1,1,1,210,18,1,1,0,774,637.33,F,0.0,0.0,0.0,0.0,0.0,0.0,1.0
10,1,1,1,0,1,1,0,1,1,1,1,1,1,1,300,23,1,1,0,3004,608.68,M,0.0,0.0,1.0,0.0,0.0,0.0,0.0
11,0,1,1,1,1,1,0,1,1,1,0,1,1,0,360,20,1,1,0,2361,466.21,F,0.0,0.0,0.0,0.0,0.0,0.0,1.0
11,1,1,1,1,1,1,1,0,1,1,1,1,1,0,450,21,1,1,0,1173,558.29,F,0.0,0.0,1.0,0.0,0.0,0.0,0.0
10,0,1,1,1,1,1,0,0,1,1,1,1,1,0,250,29,1,1,1,1988,497.59,F,0.0,0.0,0.0,0.0,0.0,0.0,1.0
10,0,1,1,0,0,0,0,1,1,1,1,1,1,0,275,32,1,1,0,316,626.29,F,0.0,0.0,0.0,0.0,0.0,0.0,1.0
10,1,1,1,0,1,1,0,0,1,1,1,1,1,0,135,16,1,1,0,509,454.93,F,0.0,0.0,0.0,0.0,0.0,0.0,1.0
9,0,0,1,0,0,1,0,0,1,1,1,1,1,1,300,22,1,1,0,362,398.53,F,0.0,0.0,0.0,0.0,1.0,0.0,0.0
11,1,1,0,0,1,0,0,1,0,0,0,1,1,0,225,16,1,1,1,1062,433.96,F,0.0,0.0,0.0,1.0,0.0,0.0,0.0
11,0,1,1,1,1,1,1,1,1,1,1,1,1,0,225,10,0,0,1,366,707.79,F,0.0,0.0,0.0,0.0,0.0,0.0,1.0
10,1,1,0,0,0,0,0,0,1,0,0,0,0,0,250,30,1,1,0,1347,573.73,M,0.0,1.0,0.0,0.0,0.0,0.0,0.0
10,1,1,1,1,1,1,1,1,1,1,1,1,1,0,235,36,1,1,0,149,524.44,F,0.0,0.0,0.0,0.0,0.0,0.0,1.0
10,0,1,1,1,1,1,1,1,1,1,1,1,1,0,60,38,1,1,1,1411,394.95,M,0.0,0.0,1.0,0.0,0.0,0.0,0.0
11,1,1,1,0,1,1,0,1,1,1,1,1,1,0,80,25,1,1,0,1610,455.56,M,0.0,0.0,0.0,0.0,0.0,0.0,1.0
11,0,1,1,1,0,0,0,0,1,0,0,0,1,0,200,25,1,0,1,398,418.07,F,0.0,0.0,0.0,1.0,0.0,0.0,0.0
10,0,1,1,1,1,1,0,1,1,1,1,1,1,1,280,20,0,1,1,502,598.8,F,0.0,0.0,0.0,0.0,0.0,0.0,1.0
9,0,0,1,1,1,0,1,1,1,1,1,1,1,0,55,20,1,1,0,362,358.32,M,0.0,0.0,0.0,0.0,0.0,0.0,1.0
11,1,1,1,1,1,1,0,1,1,1,1,1,1,0,360,30,1,1,1,1988,553.93,M,0.0,0.0,0.0,0.0,0.0,0.0,1.0
10,0,1,1,1,1,1,0,1,1,1,1,1,1,0,295,30,1,1,1,1046,558.21,F,0.0,0.0,0.0,0.0,0.0,0.0,1.0
10,0,0,0,0,0,0,0,1,1,0,0,0,1,0,140,24,1,1,0,754,367.55,F,0.0,0.0,0.0,1.0,0.0,0.0,0.0
10,1,1,1,1,1,1,1,1,1,1,1,1,1,1,250,23,1,1,1,2162,617.87,F,0.0,0.0,0.0,0.0,0.0,0.0,1.0
11,0,1,1,1,1,1,1,1,1,1,1,1,1,0,225,15,0,1,1,502,482.66,M,0.0,0.0,0.0,0.0,0.0,0.0,1.0
11,1,1,1,1,1,1,1,1,1,0,0,1,1,1,200,30,1,0,1,398,488.99,M,0.0,0.0,0.0,0.0,0.0,1.0,0.0
11,1,1,1,0,0,0,0,0,1,1,1,1,0,1,235,13,1,1,0,1828,580.13,F,0.0,0.0,0.0,0.0,1.0,0.0,0.0
10,0,1,1,0,0,1,0,0,1,1,1,1,0,1,250,27,1,1,0,854,575.92,F,0.0,0.0,0.0,0.0,0.0,0.0,1.0
10,1,1,1,1,1,1,0,1,1,1,1,1,1,0,200,25,1,0,1,1212,530.68,M,0.0,0.0,0.0,0.0,0.0,0.0,1.0
10,1,1,1,1,1,1,1,1,1,1,1,1,1,1,300,28,1,1,0,898,636.61,F,0.0,0.0,0.0,0.0,0.0,0.0,1.0
10,1,1,1,1,0,1,1,1,1,1,1,1,1,0,300,24,1,1,0,1913,574.49,F,0.0,0.0,0.0,0.0,0.0,0.0,1.0
9,0,1,0,0,0,0,0,1,1,1,1,1,1,1,55,25,1,1,0,854,584.95,M,0.0,0.0,0.0,0.0,0.0,0.0,1.0
10,1,1,1,1,1,1,1,1,1,0,0,1,1,1,210,30,1,1,0,996,587.04,F,0.0,0.0,1.0,0.0,0.0,0.0,0.0
11,0,0,1,0,1,0,0,1,1,1,1,1,1,0,270,25,1,1,1,1378,538.93,M,0.0,0.0,0.0,1.0,0.0,0.0,0.0
10,0,1,1,0,1,1,0,0,1,1,1,1,1,0,300,30,1,1,1,2144,508.32,F,0.0,0.0,0.0,1.0,0.0,0.0,0.0
10,1,1,1,1,1,1,1,1,0,1,1,1,1,1,240,25,1,0,1,575,576.05,M,0.0,0.0,0.0,0.0,0.0,0.0,1.0
10,1,1,1,1,1,1,1,1,1,1,1,1,1,1,250,15,1,1,0,300,473.76,M,1.0,0.0,0.0,0.0,0.0,0.0,0.0
10,1,0,1,0,1,0,0,1,1,1,1,1,1,0,294,24,1,1,0,899,584.15,M,0.0,0.0,0.0,0.0,1.0,0.0,0.0
10,1,1,1,0,1,1,0,1,1,1,1,1,1,0,275,30,1,1,1,3261,698.95,M,0.0,0.0,0.0,0.0,0.0,0.0,1.0
10,0,1,1,0,1,1,1,0,1,1,1,1,1,0,270,30,1,1,1,1378,524.91,M,0.0,0.0,0.0,0.0,0.0,0.0,1.0
11,1,1,1,1,1,1,1,1,1,1,1,1,1,0,275,15,1,0,1,915,660.39,M,0.0,0.0,0.0,0.0,0.0,0.0,1.0
11,1,1,1,1,1,1,1,1,1,1,1,1,1,1,210,20,1,1,0,1680,618.7,M,0.0,0.0,0.0,0.0,0.0,0.0,1.0
11,0,1,0,0,0,1,0,0,0,0,0,0,1,0,275,25,1,1,1,1763,441.59,F,0.0,1.0,0.0,0.0,0.0,0.0,0.0
10,1,1,1,1,1,1,1,1,1,1,1,1,1,1,225,25,1,1,0,2748,544.94,F,0.0,0.0,0.0,0.0,0.0,0.0,1.0
10,1,0,0,0,0,0,0,1,1,1,1,1,1,0,225,30,1,1,1,2144,558.17,M,0.0,0.0,0.0,0.0,0.0,0.0,1.0
10,1,1,1,0,1,1,0,1,1,1,1,1,1,0,200,18,1,0,1,398,415.48,M,0.0,0.0,0.0,0.0,0.0,0.0,1.0
10,1,1,1,1,0,1,0,1,1,1,1,1,1,0,250,20,1,1,0,2878,632.49,M,0.0,0.0,0.0,0.0,0.0,0.0,1.0
10,1,1,1,1,1,1,1,1,0,0,0,1,1,0,450,32,1,1,1,1411,435.04,M,0.0,0.0,1.0,0.0,0.0,0.0,0.0
10,0,0,0,0,1,1,0,1,1,1,1,1,1,0,315,30,1,1,0,899,393.35,M,0.0,0.0,1.0,0.0,0.0,0.0,0.0
10,1,1,0,0,1,1,0,1,1,0,0,1,1,0,270,28,1,1,0,1347,432.61,F,0.0,0.0,0.0,1.0,0.0,0.0,0.0
10,1,1,1,0,1,0,0,1,1,1,1,1,1,0,260,68,1,1,0,347,498.63,F,0.0,0.0,0.0,0.0,0.0,0.0,1.0
11,1,1,1,0,1,1,0,1,1,1,1,1,1,1,225,25,1,1,0,366,500.29,F,0.0,0.0,0.0,0.0,0.0,0.0,1.0
10,1,1,1,1,1,1,0,1,1,1,1,1,0,0,200,21,1,0,1,398,402.09,M,0.0,0.0,0.0,1.0,0.0,0.0,0.0
11,1,1,1,0,1,1,0,1,1,1,1,1,1,0,210,21,1,1,0,774,522.06,F,0.0,0.0,0.0,0.0,0.0,0.0,1.0
10,0,1,1,0,0,1,1,1,1,1,1,1,1,1,270,18,1,1,0,196,650.37,M,0.0,0.0,0.0,0.0,0.0,0.0,1.0
10,0,1,1,0,1,1,0,1,1,1,1,1,1,0,450,20,1,1,0,632,630.65,M,0.0,0.0,0.0,0.0,0.0,0.0,1.0
11,1,1,1,1,1,1,1,1,1,1,1,1,1,1,120,15,1,1,1,1900,657.1,M,0.0,0.0,0.0,1.0,0.0,0.0,0.0
10,1,1,1,1,1,1,1,1,1,1,0,1,1,1,500,20,1,1,0,1750,596.81,F,0.0,0.0,0.0,0.0,0.0,0.0,1.0
10,1,1,0,0,1,1,0,1,1,1,1,1,1,1,290,30,1,1,1,3261,520.95,F,0.0,0.0,0.0,1.0,0.0,0.0,0.0
10,1,1,1,1,1,1,1,1,1,1,1,1,1,1,450,24,1,1,0,1750,528.83,M,0.0,0.0,0.0,0.0,0.0,0.0,1.0
10,1,1,1,0,1,1,0,1,1,1,1,1,1,0,450,25,1,1,0,1750,542.46,M,0.0,0.0,0.0,0.0,1.0,0.0,0.0
10,1,1,1,0,1,1,1,0,1,1,1,1,1,1,225,15,1,0,1,356,520.15,F,0.0,0.0,0.0,0.0,0.0,0.0,1.0
10,0,1,1,0,1,1,0,1,1,1,1,1,1,1,360,28,1,1,0,432,536.28,F,0.0,0.0,0.0,0.0,0.0,0.0,1.0
10,0,1,1,1,1,1,1,0,1,0,0,0,1,0,600,30,1,1,1,1988,655.98,M,0.0,1.0,0.0,0.0,0.0,0.0,0.0
10,0,0,0,0,1,1,0,1,1,1,1,0,0,0,275,25,1,1,1,1110,505.02,M,0.0,0.0,0.0,1.0,0.0,0.0,0.0
10,1,1,1,1,1,1,1,1,1,1,1,1,1,0,300,20,1,1,0,929,592.37,F,0.0,0.0,0.0,0.0,0.0,0.0,1.0
10,1,1,1,0,1,1,0,1,1,1,1,1,1,0,235,67,1,1,0,347,474.0,M,0.0,0.0,0.0,0.0,0.0,0.0,1.0
10,1,1,1,1,1,1,1,0,1,1,1,1,1,0,250,30,1,1,0,1692,560.26,M,0.0,0.0,0.0,0.0,0.0,0.0,1.0
10,1,1,1,0,1,1,1,1,1,0,0,1,1,0,240,20,1,0,1,575,560.1,M,0.0,0.0,0.0,0.0,1.0,0.0,0.0
10,1,0,0,0,0,0,0,1,1,0,0,0,1,0,225,30,1,1,1,1574,377.08,M,0.0,0.0,0.0,1.0,0.0,0.0,0.0
10,1,1,1,0,1,1,0,1,1,1,1,1,1,1,170,28,1,1,1,914,512.53,F,0.0,0.0,1.0,0.0,0.0,0.0,0.0
10,1,1,1,0,1,1,0,1,1,1,1,1,1,0,270,20,1,1,0,196,546.21,F,0.0,0.0,0.0,0.0,0.0,0.0,1.0
9,1,1,1,0,1,1,0,1,1,0,0,0,1,0,250,22,1,1,1,1723,334.27,M,0.0,0.0,0.0,1.0,0.0,0.0,0.0
10,0,0,1,1,0,1,0,1,1,1,1,1,0,0,235,1,1,1,0,347,465.66,M,0.0,0.0,0.0,0.0,0.0,0.0,1.0
10,0,1,1,0,1,1,0,1,1,1,1,1,1,0,250,25,1,1,0,505,485.62,M,0.0,0.0,0.0,0.0,1.0,0.0,0.0
10,1,1,1,0,1,1,0,1,1,1,1,1,1,0,225,12,1,0,0,331,521.11,F,0.0,0.0,0.0,0.0,0.0,0.0,1.0
10,1,1,1,0,1,1,0,1,1,1,1,1,1,1,270,20,1,1,1,1619,566.15,F,0.0,0.0,0.0,0.0,0.0,0.0,1.0
11,1,1,1,0,1,1,0,1,1,1,1,1,1,1,200,14,1,1,0,632,530.2,M,0.0,0.0,0.0,0.0,0.0,0.0,1.0
11,1,1,0,0,1,1,0,1,1,1,1,1,1,1,50,14,1,1,1,539,569.64,M,0.0,0.0,0.0,1.0,0.0,0.0,0.0
10,1,1,1,1,1,1,1,1,1,1,1,1,1,1,270,20,1,1,0,196,597.29,F,0.0,0.0,0.0,0.0,0.0,0.0,1.0
9,1,1,1,0,1,1,0,1,1,1,1,1,1,1,60,20,1,1,0,2041,465.18,F,0.0,0.0,0.0,0.0,0.0,0.0,1.0
10,1,1,0,0,0,0,0,1,1,1,1,1,1,1,348,26,1,1,1,1046,625.73,F,0.0,0.0,0.0,1.0,0.0,0.0,0.0
10,0,1,1,0,1,1,0,0,1,1,1,1,1,0,450,35,1,1,0,1750,444.98,M,0.0,0.0,0.0,0.0,0.0,0.0,1.0
11,1,1,1,1,1,1,1,1,1,1,1,1,1,1,100,23,1,1,0,1375,504.98,F,0.0,0.0,0.0,0.0,0.0,0.0,1.0
11,1,1,1,0,0,0,0,1,1,1,1,1,0,0,200,28,0,1,0,1250,513.96,F,0.0,0.0,0.0,0.0,1.0,0.0,0.0
9,0,1,1,1,0,0,0,1,1,1,1,1,1,1,225,21,1,1,0,1250,420.77,M,0.0,0.0,0.0,0.0,0.0,0.0,1.0
10,1,1,1,1,0,1,1,0,1,1,1,1,1,1,270,40,1,1,1,1734,639.47,F,0.0,0.0,0.0,0.0,0.0,0.0,1.0
10,1,1,1,0,1,1,1,1,1,1,1,1,1,1,250,16,1,0,1,915,632.33,M,0.0,0.0,0.0,0.0,0.0,0.0,1.0
10,1,0,0,0,1,0,0,1,1,0,0,0,0,0,270,30,1,1,0,2402,388.22,M,0.0,0.0,0.0,1.0,0.0,0.0,0.0
10,1,1,1,0,1,1,0,1,1,1,1,1,0,1,280,23,1,1,0,1848,575.13,F,0.0,0.0,0.0,0.0,1.0,0.0,0.0
10,1,1,1,0,1,1,0,0,1,1,1,1,1,0,180,25,1,1,1,914,470.03,F,0.0,0.0,1.0,0.0,0.0,0.0,0.0
10,0,1,1,0,1,1,0,1,1,1,1,1,1,0,270,9,1,1,0,389,612.21,M,0.0,0.0,0.0,0.0,0.0,0.0,1.0
11,1,1,1,1,0,1,1,1,1,0,1,1,1,0,900,25,1,1,0,1610,613.09,M,0.0,0.0,0.0,1.0,0.0,0.0,0.0
11,1,1,1,0,1,1,0,0,1,0,1,0,1,1,240,25,1,1,0,808,666.32,F,0.0,0.0,0.0,1.0,0.0,0.0,0.0
11,1,1,1,1,0,1,1,1,1,1,1,1,1,1,275,18,1,1,0,1526,607.54,F,0.0,0.0,0.0,1.0,0.0,0.0,0.0
9,1,1,0,0,1,0,0,0,1,1,1,1,1,0,300,25,1,1,1,1276,444.58,M,0.0,0.0,0.0,0.0,1.0,0.0,0.0
10,1,1,1,1,1,1,1,1,1,1,1,1,1,0,225,25,1,1,0,1233,581.82,M,0.0,0.0,0.0,0.0,0.0,0.0,1.0
10,1,1,1,1,1,1,1,1,1,1,1,1,1,0,450,20,1,1,1,1720,598.16,F,0.0,0.0,0.0,0.0,0.0,0.0,1.0
10,0,1,1,0,1,1,0,1,1,1,1,1,1,1,225,20,1,1,0,276,485.12,F,0.0,0.0,0.0,0.0,0.0,0.0,1.0
10,1,1,1,0,1,1,0,1,1,1,0,1,1,1,210,25,1,1,0,996,699.37,F,0.0,0.0,0.0,0.0,0.0,0.0,1.0
10,0,1,0,0,1,1,0,1,1,1,1,1,1,1,144,30,1,1,0,1295,655.66,M,0.0,0.0,0.0,0.0,0.0,0.0,1.0
11,1,1,1,1,0,1,1,1,1,1,1,1,1,1,225,30,1,1,0,1087,701.28,F,0.0,0.0,0.0,0.0,0.0,0.0,1.0
11,0,0,0,0,1,0,0,1,1,0,0,0,0,0,360,17,0,1,1,626,467.01,F,0.0,0.0,0.0,1.0,0.0,0.0,0.0
9,0,0,1,0,0,0,0,1,1,1,1,1,1,1,70,30,1,1,0,1101,424.05,M,0.0,0.0,0.0,0.0,0.0,0.0,1.0
9,0,1,1,0,0,1,0,1,1,1,1,1,1,0,525,23,1,1,0,1173,426.7,M,0.0,0.0,0.0,0.0,0.0,0.0,1.0
10,0,1,1,1,0,1,0,1,1,1,1,1,1,0,100,23,1,1,0,358,550.66,F,0.0,0.0,0.0,0.0,0.0,0.0,1.0
10,1,1,1,1,0,1,1,1,1,1,1,1,1,0,270,25,1,1,1,1619,311.62,F,0.0,0.0,1.0,0.0,0.0,0.0,0.0
11,0,1,1,0,1,1,1,1,1,1,1,1,1,0,225,30,1,1,0,1610,426.14,M,0.0,0.0,0.0,0.0,0.0,0.0,1.0
10,1,1,1,0,1,1,0,1,1,1,1,1,1,0,225,25,1,1,0,1848,570.04,F,0.0,0.0,0.0,0.0,0.0,0.0,1.0
10,1,1,1,0,1,1,1,1,1,1,1,1,1,0,270,40,1,1,1,2966,479.13,M,0.0,0.0,0.0,0.0,0.0,0.0,1.0
10,1,1,1,1,1,1,1,1,1,1,1,1,1,0,160,23,1,1,1,1900,577.74,M,0.0,0.0,0.0,0.0,0.0,0.0,1.0
10,1,1,1,1,1,1,0,1,1,1,1,1,1,0,300,20,1,1,0,690,687.93,F,0.0,0.0,0.0,0.0,0.0,0.0,1.0
10,1,1,1,1,0,1,1,1,1,1,1,1,1,0,350,25,1,1,0,762,504.94,M,0.0,0.0,1.0,0.0,0.0,0.0,0.0
11,1,1,1,1,1,1,0,1,1,0,1,1,1,0,200,20,1,1,1,2640,454.36,M,0.0,0.0,0.0,1.0,0.0,0.0,0.0
10,1,1,1,0,1,1,0,1,1,1,1,1,1,1,225,27,1,0,1,308,577.75,F,0.0,0.0,0.0,0.0,1.0,0.0,0.0
10,0,1,0,0,1,1,1,1,1,1,1,1,1,0,525,30,1,1,0,930,665.6,M,0.0,0.0,0.0,0.0,0.0,0.0,1.0
10,0,1,1,0,1,1,0,1,1,1,1,1,1,0,270,24,1,1,1,2999,295.63,M,0.0,0.0,1.0,0.0,0.0,0.0,0.0
10,1,0,1,1,1,1,0,0,1,1,1,1,1,0,300,25,1,1,1,2144,479.61,M,0.0,0.0,0.0,1.0,0.0,0.0,0.0
11,1,1,1,1,0,1,0,1,1,1,1,1,1,1,275,30,1,1,0,1913,673.39,F,0.0,0.0,0.0,0.0,0.0,0.0,1.0
10,1,1,1,0,0,1,0,1,1,1,1,1,0,0,630,30,1,1,0,432,477.61,M,0.0,0.0,0.0,0.0,0.0,0.0,1.0
9,0,1,1,1,1,1,1,0,1,1,1,1,1,0,70,32,1,1,0,1101,292.1,M,0.0,0.0,0.0,1.0,0.0,0.0,0.0
11,0,1,1,0,0,1,0,0,0,0,0,1,1,0,450,20,1,1,0,2569,411.56,F,0.0,0.0,0.0,1.0,0.0,0.0,0.0
10,1,0,1,0,0,1,0,1,1,1,1,1,1,0,240,17,1,1,0,247,546.15,M,0.0,0.0,0.0,0.0,0.0,0.0,1.0
10,1,1,1,1,1,1,0,1,1,1,0,1,1,0,160,10,1,1,1,1900,581.98,M,0.0,0.0,0.0,0.0,0.0,0.0,1.0
10,1,1,1,1,1,1,1,1,1,1,1,1,1,1,250,20,1,1,0,636,423.89,M,0.0,0.0,0.0,0.0,0.0,0.0,1.0
10,0,1,0,0,1,0,0,1,1,0,0,0,1,0,280,25,1,1,1,2144,512.32,M,0.0,0.0,0.0,1.0,0.0,0.0,0.0
10,1,1,1,0,0,1,0,1,1,1,1,1,1,0,285,20,1,0,1,570,613.49,M,0.0,0.0,0.0,0.0,0.0,0.0,1.0
11,1,1,1,1,1,1,1,0,1,1,0,1,1,1,270,28,1,1,0,196,641.7,F,0.0,0.0,0.0,0.0,0.0,0.0,1.0
9,1,1,1,0,0,0,0,1,1,1,1,1,0,1,200,25,1,1,0,1250,543.34,M,0.0,0.0,0.0,0.0,0.0,0.0,1.0
11,1,1,0,0,0,0,0,1,1,0,0,0,1,1,290,38,1,1,0,1347,431.1,F,0.0,0.0,0.0,1.0,0.0,0.0,0.0
10,1,0,1,1,0,1,0,0,1,1,1,1,0,0,72,10,1,1,1,3138,415.45,F,0.0,0.0,0.0,1.0,0.0,0.0,0.0
9,0,0,1,0,0,1,0,1,1,1,1,1,1,0,225,25,1,1,0,1250,352.63,M,0.0,0.0,0.0,0.0,0.0,0.0,1.0
10,1,1,1,1,1,1,0,1,1,1,1,1,1,0,240,24,0,1,1,1400,506.95,M,0.0,0.0,1.0,0.0,0.0,0.0,0.0
10,1,1,1,1,1,1,1,1,1,1,1,1,1,0,250,28,1,1,1,2080,634.57,M,0.0,0.0,0.0,0.0,0.0,0.0,1.0
10,1,1,1,0,1,1,0,0,1,1,1,1,1,0,75,24,1,1,1,3261,509.75,F,0.0,0.0,1.0,0.0,0.0,0.0,0.0
11,1,1,1,0,1,1,0,0,0,0,0,0,1,1,1540,20,1,1,1,1723,424.19,F,0.0,0.0,0.0,1.0,0.0,0.0,0.0
10,1,1,1,0,1,1,1,1,1,1,1,1,1,1,450,24,1,1,0,930,448.98,F,0.0,0.0,0.0,0.0,0.0,0.0,1.0
10,0,1,1,0,1,1,1,1,1,1,1,1,1,0,300,33,1,1,0,2340,488.54,F,0.0,0.0,0.0,0.0,0.0,0.0,1.0
10,1,1,1,0,1,1,0,1,1,1,1,1,1,0,105,19,1,1,0,196,426.94,M,0.0,0.0,0.0,0.0,0.0,0.0,1.0
10,0,1,0,0,0,0,0,1,1,0,0,0,0,0,90,30,1,1,0,2569,414.98,F,0.0,0.0,0.0,1.0,0.0,0.0,0.0
9,1,0,1,0,0,0,0,1,0,0,0,0,1,0,50,14,1,1,0,3004,444.29,F,0.0,0.0,0.0,1.0,0.0,0.0,0.0
10,0,0,1,0,0,1,1,1,1,1,1,1,1,0,275,20,1,1,1,1276,381.81,M,0.0,0.0,1.0,0.0,0.0,0.0,0.0
11,1,1,1,1,1,1,1,1,1,1,1,1,1,0,250,21,1,1,0,507,633.28,F,0.0,0.0,0.0,0.0,0.0,0.0,1.0
10,1,0,0,0,1,1,0,1,1,0,0,0,1,0,150,18,1,1,1,1720,417.4,M,0.0,0.0,0.0,1.0,0.0,0.0,0.0
10,0,1,0,0,1,1,0,0,1,0,0,0,1,0,360,28,1,1,1,1400,555.82,F,0.0,1.0,0.0,0.0,0.0,0.0,0.0
10,0,1,1,0,1,1,1,1,1,0,0,1,1,1,265,30,1,1,1,2085,442.97,M,0.0,1.0,0.0,0.0,0.0,0.0,0.0
10,1,1,1,0,1,1,1,1,0,0,1,1,1,0,280,22,1,1,0,227,508.48,F,0.0,0.0,0.0,0.0,0.0,0.0,1.0
10,1,1,1,0,1,1,0,0,1,1,1,1,1,0,50,20,1,1,1,1276,611.35,F,0.0,0.0,0.0,0.0,0.0,0.0,1.0
10,1,1,1,1,1,1,1,1,1,1,1,1,1,0,240,22,1,1,0,1380,427.37,F,0.0,0.0,0.0,0.0,0.0,0.0,1.0
10,1,0,1,0,0,1,0,1,1,1,1,1,1,0,250,30,1,1,0,505,476.14,F,0.0,0.0,0.0,0.0,0.0,0.0,1.0
10,1,0,1,0,1,1,0,1,1,0,0,1,1,0,60,30,1,1,1,3261,564.96,F,0.0,0.0,0.0,1.0,0.0,0.0,0.0
9,0,0,1,0,1,1,0,1,1,1,1,1,1,0,600,28,1,1,0,1079,296.03,M,0.0,0.0,1.0,0.0,0.0,0.0,0.0
10,1,1,1,0,1,1,0,1,1,1,1,1,1,0,250,28,1,1,0,1610,574.33,F,0.0,0.0,0.0,0.0,0.0,0.0,1.0
10,1,1,1,0,0,1,0,1,1,1,1,1,1,0,225,30,1,1,0,276,412.2,F,0.0,0.0,0.0,0.0,0.0,0.0,1.0
10,1,1,1,0,1,1,0,1,1,1,1,1,1,0,1200,27,1,1,0,361,387.41,F,0.0,0.0,0.0,0.0,0.0,0.0,1.0
10,1,1,1,0,0,1,0,1,1,1,1,1,1,0,250,40,1,1,1,2085,465.74,M,0.0,1.0,0.0,0.0,0.0,0.0,0.0
10,1,0,1,0,1,1,0,1,1,1,1,1,1,0,300,20,1,1,0,1489,476.16,M,0.0,0.0,0.0,1.0,0.0,0.0,0.0
11,1,1,0,0,1,1,0,1,1,0,0,1,1,0,195,29,1,0,1,570,550.96,M,0.0,0.0,0.0,1.0,0.0,0.0,0.0
10,1,1,1,0,1,1,0,1,1,1,1,1,1,0,450,26,1,1,0,1750,461.57,M,0.0,0.0,0.0,0.0,0.0,0.0,1.0
11,1,1,1,1,0,1,0,1,1,1,1,1,1,0,225,25,1,1,0,612,546.15,M,0.0,0.0,0.0,0.0,0.0,0.0,1.0
10,0,1,1,0,1,1,0,1,1,1,1,1,1,1,300,32,1,1,1,2255,627.56,F,0.0,0.0,0.0,0.0,0.0,0.0,1.0
10,1,1,1,1,1,1,1,1,1,1,1,1,1,0,450,30,1,1,0,1750,538.69,M,0.0,0.0,0.0,0.0,0.0,0.0,1.0
10,1,1,1,1,1,1,1,1,1,1,1,1,1,0,275,20,1,1,0,1526,627.2,M,0.0,0.0,0.0,0.0,0.0,0.0,1.0
10,1,1,1,1,1,1,1,0,1,1,1,1,1,0,300,30,1,1,0,898,535.17,F,0.0,0.0,0.0,0.0,0.0,0.0,1.0
11,1,0,1,0,1,1,0,1,1,0,0,1,1,0,225,25,1,1,1,1062,531.99,F,0.0,0.0,0.0,1.0,0.0,0.0,0.0
10,1,1,1,1,0,1,0,1,1,1,1,1,1,0,450,25,1,1,0,432,474.32,M,0.0,0.0,0.0,0.0,0.0,0.0,1.0
9,1,1,1,0,1,1,0,1,0,0,0,1,1,0,240,30,1,1,1,989,459.57,M,0.0,1.0,0.0,0.0,0.0,0.0,0.0
10,1,1,0,0,0,1,0,1,1,0,0,0,1,0,235,10,1,1,1,3000,466.3,M,0.0,0.0,0.0,1.0,0.0,0.0,0.0
10,1,1,1,0,1,1,1,1,1,1,1,1,1,0,390,30,1,1,0,2402,408.66,M,0.0,0.0,0.0,0.0,0.0,0.0,1.0
10,1,1,1,0,1,1,1,1,1,1,0,1,1,0,204,39,1,1,1,2942,534.85,M,0.0,0.0,0.0,1.0,0.0,0.0,0.0
11,1,1,1,0,0,1,0,1,0,0,0,1,1,0,275,22,1,1,0,2340,614.85,F,0.0,0.0,0.0,0.0,0.0,0.0,1.0
10,0,0,1,0,1,1,0,1,1,1,1,1,1,0,250,20,1,1,0,1375,501.58,M,0.0,0.0,0.0,0.0,0.0,0.0,1.0
11,0,0,0,0,0,0,0,1,0,0,0,0,1,0,90,35,1,1,1,3000,396.94,F,0.0,0.0,0.0,1.0,0.0,0.0,0.0
10,1,1,1,0,0,1,0,1,1,0,1,1,1,1,20,2,0,1,0,889,455.08,M,0.0,0.0,0.0,1.0,0.0,0.0,0.0
10,1,1,1,0,1,0,0,1,0,0,0,1,1,1,225,13,1,1,0,316,541.9,M,0.0,0.0,0.0,0.0,0.0,0.0,1.0
9,0,1,1,1,1,0,0,1,1,1,0,1,1,0,550,26,1,1,0,3004,474.48,M,0.0,0.0,0.0,1.0,0.0,0.0,0.0
11,0,1,1,0,0,1,0,1,1,1,1,1,0,0,450,25,1,1,0,432,589.19,F,0.0,0.0,0.0,0.0,0.0,0.0,1.0
11,1,1,1,1,0,1,1,1,1,1,1,1,1,1,240,20,1,0,1,575,600.39,F,0.0,0.0,0.0,0.0,0.0,0.0,1.0
11,1,1,0,0,0,0,0,1,1,0,0,0,1,0,270,30,1,1,1,2942,586.49,F,0.0,0.0,0.0,1.0,0.0,0.0,0.0
11,1,1,0,0,0,0,0,1,1,0,0,0,1,1,225,30,1,1,1,1574,542.4,F,0.0,0.0,0.0,1.0,0.0,0.0,0.0
10,0,1,1,1,0,0,0,1,1,1,1,1,1,0,280,29,1,1,1,1046,553.12,F,0.0,0.0,0.0,0.0,0.0,0.0,1.0
10,1,1,1,0,1,1,0,1,1,0,0,0,1,0,290,20,1,1,1,3261,548.75,F,0.0,0.0,0.0,1.0,0.0,0.0,0.0
10,1,1,1,1,1,1,1,1,1,1,1,1,1,1,250,25,1,1,0,1064,712.1,M,0.0,0.0,0.0,0.0,0.0,0.0,1.0
11,0,1,1,0,1,1,0,0,1,1,1,1,1,0,225,30,1,1,1,1988,471.03,M,0.0,0.0,0.0,0.0,0.0,0.0,1.0
10,1,1,1,0,0,1,0,1,1,0,0,1,1,1,630,28,1,1,0,899,448.58,F,0.0,1.0,0.0,0.0,0.0,0.0,0.0
11,1,1,1,0,1,1,0,1,1,0,0,0,1,0,350,30,1,1,0,712,465.5,M,0.0,0.0,0.0,1.0,0.0,0.0,0.0
10,1,1,1,1,1,1,1,0,1,1,1,1,1,0,300,32,1,1,0,2340,660.37,F,0.0,0.0,0.0,0.0,0.0,0.0,1.0
10,1,1,1,1,1,1,0,0,1,1,1,1,1,0,225,30,1,1,0,1680,536.93,M,0.0,0.0,0.0,0.0,0.0,0.0,1.0
10,1,1,1,0,1,1,0,1,0,0,0,1,1,0,275,20,1,1,0,1526,535.96,F,0.0,0.0,0.0,0.0,0.0,0.0,1.0
10,1,1,1,0,1,1,0,1,1,1,1,1,1,0,300,25,1,1,1,1998,572.98,F,0.0,0.0,0.0,1.0,0.0,0.0,0.0
10,0,1,1,0,1,1,1,1,1,1,1,1,1,1,225,24,1,1,0,276,548.36,F,0.0,0.0,0.0,0.0,0.0,0.0,1.0
10,1,1,1,0,1,1,0,1,1,1,1,1,1,0,290,30,1,1,1,1046,425.62,F,0.0,0.0,0.0,0.0,0.0,0.0,1.0
9,0,1,1,0,0,1,0,0,0,0,0,0,1,0,275,27,1,1,1,2149,425.14,F,0.0,0.0,0.0,1.0,0.0,0.0,0.0
10,1,1,1,1,1,1,1,1,1,1,1,1,1,1,475,20,1,1,0,930,581.32,F,0.0,0.0,0.0,0.0,0.0,0.0,1.0
10,1,1,1,1,1,1,1,1,1,1,1,1,1,0,225,14,0,0,1,366,592.57,M,0.0,0.0,0.0,0.0,0.0,0.0,1.0
10,0,1,1,1,1,1,1,1,1,1,1,1,1,0,172,17,1,1,0,509,592.33,M,0.0,0.0,0.0,0.0,0.0,0.0,1.0
10,1,0,1,0,0,0,0,0,1,1,1,1,1,0,225,24,1,1,0,2748,436.66,F,0.0,0.0,0.0,0.0,0.0,0.0,1.0
11,1,1,1,0,0,1,0,1,1,1,1,1,1,1,500,35,1,1,1,2255,532.39,F,0.0,0.0,0.0,0.0,0.0,0.0,1.0
10,1,1,1,0,0,1,0,1,1,1,1,1,1,0,275,30,1,1,0,1848,530.08,F,0.0,0.0,0.0,0.0,0.0,0.0,1.0
10,1,0,1,0,0,1,0,1,1,1,1,1,1,0,200,28,1,1,0,846,475.27,F,0.0,0.0,0.0,0.0,0.0,0.0,1.0
10,0,1,1,1,1,1,1,1,1,1,1,1,1,1,225,20,1,1,0,347,550.5,F,0.0,0.0,0.0,0.0,0.0,0.0,1.0
11,0,1,1,0,1,1,0,1,1,1,1,1,1,0,315,50,1,1,0,347,537.0,F,0.0,0.0,0.0,0.0,0.0,0.0,1.0
11,1,1,1,0,0,1,0,1,1,1,1,1,1,0,300,35,1,1,1,3138,499.34,F,0.0,0.0,0.0,0.0,0.0,0.0,1.0
9,1,0,1,1,1,0,0,0,1,1,1,1,1,0,160,21,1,0,1,1212,486.83,M,0.0,0.0,1.0,0.0,0.0,0.0,0.0
10,1,1,1,1,1,1,1,1,1,1,1,1,1,0,250,30,1,1,0,926,607.0,M,0.0,0.0,0.0,0.0,0.0,0.0,1.0
10,1,1,1,0,1,1,1,1,1,1,1,1,1,0,275,40,1,1,0,1692,542.22,M,0.0,0.0,0.0,0.0,0.0,0.0,1.0
10,1,1,1,0,1,1,1,0,1,1,1,1,1,0,225,20,0,0,1,366,507.52,F,0.0,0.0,0.0,0.0,0.0,0.0,1.0
11,0,1,1,1,0,1,0,1,1,1,1,1,1,1,250,20,1,1,1,2004,582.51,F,0.0,0.0,0.0,0.0,0.0,0.0,1.0
10,1,1,1,0,0,1,0,1,1,1,1,1,1,0,280,20,1,1,0,227,623.43,F,0.0,0.0,0.0,0.0,0.0,0.0,1.0
10,0,0,1,0,0,1,0,1,1,1,1,1,0,0,30,16,1,1,0,300,396.64,M,0.0,0.0,0.0,1.0,0.0,0.0,0.0
9,1,1,1,1,1,1,0,1,1,1,1,1,1,0,245,32,1,1,0,149,476.8,M,0.0,0.0,0.0,0.0,0.0,0.0,1.0
11,1,1,1,1,1,0,0,1,1,0,0,1,1,1,195,30,1,1,0,996,441.53,M,0.0,0.0,0.0,1.0,0.0,0.0,0.0
11,1,1,1,0,1,1,0,1,1,0,0,1,1,1,45,20,1,1,1,673,529.29,F,0.0,0.0,1.0,0.0,0.0,0.0,0.0
10,1,1,1,1,0,1,1,1,1,1,1,1,1,1,245,25,1,1,0,3009,571.0,M,0.0,0.0,0.0,0.0,0.0,0.0,1.0
10,1,1,1,0,1,1,0,1,1,1,1,1,1,0,270,22,1,1,1,1411,510.07,M,0.0,0.0,1.0,0.0,0.0,0.0,0.0
10,0,1,1,1,0,1,0,1,1,0,0,1,1,1,261,30,1,1,1,2966,574.65,F,0.0,1.0,0.0,0.0,0.0,0.0,0.0
10,0,0,0,0,1,0,0,0,1,1,1,1,1,0,400,25,1,1,1,1062,471.91,M,0.0,0.0,0.0,0.0,0.0,0.0,1.0
10,1,1,1,0,1,1,0,1,1,1,1,1,1,0,160,20,1,1,1,1900,610.04,M,0.0,0.0,0.0,0.0,0.0,0.0,1.0
11,0,1,1,0,0,1,0,0,1,1,1,1,1,0,300,26,1,1,0,1913,475.36,M,0.0,0.0,0.0,0.0,1.0,0.0,0.0
10,1,1,1,1,1,1,1,1,1,1,1,1,1,1,250,13,1,0,1,915,667.2,M,0.0,0.0,0.0,0.0,0.0,0.0,1.0
10,1,1,1,1,1,1,1,1,1,1,1,1,1,0,360,25,1,1,0,2361,580.22,M,0.0,0.0,0.0,0.0,0.0,0.0,1.0
10,0,0,1,0,1,1,0,1,1,0,0,1,1,0,265,20,1,1,0,2878,449.07,M,0.0,0.0,0.0,1.0,0.0,0.0,0.0
10,1,1,1,0,0,1,0,1,0,0,0,1,1,0,80,20,1,1,1,3000,526.43,M,0.0,0.0,0.0,0.0,0.0,1.0,0.0
10,1,1,1,0,1,1,0,1,1,1,1,1,0,0,250,25,1,1,0,507,649.97,M,0.0,0.0,0.0,0.0,0.0,0.0,1.0
10,1,1,1,1,0,1,1,1,1,1,1,1,1,0,270,30,1,1,1,2085,617.39,F,0.0,0.0,0.0,0.0,1.0,0.0,0.0
10,1,1,1,1,1,1,1,1,1,1,1,1,1,1,275,22,1,1,0,362,683.72,F,0.0,0.0,0.0,0.0,0.0,0.0,1.0
10,1,1,1,1,0,1,0,1,0,0,0,1,1,0,300,20,1,1,1,2162,514.99,F,0.0,0.0,0.0,1.0,0.0,0.0,0.0
10,1,1,1,0,1,1,0,1,1,0,1,1,1,0,300,27,1,1,0,2000,444.85,F,0.0,0.0,0.0,0.0,0.0,0.0,1.0
10,0,1,1,0,1,1,0,0,1,1,1,1,0,0,250,22,1,1,1,1276,532.23,F,0.0,0.0,0.0,0.0,0.0,0.0,1.0
10,1,0,1,0,1,1,0,1,1,1,1,1,1,0,270,35,1,1,1,2966,560.67,F,0.0,0.0,0.0,0.0,0.0,0.0,1.0
10,1,1,1,1,1,1,0,1,1,0,1,1,1,0,275,20,1,1,0,929,582.22,M,0.0,0.0,0.0,0.0,0.0,0.0,1.0
10,1,1,1,0,1,1,0,1,1,1,1,1,1,1,180,20,1,1,0,887,565.51,F,0.0,0.0,0.0,0.0,0.0,0.0,1.0
10,1,1,1,0,1,1,1,1,1,1,1,1,1,0,250,25,1,1,1,1392,482.26,M,0.0,0.0,1.0,0.0,0.0,0.0,0.0
10,0,0,1,1,0,1,1,1,0,0,0,0,1,0,225,25,1,1,1,3000,487.15,M,0.0,0.0,0.0,1.0,0.0,0.0,0.0
10,1,1,1,0,1,1,1,1,1,1,1,1,1,0,360,25,0,1,0,929,557.41,F,0.0,0.0,0.0,0.0,0.0,0.0,1.0
10,0,1,1,0,1,1,0,1,1,1,1,1,1,1,240,30,1,1,1,1202,501.82,M,0.0,0.0,0.0,0.0,0.0,0.0,1.0
10,1,1,1,0,1,1,0,1,1,1,1,1,0,0,450,24,1,1,0,1387,417.4,M,0.0,0.0,1.0,0.0,0.0,0.0,0.0
11,1,1,1,0,0,1,1,1,0,0,0,1,1,0,225,25,1,1,0,2878,563.21,F,0.0,0.0,0.0,0.0,0.0,0.0,1.0
10,1,1,1,0,0,1,0,0,1,1,1,1,1,1,275,28,1,1,1,2149,554.71,F,0.0,0.0,1.0,0.0,0.0,0.0,0.0
10,1,1,1,1,1,1,1,1,1,1,1,1,1,0,225,10,1,0,1,366,656.3,M,0.0,0.0,0.0,0.0,0.0,0.0,1.0
10,1,1,1,1,1,1,1,1,1,1,1,1,1,0,225,25,1,0,0,1064,613.73,M,0.0,0.0,0.0,0.0,0.0,0.0,1.0
11,1,1,1,1,1,1,1,1,1,1,1,1,1,0,250,25,1,1,0,868,423.81,M,0.0,0.0,0.0,0.0,0.0,0.0,1.0
10,1,1,1,0,1,1,1,1,1,1,1,1,1,1,230,23,1,1,0,1380,497.83,F,0.0,0.0,0.0,0.0,1.0,0.0,0.0
10,0,1,1,0,1,1,0,1,1,1,1,1,1,0,270,20,1,1,0,261,581.98,M,0.0,0.0,0.0,0.0,0.0,0.0,1.0
10,1,0,1,0,0,1,1,1,1,1,1,1,1,0,300,10,1,1,0,316,369.54,M,0.0,0.0,0.0,1.0,0.0,0.0,0.0
12,1,1,1,1,1,1,0,1,0,0,0,1,1,0,200,25,1,1,1,2203,562.26,F,0.0,0.0,1.0,0.0,0.0,0.0,0.0
10,1,1,1,1,1,1,1,1,1,1,1,1,1,1,250,20,1,1,1,1276,497.81,M,0.0,0.0,1.0,0.0,0.0,0.0,0.0
10,1,1,1,0,1,1,0,1,1,1,1,1,1,1,270,25,1,1,0,1812,471.51,M,0.0,0.0,0.0,0.0,0.0,0.0,1.0
10,0,1,0,0,1,0,0,1,1,0,0,0,1,0,450,30,1,1,0,1327,357.68,M,0.0,0.0,0.0,1.0,0.0,0.0,0.0
11,1,1,1,1,1,1,1,1,1,1,1,1,1,1,300,25,1,1,0,1913,547.08,F,0.0,0.0,0.0,0.0,0.0,0.0,1.0
11,0,1,1,1,1,1,1,0,1,0,0,1,1,1,180,20,1,0,1,570,587.92,F,0.0,0.0,0.0,0.0,1.0,0.0,0.0
10,1,1,1,1,1,0,0,1,1,1,1,1,1,1,39,20,1,1,1,2640,557.37,M,0.0,0.0,0.0,1.0,0.0,0.0,0.0
10,0,1,1,1,1,0,0,1,1,1,0,1,1,1,225,36,1,1,1,3164,471.27,M,0.0,0.0,0.0,1.0,0.0,0.0,0.0
10,1,1,1,0,0,1,0,1,1,1,1,1,1,0,200,25,1,1,0,996,573.65,M,0.0,0.0,0.0,1.0,0.0,0.0,0.0
11,1,1,0,0,0,0,0,1,1,0,0,0,1,1,360,30,1,1,1,2886,655.02,M,0.0,0.0,0.0,1.0,0.0,0.0,0.0
11,1,0,1,1,1,1,0,1,1,1,1,1,1,0,300,22,1,1,0,421,432.87,M,0.0,0.0,0.0,0.0,0.0,0.0,1.0
10,1,1,1,0,1,1,0,1,1,1,1,1,1,0,55,35,1,1,1,1988,420.85,M,0.0,0.0,0.0,0.0,0.0,0.0,1.0
10,1,1,1,0,1,1,0,1,1,1,1,1,1,1,300,31,0,1,0,2340,629.38,F,0.0,0.0,0.0,0.0,0.0,0.0,1.0
10,1,0,1,0,0,1,0,0,1,1,1,1,1,0,450,27,1,1,0,987,521.82,F,0.0,0.0,0.0,0.0,0.0,0.0,1.0
10,1,0,0,0,1,1,0,1,1,1,1,1,1,0,360,5,1,1,0,389,411.47,M,0.0,0.0,0.0,1.0,0.0,0.0,0.0
11,0,1,1,0,1,1,0,1,1,0,0,1,1,0,200,30,1,1,1,3164,449.87,M,0.0,0.0,0.0,1.0,0.0,0.0,0.0
10,1,1,1,0,1,1,0,1,1,1,1,1,1,0,275,27,1,1,1,1392,472.73,F,0.0,0.0,1.0,0.0,0.0,0.0,0.0
10,1,1,1,1,1,1,1,1,1,1,1,1,1,0,220,22,1,1,0,846,483.22,M,0.0,0.0,0.0,0.0,0.0,0.0,1.0
10,1,1,1,1,1,1,1,1,1,1,1,1,1,0,210,25,1,1,0,632,740.47,M,0.0,0.0,0.0,0.0,0.0,0.0,1.0
10,1,1,1,1,1,1,1,1,1,1,1,1,1,1,176,20,1,1,1,1900,594.33,M,0.0,0.0,0.0,0.0,0.0,0.0,1.0
11,1,1,1,1,1,1,1,1,1,0,1,1,1,0,240,30,1,0,1,575,558.21,F,0.0,0.0,0.0,0.0,0.0,0.0,1.0
11,1,1,1,1,1,1,0,1,1,1,1,1,1,0,350,25,1,0,1,308,507.27,M,0.0,0.0,0.0,0.0,0.0,0.0,1.0
10,1,1,1,0,1,1,0,1,1,0,0,1,1,0,200,20,1,0,1,398,433.92,M,0.0,0.0,0.0,1.0,0.0,0.0,0.0
10,0,1,1,0,1,1,0,1,1,1,1,1,1,0,240,15,1,1,0,1380,499.65,M,0.0,0.0,0.0,0.0,0.0,0.0,1.0
10,0,1,1,0,0,1,0,1,1,1,1,1,1,1,275,20,0,1,1,502,559.8,F,0.0,0.0,0.0,0.0,0.0,0.0,1.0
10,1,0,1,1,1,1,0,1,1,1,1,1,1,0,300,38,1,1,1,3138,548.36,F,0.0,0.0,0.0,0.0,0.0,0.0,1.0
11,0,1,1,0,0,1,0,0,1,1,1,1,1,0,230,25,1,1,0,1380,503.63,F,0.0,0.0,0.0,0.0,0.0,0.0,1.0
10,1,1,1,1,1,1,1,1,1,1,1,1,1,0,160,13,1,1,1,1900,581.98,M,0.0,0.0,0.0,0.0,0.0,0.0,1.0
11,0,1,0,0,0,0,0,1,0,0,0,0,0,0,275,10,1,1,0,227,449.47,M,0.0,0.0,0.0,1.0,0.0,0.0,0.0
10,1,0,1,0,1,1,0,0,1,1,1,1,0,0,250,20,1,1,0,1375,372.51,M,0.0,0.0,0.0,1.0,0.0,0.0,0.0
8,0,1,1,0,1,1,0,1,1,1,1,1,1,0,250,15,1,1,0,421,408.86,F,0.0,0.0,0.0,0.0,0.0,0.0,1.0
10,0,0,0,0,1,0,0,0,1,0,0,0,0,1,630,28,1,1,1,1720,581.8,F,0.0,0.0,0.0,1.0,0.0,0.0,0.0
10,0,1,1,0,1,1,0,1,1,1,1,1,1,0,225,27,1,1,0,632,589.59,F,0.0,0.0,0.0,0.0,0.0,0.0,1.0
10,1,1,1,1,1,1,1,1,1,1,1,1,1,0,300,30,1,1,0,1327,452.03,M,0.0,0.0,0.0,0.0,0.0,0.0,1.0
11,1,1,0,0,1,0,0,0,1,0,0,0,1,0,290,22,1,1,0,1347,510.46,F,0.0,0.0,0.0,1.0,0.0,0.0,0.0
11,0,1,1,1,1,1,1,1,1,1,1,1,1,0,40,15,1,1,0,632,658.78,M,0.0,0.0,0.0,0.0,0.0,0.0,1.0
10,1,1,1,1,1,1,1,1,1,0,0,1,1,1,500,26,1,0,1,308,633.2,F,0.0,0.0,0.0,1.0,0.0,0.0,0.0
10,0,1,1,0,0,1,1,1,1,1,1,1,1,0,235,25,1,1,0,1828,541.34,M,0.0,0.0,0.0,0.0,0.0,0.0,1.0
10,0,1,1,0,0,1,0,1,1,1,1,1,1,0,332,12,1,1,0,1317,429.99,M,0.0,0.0,0.0,0.0,0.0,0.0,1.0
10,1,1,1,0,1,1,0,1,1,1,1,1,1,0,300,35,1,1,0,1900,526.35,F,0.0,0.0,0.0,1.0,0.0,0.0,0.0
10,1,1,1,1,1,1,0,1,1,1,0,1,1,1,360,20,1,1,0,987,611.03,F,0.0,0.0,0.0,0.0,0.0,0.0,1.0
10,1,1,1,1,1,1,1,1,1,0,0,1,1,0,250,20,1,1,0,1526,649.56,F,0.0,0.0,0.0,0.0,0.0,0.0,1.0
11,1,1,1,0,1,1,0,1,1,0,0,0,1,1,245,30,1,1,1,1095,512.37,F,0.0,1.0,0.0,0.0,0.0,0.0,0.0
10,1,1,0,0,1,1,0,1,1,1,1,1,1,1,385,35,1,1,0,507,428.0,F,0.0,0.0,0.0,0.0,0.0,0.0,1.0
10,1,1,1,0,1,0,0,0,1,1,1,1,1,0,245,38,1,1,1,1095,608.02,F,0.0,0.0,0.0,0.0,0.0,0.0,1.0
10,1,1,1,1,0,1,1,1,1,1,1,1,1,0,300,33,1,1,1,3138,613.25,M,0.0,0.0,0.0,0.0,0.0,0.0,1.0
10,1,1,1,1,1,1,1,1,1,1,1,1,1,0,300,30,1,1,0,898,506.57,F,0.0,0.0,0.0,0.0,0.0,0.0,1.0
10,1,1,1,0,1,1,0,1,1,0,1,1,1,1,264,30,1,1,0,1680,635.5,F,0.0,0.0,0.0,0.0,1.0,0.0,0.0
10,1,1,1,0,1,1,0,1,1,1,1,1,1,0,180,18,1,1,0,1380,496.48,F,0.0,0.0,1.0,0.0,0.0,0.0,0.0
10,1,1,1,1,1,1,1,1,1,1,1,1,1,0,225,25,1,1,0,1848,528.19,M,0.0,0.0,0.0,0.0,1.0,0.0,0.0
11,1,1,1,1,1,1,1,1,1,1,1,1,1,0,200,60,1,0,1,1212,617.82,M,0.0,0.0,0.0,0.0,0.0,0.0,1.0
10,1,1,1,0,1,1,1,1,1,1,1,1,1,0,250,18,1,1,0,850,659.1,F,0.0,0.0,0.0,0.0,0.0,0.0,1.0
10,1,1,1,0,1,1,1,1,1,1,1,1,1,0,250,35,1,1,1,2080,482.82,M,0.0,0.0,0.0,0.0,0.0,0.0,1.0
10,1,1,1,1,1,1,0,1,1,1,1,1,1,0,225,25,1,1,0,632,634.41,M,0.0,0.0,0.0,0.0,0.0,0.0,1.0
10,0,1,1,0,1,1,0,1,1,1,1,1,1,1,280,38,1,1,1,2085,655.1,M,0.0,0.0,0.0,1.0,0.0,0.0,0.0
11,0,0,1,1,1,1,0,1,1,1,1,1,1,1,270,74,1,1,0,2402,555.51,F,0.0,0.0,0.0,1.0,0.0,0.0,0.0
11,0,1,1,0,1,0,0,1,1,1,0,1,0,0,60,30,1,1,1,3164,363.37,M,0.0,0.0,0.0,1.0,0.0,0.0,0.0
9,1,0,0,0,0,1,0,1,1,1,1,1,0,0,1200,25,1,1,0,361,368.02,M,0.0,0.0,0.0,0.0,0.0,0.0,1.0
10,1,1,1,0,1,1,0,1,1,1,1,1,1,1,200,25,1,0,1,1212,680.43,M,0.0,0.0,0.0,0.0,0.0,0.0,1.0
11,1,1,1,1,1,1,1,0,1,1,1,1,1,1,450,24,1,1,1,1720,607.54,F,0.0,0.0,0.0,0.0,0.0,0.0,1.0
11,1,1,1,0,1,1,0,1,1,0,0,0,1,0,275,30,1,1,0,754,451.87,M,0.0,0.0,0.0,1.0,0.0,0.0,0.0
10,1,1,1,1,1,1,1,1,1,1,1,1,1,0,270,30,1,1,1,2999,486.39,F,0.0,0.0,1.0,0.0,0.0,0.0,0.0
10,1,0,0,0,0,0,0,1,1,0,0,0,1,0,360,30,1,1,1,1763,547.51,M,0.0,0.0,0.0,1.0,0.0,0.0,0.0
9,1,1,1,0,1,1,0,1,1,1,1,1,1,0,180,45,1,1,0,276,409.3,M,0.0,0.0,0.0,0.0,0.0,0.0,1.0
10,1,1,1,1,1,1,1,1,1,1,1,1,1,1,55,26,1,1,0,1375,586.23,M,0.0,0.0,0.0,0.0,0.0,0.0,1.0
10,1,1,1,0,1,1,0,1,1,0,0,1,1,0,210,20,1,0,1,570,448.82,F,0.0,0.0,0.0,1.0,0.0,0.0,0.0
10,1,1,1,0,1,1,0,1,1,0,1,1,1,0,225,20,1,0,1,356,526.35,M,0.0,1.0,0.0,0.0,0.0,0.0,0.0
10,1,1,1,1,0,1,0,1,1,0,1,1,1,1,275,27,1,1,0,854,551.53,F,0.0,0.0,0.0,0.0,0.0,0.0,1.0
10,0,1,1,0,1,1,1,1,0,0,0,0,1,0,60,40,1,1,1,2149,453.96,M,0.0,0.0,1.0,0.0,0.0,0.0,0.0
11,0,1,1,0,1,1,1,1,1,1,1,1,1,0,225,25,1,1,0,979,541.26,M,0.0,0.0,0.0,0.0,0.0,0.0,1.0
10,1,1,1,0,1,1,0,1,1,1,1,1,1,0,225,18,0,0,1,366,524.02,M,0.0,0.0,0.0,0.0,0.0,0.0,1.0
9,1,0,1,0,0,1,0,0,1,1,1,1,1,0,300,30,1,1,0,754,350.06,M,0.0,0.0,0.0,0.0,0.0,1.0,0.0
10,1,1,1,1,1,1,1,1,1,1,1,1,1,0,300,25,1,1,0,2000,472.24,M,0.0,0.0,0.0,0.0,0.0,0.0,1.0
11,1,1,1,0,1,1,0,1,1,1,1,1,1,0,250,30,1,1,0,505,474.4,M,0.0,0.0,0.0,1.0,0.0,0.0,0.0
10,1,0,0,0,0,0,0,1,1,1,1,1,1,0,275,25,1,1,0,1327,473.28,F,0.0,0.0,0.0,0.0,0.0,0.0,1.0
10,0,1,1,0,1,1,0,1,1,0,0,0,1,1,275,12,1,0,1,915,557.69,M,0.0,0.0,0.0,0.0,0.0,0.0,1.0
10,1,1,1,0,1,1,0,1,1,1,1,1,1,0,235,15,1,1,0,1828,445.32,F,0.0,0.0,0.0,0.0,0.0,0.0,1.0
11,1,0,0,0,0,1,0,1,1,1,1,1,0,1,225,30,1,1,1,989,546.87,M,0.0,0.0,0.0,1.0,0.0,0.0,0.0
11,1,1,1,1,1,1,1,1,1,1,1,1,1,1,275,18,1,1,0,2000,662.15,M,0.0,0.0,0.0,0.0,0.0,0.0,1.0
10,1,0,1,0,0,1,0,1,1,0,0,0,1,0,300,30,1,1,1,3261,644.84,M,0.0,0.0,0.0,1.0,0.0,0.0,0.0
10,1,1,0,0,1,1,0,1,1,1,1,1,1,0,1100,25,1,1,0,1064,523.14,M,0.0,0.0,0.0,0.0,0.0,0.0,1.0
10,1,1,1,1,0,1,1,1,1,1,1,1,1,0,250,15,1,0,1,915,571.08,F,0.0,0.0,0.0,0.0,0.0,0.0,1.0
10,1,1,1,1,1,1,1,1,1,1,1,1,1,0,225,23,1,0,1,356,684.04,M,0.0,0.0,0.0,0.0,0.0,0.0,1.0
9,1,1,1,1,1,1,0,1,1,1,1,1,1,0,270,30,1,1,1,1378,333.95,F,0.0,0.0,0.0,0.0,0.0,0.0,1.0
11,1,1,1,0,1,0,0,1,1,1,1,1,1,0,225,27,1,1,1,991,517.29,M,0.0,0.0,0.0,1.0,0.0,0.0,0.0
10,0,1,1,1,1,1,1,1,1,1,1,1,1,0,270,25,1,1,0,1489,587.04,F,0.0,0.0,0.0,0.0,0.0,0.0,1.0
10,1,1,1,1,1,1,1,1,0,1,0,1,1,1,270,20,1,1,0,979,686.12,M,0.0,0.0,0.0,0.0,0.0,0.0,1.0
10,1,0,1,1,1,1,1,1,0,0,0,0,1,0,235,30,1,1,0,1828,487.82,F,0.0,0.0,0.0,0.0,0.0,0.0,1.0
10,1,1,1,0,1,1,0,1,1,1,1,1,1,0,225,30,1,1,0,2748,556.17,M,0.0,0.0,0.0,0.0,0.0,0.0,1.0
10,1,1,1,1,0,1,1,1,1,1,1,1,1,1,250,33,1,1,0,1692,704.06,F,0.0,0.0,0.0,0.0,0.0,0.0,1.0
10,1,1,1,1,0,1,0,1,1,1,1,1,1,0,250,30,1,0,0,1064,515.61,M,0.0,0.0,0.0,0.0,0.0,0.0,1.0
10,1,1,1,0,1,1,0,1,1,1,1,1,1,0,270,30,1,1,0,1900,599.83,F,0.0,0.0,0.0,1.0,0.0,0.0,0.0
10,1,1,1,0,1,1,1,1,1,1,1,1,1,1,200,17,1,0,1,356,502.12,F,0.0,0.0,0.0,0.0,0.0,0.0,1.0
10,1,1,1,0,1,1,0,1,1,0,1,1,1,0,210,20,1,1,1,991,545.11,M,0.0,0.0,0.0,0.0,0.0,0.0,1.0
10,1,0,1,0,0,1,1,1,1,1,1,1,1,0,240,15,1,1,0,1380,481.61,M,0.0,0.0,0.0,0.0,0.0,0.0,1.0
10,0,1,1,0,1,1,0,0,1,1,1,1,1,1,280,15,0,1,1,502,514.51,F,0.0,0.0,0.0,0.0,0.0,0.0,1.0
11,1,1,1,0,1,1,0,1,1,1,1,1,1,0,258,30,1,1,0,1812,586.01,F,0.0,0.0,0.0,0.0,0.0,0.0,1.0
10,1,1,1,1,1,1,1,1,1,1,1,1,1,0,275,21,1,1,0,1526,510.22,F,0.0,0.0,0.0,0.0,0.0,0.0,1.0
11,1,1,1,0,1,1,0,1,1,0,0,1,1,0,255,21,1,0,1,570,554.39,F,0.0,1.0,0.0,0.0,0.0,0.0,0.0
11,1,1,1,1,0,1,1,1,1,1,1,1,1,1,240,15,1,1,1,1900,722.41,F,0.0,0.0,0.0,0.0,0.0,0.0,1.0
11,1,1,1,0,1,1,0,1,1,1,0,1,1,1,250,25,1,1,1,1723,621.12,F,0.0,0.0,0.0,0.0,0.0,0.0,1.0
10,1,1,1,1,1,1,1,1,1,1,1,1,1,1,200,25,1,1,0,1680,461.53,F,0.0,0.0,0.0,0.0,0.0,0.0,1.0
10,1,1,1,0,0,1,0,0,1,1,1,1,1,1,200,20,1,1,0,434,652.21,M,0.0,0.0,0.0,0.0,0.0,0.0,1.0
10,1,1,0,0,1,1,0,0,0,0,0,0,1,0,225,25,1,1,0,1327,511.02,F,0.0,0.0,1.0,0.0,0.0,0.0,0.0
10,0,1,1,0,1,1,0,1,1,1,0,1,1,1,225,17,1,1,0,1327,606.59,F,0.0,0.0,0.0,1.0,0.0,0.0,0.0
10,1,0,1,1,1,1,1,1,1,1,1,1,1,0,175,30,1,1,0,1913,581.18,M,0.0,0.0,0.0,0.0,0.0,0.0,1.0
11,1,1,1,0,0,1,0,1,1,1,1,1,1,0,235,20,0,1,1,991,598.96,F,0.0,0.0,1.0,0.0,0.0,0.0,0.0
10,1,1,1,0,1,0,0,1,1,1,1,1,0,1,225,40,1,1,0,149,563.13,F,0.0,0.0,0.0,0.0,0.0,0.0,1.0
10,1,1,1,1,1,1,1,1,1,1,1,1,1,0,250,30,0,0,1,308,622.31,M,0.0,0.0,0.0,0.0,0.0,0.0,1.0
10,1,1,1,0,1,1,0,1,1,1,1,1,1,0,225,25,1,1,0,1610,630.66,F,0.0,0.0,0.0,0.0,0.0,0.0,1.0
9,0,0,1,0,1,1,0,1,1,1,1,1,1,0,225,12,1,1,0,347,443.97,F,0.0,0.0,0.0,0.0,0.0,0.0,1.0
11,0,1,1,0,1,1,0,0,1,0,0,0,1,0,275,33,1,1,1,3164,468.79,M,0.0,0.0,0.0,0.0,0.0,0.0,1.0
10,1,1,1,1,1,1,0,1,1,1,1,1,1,1,450,21,1,1,0,987,554.23,F,0.0,0.0,0.0,0.0,0.0,0.0,1.0
11,0,1,1,1,1,1,1,1,1,1,1,1,1,1,264,35,1,1,0,2402,497.12,F,0.0,0.0,0.0,0.0,0.0,0.0,1.0
10,1,1,1,1,1,1,1,1,1,1,1,1,1,0,300,25,1,1,1,2144,535.96,F,0.0,0.0,0.0,0.0,0.0,0.0,1.0
10,1,1,1,0,1,1,0,1,1,1,1,1,0,0,300,24,1,1,0,434,493.72,M,0.0,0.0,0.0,0.0,0.0,0.0,1.0
11,1,1,0,0,1,1,0,1,1,0,0,1,1,0,225,30,1,1,0,754,465.58,M,0.0,0.0,0.0,1.0,0.0,0.0,0.0
10,1,1,1,1,1,1,1,1,1,1,1,1,1,1,300,25,1,1,0,347,698.42,F,0.0,0.0,0.0,0.0,0.0,0.0,1.0
10,1,0,1,0,1,1,0,1,1,1,1,1,1,0,75,30,1,1,0,930,439.76,F,0.0,0.0,0.0,0.0,0.0,0.0,1.0
11,1,1,1,0,1,0,0,1,1,1,0,1,1,1,45,17,1,1,1,2640,547.32,F,0.0,0.0,1.0,0.0,0.0,0.0,0.0
10,1,1,1,1,0,1,1,1,1,1,1,1,1,1,225,27,1,0,1,308,405.92,F,0.0,0.0,1.0,0.0,0.0,0.0,0.0
10,1,1,1,1,1,1,1,1,1,1,1,1,1,0,250,12,1,0,1,915,704.96,M,0.0,0.0,0.0,0.0,0.0,0.0,1.0
10,1,1,1,1,1,1,0,1,1,1,1,1,1,0,360,30,1,1,0,1295,649.32,F,0.0,0.0,0.0,0.0,0.0,0.0,1.0
10,0,1,1,0,1,1,0,1,1,1,1,1,1,0,200,16,1,1,0,509,568.06,F,0.0,0.0,0.0,0.0,0.0,0.0,1.0
10,1,1,1,1,1,1,0,1,1,1,1,1,1,0,300,30,1,1,0,1295,492.51,F,0.0,0.0,0.0,0.0,0.0,0.0,1.0
10,1,1,1,0,1,1,0,1,1,1,1,1,0,0,180,18,1,1,0,261,516.18,F,0.0,0.0,1.0,0.0,0.0,0.0,0.0
11,1,1,1,1,1,1,0,1,0,1,0,1,1,1,225,14,1,1,0,1848,682.21,F,0.0,0.0,0.0,0.0,0.0,0.0,1.0
10,0,1,1,0,0,0,0,1,1,1,1,1,1,0,250,20,1,1,0,400,483.62,M,0.0,0.0,0.0,1.0,0.0,0.0,0.0
10,1,1,1,1,0,1,0,1,1,1,1,1,1,1,260,16,1,1,0,3004,658.38,F,0.0,0.0,0.0,0.0,0.0,0.0,1.0
10,1,1,1,1,1,1,1,0,1,1,1,1,1,1,180,20,1,1,0,887,648.76,M,0.0,0.0,0.0,0.0,0.0,0.0,1.0
10,1,1,1,1,1,1,1,1,1,0,0,1,1,0,240,30,1,0,1,570,564.83,M,0.0,1.0,0.0,0.0,0.0,0.0,0.0
9,0,1,1,0,1,1,0,1,1,1,1,1,1,0,300,18,1,1,0,434,622.71,F,0.0,0.0,0.0,0.0,0.0,0.0,1.0
11,1,1,1,1,1,1,1,1,1,1,1,1,1,0,210,18,1,1,0,996,551.85,F,0.0,0.0,0.0,0.0,0.0,0.0,1.0
10,1,1,1,1,1,1,1,1,1,1,1,1,1,1,200,25,1,1,0,1680,531.99,F,0.0,0.0,0.0,0.0,0.0,0.0,1.0
11,1,1,0,0,1,1,0,1,1,1,1,1,1,1,330,35,1,1,1,2942,538.03,F,0.0,0.0,0.0,1.0,0.0,0.0,0.0
10,1,1,1,1,1,1,0,1,1,1,1,1,1,0,275,15,1,1,0,400,453.88,M,0.0,0.0,0.0,0.0,1.0,0.0,0.0
10,1,1,1,1,1,0,0,0,0,0,0,0,1,0,232,15,1,1,0,2710,495.13,F,0.0,0.0,0.0,1.0,0.0,0.0,0.0
10,1,1,1,1,1,1,1,1,1,1,1,1,1,0,250,25,1,1,0,1064,514.64,M,0.0,0.0,0.0,0.0,0.0,0.0,1.0
10,0,0,1,0,0,1,0,1,1,1,1,1,1,0,225,26,1,1,0,358,443.29,M,0.0,0.0,0.0,0.0,0.0,0.0,1.0
9,1,1,1,0,1,1,0,1,1,1,1,1,1,0,225,16,1,1,0,276,397.68,M,0.0,0.0,0.0,0.0,0.0,0.0,1.0
10,1,0,1,0,1,0,0,1,1,1,1,1,1,0,250,35,1,1,1,2004,486.0,F,0.0,0.0,0.0,0.0,0.0,0.0,1.0
11,1,1,1,1,1,1,1,1,1,1,1,1,1,0,225,20,1,0,1,356,549.6,M,0.0,0.0,0.0,0.0,0.0,0.0,1.0
10,1,1,1,1,1,1,1,1,1,1,1,1,1,0,270,24,1,1,0,1471,505.93,F,0.0,0.0,0.0,0.0,0.0,0.0,1.0
10,1,1,1,0,1,0,0,0,1,0,0,0,1,0,280,20,1,1,0,227,539.38,F,0.0,0.0,0.0,1.0,0.0,0.0,0.0
10,1,1,1,0,1,1,0,1,1,1,1,1,1,0,250,7,1,1,0,1233,490.35,M,0.0,0.0,0.0,0.0,0.0,0.0,1.0
10,0,1,1,1,1,1,1,1,1,1,1,1,1,0,350,23,1,1,0,1295,577.74,M,0.0,0.0,0.0,0.0,0.0,0.0,1.0
10,1,1,1,0,1,1,1,1,1,1,1,1,1,0,250,25,1,1,0,1380,553.77,M,0.0,0.0,0.0,0.0,0.0,0.0,1.0
11,1,0,1,0,0,1,0,1,1,1,1,1,1,0,450,20,1,1,0,987,482.42,M,0.0,0.0,0.0,0.0,0.0,0.0,1.0
10,1,0,1,1,1,1,1,1,1,1,1,1,1,0,245,29,1,1,0,366,475.6,M,0.0,0.0,1.0,0.0,0.0,0.0,0.0
10,1,1,1,0,1,1,0,1,1,1,1,1,1,0,225,31,1,1,1,2162,331.54,M,0.0,0.0,1.0,0.0,0.0,0.0,0.0
10,1,1,1,1,1,1,1,1,1,1,0,1,1,0,300,33,1,1,1,2255,514.88,M,0.0,0.0,1.0,0.0,0.0,0.0,0.0
10,1,1,1,1,1,1,1,1,1,1,1,1,1,0,160,20,1,0,1,1212,549.92,M,0.0,0.0,0.0,0.0,0.0,0.0,1.0
10,1,1,1,0,1,1,0,1,1,1,1,1,1,0,225,20,1,1,0,2748,456.6,M,0.0,0.0,0.0,0.0,0.0,0.0,1.0
10,1,1,1,1,1,0,0,1,1,1,0,1,1,0,400,20,1,1,0,2041,563.39,M,0.0,0.0,1.0,0.0,0.0,0.0,0.0
11,1,1,1,1,0,1,1,1,0,0,0,0,1,1,275,25,1,1,0,2000,732.42,F,0.0,1.0,0.0,0.0,0.0,0.0,0.0
10,1,1,1,1,1,1,1,1,1,1,1,1,1,0,240,25,1,1,0,1380,497.12,F,0.0,0.0,0.0,0.0,0.0,0.0,1.0
10,1,1,1,0,0,1,1,1,1,0,0,1,1,0,300,30,1,1,0,347,435.04,M,0.0,1.0,0.0,0.0,0.0,0.0,0.0
10,1,1,1,0,0,1,0,1,1,1,1,1,1,0,240,9,1,1,0,149,559.87,F,0.0,0.0,0.0,0.0,0.0,0.0,1.0
10,1,1,1,1,1,1,1,1,1,1,1,1,1,0,200,25,1,0,1,356,585.69,F,0.0,0.0,0.0,0.0,0.0,0.0,1.0
11,0,1,0,0,1,1,0,1,1,1,1,1,1,0,800,25,1,1,0,808,493.62,F,0.0,0.0,0.0,0.0,0.0,0.0,1.0
11,1,1,1,0,1,1,0,1,1,1,1,1,1,1,275,30,1,1,1,2149,560.11,F,0.0,0.0,0.0,0.0,1.0,0.0,0.0
11,1,1,1,0,1,1,0,1,1,1,1,1,1,0,450,30,1,1,0,432,606.19,M,0.0,0.0,0.0,0.0,0.0,0.0,1.0
10,1,1,0,0,0,1,0,0,1,1,1,1,0,0,0,25,1,1,0,820,477.57,F,0.0,0.0,1.0,0.0,0.0,0.0,0.0
10,0,1,1,0,0,0,0,0,1,1,1,1,1,0,225,22,1,1,0,1250,398.64,M,0.0,0.0,0.0,0.0,0.0,0.0,1.0
11,1,1,1,0,1,1,0,1,1,1,1,1,0,1,270,30,1,1,1,1619,509.83,F,0.0,0.0,1.0,0.0,0.0,0.0,0.0
10,1,1,1,1,1,1,0,1,1,1,1,1,1,0,135,19,1,1,0,196,461.57,M,0.0,0.0,0.0,0.0,0.0,0.0,1.0
10,1,1,1,1,1,1,1,1,1,1,1,1,0,0,990,20,1,1,1,1202,351.74,F,0.0,0.0,1.0,0.0,0.0,0.0,0.0
11,1,1,1,0,1,1,0,1,1,1,1,1,1,1,225,25,1,1,0,850,622.47,F,0.0,0.0,0.0,0.0,0.0,0.0,1.0
10,1,1,1,0,0,1,1,1,1,1,1,1,1,1,300,19,1,1,0,362,508.72,F,0.0,0.0,0.0,0.0,0.0,0.0,1.0
9,1,1,0,0,1,0,0,1,1,0,0,1,1,0,425,30,1,1,0,2569,366.57,M,0.0,0.0,0.0,1.0,0.0,0.0,0.0
11,0,1,1,1,1,1,1,1,0,0,0,0,1,0,110,20,1,1,1,1723,392.41,F,0.0,0.0,0.0,1.0,0.0,0.0,0.0
11,1,1,1,0,1,1,0,0,1,1,1,1,1,1,140,32,1,1,0,1295,517.77,F,0.0,0.0,0.0,0.0,0.0,0.0,1.0
10,1,1,0,0,0,0,0,1,1,0,0,0,1,1,45,25,1,1,0,1900,444.69,F,0.0,0.0,0.0,1.0,0.0,0.0,0.0
10,0,1,1,1,1,1,0,1,0,0,0,0,1,1,1680,20,1,1,1,2646,452.07,F,0.0,0.0,0.0,1.0,0.0,0.0,0.0
9,0,0,1,0,1,1,0,0,1,1,1,1,0,0,300,30,1,1,1,3592,464.71,F,0.0,0.0,0.0,1.0,0.0,0.0,0.0
10,1,1,1,1,0,1,1,1,1,1,1,1,1,1,250,30,1,1,0,929,558.66,M,0.0,0.0,0.0,0.0,0.0,0.0,1.0
11,1,1,1,0,0,1,0,1,1,0,0,0,1,1,475,27,1,1,0,1079,542.79,F,0.0,0.0,0.0,1.0,0.0,0.0,0.0
10,0,1,1,0,1,1,0,1,1,1,1,1,0,0,270,15,1,1,0,261,416.09,F,0.0,0.0,0.0,0.0,0.0,0.0,1.0
10,1,1,1,0,0,1,0,0,1,1,1,1,1,1,300,30,1,1,1,1046,598.24,F,0.0,0.0,0.0,0.0,0.0,0.0,1.0
10,1,1,1,1,1,1,1,1,1,1,1,1,1,0,225,31,1,0,0,1064,520.26,M,0.0,0.0,0.0,0.0,0.0,0.0,1.0
11,0,1,0,0,0,1,0,0,1,0,0,0,1,0,225,32,1,1,1,1095,579.58,F,0.0,1.0,0.0,0.0,0.0,0.0,0.0
9,1,1,1,1,1,1,1,1,1,1,1,1,1,0,225,30,1,1,0,2878,328.09,M,0.0,0.0,0.0,0.0,1.0,0.0,0.0
9,0,1,1,0,0,1,0,1,0,0,0,0,1,0,180,30,1,1,1,989,407.94,M,0.0,1.0,0.0,0.0,0.0,0.0,0.0
10,1,1,1,0,0,1,0,0,1,0,0,0,1,0,275,39,1,1,1,3592,470.63,M,0.0,0.0,0.0,0.0,0.0,1.0,0.0
10,1,1,1,0,1,1,0,1,1,1,1,1,1,0,240,30,1,1,0,1812,518.89,M,0.0,0.0,0.0,0.0,0.0,0.0,1.0
10,1,1,1,0,1,1,0,1,1,1,1,1,1,1,270,14,1,1,0,196,641.62,F,0.0,0.0,0.0,0.0,0.0,0.0,1.0
10,1,1,1,1,1,1,1,1,1,1,1,1,1,1,250,20,1,1,0,276,661.16,F,0.0,0.0,0.0,0.0,0.0,0.0,1.0
9,1,0,1,1,0,1,1,1,1,1,1,1,1,1,235,30,1,1,0,2878,623.67,M,0.0,0.0,0.0,0.0,0.0,0.0,1.0
10,1,1,1,0,0,1,1,0,1,1,1,1,1,0,300,39,1,1,1,3164,473.28,F,0.0,0.0,0.0,0.0,0.0,0.0,1.0
10,0,0,1,0,1,1,1,1,1,0,1,1,1,0,275,28,1,1,0,1692,389.32,F,0.0,0.0,0.0,1.0,0.0,0.0,0.0
10,1,1,1,0,0,1,0,1,1,1,1,1,0,1,55,15,1,1,0,300,408.54,F,1.0,0.0,0.0,0.0,0.0,0.0,0.0
11,1,1,1,0,1,1,1,1,1,1,1,1,1,0,225,30,1,1,0,1610,502.6,F,0.0,0.0,0.0,0.0,0.0,0.0,1.0
9,1,1,1,0,0,1,0,1,1,1,1,1,1,0,300,34,1,1,1,3138,446.82,M,0.0,0.0,0.0,1.0,0.0,0.0,0.0
10,0,1,1,1,1,1,1,0,1,1,1,1,1,1,270,26,1,0,1,570,552.17,F,0.0,0.0,0.0,0.0,0.0,0.0,1.0
11,1,1,1,1,1,1,1,1,1,1,1,1,1,0,275,30,1,1,0,2041,629.7,F,0.0,0.0,0.0,0.0,0.0,0.0,1.0
11,1,1,1,0,1,1,0,1,1,1,0,0,1,0,250,36,1,1,1,1763,537.31,F,0.0,0.0,0.0,1.0,0.0,0.0,0.0
10,0,1,0,0,0,1,0,1,1,0,0,1,1,0,250,40,1,1,1,2646,580.62,M,0.0,0.0,0.0,1.0,0.0,0.0,0.0
10,1,0,1,0,1,1,0,1,1,1,1,1,1,1,225,20,1,1,0,636,605.71,M,0.0,0.0,0.0,0.0,0.0,0.0,1.0
10,1,1,1,0,1,0,0,1,0,0,0,0,1,1,120,19,1,1,0,1733,634.71,F,0.0,0.0,0.0,0.0,0.0,0.0,1.0
11,1,1,1,1,1,1,1,1,1,1,1,1,1,0,270,40,1,1,1,1734,621.27,M,0.0,0.0,0.0,0.0,0.0,0.0,1.0
10,1,1,1,0,0,1,1,1,1,1,1,1,1,0,90,20,1,1,0,362,398.64,M,0.0,0.0,0.0,0.0,0.0,0.0,1.0
10,1,1,1,1,1,1,1,1,1,1,1,1,1,0,275,20,1,1,0,1526,604.35,M,0.0,0.0,0.0,0.0,0.0,0.0,1.0
9,0,1,0,0,1,0,0,1,0,0,0,0,1,0,200,30,1,1,0,1733,377.8,M,0.0,0.0,0.0,1.0,0.0,0.0,0.0
10,1,0,1,0,0,1,0,1,1,1,1,1,0,0,275,20,1,1,0,362,435.95,F,0.0,0.0,0.0,0.0,0.0,0.0,1.0
10,1,1,1,1,0,1,0,1,1,1,1,1,1,1,270,15,1,1,0,261,690.05,M,0.0,0.0,0.0,0.0,0.0,0.0,1.0
10,1,1,1,1,1,1,1,1,1,1,0,1,1,0,450,28,1,1,0,1750,611.59,F,0.0,0.0,0.0,0.0,0.0,0.0,1.0
10,0,1,1,0,0,1,0,0,1,1,1,1,1,0,450,28,1,1,0,432,568.68,M,0.0,0.0,0.0,0.0,0.0,0.0,1.0
11,0,1,1,0,1,1,0,1,1,1,1,1,1,0,275,28,1,1,0,316,659.02,F,0.0,0.0,0.0,0.0,0.0,0.0,1.0
10,1,1,1,1,1,1,1,1,1,1,1,1,1,0,270,15,1,1,0,389,651.31,F,0.0,0.0,0.0,0.0,0.0,0.0,1.0
10,1,1,1,0,1,1,0,1,1,1,1,1,1,1,50,18,0,1,0,868,364.37,F,0.0,0.0,1.0,0.0,0.0,0.0,0.0
10,0,1,1,0,1,1,0,1,1,1,1,1,1,1,450,30,1,1,0,820,466.3,M,0.0,0.0,1.0,0.0,0.0,0.0,0.0
10,1,1,1,0,1,1,0,1,1,0,1,1,1,1,300,23,1,1,1,2144,533.66,F,0.0,0.0,0.0,1.0,0.0,0.0,0.0
10,1,1,1,1,1,1,0,1,1,1,1,1,1,0,300,30,1,1,1,2255,495.16,M,0.0,0.0,0.0,0.0,0.0,0.0,1.0
10,1,1,1,0,1,1,0,1,1,1,1,1,1,1,45,25,1,1,1,673,454.68,M,0.0,0.0,0.0,1.0,0.0,0.0,0.0
10,0,0,1,0,1,1,0,1,1,1,1,1,1,0,250,20,1,1,0,316,471.19,M,0.0,0.0,0.0,0.0,0.0,0.0,1.0
11,1,1,0,0,1,0,0,1,1,0,0,0,1,0,200,30,1,1,1,2640,415.13,F,0.0,0.0,0.0,1.0,0.0,0.0,0.0
9,0,0,1,0,0,1,0,1,1,1,1,1,1,0,150,20,1,1,0,1733,387.34,M,0.0,0.0,0.0,0.0,0.0,0.0,1.0
10,1,0,1,0,1,1,0,1,1,1,1,1,1,0,420,27,1,1,0,899,399.28,M,0.0,0.0,0.0,1.0,0.0,0.0,0.0
11,0,1,1,0,1,1,0,1,1,1,1,1,0,1,225,30,1,1,1,1392,503.15,F,0.0,0.0,1.0,0.0,0.0,0.0,0.0
10,1,1,1,0,1,1,1,1,1,1,1,1,1,0,225,8,1,1,0,247,602.69,F,0.0,0.0,0.0,0.0,0.0,0.0,1.0
11,1,1,1,1,1,1,1,1,1,0,1,1,1,0,225,25,0,1,1,1640,661.48,F,0.0,0.0,0.0,0.0,0.0,0.0,1.0
10,1,1,1,1,1,1,1,1,1,1,1,1,1,0,150,30,1,1,1,2080,577.74,M,0.0,0.0,0.0,0.0,0.0,0.0,1.0
9,1,0,1,1,1,1,1,1,1,1,1,1,1,0,225,17,1,1,0,421,315.27,M,0.0,0.0,0.0,0.0,0.0,0.0,1.0
10,1,1,1,1,0,1,1,1,1,1,1,1,1,0,50,20,1,0,1,366,592.09,M,0.0,0.0,0.0,0.0,0.0,0.0,1.0
10,1,0,1,0,1,1,1,0,1,1,1,1,1,0,225,35,1,1,1,2144,440.4,F,0.0,0.0,1.0,0.0,0.0,0.0,0.0
10,1,1,0,0,0,0,0,1,1,1,0,1,1,1,156,32,1,1,1,2942,440.63,F,0.0,0.0,0.0,1.0,0.0,0.0,0.0
10,1,0,0,0,0,0,0,1,0,0,0,0,0,0,50,5,1,1,0,227,346.34,F,0.0,0.0,0.0,1.0,0.0,0.0,0.0
10,1,1,1,1,1,1,0,1,1,1,1,1,1,0,250,30,1,1,1,2532,558.21,F,0.0,0.0,1.0,0.0,0.0,0.0,0.0
10,1,1,1,1,1,1,1,1,1,1,1,1,1,0,270,25,1,1,0,996,580.37,F,0.0,0.0,0.0,0.0,0.0,1.0,0.0
9,1,1,1,0,1,1,0,1,1,1,1,1,1,0,480,25,1,1,0,2361,380.6,M,0.0,0.0,0.0,0.0,0.0,0.0,1.0
10,1,1,0,0,1,0,0,1,1,0,0,1,1,1,70,25,1,1,0,712,640.59,F,0.0,0.0,0.0,1.0,0.0,0.0,0.0
10,0,1,1,0,0,1,0,1,1,0,0,1,1,0,285,35,1,1,1,2085,537.31,F,0.0,0.0,0.0,1.0,0.0,0.0,0.0
10,1,1,1,0,1,1,0,0,1,1,1,1,1,0,235,12,1,1,0,1828,565.31,M,0.0,0.0,0.0,0.0,0.0,0.0,1.0
10,1,1,1,1,1,1,1,1,0,0,0,0,1,0,800,12,1,1,0,2361,524.99,M,0.0,0.0,0.0,1.0,0.0,0.0,0.0
10,1,1,1,0,1,1,1,1,1,0,0,1,1,1,336,28,1,1,0,1897,663.07,F,0.0,0.0,0.0,0.0,0.0,0.0,1.0
10,1,1,1,0,1,1,0,1,1,1,1,1,0,0,240,20,1,1,0,247,477.65,F,0.0,0.0,0.0,0.0,0.0,0.0,1.0
10,1,1,1,0,0,1,1,1,1,0,0,0,1,0,200,30,1,0,1,398,399.88,F,0.0,0.0,0.0,0.0,0.0,0.0,1.0
10,1,1,1,0,0,1,0,1,1,1,1,1,1,1,275,26,1,1,1,1998,371.84,F,0.0,0.0,0.0,1.0,0.0,0.0,0.0
9,1,1,1,0,1,1,0,1,1,1,1,1,1,0,55,25,1,1,0,762,400.36,F,0.0,0.0,1.0,0.0,0.0,0.0,0.0
10,1,1,1,0,0,1,0,1,1,1,1,1,0,0,400,25,1,1,0,820,437.12,M,0.0,0.0,1.0,0.0,0.0,0.0,0.0
11,0,1,0,0,0,0,0,1,0,0,0,0,1,0,225,25,1,1,1,1408,619.06,F,0.0,0.0,0.0,1.0,0.0,0.0,0.0
10,1,1,1,1,1,1,1,1,0,0,0,0,1,0,360,30,1,1,1,2886,467.51,M,0.0,0.0,0.0,1.0,0.0,0.0,0.0
10,0,1,1,1,1,1,1,1,1,1,1,1,1,1,270,30,1,1,1,3201,529.77,F,0.0,0.0,0.0,1.0,0.0,0.0,0.0
9,1,1,1,0,0,1,0,0,1,1,1,1,0,0,50,30,1,1,0,754,316.55,M,0.0,0.0,0.0,0.0,0.0,0.0,1.0
10,0,1,1,1,1,1,1,1,0,0,0,0,1,1,285,25,1,1,1,2085,566.67,M,0.0,1.0,0.0,0.0,0.0,0.0,0.0
10,1,1,0,0,0,0,0,1,1,0,0,0,1,1,275,9,1,1,1,539,540.41,F,0.0,0.0,0.0,1.0,0.0,0.0,0.0
10,1,1,1,0,1,1,0,1,1,1,1,1,1,0,500,12,1,1,0,1173,566.99,M,0.0,0.0,0.0,0.0,0.0,0.0,1.0
11,0,1,1,0,0,1,0,1,1,1,0,1,1,1,250,25,1,0,1,308,520.82,M,0.0,0.0,0.0,1.0,0.0,0.0,0.0
10,1,1,1,1,1,1,1,1,1,1,1,1,1,0,275,25,1,1,1,2532,577.41,M,0.0,0.0,0.0,0.0,0.0,0.0,1.0
10,1,1,1,0,0,1,1,1,1,1,1,1,1,0,350,30,1,1,0,1295,502.46,M,0.0,0.0,0.0,0.0,0.0,0.0,1.0
10,1,1,1,1,1,1,0,1,1,1,1,1,1,0,225,28,1,1,0,505,419.19,F,0.0,0.0,0.0,0.0,0.0,0.0,1.0
10,1,1,1,1,0,1,1,1,1,1,1,1,1,0,225,18,1,0,1,366,635.62,M,0.0,0.0,0.0,0.0,0.0,0.0,1.0
10,1,1,1,0,0,1,0,1,1,1,1,1,1,0,270,18,1,1,0,389,615.48,F,0.0,0.0,0.0,0.0,1.0,0.0,0.0
10,0,1,1,0,0,1,0,1,1,1,1,1,1,1,250,20,1,1,0,366,499.89,M,0.0,0.0,0.0,0.0,0.0,0.0,1.0
11,1,1,1,1,1,1,1,1,1,1,1,1,1,0,230,18,1,1,0,1828,511.2,M,0.0,0.0,0.0,0.0,0.0,0.0,1.0
10,1,1,1,1,1,1,1,1,1,1,1,1,1,0,250,25,1,1,1,2080,447.06,M,0.0,0.0,0.0,0.0,0.0,0.0,1.0
10,1,0,1,0,1,0,0,1,1,1,0,1,1,0,300,19,1,1,0,1526,425.82,M,0.0,0.0,0.0,0.0,0.0,0.0,1.0
11,1,1,1,0,1,1,1,1,1,1,1,1,1,0,270,30,1,1,0,1471,537.95,F,0.0,0.0,0.0,0.0,0.0,0.0,1.0
10,1,0,1,1,1,1,0,1,1,1,1,0,0,0,45,15,1,1,0,300,314.07,M,1.0,0.0,0.0,0.0,0.0,0.0,0.0
10,1,1,1,0,1,1,1,1,1,1,1,1,1,0,200,25,1,1,1,2203,557.13,M,0.0,0.0,0.0,0.0,0.0,0.0,1.0
10,1,1,0,0,0,0,0,1,1,0,0,0,1,1,200,20,1,1,1,2144,556.81,M,0.0,0.0,0.0,1.0,0.0,0.0,0.0
10,1,1,1,0,0,1,1,1,1,0,0,0,1,0,265,30,1,1,1,2085,462.8,F,0.0,1.0,0.0,0.0,0.0,0.0,0.0
10,1,1,1,1,1,1,1,1,1,1,1,1,1,0,300,20,1,1,0,2041,592.65,M,0.0,0.0,0.0,0.0,0.0,0.0,1.0
10,0,1,1,0,1,1,0,0,1,1,1,1,1,1,315,40,1,1,1,3138,560.91,F,0.0,0.0,0.0,0.0,0.0,0.0,1.0
11,1,1,1,1,1,1,1,1,1,1,1,1,1,0,275,25,1,1,0,690,623.43,F,0.0,0.0,0.0,0.0,0.0,0.0,1.0
9,0,1,1,1,1,1,1,1,1,1,1,1,1,1,50,18,1,1,0,926,430.31,F,0.0,0.0,0.0,0.0,0.0,0.0,1.0
11,1,1,1,1,1,1,1,1,1,1,1,1,1,0,180,12,1,1,1,1900,621.92,F,0.0,0.0,0.0,0.0,0.0,0.0,1.0
9,0,1,1,0,0,1,0,0,1,1,1,1,1,1,300,20,1,1,0,362,443.73,F,0.0,0.0,0.0,0.0,0.0,0.0,1.0
10,1,1,1,1,1,1,0,1,1,1,1,1,1,0,225,25,1,1,0,1087,491.4,M,0.0,0.0,0.0,0.0,0.0,0.0,1.0
10,0,0,1,0,1,0,0,1,1,0,0,0,1,0,45,25,1,1,1,1574,343.73,M,0.0,0.0,0.0,1.0,0.0,0.0,0.0
10,1,1,1,1,1,1,1,1,1,1,1,1,1,1,450,40,1,1,0,1750,610.2,M,0.0,0.0,0.0,0.0,0.0,0.0,1.0
11,1,1,1,0,1,1,0,1,1,1,1,1,1,0,225,25,1,1,0,1610,606.74,F,0.0,0.0,0.0,0.0,0.0,0.0,1.0
11,0,1,1,0,1,1,0,1,0,0,0,0,1,0,210,17,1,1,0,774,624.38,F,0.0,0.0,0.0,0.0,0.0,0.0,1.0
10,1,1,1,1,0,1,1,1,1,1,1,1,1,1,225,25,1,0,0,1064,582.63,M,0.0,0.0,0.0,0.0,0.0,0.0,1.0
10,1,1,1,1,1,1,1,1,1,1,1,1,1,0,240,25,1,1,0,1087,570.12,F,0.0,0.0,0.0,0.0,0.0,0.0,1.0
10,1,1,1,0,0,1,1,1,1,1,1,1,1,0,480,32,1,0,1,575,546.53,F,0.0,0.0,0.0,0.0,0.0,0.0,1.0
11,0,1,1,0,1,1,1,1,1,0,0,1,1,0,1000,40,1,1,1,2085,629.38,F,0.0,1.0,0.0,0.0,0.0,0.0,0.0
10,0,1,0,0,1,0,0,1,1,0,0,0,1,0,200,23,1,1,1,1196,478.13,F,0.0,0.0,0.0,1.0,0.0,0.0,0.0
10,1,1,1,1,1,1,1,1,0,0,0,0,1,1,450,28,1,1,1,1720,577.99,F,0.0,0.0,1.0,0.0,0.0,0.0,0.0
10,0,1,1,0,0,1,0,1,1,1,1,1,0,1,360,27,1,1,1,1619,477.21,M,0.0,0.0,1.0,0.0,0.0,0.0,0.0
10,1,0,1,0,1,1,1,1,1,1,1,1,1,0,315,43,1,1,0,808,393.03,M,0.0,0.0,0.0,0.0,0.0,0.0,1.0
11,1,1,1,1,1,1,0,1,1,1,1,1,1,0,300,35,1,1,1,3138,484.02,M,0.0,0.0,0.0,0.0,0.0,0.0,1.0
10,1,1,0,1,0,1,0,1,1,0,0,1,1,0,285,40,1,1,1,2085,607.46,F,0.0,1.0,0.0,0.0,0.0,0.0,0.0
10,1,1,1,0,1,1,0,1,1,1,1,1,1,1,195,22,1,0,1,570,473.44,M,0.0,0.0,0.0,1.0,0.0,0.0,0.0
11,0,1,1,0,1,1,0,0,1,1,1,1,1,0,50,30,1,1,1,1046,554.63,F,0.0,0.0,0.0,0.0,0.0,0.0,1.0
10,1,1,1,1,1,1,1,1,1,1,1,1,1,1,200,25,1,0,1,1212,474.56,M,0.0,0.0,0.0,0.0,0.0,0.0,1.0
10,1,1,1,1,1,0,0,0,1,1,1,1,1,0,225,23,1,1,0,1380,399.72,F,0.0,0.0,1.0,0.0,0.0,0.0,0.0
11,1,1,1,1,1,1,1,1,1,0,0,1,1,1,270,32,1,1,1,1734,671.21,M,0.0,0.0,0.0,0.0,0.0,0.0,1.0
10,1,1,1,1,1,1,1,1,1,1,1,1,1,0,225,25,1,1,0,276,428.7,M,0.0,0.0,0.0,0.0,0.0,0.0,1.0
11,1,1,1,0,1,1,0,1,0,1,0,1,1,0,275,35,1,1,1,3261,545.35,M,0.0,0.0,0.0,1.0,0.0,0.0,0.0
10,1,0,1,0,0,0,0,0,1,1,1,1,1,0,280,20,1,1,0,754,459.78,F,0.0,0.0,0.0,1.0,0.0,0.0,0.0
10,1,1,1,0,1,1,0,1,1,1,0,1,1,0,300,30,1,1,1,1988,385.11,F,0.0,0.0,0.0,0.0,0.0,0.0,1.0
10,1,1,1,1,1,1,1,1,1,1,1,1,1,0,225,25,1,1,1,1640,608.25,F,0.0,0.0,0.0,0.0,0.0,0.0,1.0
10,0,0,1,0,1,1,0,1,1,1,1,1,0,0,450,15,1,1,0,434,442.81,M,0.0,0.0,0.0,0.0,0.0,0.0,1.0
9,1,1,1,0,1,1,0,1,1,1,1,1,1,0,240,20,1,0,1,575,546.07,M,0.0,0.0,0.0,1.0,0.0,0.0,0.0
10,0,1,0,0,1,0,0,1,0,0,0,0,0,1,250,29,1,1,1,1095,574.33,F,0.0,0.0,0.0,1.0,0.0,0.0,0.0
10,1,1,1,0,1,0,0,0,1,1,1,1,1,0,250,40,1,1,1,3138,440.79,F,0.0,0.0,0.0,1.0,0.0,0.0,0.0
11,1,1,1,1,1,1,0,1,1,1,1,1,1,0,270,13,1,1,0,196,474.0,F,0.0,0.0,0.0,0.0,0.0,0.0,1.0
11,1,1,1,0,0,1,0,1,1,1,1,1,1,0,240,15,1,1,0,247,538.93,M,0.0,0.0,0.0,0.0,0.0,0.0,1.0
11,1,1,0,0,1,0,0,1,1,0,0,0,0,1,250,30,1,1,0,1347,456.44,M,0.0,0.0,0.0,1.0,0.0,0.0,0.0
9,1,1,0,0,0,0,0,1,0,0,0,0,1,0,70,20,1,1,0,1101,390.98,F,0.0,0.0,0.0,1.0,0.0,0.0,0.0
10,1,1,1,0,1,1,0,1,1,1,1,1,1,0,225,25,1,1,0,358,529.72,M,0.0,0.0,0.0,0.0,0.0,0.0,1.0
11,1,0,0,0,1,0,0,1,1,0,0,0,1,0,250,30,1,1,0,1347,377.32,M,0.0,0.0,0.0,1.0,0.0,0.0,0.0
10,1,1,1,1,1,1,1,1,1,1,1,1,1,0,300,29,1,1,0,2340,619.02,M,0.0,0.0,0.0,0.0,0.0,0.0,1.0
10,1,0,1,0,1,1,0,1,1,1,1,1,1,1,250,24,1,1,0,854,469.0,F,0.0,0.0,0.0,0.0,0.0,0.0,1.0
10,0,1,0,0,0,1,0,1,1,0,0,0,1,0,330,38,1,1,1,1763,515.39,F,0.0,0.0,0.0,1.0,0.0,0.0,0.0
10,1,1,1,0,0,1,0,1,1,1,1,1,1,0,450,25,1,1,0,930,545.35,M,0.0,0.0,0.0,0.0,0.0,0.0,1.0
10,1,1,1,1,1,1,0,1,1,0,0,1,1,1,200,20,1,0,1,398,551.68,M,0.0,0.0,0.0,1.0,0.0,0.0,0.0
11,0,1,1,0,1,1,1,1,1,1,1,1,1,0,250,25,1,1,0,247,621.11,M,0.0,0.0,0.0,0.0,0.0,0.0,1.0
10,1,0,1,0,1,1,0,1,1,1,1,1,1,0,250,22,1,1,0,1375,443.29,M,0.0,0.0,0.0,0.0,0.0,0.0,1.0
11,1,1,1,0,1,1,0,1,1,1,1,1,1,0,60,15,1,1,0,1913,421.25,F,0.0,0.0,0.0,0.0,0.0,0.0,1.0
10,1,1,1,1,1,1,1,1,1,1,1,1,1,0,225,20,1,1,1,1640,488.99,M,0.0,0.0,0.0,0.0,0.0,0.0,1.0
10,1,1,1,0,1,1,0,1,1,1,1,1,1,0,225,30,1,1,1,1276,506.17,F,0.0,0.0,1.0,0.0,0.0,0.0,0.0
10,1,1,1,1,1,1,1,1,1,1,1,1,1,0,275,18,1,0,1,915,476.16,M,0.0,0.0,0.0,1.0,0.0,0.0,0.0
11,0,1,0,0,0,0,0,1,1,0,0,0,1,1,376,20,1,1,1,3000,432.87,M,0.0,0.0,0.0,1.0,0.0,0.0,0.0
10,1,1,1,1,0,1,1,1,1,1,1,1,1,0,360,25,1,0,1,575,574.77,M,0.0,0.0,0.0,0.0,0.0,0.0,1.0
10,1,1,0,0,0,1,0,1,1,1,1,1,1,0,175,35,1,1,1,989,310.38,M,0.0,0.0,0.0,1.0,0.0,0.0,0.0
10,0,1,1,0,1,1,1,1,1,1,0,1,1,1,350,30,1,1,0,1375,679.35,F,0.0,0.0,0.0,0.0,0.0,0.0,1.0
10,1,1,1,1,1,1,1,1,1,1,1,1,1,0,400,27,1,1,0,930,677.84,F,0.0,0.0,0.0,0.0,0.0,0.0,1.0
10,1,1,1,0,0,0,0,1,1,1,1,1,1,1,250,24,1,1,0,1411,568.45,F,0.0,0.0,0.0,0.0,0.0,0.0,1.0
10,1,1,1,0,0,0,0,1,1,0,0,0,1,1,450,20,1,1,0,1079,516.34,F,0.0,0.0,0.0,1.0,0.0,0.0,0.0
10,0,1,1,0,1,1,0,1,1,1,1,1,1,0,250,16,1,1,0,149,473.28,F,0.0,0.0,0.0,0.0,0.0,0.0,1.0
11,1,1,0,0,0,1,0,1,1,1,1,1,1,0,270,25,1,1,0,1812,419.27,F,0.0,0.0,0.0,0.0,0.0,0.0,1.0
11,1,0,1,0,1,1,0,1,1,1,1,1,1,0,225,25,1,1,0,347,502.28,F,0.0,0.0,0.0,0.0,0.0,0.0,1.0
10,1,0,1,0,1,1,0,0,1,1,1,1,1,0,225,30,1,1,0,1087,502.94,M,0.0,0.0,0.0,0.0,0.0,0.0,1.0
9,1,0,1,1,1,1,0,1,1,1,1,1,1,0,240,25,1,1,0,196,337.71,M,0.0,0.0,0.0,0.0,0.0,0.0,1.0
10,0,0,1,1,1,1,0,0,1,1,1,1,0,0,90,25,1,1,1,1202,300.68,M,0.0,0.0,1.0,0.0,0.0,0.0,0.0
11,1,1,1,0,1,1,1,1,1,1,1,1,1,0,200,20,1,1,0,929,638.74,M,0.0,0.0,0.0,0.0,0.0,0.0,1.0
10,1,1,1,0,1,1,0,0,1,1,1,1,0,0,225,22,1,1,0,276,471.3,F,0.0,0.0,0.0,0.0,0.0,0.0,1.0
11,0,1,0,0,0,1,0,1,1,1,1,1,0,1,180,15,1,1,0,434,565.44,F,0.0,0.0,0.0,0.0,0.0,0.0,1.0
9,1,0,1,0,1,1,0,1,1,1,1,1,0,0,450,21,1,1,0,432,442.25,M,0.0,0.0,0.0,0.0,0.0,0.0,1.0
11,1,1,1,0,1,1,0,1,1,1,1,1,1,0,275,17,1,1,0,868,551.61,F,0.0,0.0,0.0,0.0,0.0,0.0,1.0
10,1,1,1,0,0,1,0,1,1,1,1,1,1,1,200,23,1,0,1,1212,512.32,M,0.0,0.0,0.0,0.0,0.0,0.0,1.0
10,1,1,1,1,1,1,0,1,1,1,1,1,1,0,360,30,1,1,0,1295,565.04,F,0.0,0.0,0.0,0.0,1.0,0.0,0.0
11,1,1,1,1,1,1,1,1,1,1,1,1,1,0,275,20,1,1,1,2162,446.58,M,1.0,0.0,0.0,0.0,0.0,0.0,0.0
10,0,1,1,0,0,1,0,1,1,1,1,1,1,0,300,30,1,1,1,3592,284.64,M,0.0,0.0,0.0,0.0,0.0,0.0,1.0
10,1,1,1,1,0,1,1,1,1,1,1,1,1,1,150,20,1,1,0,1327,560.26,M,0.0,0.0,0.0,0.0,0.0,0.0,1.0
10,1,1,1,1,1,1,0,1,1,1,1,1,1,0,225,25,1,1,0,1233,595.93,M,0.0,0.0,0.0,0.0,0.0,0.0,1.0
10,0,1,1,0,0,1,0,1,1,0,0,0,1,0,300,30,1,1,0,2340,604.99,M,0.0,1.0,0.0,0.0,0.0,0.0,0.0
10,0,1,1,0,1,1,0,1,1,0,0,1,1,0,45,25,1,1,1,3261,482.42,M,0.0,0.0,0.0,1.0,0.0,0.0,0.0
11,1,1,1,1,1,1,0,1,1,1,1,1,1,0,210,14,1,1,0,996,495.85,F,0.0,0.0,0.0,0.0,0.0,0.0,1.0
10,0,0,1,0,1,1,0,1,1,1,1,1,1,1,225,25,1,1,1,1046,489.57,F,0.0,0.0,0.0,0.0,0.0,0.0,1.0
10,1,1,1,1,0,1,1,1,1,1,1,1,1,0,240,20,1,1,0,1087,610.6,M,0.0,0.0,0.0,0.0,0.0,0.0,1.0
9,0,1,1,0,1,0,0,1,1,0,0,1,1,0,225,25,1,1,1,1110,410.37,F,0.0,0.0,0.0,1.0,0.0,0.0,0.0
10,1,1,1,0,1,1,1,1,1,1,1,1,1,0,250,32,1,1,1,3164,500.53,M,0.0,0.0,0.0,1.0,0.0,0.0,0.0
10,1,1,1,0,1,1,0,1,1,0,0,1,1,1,175,25,1,1,0,1250,508.4,F,0.0,0.0,0.0,1.0,0.0,0.0,0.0
9,1,1,1,1,1,1,0,0,1,1,1,1,1,0,90,15,1,1,1,914,305.17,M,0.0,0.0,1.0,0.0,0.0,0.0,0.0
9,0,1,1,0,1,1,1,0,1,0,1,0,1,0,225,26,1,1,0,1897,357.84,M,0.0,0.0,0.0,1.0,0.0,0.0,0.0
11,0,1,1,0,0,1,0,1,1,1,1,1,1,0,275,21,1,1,0,1064,598.48,F,0.0,0.0,0.0,0.0,0.0,0.0,1.0
10,1,1,1,1,1,1,0,1,1,1,1,1,1,0,371,20,0,1,1,502,446.43,F,0.0,0.0,0.0,0.0,0.0,0.0,1.0
10,1,0,1,0,1,1,0,1,1,1,1,1,1,0,450,20,1,1,0,987,514.08,M,0.0,0.0,0.0,0.0,0.0,0.0,1.0
10,1,1,1,1,1,1,1,1,0,0,0,0,1,1,270,28,1,1,1,2999,592.44,F,0.0,0.0,0.0,0.0,0.0,0.0,1.0
10,1,1,1,0,1,1,0,1,1,1,1,1,1,0,225,28,1,0,0,1064,593.45,M,0.0,0.0,0.0,0.0,0.0,0.0,1.0
10,1,1,1,0,1,1,0,1,1,1,1,1,1,0,54,23,1,1,1,2149,380.84,M,0.0,0.0,1.0,0.0,0.0,0.0,0.0
10,1,1,1,0,1,1,0,1,1,1,1,1,1,0,270,20,1,1,0,1489,629.38,F,0.0,0.0,0.0,0.0,0.0,0.0,1.0
9,1,0,1,0,1,1,0,1,1,1,1,1,1,0,200,20,1,1,0,434,478.01,M,0.0,0.0,0.0,0.0,0.0,0.0,1.0
10,1,1,1,0,1,1,0,1,1,1,1,1,1,0,250,10,1,1,0,929,584.23,M,0.0,0.0,0.0,0.0,0.0,0.0,1.0
10,1,0,1,0,1,1,0,1,1,1,1,1,1,0,275,20,1,1,0,926,547.99,M,0.0,0.0,0.0,0.0,0.0,0.0,1.0
9,1,0,1,0,0,0,0,0,1,1,1,1,1,0,225,18,1,1,0,362,378.19,F,0.0,0.0,0.0,0.0,0.0,0.0,1.0
9,0,0,1,0,1,1,0,1,1,1,1,1,0,0,450,40,1,1,1,3201,480.49,M,0.0,0.0,0.0,1.0,0.0,0.0,0.0
10,1,1,1,1,1,1,1,1,0,0,1,0,1,1,225,15,1,0,1,356,609.48,M,0.0,1.0,0.0,0.0,0.0,0.0,0.0
10,0,1,1,0,1,0,0,0,1,1,1,1,1,0,250,30,1,1,0,850,540.01,F,0.0,0.0,0.0,0.0,0.0,0.0,1.0
11,0,1,1,1,1,1,1,1,1,1,1,1,1,1,275,20,1,1,0,227,658.22,F,0.0,0.0,0.0,0.0,0.0,0.0,1.0
10,1,1,1,0,1,1,0,1,1,1,1,1,1,1,450,20,1,1,0,1079,573.3,F,0.0,0.0,0.0,0.0,0.0,0.0,1.0
10,1,0,1,0,0,1,0,0,1,1,1,1,1,0,275,30,0,1,0,362,478.33,M,0.0,0.0,0.0,0.0,0.0,0.0,1.0
10,0,0,1,0,1,1,1,1,1,1,1,1,1,0,1080,13,1,1,0,389,512.13,F,0.0,0.0,0.0,0.0,0.0,0.0,1.0
10,0,1,1,0,1,1,0,1,1,1,1,1,1,1,225,20,1,1,0,227,529.85,F,0.0,0.0,0.0,0.0,0.0,0.0,1.0
10,1,1,1,1,1,1,1,1,1,1,1,1,1,0,300,32,1,1,1,1988,405.06,M,0.0,0.0,0.0,0.0,0.0,0.0,1.0
9,1,1,1,0,1,1,0,1,1,1,1,1,1,0,300,30,1,1,1,1988,419.5,F,0.0,0.0,0.0,0.0,0.0,0.0,1.0
10,1,1,1,1,1,1,1,1,1,1,1,1,1,1,450,20,1,1,1,1720,704.88,M,0.0,0.0,0.0,0.0,0.0,0.0,1.0
10,1,1,1,0,0,1,0,1,1,1,1,1,1,0,480,15,1,1,0,1380,499.17,M,0.0,0.0,0.0,0.0,0.0,0.0,1.0
9,1,1,0,0,1,0,0,1,1,1,1,1,1,0,225,20,1,1,0,1610,510.78,F,0.0,0.0,0.0,0.0,0.0,0.0,1.0
10,1,1,1,1,1,1,0,1,1,1,0,1,1,0,275,31,1,1,0,2340,561.86,F,0.0,0.0,0.0,0.0,0.0,0.0,1.0
11,1,1,1,0,0,1,0,1,0,0,0,0,1,0,225,21,1,1,1,1062,412.19,M,0.0,0.0,0.0,1.0,0.0,0.0,0.0
11,0,1,1,0,1,1,0,1,1,0,0,1,1,1,315,35,1,1,1,3201,502.04,F,0.0,0.0,0.0,1.0,0.0,0.0,0.0
10,1,1,1,1,1,1,1,1,1,1,1,1,1,1,250,30,1,1,1,2080,551.76,M,0.0,0.0,0.0,0.0,0.0,0.0,1.0
11,0,1,1,0,1,1,0,1,0,0,0,0,1,0,225,23,1,1,1,1062,486.51,M,0.0,1.0,0.0,0.0,0.0,0.0,0.0
10,1,1,1,1,1,1,1,0,1,1,1,1,1,0,225,25,1,0,0,1064,550.64,M,0.0,0.0,0.0,0.0,0.0,0.0,1.0
11,0,1,1,0,1,0,0,1,1,1,1,1,1,0,180,20,1,1,1,1900,656.71,F,0.0,0.0,0.0,0.0,0.0,0.0,1.0
10,1,0,1,0,1,1,1,1,1,1,1,1,1,0,240,28,1,1,0,846,458.69,M,0.0,0.0,0.0,0.0,0.0,0.0,1.0
10,1,1,1,0,1,1,0,1,1,1,1,1,1,0,275,23,1,1,0,1233,600.31,F,0.0,0.0,0.0,0.0,0.0,0.0,1.0
10,1,1,1,1,1,1,1,1,1,1,1,1,1,1,270,30,1,1,1,2999,579.18,F,0.0,0.0,0.0,0.0,0.0,0.0,1.0
10,1,1,1,1,1,1,0,1,1,1,1,1,1,1,270,37,1,1,1,3201,574.57,F,0.0,0.0,0.0,1.0,0.0,0.0,0.0
11,1,1,1,0,1,1,0,1,1,1,1,1,1,0,265,15,1,0,1,915,536.37,M,0.0,0.0,1.0,0.0,0.0,0.0,0.0
11,1,1,1,1,1,1,1,1,1,1,1,1,1,0,200,15,1,1,0,1680,563.06,M,0.0,0.0,0.0,0.0,0.0,0.0,1.0
10,0,1,1,0,1,1,0,1,1,1,1,1,1,0,300,28,1,1,1,2144,412.75,M,0.0,0.0,0.0,0.0,0.0,1.0,0.0
10,1,1,1,0,1,1,0,1,1,1,1,1,1,1,225,22,1,0,1,356,689.84,F,0.0,0.0,0.0,0.0,0.0,0.0,1.0
10,1,1,1,1,1,1,1,1,1,1,1,1,1,1,180,20,1,1,1,2966,538.69,M,0.0,0.0,0.0,0.0,0.0,0.0,1.0
10,1,1,1,1,1,1,1,1,1,1,0,1,1,0,900,15,1,1,1,1062,535.41,M,0.0,0.0,0.0,0.0,0.0,0.0,1.0
10,0,1,1,0,1,1,0,0,1,1,1,1,1,1,345,28,1,1,0,1900,420.46,F,0.0,0.0,0.0,1.0,0.0,0.0,0.0
10,1,1,1,0,1,1,0,1,1,1,1,1,1,0,270,25,1,1,0,1489,555.82,F,0.0,0.0,0.0,0.0,0.0,0.0,1.0
10,1,0,1,0,0,1,0,1,1,1,1,1,1,0,255,35,1,1,1,2085,470.82,F,0.0,0.0,0.0,0.0,0.0,0.0,1.0
10,0,1,1,1,1,1,1,1,1,1,1,1,1,1,40,23,1,1,0,632,630.81,F,0.0,0.0,0.0,0.0,0.0,0.0,1.0
11,1,1,1,1,1,1,1,1,1,1,1,1,1,0,270,15,1,1,0,389,530.44,M,0.0,0.0,0.0,0.0,0.0,0.0,1.0
10,1,1,1,0,1,1,1,1,1,1,1,1,1,1,200,11,1,1,0,774,597.13,F,0.0,0.0,0.0,0.0,0.0,0.0,1.0
10,1,0,1,1,0,1,1,1,1,1,1,1,1,0,225,16,1,1,0,2098,384.53,M,0.0,0.0,0.0,0.0,0.0,0.0,1.0
10,0,1,1,0,1,1,0,1,1,1,1,1,1,0,425,30,1,1,0,820,459.86,F,1.0,0.0,0.0,0.0,0.0,0.0,0.0
10,1,1,1,0,1,1,0,1,1,1,1,1,1,1,360,30,1,1,1,2942,448.35,M,0.0,0.0,0.0,1.0,0.0,0.0,0.0
10,1,1,1,1,0,1,1,1,1,1,0,1,1,0,275,30,1,1,1,2080,451.31,M,0.0,0.0,0.0,0.0,0.0,0.0,1.0
10,0,1,1,1,1,1,1,1,1,1,1,1,0,1,450,13,1,1,0,1173,540.81,F,0.0,0.0,0.0,0.0,0.0,0.0,1.0
10,0,1,1,0,0,1,0,1,0,0,0,0,1,0,360,25,1,1,0,2402,332.5,M,0.0,0.0,0.0,1.0,0.0,0.0,0.0
9,0,0,0,0,1,0,0,0,1,1,1,1,0,0,450,30,1,1,0,432,434.2,F,0.0,0.0,0.0,0.0,0.0,0.0,1.0
10,1,1,1,0,1,1,0,1,1,1,1,1,1,0,180,20,1,1,1,1900,436.0,M,0.0,0.0,0.0,0.0,0.0,0.0,1.0
10,1,1,1,1,1,0,0,0,1,1,1,1,1,0,270,17,1,1,0,389,523.94,M,0.0,0.0,0.0,0.0,0.0,0.0,1.0
11,1,1,1,0,0,1,0,1,1,1,1,1,1,1,275,20,1,1,0,1064,545.67,M,0.0,0.0,0.0,0.0,0.0,0.0,1.0
10,1,1,0,0,1,0,0,1,1,0,0,1,1,0,60,30,1,1,1,1400,509.19,F,0.0,1.0,0.0,0.0,0.0,0.0,0.0
10,0,1,1,0,0,1,0,1,1,1,1,1,1,1,290,25,1,1,1,1046,534.14,F,0.0,0.0,0.0,0.0,0.0,0.0,1.0
10,1,1,1,1,1,1,1,1,1,1,1,1,1,0,225,22,1,0,1,356,499.41,M,0.0,0.0,0.0,0.0,0.0,0.0,1.0
10,0,1,1,0,0,1,0,0,1,1,1,1,1,0,275,25,1,1,0,1375,608.02,F,0.0,0.0,0.0,0.0,0.0,0.0,1.0
10,0,0,1,1,1,1,0,1,1,1,1,1,1,1,250,25,1,1,1,2144,629.92,M,0.0,0.0,0.0,0.0,0.0,0.0,1.0
10,1,1,1,1,0,1,1,1,1,1,1,1,1,0,270,30,1,1,1,1378,729.56,F,0.0,0.0,0.0,0.0,0.0,0.0,1.0
10,0,1,1,0,1,1,0,1,1,1,1,1,1,0,200,28,1,1,0,846,463.91,F,0.0,0.0,0.0,0.0,0.0,0.0,1.0
10,1,1,1,0,1,1,0,1,1,1,1,1,1,0,245,20,1,1,0,366,658.7,M,0.0,0.0,0.0,0.0,0.0,0.0,1.0
10,0,1,0,0,0,0,0,1,0,0,0,1,1,0,240,30,1,1,1,1408,507.19,M,0.0,0.0,0.0,1.0,0.0,0.0,0.0
10,1,1,0,0,1,0,0,1,1,1,1,1,1,0,225,25,1,1,0,2748,551.29,F,0.0,0.0,0.0,0.0,0.0,0.0,1.0
10,1,1,1,0,1,1,0,1,1,0,0,0,1,0,250,30,1,1,1,1763,521.94,M,0.0,0.0,0.0,1.0,0.0,0.0,0.0
10,1,0,0,0,0,1,0,1,1,1,1,1,1,0,270,25,1,1,0,1489,448.34,F,0.0,0.0,0.0,1.0,0.0,0.0,0.0
10,1,1,1,1,0,1,1,1,1,1,1,1,1,1,400,30,1,0,1,575,643.21,F,0.0,0.0,0.0,0.0,0.0,0.0,1.0
10,1,1,1,1,1,1,1,1,1,1,1,1,1,0,220,15,1,1,0,2098,652.1,F,0.0,0.0,0.0,0.0,0.0,0.0,1.0
10,0,1,1,0,1,1,0,0,1,0,0,1,1,0,275,28,1,1,1,1998,397.44,M,0.0,0.0,0.0,1.0,0.0,0.0,0.0
10,1,1,1,1,1,1,1,1,1,1,1,1,1,1,225,10,0,0,1,366,717.32,F,0.0,0.0,0.0,0.0,0.0,0.0,1.0
10,1,1,1,0,1,1,0,1,1,1,1,1,1,0,270,15,1,1,0,389,440.0,F,0.0,0.0,0.0,0.0,0.0,0.0,1.0
10,1,1,1,1,0,1,0,1,1,1,0,1,1,0,230,10,1,1,1,1196,473.28,M,0.0,0.0,0.0,1.0,0.0,0.0,0.0
10,1,1,0,0,1,1,0,1,1,1,1,1,1,1,500,15,1,1,0,1411,582.63,M,0.0,0.0,0.0,1.0,0.0,0.0,0.0
10,1,0,1,0,1,1,0,0,1,1,1,1,1,0,270,30,1,1,0,1489,400.91,F,0.0,0.0,0.0,0.0,1.0,0.0,0.0
11,1,1,1,0,1,0,0,1,1,0,0,1,1,0,60,30,1,1,1,3138,347.74,M,0.0,0.0,0.0,1.0,0.0,0.0,0.0
10,0,1,1,1,0,1,1,1,1,1,1,1,1,1,290,30,1,1,0,926,647.16,M,0.0,0.0,0.0,0.0,0.0,0.0,1.0
10,1,1,1,1,0,1,1,1,1,1,1,1,1,0,200,25,1,1,1,2203,559.62,M,0.0,0.0,1.0,0.0,0.0,0.0,0.0
10,0,1,1,0,0,1,1,1,1,1,1,1,1,1,250,20,1,1,0,854,599.12,F,0.0,0.0,0.0,0.0,0.0,0.0,1.0
10,1,1,1,1,1,1,1,1,1,1,1,1,1,1,135,18,1,1,0,509,623.11,F,0.0,0.0,0.0,0.0,0.0,0.0,1.0
10,1,1,1,1,1,1,0,0,1,1,1,1,1,0,275,15,0,1,1,502,505.78,F,0.0,0.0,0.0,0.0,0.0,0.0,1.0
10,1,1,1,0,1,1,0,1,1,1,1,1,1,1,350,30,1,1,0,712,563.77,F,0.0,0.0,0.0,0.0,0.0,0.0,1.0
10,1,1,1,1,1,1,1,0,1,1,1,1,1,1,225,20,1,0,1,356,605.63,F,0.0,0.0,0.0,0.0,0.0,0.0,1.0
11,1,1,1,0,0,1,0,1,1,0,1,1,1,0,300,40,1,1,1,3138,657.9,M,0.0,0.0,0.0,0.0,1.0,0.0,0.0
10,1,1,1,1,1,0,0,1,1,1,1,1,1,0,1350,30,1,0,0,331,522.54,F,0.0,0.0,0.0,0.0,0.0,0.0,1.0
9,1,1,1,0,0,1,0,1,1,1,1,1,1,1,450,20,1,1,0,1079,438.97,F,0.0,0.0,0.0,0.0,0.0,0.0,1.0
10,1,1,1,0,1,1,0,0,1,1,1,1,1,0,371,20,0,1,1,502,511.42,F,0.0,0.0,0.0,0.0,0.0,0.0,1.0
9,1,1,1,1,1,1,1,1,1,0,0,0,0,0,280,12,1,1,1,1998,345.31,F,0.0,0.0,0.0,1.0,0.0,0.0,0.0
11,1,1,1,0,0,1,0,0,1,1,1,1,1,1,300,31,1,1,0,1913,526.43,F,0.0,0.0,1.0,0.0,0.0,0.0,0.0
10,1,1,1,0,1,1,0,1,1,1,1,1,1,0,275,29,1,1,0,507,470.27,F,0.0,0.0,0.0,0.0,1.0,0.0,0.0
10,1,0,1,0,0,1,0,1,1,1,1,1,1,1,225,30,1,1,0,808,444.34,M,1.0,0.0,0.0,0.0,0.0,0.0,0.0
10,1,1,1,1,1,1,1,1,1,1,1,1,1,0,375,25,1,1,0,930,689.52,F,0.0,0.0,0.0,0.0,0.0,0.0,1.0
10,1,0,1,0,1,1,0,1,1,1,1,1,1,0,270,21,1,1,0,996,415.56,M,0.0,0.0,0.0,0.0,0.0,0.0,1.0
11,1,1,1,0,1,1,0,0,1,0,1,1,1,0,250,40,1,1,1,2085,474.24,F,0.0,0.0,0.0,1.0,0.0,0.0,0.0
11,1,0,1,0,1,1,0,0,1,1,1,1,1,0,270,20,1,1,0,389,583.59,M,0.0,0.0,0.0,0.0,0.0,0.0,1.0
10,1,1,1,0,1,1,0,1,1,1,1,1,1,0,250,30,1,1,0,1064,510.48,M,0.0,0.0,0.0,0.0,0.0,0.0,1.0
11,1,1,1,1,0,1,1,0,1,1,1,1,1,1,240,30,1,0,1,575,647.56,M,0.0,0.0,0.0,0.0,0.0,0.0,1.0
10,0,0,0,0,1,0,0,1,0,0,0,0,1,0,440,16,0,1,1,626,382.25,F,0.0,0.0,0.0,1.0,0.0,0.0,0.0
10,0,1,1,0,1,1,0,0,1,1,1,1,1,0,300,30,1,1,1,2942,503.1,M,0.0,0.0,0.0,1.0,0.0,0.0,0.0
10,1,0,1,0,1,1,0,1,1,1,1,1,1,0,90,30,1,1,0,1295,472.16,M,0.0,0.0,0.0,0.0,0.0,0.0,1.0
10,1,1,1,0,0,1,0,1,1,1,1,1,1,0,258,32,1,1,0,2402,507.19,M,0.0,0.0,0.0,0.0,0.0,0.0,1.0
10,1,0,1,0,1,0,0,1,1,0,0,1,1,0,225,15,1,1,0,926,368.42,M,0.0,0.0,0.0,1.0,0.0,0.0,0.0
10,0,0,1,0,0,0,0,1,1,0,0,1,1,0,275,30,1,1,1,2144,281.52,M,0.0,0.0,0.0,1.0,0.0,0.0,0.0
10,0,1,1,0,1,1,0,1,1,1,1,1,1,0,210,22,1,1,0,774,499.5,F,0.0,0.0,0.0,0.0,0.0,0.0,1.0
10,1,1,1,0,1,1,0,1,1,1,1,1,1,1,90,20,1,1,0,1387,477.45,M,0.0,0.0,1.0,0.0,0.0,0.0,0.0
10,1,1,1,0,0,1,0,1,1,1,1,1,1,1,200,20,1,1,1,1900,536.93,M,0.0,0.0,0.0,0.0,0.0,0.0,1.0
9,1,1,1,0,1,1,1,1,1,1,1,1,1,1,250,30,1,1,1,2004,468.71,M,0.0,0.0,0.0,1.0,0.0,0.0,0.0
11,0,0,1,1,1,1,0,1,1,1,1,1,1,1,640,18,0,1,1,626,400.99,F,0.0,0.0,0.0,0.0,0.0,0.0,1.0
11,1,1,1,0,0,1,0,1,1,1,1,1,1,1,275,25,1,1,0,2000,634.15,F,0.0,0.0,0.0,0.0,0.0,0.0,1.0
10,1,1,1,0,1,1,1,1,1,1,1,1,1,1,250,24,1,1,0,1233,496.85,M,0.0,0.0,0.0,0.0,0.0,0.0,1.0
10,1,1,1,1,1,1,0,1,1,1,1,1,1,1,135,20,1,1,0,509,506.87,M,0.0,0.0,0.0,0.0,0.0,0.0,1.0
10,1,0,1,0,0,1,0,1,1,1,1,1,1,0,350,30,1,1,0,899,451.55,M,0.0,0.0,0.0,0.0,0.0,0.0,1.0
10,0,1,0,0,0,0,0,0,1,1,1,1,0,0,200,11,1,1,0,300,408.02,M,1.0,0.0,0.0,0.0,0.0,0.0,0.0
10,1,1,1,1,1,1,1,1,1,1,1,1,1,0,225,25,1,0,1,356,582.47,M,0.0,0.0,0.0,0.0,0.0,0.0,1.0
9,1,1,1,0,1,1,0,1,1,1,1,1,1,0,250,7,1,1,1,2004,519.69,M,0.0,0.0,0.0,0.0,0.0,0.0,1.0
10,0,1,1,0,1,1,0,1,1,1,1,1,1,1,500,14,1,1,0,1079,496.45,M,0.0,0.0,0.0,0.0,0.0,0.0,1.0
10,1,1,1,0,1,1,0,0,1,1,1,1,0,0,270,30,1,1,1,1202,402.25,M,0.0,0.0,1.0,0.0,0.0,0.0,0.0
10,1,1,1,1,1,1,1,1,1,1,1,1,1,1,250,25,1,1,0,636,639.16,F,0.0,0.0,0.0,0.0,0.0,0.0,1.0
10,1,1,1,0,1,1,0,1,1,1,1,1,1,0,210,23,1,1,0,2098,553.28,M,0.0,0.0,0.0,0.0,0.0,0.0,1.0
10,0,1,1,0,1,1,0,1,1,1,0,1,1,0,275,20,1,1,0,1526,602.37,F,0.0,0.0,0.0,0.0,0.0,0.0,1.0
10,1,0,1,1,1,1,0,1,1,1,1,1,1,0,330,22,1,1,0,2361,540.86,M,0.0,0.0,0.0,0.0,0.0,0.0,1.0
10,1,1,0,0,1,1,0,1,1,0,0,1,1,0,350,20,1,1,0,899,533.8,M,0.0,0.0,0.0,0.0,0.0,0.0,1.0
10,1,0,1,0,1,1,0,1,1,1,1,1,1,0,45,18,1,1,0,400,364.69,F,0.0,0.0,0.0,1.0,0.0,0.0,0.0
10,1,1,1,0,1,1,0,1,1,1,1,1,1,1,250,24,1,1,1,2532,426.65,F,0.0,0.0,1.0,0.0,0.0,0.0,0.0
10,0,1,1,0,1,1,0,1,1,1,0,1,1,0,250,20,1,1,1,539,468.39,M,0.0,0.0,0.0,1.0,0.0,0.0,0.0
11,1,0,0,0,0,0,0,1,0,0,0,0,1,0,240,15,1,1,1,1408,473.84,M,0.0,0.0,0.0,1.0,0.0,0.0,0.0
10,1,0,0,0,1,1,1,1,1,1,1,1,1,0,225,27,1,0,1,308,576.48,F,0.0,0.0,0.0,0.0,0.0,0.0,1.0
10,1,1,1,1,1,1,1,1,1,1,1,1,1,0,225,20,1,1,0,3009,533.02,F,0.0,0.0,0.0,0.0,0.0,0.0,1.0
11,1,1,1,1,1,1,1,1,0,0,0,1,1,1,250,15,1,1,1,989,520.87,F,0.0,1.0,0.0,0.0,0.0,0.0,0.0
10,1,1,1,0,1,1,0,1,1,1,1,1,1,0,50,28,1,1,0,1375,611.11,F,0.0,0.0,0.0,1.0,0.0,0.0,0.0
10,0,0,1,0,1,1,0,1,1,1,1,1,0,0,235,30,1,1,0,1828,584.15,M,0.0,0.0,0.0,0.0,0.0,0.0,1.0
10,1,1,1,1,1,1,1,1,1,1,1,1,1,1,300,30,1,1,0,2340,671.57,F,0.0,0.0,0.0,0.0,0.0,0.0,1.0
10,1,1,1,0,1,1,0,1,1,1,1,1,1,0,160,23,1,0,1,575,444.66,M,0.0,0.0,0.0,0.0,0.0,0.0,1.0
10,1,1,1,1,1,1,1,1,1,1,1,1,1,0,425,30,1,1,0,2569,573.01,M,0.0,0.0,0.0,0.0,0.0,0.0,1.0
10,1,1,1,0,1,1,1,1,1,1,1,1,1,0,215,22,1,1,0,774,485.68,F,0.0,0.0,0.0,0.0,0.0,0.0,1.0
11,1,1,1,0,0,1,0,1,1,1,1,1,1,0,264,30,1,1,0,2402,507.75,M,0.0,0.0,0.0,1.0,0.0,0.0,0.0
10,0,0,1,1,0,1,1,1,1,1,1,1,1,0,225,30,1,1,0,2041,515.53,M,0.0,0.0,1.0,0.0,0.0,0.0,0.0
9,1,1,1,0,1,1,0,1,1,0,0,0,0,0,180,21,1,1,1,991,569.01,F,0.0,0.0,0.0,1.0,0.0,0.0,0.0
10,0,1,1,0,0,1,1,1,1,1,1,1,1,1,270,35,1,1,1,1734,591.44,M,0.0,0.0,0.0,0.0,0.0,0.0,1.0
10,1,1,1,1,1,1,1,1,1,1,1,1,1,0,360,31,1,0,1,575,475.6,M,0.0,0.0,0.0,0.0,0.0,0.0,1.0
9,1,1,1,0,1,1,0,1,1,0,0,1,1,0,225,28,1,1,1,3261,447.07,F,1.0,0.0,0.0,0.0,0.0,0.0,0.0
9,0,1,0,0,0,1,0,0,1,1,1,1,0,1,364,25,1,1,0,1848,466.53,F,0.0,0.0,0.0,0.0,0.0,0.0,1.0
11,1,1,0,0,1,1,0,1,0,0,0,0,1,1,250,26,1,1,1,1095,588.63,F,0.0,1.0,0.0,0.0,0.0,0.0,0.0
10,1,1,1,1,0,1,1,1,1,1,1,1,1,0,250,32,1,1,1,2080,549.28,M,0.0,0.0,0.0,0.0,0.0,0.0,1.0
9,1,0,0,0,1,1,0,1,1,1,1,1,1,0,250,26,1,1,0,366,341.4,M,0.0,0.0,0.0,0.0,1.0,0.0,0.0
10,0,1,1,0,0,0,0,0,1,1,1,1,1,1,250,25,1,1,1,1723,585.19,M,0.0,0.0,0.0,0.0,0.0,0.0,1.0
10,1,1,1,1,1,1,1,0,1,1,1,1,1,0,275,31,1,1,0,2340,593.4,F,0.0,1.0,0.0,0.0,0.0,0.0,0.0
10,1,1,1,1,1,1,0,1,1,1,1,1,1,0,250,30,1,1,0,3009,513.8,F,0.0,0.0,0.0,0.0,0.0,0.0,1.0
10,1,1,1,0,1,1,0,1,0,1,0,0,1,1,450,25,1,1,0,987,592.84,F,0.0,0.0,0.0,0.0,0.0,0.0,1.0
11,1,1,0,0,1,0,0,1,1,0,0,0,1,1,375,30,1,1,1,2646,464.63,F,0.0,0.0,0.0,1.0,0.0,0.0,0.0
10,0,1,0,0,1,1,0,1,1,1,1,1,1,0,210,20,1,0,1,570,433.09,F,0.0,0.0,0.0,1.0,0.0,0.0,0.0
10,0,1,0,0,1,1,0,1,1,1,1,1,1,0,200,23,1,1,0,1064,484.01,F,0.0,0.0,0.0,1.0,0.0,0.0,0.0
11,1,1,1,1,1,1,1,1,1,1,1,1,1,0,275,35,1,1,0,1692,705.96,F,0.0,0.0,0.0,0.0,0.0,0.0,1.0
10,1,1,1,1,0,1,1,1,1,1,1,1,1,0,275,21,1,1,0,1526,561.14,M,0.0,0.0,0.0,0.0,0.0,0.0,1.0
10,0,0,1,1,1,0,0,1,1,0,0,0,1,0,225,29,1,1,1,3000,439.45,M,0.0,0.0,0.0,1.0,0.0,0.0,0.0
10,1,1,1,0,1,1,0,0,1,1,1,1,1,1,250,25,1,1,0,362,559.16,F,0.0,0.0,0.0,0.0,0.0,0.0,1.0
10,1,1,1,1,1,1,1,1,1,1,1,1,1,1,250,30,1,1,0,1064,560.02,M,0.0,0.0,0.0,0.0,0.0,0.0,1.0
10,1,1,1,0,0,1,0,1,1,1,1,1,1,0,270,20,1,1,0,1680,468.87,M,0.0,0.0,0.0,0.0,0.0,0.0,1.0
10,0,0,1,0,1,0,0,1,1,1,1,1,1,0,225,17,0,1,0,1250,477.65,F,0.0,0.0,0.0,0.0,0.0,0.0,1.0
9,1,1,1,0,1,1,0,1,1,1,1,1,1,0,50,25,1,1,1,2004,360.4,M,0.0,0.0,0.0,0.0,1.0,0.0,0.0
10,1,1,0,0,1,1,0,1,1,1,1,1,0,0,1080,23,1,1,1,1378,471.14,F,0.0,0.0,0.0,0.0,0.0,0.0,1.0
10,0,1,1,1,0,1,0,0,1,1,1,1,1,0,200,25,1,1,0,929,453.96,M,0.0,0.0,0.0,0.0,0.0,0.0,1.0
11,1,1,1,1,1,1,0,1,1,1,1,1,1,0,275,30,1,1,0,507,556.3,F,0.0,0.0,0.0,0.0,0.0,0.0,1.0
10,1,0,1,0,1,1,0,1,1,1,1,1,1,0,200,28,1,1,0,1327,456.76,M,0.0,0.0,0.0,0.0,0.0,0.0,1.0
10,1,1,1,1,1,1,1,1,1,1,1,1,1,1,250,25,1,1,0,1382,568.53,F,0.0,0.0,0.0,0.0,0.0,0.0,1.0
11,0,1,1,0,1,1,0,0,1,1,1,1,1,0,200,25,1,0,1,398,396.64,M,0.0,0.0,0.0,0.0,0.0,0.0,1.0
10,1,1,1,1,1,1,0,1,0,0,0,0,0,0,270,24,1,1,0,1273,473.28,M,0.0,0.0,0.0,1.0,0.0,0.0,0.0
10,1,1,1,1,1,1,1,1,1,1,1,1,1,0,180,20,1,1,0,389,538.58,F,0.0,0.0,0.0,0.0,0.0,0.0,1.0
11,0,1,1,0,1,1,0,1,1,1,1,1,0,0,250,15,1,1,0,316,508.32,F,0.0,0.0,0.0,0.0,0.0,0.0,1.0
9,1,1,1,0,1,1,0,1,1,1,1,1,1,0,175,30,1,1,1,2532,438.4,M,0.0,0.0,0.0,0.0,0.0,0.0,1.0
10,1,1,1,1,1,1,1,1,1,1,1,1,1,1,800,30,1,1,0,930,612.23,F,0.0,0.0,0.0,0.0,0.0,0.0,1.0
11,1,1,1,1,1,1,0,0,1,1,1,1,1,0,300,28,1,1,1,3201,543.5,M,0.0,0.0,0.0,1.0,0.0,0.0,0.0
10,1,1,1,0,0,1,0,1,1,1,1,1,1,1,250,30,1,1,0,3009,566.31,F,0.0,0.0,0.0,0.0,0.0,0.0,1.0
10,0,1,0,0,0,1,0,1,1,1,1,1,1,0,315,30,1,1,1,2255,370.42,M,0.0,0.0,0.0,0.0,0.0,0.0,1.0
10,1,1,1,0,1,0,0,1,1,1,1,1,0,1,245,20,1,1,0,1380,536.28,F,0.0,0.0,0.0,0.0,0.0,0.0,1.0
11,1,1,1,0,1,1,0,1,1,1,1,1,1,1,270,30,1,1,1,2966,511.42,F,0.0,0.0,0.0,0.0,0.0,0.0,1.0
11,1,1,1,0,1,1,1,0,1,1,1,1,1,1,350,30,1,1,0,1295,566.55,F,0.0,0.0,0.0,0.0,0.0,0.0,1.0
11,0,1,1,1,1,1,1,1,1,1,1,1,1,1,900,20,1,1,0,1610,583.63,F,0.0,0.0,0.0,0.0,0.0,0.0,1.0
10,1,1,1,1,1,1,1,1,1,1,1,1,1,0,45,13,1,1,0,276,430.47,M,0.0,0.0,0.0,0.0,0.0,0.0,1.0
10,1,1,1,1,1,1,1,1,1,1,1,1,1,0,250,30,1,1,0,762,421.65,M,0.0,0.0,0.0,0.0,0.0,0.0,1.0
10,1,1,1,1,1,1,1,1,1,1,1,1,1,1,275,26,1,1,1,1392,455.96,M,0.0,0.0,1.0,0.0,0.0,0.0,0.0
10,1,1,1,1,1,1,1,1,1,1,1,1,1,1,200,23,1,1,0,887,618.62,M,0.0,0.0,0.0,0.0,0.0,0.0,1.0
10,1,1,1,0,0,1,0,1,1,1,1,1,1,1,240,25,1,1,0,1897,625.73,F,0.0,0.0,0.0,0.0,0.0,0.0,1.0
10,1,0,1,1,0,1,1,1,1,1,1,1,1,1,300,30,1,1,0,898,617.31,F,0.0,0.0,0.0,0.0,0.0,0.0,1.0
10,1,1,1,0,1,1,1,1,1,1,1,1,1,1,300,35,1,1,1,2255,648.52,M,0.0,0.0,0.0,0.0,0.0,0.0,1.0
10,0,1,1,1,1,1,1,0,1,0,0,1,1,1,250,25,1,1,0,3004,533.24,M,0.0,0.0,0.0,1.0,0.0,0.0,0.0
10,1,1,1,1,1,1,1,1,1,1,1,1,1,0,300,25,1,1,0,1680,609.8,M,0.0,0.0,0.0,0.0,0.0,0.0,1.0
11,0,1,1,0,0,1,1,1,1,0,0,1,1,0,90,15,1,1,1,1720,532.12,M,0.0,1.0,0.0,0.0,0.0,0.0,0.0
11,0,1,1,0,1,1,0,0,1,1,1,1,1,0,225,20,1,1,0,434,514.99,F,0.0,0.0,0.0,0.0,0.0,0.0,1.0
10,1,1,1,0,0,1,0,1,1,1,1,1,1,0,240,20,1,1,0,1087,513.16,F,0.0,0.0,0.0,0.0,0.0,0.0,1.0
10,1,1,1,0,1,1,0,1,1,1,1,1,1,0,45,18,1,1,0,316,269.57,M,0.0,0.0,0.0,1.0,0.0,0.0,0.0
10,1,1,1,0,1,1,0,1,1,1,1,1,0,0,225,25,1,1,0,505,509.99,F,0.0,0.0,0.0,0.0,0.0,0.0,1.0
9,0,1,1,1,1,1,1,1,1,0,0,1,1,0,45,30,1,0,1,570,469.91,M,0.0,1.0,0.0,0.0,0.0,0.0,0.0
10,0,1,1,0,1,1,1,1,1,1,1,1,1,1,250,25,1,1,1,1723,467.72,F,0.0,0.0,0.0,0.0,0.0,0.0,1.0
10,0,1,1,0,1,1,0,1,1,1,1,1,0,0,300,25,1,1,0,1233,472.88,M,0.0,0.0,0.0,0.0,0.0,0.0,1.0
11,1,1,1,0,0,1,0,1,1,1,1,1,1,0,350,25,1,1,0,712,577.43,F,0.0,0.0,0.0,0.0,0.0,0.0,1.0
10,1,1,1,0,1,1,0,1,1,1,1,1,1,1,270,30,1,1,0,996,497.51,F,0.0,0.0,0.0,0.0,0.0,0.0,1.0
11,1,0,1,0,1,1,1,1,1,1,1,1,1,0,240,18,1,1,1,1378,515.37,M,0.0,0.0,0.0,0.0,0.0,0.0,1.0
10,1,1,1,1,1,1,1,1,1,1,1,1,1,0,270,30,1,1,1,2966,650.04,F,0.0,0.0,0.0,0.0,0.0,0.0,1.0
10,1,1,1,0,1,1,0,1,1,1,1,1,1,0,450,30,1,1,0,712,467.33,F,0.0,0.0,0.0,0.0,0.0,0.0,1.0
10,0,1,1,0,0,1,0,1,1,1,1,1,1,0,300,25,1,1,1,1988,358.1,F,0.0,0.0,0.0,0.0,0.0,0.0,1.0
9,1,0,1,1,1,0,0,0,1,1,1,1,1,1,275,21,1,1,0,868,300.26,F,0.0,0.0,1.0,0.0,0.0,0.0,0.0
11,1,1,0,0,1,0,0,1,0,0,0,0,1,0,240,34,1,1,1,989,637.62,M,0.0,1.0,0.0,0.0,0.0,0.0,0.0
10,1,0,1,1,1,1,0,1,1,1,1,1,1,0,250,30,1,1,0,505,536.53,M,0.0,0.0,0.0,0.0,1.0,0.0,0.0
11,1,1,0,0,1,0,0,1,0,0,0,0,1,0,224,20,1,1,0,2710,533.82,F,0.0,0.0,0.0,1.0,0.0,0.0,0.0
10,1,1,1,0,1,1,0,1,1,1,1,1,1,0,900,20,1,1,1,1062,467.59,M,0.0,0.0,1.0,0.0,0.0,0.0,0.0
10,0,1,1,0,1,1,0,1,0,0,0,1,1,0,200,16,1,1,0,774,448.99,M,0.0,0.0,0.0,0.0,0.0,0.0,1.0
10,0,0,1,0,0,1,0,1,0,0,0,1,1,0,50,27,1,1,0,712,521.27,F,0.0,0.0,0.0,0.0,0.0,0.0,1.0
10,0,0,0,0,0,1,0,1,1,1,1,1,1,1,150,30,1,1,0,632,536.53,M,0.0,0.0,0.0,0.0,0.0,0.0,1.0
10,1,1,1,0,1,1,0,0,1,1,0,1,1,0,250,30,1,1,0,2340,505.75,M,0.0,0.0,0.0,0.0,0.0,1.0,0.0
11,1,1,1,0,0,1,1,1,1,0,0,0,1,1,336,25,1,1,1,3164,552.65,F,0.0,1.0,0.0,0.0,0.0,0.0,0.0
10,1,1,1,1,1,1,0,1,1,1,1,1,1,0,270,17,1,1,0,996,438.73,M,0.0,0.0,0.0,0.0,0.0,0.0,1.0
11,1,1,1,1,1,1,0,0,1,1,1,1,1,0,225,30,1,1,0,1610,629.31,F,0.0,0.0,0.0,0.0,0.0,0.0,1.0
10,0,0,1,0,1,1,0,1,1,0,0,1,1,0,50,26,1,1,1,2532,520.79,F,0.0,0.0,0.0,1.0,0.0,0.0,0.0
10,1,1,0,0,1,0,0,1,1,0,0,0,1,0,215,25,1,1,1,1574,507.76,F,0.0,0.0,0.0,1.0,0.0,0.0,0.0
10,1,1,1,1,0,1,1,1,1,1,1,1,1,1,400,25,1,1,0,930,626.08,M,0.0,0.0,0.0,0.0,0.0,0.0,1.0
10,0,1,1,0,1,1,0,1,1,1,1,1,1,1,360,25,1,1,0,1295,573.3,F,0.0,0.0,0.0,0.0,0.0,0.0,1.0
10,0,1,1,0,0,1,0,1,1,1,1,1,1,0,300,25,1,1,0,362,529.61,F,0.0,0.0,0.0,0.0,0.0,0.0,1.0
11,1,1,1,0,1,1,0,1,1,1,1,1,1,0,250,28,1,1,0,505,511.1,F,0.0,0.0,0.0,1.0,0.0,0.0,0.0
10,1,1,1,1,1,1,1,1,1,1,1,1,1,0,250,28,1,1,0,1897,614.13,F,0.0,0.0,0.0,0.0,0.0,0.0,1.0
9,0,1,1,0,1,1,0,1,1,1,1,1,1,1,270,22,1,1,0,196,511.34,F,0.0,0.0,0.0,0.0,0.0,0.0,1.0
11,0,1,1,1,1,1,1,1,1,1,1,1,1,0,315,10,0,0,1,366,617.26,M,0.0,0.0,0.0,0.0,0.0,0.0,1.0
11,1,1,1,0,1,1,0,1,1,1,1,1,1,0,200,24,1,1,0,1680,593.08,F,0.0,0.0,0.0,0.0,0.0,0.0,1.0
10,0,1,0,0,0,1,0,1,1,0,0,0,1,0,60,45,1,1,1,1763,534.45,F,0.0,0.0,0.0,1.0,0.0,0.0,0.0
10,1,1,1,0,1,1,0,1,1,1,1,1,1,0,58,30,1,1,1,3164,720.91,M,0.0,0.0,0.0,0.0,0.0,0.0,1.0
10,1,1,1,0,0,1,1,0,1,1,1,1,1,0,225,25,1,1,0,1828,560.58,M,0.0,0.0,0.0,0.0,0.0,0.0,1.0
10,1,1,1,1,1,1,1,1,1,1,1,1,1,1,500,15,1,1,0,361,602.91,M,0.0,0.0,0.0,0.0,0.0,0.0,1.0
11,1,1,1,0,1,1,0,1,0,0,0,0,1,0,225,32,1,1,1,1095,657.1,M,0.0,1.0,0.0,0.0,0.0,0.0,0.0
10,1,1,1,1,0,1,1,1,1,1,1,1,1,0,450,20,1,1,0,1750,569.01,F,0.0,0.0,0.0,0.0,0.0,0.0,1.0
10,0,0,0,0,1,0,0,1,1,0,0,0,1,0,450,20,1,1,1,1062,442.33,M,0.0,0.0,0.0,1.0,0.0,0.0,0.0
10,0,1,1,1,1,1,1,1,1,1,1,1,1,0,350,25,1,1,0,1295,573.49,M,0.0,0.0,0.0,0.0,0.0,0.0,1.0
10,1,1,1,1,0,1,0,1,1,1,1,1,1,0,270,25,1,1,0,1680,501.9,M,0.0,0.0,0.0,0.0,0.0,0.0,1.0
10,1,1,1,1,1,1,1,1,1,1,1,1,1,0,225,20,1,0,1,356,552.25,F,0.0,0.0,0.0,0.0,0.0,0.0,1.0
10,1,1,1,0,1,1,1,1,1,1,1,1,1,0,200,20,1,1,0,774,549.28,M,0.0,0.0,0.0,0.0,0.0,0.0,1.0
9,0,1,0,0,1,0,0,1,1,0,0,1,1,0,300,20,1,1,1,1408,420.38,F,0.0,0.0,0.0,1.0,0.0,0.0,0.0
10,1,1,1,0,1,1,0,1,1,1,1,1,1,0,225,30,1,1,0,2748,630.18,F,0.0,0.0,0.0,0.0,0.0,0.0,1.0
10,1,1,0,0,1,1,0,1,1,0,0,0,1,0,90,40,1,1,1,1763,472.17,F,0.0,0.0,0.0,1.0,0.0,0.0,0.0
10,1,1,1,1,1,1,1,1,1,1,1,1,1,0,275,15,1,0,1,915,687.08,M,0.0,0.0,0.0,0.0,1.0,0.0,0.0
10,1,1,1,0,0,1,0,1,1,1,1,1,1,0,250,25,1,1,1,1392,385.9,F,0.0,0.0,1.0,0.0,0.0,0.0,0.0
10,1,1,1,1,1,1,0,1,1,1,1,1,1,1,225,25,1,1,0,632,627.12,M,0.0,0.0,0.0,0.0,0.0,0.0,1.0
9,1,0,1,0,1,1,0,1,1,1,1,1,1,0,180,20,1,1,1,1110,371.87,M,0.0,0.0,1.0,0.0,0.0,0.0,0.0
10,1,1,1,0,1,1,0,1,1,1,1,1,1,1,250,28,1,1,1,1392,396.55,F,0.0,0.0,1.0,0.0,0.0,0.0,0.0
10,1,1,1,1,1,1,1,1,1,1,1,1,1,0,275,20,1,1,0,929,422.21,M,0.0,0.0,0.0,0.0,0.0,0.0,1.0
10,1,1,1,0,1,1,0,1,1,1,1,1,1,0,270,16,1,1,0,996,363.77,M,0.0,0.0,1.0,0.0,0.0,0.0,0.0
10,0,1,1,0,1,1,0,1,1,1,1,1,1,1,50,19,1,1,0,507,557.97,F,0.0,0.0,0.0,0.0,0.0,0.0,1.0
10,1,1,1,0,0,1,1,1,1,1,1,1,1,0,225,25,1,1,0,2748,640.75,M,0.0,0.0,0.0,0.0,0.0,0.0,1.0
11,0,1,1,0,0,1,0,0,1,1,1,1,1,0,300,30,1,1,1,3138,607.54,F,0.0,0.0,0.0,0.0,0.0,0.0,1.0
10,1,1,1,1,1,1,1,1,1,1,1,1,1,0,200,25,1,1,0,632,683.32,M,0.0,0.0,0.0,0.0,0.0,0.0,1.0
10,1,0,1,1,1,1,1,1,1,1,1,1,1,0,225,20,1,1,0,149,501.1,M,0.0,0.0,0.0,0.0,0.0,0.0,1.0
10,0,1,1,0,1,1,0,0,1,1,1,1,1,0,225,15,1,1,0,149,569.33,F,0.0,0.0,0.0,0.0,0.0,0.0,1.0
10,1,1,1,1,0,1,1,1,1,1,1,1,1,0,215,20,1,1,0,774,434.24,M,0.0,0.0,0.0,0.0,0.0,0.0,1.0
10,0,1,1,1,1,1,1,1,1,1,1,1,1,0,250,75,1,1,0,1375,601.3,M,0.0,0.0,0.0,0.0,0.0,0.0,1.0
10,0,1,0,0,1,1,0,1,0,0,0,1,0,0,54,28,1,1,0,227,475.6,M,0.0,0.0,0.0,1.0,0.0,0.0,0.0
10,1,1,1,0,1,1,1,1,1,1,1,1,1,0,450,25,1,1,1,1720,662.71,M,0.0,0.0,0.0,0.0,0.0,0.0,1.0
10,0,1,1,0,0,1,0,0,1,0,1,0,1,1,90,25,1,1,0,1489,593.21,M,0.0,0.0,0.0,1.0,0.0,0.0,0.0
10,1,1,1,0,1,1,1,1,1,1,1,1,1,0,225,21,1,1,0,612,655.18,M,0.0,0.0,0.0,0.0,0.0,0.0,1.0
10,0,1,1,0,1,1,0,1,1,1,0,1,1,1,250,40,1,1,1,3592,653.97,M,0.0,0.0,0.0,1.0,0.0,0.0,0.0
10,0,1,1,1,1,1,1,1,1,1,1,1,1,0,275,25,1,1,0,1327,576.69,M,0.0,0.0,0.0,0.0,0.0,0.0,1.0
11,1,1,0,0,0,0,0,1,1,1,0,0,0,0,250,36,1,1,1,1763,497.36,F,0.0,0.0,0.0,1.0,0.0,0.0,0.0
11,0,1,0,0,1,0,0,1,1,1,1,1,1,0,50,11,1,1,0,400,484.26,M,0.0,0.0,0.0,1.0,0.0,0.0,0.0
11,0,1,1,0,1,1,0,1,1,0,0,1,1,0,245,38,1,1,1,1095,591.04,M,0.0,1.0,0.0,0.0,0.0,0.0,0.0
10,1,1,1,1,1,1,0,1,1,1,1,1,1,0,1200,11,1,1,0,361,530.48,F,0.0,0.0,0.0,0.0,0.0,0.0,1.0
10,1,1,0,0,1,1,0,1,1,1,1,1,0,0,250,30,1,1,0,2340,424.91,F,0.0,0.0,0.0,0.0,0.0,0.0,1.0
10,0,1,1,0,1,0,0,1,1,1,1,1,1,1,200,15,1,1,0,846,568.3,F,0.0,0.0,0.0,0.0,0.0,0.0,1.0
10,1,1,1,0,0,1,0,1,1,1,1,1,1,1,250,20,1,1,0,854,450.88,F,0.0,0.0,0.0,0.0,0.0,0.0,1.0
10,1,0,1,0,0,0,0,0,1,1,1,1,0,0,205,16,1,1,0,434,450.75,M,0.0,0.0,0.0,0.0,0.0,0.0,1.0
10,0,1,1,1,1,1,1,1,1,1,1,1,1,0,245,20,1,1,0,2878,632.97,M,0.0,0.0,0.0,0.0,0.0,0.0,1.0
11,1,1,1,1,0,1,1,1,1,1,1,1,1,0,225,20,1,0,1,356,520.39,F,0.0,0.0,0.0,0.0,0.0,0.0,1.0
10,0,0,1,0,0,1,0,0,1,1,1,1,1,0,225,20,1,1,0,1347,436.66,F,0.0,0.0,0.0,0.0,0.0,0.0,1.0
9,1,1,1,0,1,1,0,1,1,1,1,1,1,0,300,45,1,1,1,3138,382.69,M,0.0,0.0,1.0,0.0,0.0,0.0,0.0
9,0,1,1,1,0,1,1,1,1,1,1,1,1,0,250,13,1,1,0,149,506.17,F,0.0,0.0,0.0,0.0,0.0,0.0,1.0
10,1,0,1,0,1,1,0,1,1,1,1,1,1,0,275,18,1,1,0,421,328.17,M,0.0,0.0,1.0,0.0,0.0,0.0,0.0
10,1,1,1,0,1,1,1,0,1,1,1,1,1,0,900,38,1,1,0,2878,572.6,M,0.0,0.0,0.0,0.0,0.0,0.0,1.0
10,1,0,1,0,1,1,0,0,1,1,1,1,0,0,450,16,1,1,0,1250,270.21,M,0.0,0.0,0.0,1.0,0.0,0.0,0.0
11,1,1,1,0,1,1,0,1,1,1,1,1,1,0,215,20,1,1,0,774,523.3,M,0.0,0.0,0.0,0.0,0.0,0.0,1.0
10,1,1,1,1,1,1,0,1,1,1,1,1,1,0,275,20,0,1,1,502,418.6,M,0.0,0.0,0.0,0.0,0.0,0.0,1.0
10,1,1,1,1,1,1,1,1,1,1,1,1,1,0,435,20,1,1,0,1317,477.26,F,0.0,0.0,0.0,0.0,0.0,0.0,1.0
10,1,1,0,0,1,0,0,1,1,0,0,1,1,0,46,23,1,1,1,1408,495.93,F,0.0,0.0,0.0,1.0,0.0,0.0,0.0
10,1,1,1,0,1,1,0,0,1,1,1,1,1,1,290,35,1,1,1,3261,616.36,F,0.0,0.0,1.0,0.0,0.0,0.0,0.0
10,1,0,1,0,1,1,0,1,1,1,1,1,1,0,300,28,1,1,0,929,515.07,F,0.0,0.0,0.0,0.0,0.0,0.0,1.0
11,0,1,0,0,1,0,0,1,1,0,0,0,1,0,275,35,1,1,1,3164,534.77,F,0.0,0.0,0.0,1.0,0.0,0.0,0.0
10,1,1,0,0,0,1,0,1,1,0,0,0,1,0,40,25,1,1,1,989,442.33,M,0.0,0.0,0.0,1.0,0.0,0.0,0.0
10,1,1,0,0,0,1,0,0,1,1,1,1,0,0,300,28,1,1,0,1347,452.83,M,0.0,0.0,0.0,0.0,0.0,0.0,1.0
10,1,0,1,0,1,0,0,1,1,1,1,1,1,0,120,25,1,1,1,1619,494.97,F,0.0,0.0,0.0,0.0,0.0,0.0,1.0
9,0,0,1,1,0,1,1,1,1,1,1,1,0,0,270,24,1,1,0,996,361.28,M,0.0,0.0,1.0,0.0,0.0,0.0,0.0
10,1,0,1,0,1,1,0,1,1,1,1,1,1,0,250,5,1,1,1,2080,420.06,F,0.0,0.0,0.0,0.0,0.0,0.0,1.0
10,0,1,1,1,1,0,0,1,1,1,1,1,1,1,375,22,1,1,0,1317,531.12,F,1.0,0.0,0.0,0.0,0.0,0.0,0.0
10,0,0,1,0,1,1,0,1,1,1,1,1,1,0,250,30,1,1,0,1327,442.57,M,0.0,0.0,0.0,0.0,1.0,0.0,0.0
10,1,0,1,0,1,1,0,1,1,1,1,1,1,0,240,8,1,1,0,247,462.64,F,0.0,0.0,0.0,0.0,0.0,0.0,1.0
10,1,1,1,0,1,1,1,1,1,1,1,1,1,0,450,28,1,1,0,432,409.34,F,0.0,0.0,0.0,0.0,0.0,0.0,1.0
11,1,1,1,0,0,1,1,1,1,1,1,1,1,1,225,30,1,1,0,1610,638.34,M,0.0,0.0,0.0,0.0,0.0,0.0,1.0
10,1,1,1,1,1,1,1,1,1,0,0,1,1,0,300,25,1,1,0,2041,397.36,M,0.0,0.0,1.0,0.0,0.0,0.0,0.0
10,1,1,1,1,1,1,1,0,1,0,1,0,1,0,225,25,1,1,0,612,668.87,F,0.0,0.0,0.0,0.0,0.0,0.0,1.0
11,1,1,1,0,1,1,0,0,1,1,0,1,1,0,275,28,1,1,1,2149,483.54,M,0.0,0.0,0.0,1.0,0.0,0.0,0.0
10,1,1,1,0,1,1,0,1,1,1,1,1,1,0,90,21,1,1,0,1273,556.33,M,0.0,0.0,1.0,0.0,0.0,0.0,0.0
10,1,1,1,1,1,1,1,1,1,1,1,1,1,0,240,25,1,1,0,1897,626.0,M,0.0,0.0,0.0,0.0,0.0,0.0,1.0
10,0,0,1,0,1,1,0,1,1,1,1,1,1,0,205,20,1,1,0,434,481.94,F,0.0,0.0,0.0,0.0,0.0,0.0,1.0
10,1,1,1,1,0,1,1,1,1,1,0,1,1,0,140,15,1,1,1,1900,615.33,M,0.0,0.0,0.0,0.0,0.0,0.0,1.0
11,0,1,1,0,1,1,0,1,1,0,0,1,1,0,250,27,1,1,1,3164,536.05,M,0.0,1.0,0.0,0.0,0.0,0.0,0.0
10,1,1,1,1,1,1,1,1,1,1,1,1,1,1,350,30,1,1,1,2080,666.24,F,0.0,0.0,0.0,0.0,0.0,0.0,1.0
10,1,1,1,0,1,1,0,1,1,1,1,1,1,0,55,26,1,1,0,1064,611.83,F,0.0,0.0,0.0,0.0,0.0,0.0,1.0
11,1,1,1,0,1,1,0,1,1,1,1,1,1,1,200,25,1,1,0,1680,555.27,F,0.0,0.0,0.0,1.0,0.0,0.0,0.0
11,1,1,0,0,1,0,0,1,1,0,0,1,0,0,275,36,1,1,1,3164,489.79,M,0.0,0.0,0.0,1.0,0.0,0.0,0.0
10,1,1,1,0,0,1,0,1,1,0,1,1,1,0,225,25,1,0,0,1064,577.98,M,0.0,0.0,0.0,0.0,0.0,0.0,1.0
10,1,1,1,0,1,1,0,1,1,1,1,1,1,0,50,31,1,1,1,2144,571.95,F,0.0,0.0,0.0,0.0,0.0,0.0,1.0
10,0,1,1,1,1,1,0,1,1,1,1,1,1,0,300,25,1,1,0,1250,543.82,M,0.0,0.0,0.0,0.0,0.0,0.0,1.0
10,1,1,1,0,1,1,1,1,1,1,1,1,1,0,250,30,1,1,0,868,482.02,M,0.0,0.0,0.0,0.0,0.0,0.0,1.0
10,1,1,1,1,1,1,1,1,1,1,1,1,1,0,225,22,1,1,0,1610,465.02,M,0.0,0.0,0.0,0.0,0.0,0.0,1.0
11,0,1,1,1,0,0,0,1,1,1,1,1,1,0,784,30,1,1,0,754,453.56,M,0.0,0.0,0.0,0.0,0.0,0.0,1.0
11,1,1,1,0,1,1,0,1,1,1,1,1,1,0,225,25,1,1,0,929,539.62,F,0.0,0.0,0.0,0.0,0.0,0.0,1.0
11,0,0,1,0,1,1,0,1,1,1,1,1,0,0,450,30,1,1,1,1378,411.07,M,1.0,0.0,0.0,0.0,0.0,0.0,0.0
10,1,1,1,1,0,1,1,1,1,0,0,1,1,0,225,23,1,0,0,1064,461.81,M,0.0,0.0,0.0,0.0,0.0,0.0,1.0
10,1,0,0,0,0,0,0,1,1,1,1,1,1,0,240,30,0,1,1,626,313.61,F,0.0,0.0,0.0,0.0,0.0,0.0,1.0
10,1,1,1,0,1,1,0,1,1,1,1,1,1,1,1050,31,1,1,0,361,513.96,F,0.0,0.0,1.0,0.0,0.0,0.0,0.0
10,0,1,1,0,0,1,0,1,1,1,1,1,1,1,265,20,1,1,1,1095,697.91,M,0.0,0.0,0.0,0.0,0.0,0.0,1.0
10,1,1,1,1,1,1,0,1,1,1,0,1,1,0,315,24,1,1,0,899,385.49,M,0.0,0.0,0.0,0.0,0.0,0.0,1.0
9,1,1,1,1,1,1,1,1,1,1,1,1,1,0,260,14,1,1,0,636,593.85,M,0.0,0.0,0.0,0.0,0.0,0.0,1.0
10,1,1,1,0,0,1,0,1,1,1,1,1,1,0,180,22,1,1,0,887,479.08,F,0.0,0.0,0.0,0.0,0.0,0.0,1.0
10,1,1,1,0,1,1,1,1,1,1,1,1,1,0,300,30,1,1,0,898,537.25,M,0.0,0.0,0.0,0.0,0.0,0.0,1.0
10,0,1,1,1,1,0,0,1,1,0,0,1,1,1,250,30,1,1,1,2144,381.05,F,0.0,0.0,0.0,1.0,0.0,0.0,0.0
10,0,0,1,0,0,1,0,1,1,0,0,1,0,0,315,25,1,1,1,1062,497.33,M,0.0,0.0,0.0,1.0,0.0,0.0,0.0
10,1,1,1,1,1,1,1,0,1,1,0,1,1,0,270,30,1,1,0,1692,440.89,M,0.0,0.0,1.0,0.0,0.0,0.0,0.0
10,0,1,1,1,0,1,1,1,1,1,1,1,1,1,225,15,1,0,1,366,594.33,M,0.0,0.0,0.0,0.0,0.0,0.0,1.0
10,1,1,1,1,1,1,1,1,1,1,1,1,1,0,250,20,1,1,0,1526,642.99,M,0.0,0.0,0.0,0.0,0.0,0.0,1.0
10,0,1,1,0,1,1,1,1,1,1,1,1,1,0,425,30,1,1,0,930,570.6,F,0.0,0.0,0.0,0.0,0.0,0.0,1.0
10,1,0,1,1,1,1,0,1,1,1,1,1,1,1,225,19,1,1,0,149,448.5,F,0.0,0.0,0.0,0.0,0.0,0.0,1.0
11,1,1,1,1,1,1,1,1,1,0,0,1,1,1,220,20,1,1,0,2098,688.09,F,0.0,0.0,0.0,0.0,0.0,0.0,1.0
10,1,1,1,0,1,0,0,0,1,1,1,1,1,0,540,28,1,1,1,1378,581.48,F,0.0,0.0,0.0,0.0,0.0,0.0,1.0
10,1,0,1,0,1,1,0,0,1,1,1,1,1,0,30,25,1,1,0,762,313.69,F,0.0,0.0,1.0,0.0,0.0,0.0,0.0
10,1,1,1,1,1,1,1,1,1,0,1,1,1,0,135,30,1,1,1,2966,416.28,M,0.0,0.0,0.0,1.0,0.0,0.0,0.0
10,0,0,1,0,0,1,0,1,1,1,1,1,1,1,275,30,1,1,0,1848,560.91,F,0.0,0.0,0.0,0.0,0.0,0.0,1.0
11,0,1,1,0,1,1,0,1,1,1,1,1,1,1,300,30,0,1,1,1046,685.87,F,0.0,0.0,0.0,0.0,0.0,0.0,1.0
10,0,1,0,0,0,0,0,1,1,0,0,0,1,0,280,27,1,1,0,754,452.11,M,0.0,0.0,0.0,1.0,0.0,0.0,0.0
11,1,1,1,0,0,1,0,1,1,1,1,1,1,1,250,30,1,0,1,308,707.47,F,0.0,0.0,0.0,0.0,0.0,0.0,1.0
11,1,1,1,0,1,1,0,1,1,1,1,1,0,0,450,25,1,1,0,432,406.5,M,0.0,0.0,0.0,0.0,0.0,0.0,1.0
11,1,1,1,1,1,1,1,1,1,1,1,1,1,1,270,12,1,1,0,389,746.0,F,0.0,0.0,0.0,0.0,0.0,0.0,1.0
10,1,1,1,1,0,1,1,1,1,1,1,1,1,0,275,20,1,1,0,1526,559.46,M,0.0,0.0,0.0,0.0,0.0,0.0,1.0
10,1,1,1,1,0,1,1,1,1,1,1,1,1,1,225,28,1,0,1,366,643.07,M,0.0,0.0,0.0,0.0,0.0,0.0,1.0
11,0,1,1,0,1,1,0,1,0,0,0,1,1,0,450,29,1,1,0,2569,549.07,F,0.0,0.0,0.0,1.0,0.0,0.0,0.0
10,0,1,1,0,1,1,0,1,1,1,1,1,1,0,275,20,1,1,0,507,446.18,M,0.0,0.0,0.0,0.0,0.0,0.0,1.0
11,1,1,1,1,1,1,1,1,1,1,1,1,1,1,250,15,1,0,1,915,671.49,F,0.0,0.0,0.0,0.0,0.0,0.0,1.0
11,0,0,1,0,1,1,0,1,1,1,1,1,1,0,270,25,0,1,0,389,448.82,F,0.0,0.0,0.0,0.0,0.0,0.0,1.0
10,1,1,1,1,0,1,1,1,1,1,1,1,1,0,225,10,1,1,0,149,625.97,F,0.0,0.0,0.0,0.0,0.0,0.0,1.0
10,1,1,1,0,1,1,0,0,1,0,1,0,1,0,250,19,1,1,0,1382,471.06,F,0.0,0.0,0.0,1.0,0.0,0.0,0.0
10,1,1,1,0,1,0,0,1,1,1,1,1,1,1,315,27,1,0,1,308,610.0,F,0.0,0.0,0.0,1.0,0.0,0.0,0.0
10,1,1,1,1,1,1,0,1,1,1,1,1,1,1,225,20,1,0,1,356,476.38,F,0.0,0.0,0.0,0.0,0.0,0.0,1.0
10,1,0,1,0,1,1,0,0,1,0,1,1,1,0,275,30,1,1,1,2646,458.67,F,0.0,0.0,0.0,1.0,0.0,0.0,0.0
9,1,1,1,0,0,1,0,1,1,0,0,0,1,1,232,21,1,1,0,2710,496.77,M,0.0,0.0,0.0,1.0,0.0,0.0,0.0
10,0,1,1,0,1,0,0,1,1,0,0,0,0,0,240,35,1,1,1,2942,458.21,M,0.0,0.0,0.0,1.0,0.0,0.0,0.0
11,1,1,1,1,1,1,1,1,1,1,1,1,1,0,300,30,1,1,0,2000,508.87,M,0.0,0.0,0.0,0.0,0.0,0.0,1.0
10,0,1,1,0,1,1,1,1,1,1,1,1,1,1,900,26,1,1,0,361,485.52,F,0.0,0.0,0.0,0.0,0.0,0.0,1.0
10,1,1,1,1,1,1,1,1,1,1,0,1,1,1,250,32,1,1,0,1375,586.49,F,0.0,0.0,0.0,0.0,1.0,0.0,0.0
10,1,1,1,1,0,1,1,1,1,1,1,1,1,0,275,20,1,1,0,1526,685.79,F,0.0,0.0,0.0,0.0,0.0,0.0,1.0
10,1,1,1,0,0,0,0,1,1,0,0,0,1,1,50,29,1,1,1,3592,386.38,M,0.0,0.0,0.0,1.0,0.0,0.0,0.0
10,1,0,1,0,0,0,0,1,1,1,1,1,1,0,450,30,1,1,0,930,471.27,M,0.0,0.0,0.0,0.0,0.0,0.0,1.0
10,0,1,1,1,1,1,1,1,1,1,1,1,1,0,240,30,1,1,0,2878,543.34,M,0.0,0.0,0.0,0.0,0.0,0.0,1.0
10,0,1,0,0,0,0,0,0,1,1,1,1,1,1,180,31,1,1,0,1900,501.96,F,0.0,0.0,0.0,1.0,0.0,0.0,0.0
11,1,1,1,1,0,1,1,1,1,1,1,1,1,0,88,30,1,1,0,2402,431.11,M,0.0,0.0,0.0,0.0,0.0,0.0,1.0
10,0,0,1,0,1,1,1,1,1,1,1,1,1,0,230,20,1,1,0,2748,424.13,M,0.0,0.0,0.0,0.0,0.0,0.0,1.0
10,0,1,1,0,1,1,1,1,1,1,1,1,1,1,250,25,1,1,1,1276,480.83,F,0.0,0.0,0.0,0.0,0.0,0.0,1.0
11,1,1,1,1,1,1,1,1,1,1,1,1,1,1,250,30,1,1,0,1526,480.28,F,0.0,0.0,0.0,0.0,0.0,0.0,1.0
10,1,1,1,0,1,1,0,1,1,1,1,1,1,0,270,30,0,1,1,1619,445.88,F,0.0,0.0,1.0,0.0,0.0,0.0,0.0
11,0,0,0,0,0,1,0,0,1,1,1,1,1,0,45,11,1,1,0,276,323.12,M,0.0,0.0,0.0,0.0,0.0,0.0,1.0
10,1,0,1,1,1,1,0,1,1,1,1,1,1,0,225,30,1,1,0,358,434.56,M,0.0,0.0,0.0,0.0,0.0,0.0,1.0
10,0,1,1,1,0,1,1,1,0,0,0,0,1,1,480,20,1,1,1,2203,535.88,F,0.0,1.0,0.0,0.0,0.0,0.0,0.0
11,1,1,1,0,1,1,0,0,1,0,1,1,1,0,350,25,1,0,1,308,592.73,M,0.0,0.0,0.0,0.0,0.0,1.0,0.0
10,1,1,1,0,1,1,0,1,1,1,1,1,1,0,100,20,1,1,0,2748,328.42,M,0.0,0.0,0.0,0.0,0.0,0.0,1.0
10,1,1,1,1,1,1,1,1,1,1,1,1,1,0,250,25,1,1,0,1233,512.8,M,0.0,0.0,0.0,0.0,0.0,0.0,1.0
10,1,1,1,0,0,1,0,1,1,1,1,1,1,1,250,35,1,1,0,854,442.33,M,0.0,0.0,0.0,0.0,1.0,0.0,0.0
11,1,1,1,0,1,1,0,1,1,1,0,1,1,0,275,18,1,1,0,1526,648.77,F,0.0,0.0,0.0,1.0,0.0,0.0,0.0
10,1,1,1,0,1,1,0,1,1,0,0,1,0,0,260,30,1,1,1,2646,462.37,M,0.0,0.0,0.0,1.0,0.0,0.0,0.0
10,1,1,1,0,1,1,0,1,1,1,1,1,1,0,300,18,1,1,0,929,456.76,M,0.0,0.0,0.0,0.0,0.0,0.0,1.0
10,1,1,1,0,1,1,0,1,1,1,1,1,1,1,300,30,1,1,0,929,633.28,F,0.0,0.0,0.0,0.0,0.0,0.0,1.0
11,1,0,1,1,1,1,1,1,1,0,1,1,1,0,650,20,0,1,0,987,259.15,M,0.0,0.0,0.0,1.0,0.0,0.0,0.0
10,1,1,1,0,0,1,0,1,1,1,1,1,1,0,450,25,1,1,0,1387,377.56,F,0.0,0.0,1.0,0.0,0.0,0.0,0.0
10,1,1,1,1,1,0,1,1,0,0,0,1,1,0,270,25,1,1,1,1378,571.63,F,0.0,0.0,0.0,0.0,0.0,0.0,1.0
10,0,1,1,1,1,1,1,1,1,1,1,1,1,0,250,27,1,1,0,1375,579.66,M,0.0,0.0,0.0,1.0,0.0,0.0,0.0
9,1,1,0,0,1,0,1,1,1,0,0,0,1,1,600,18,1,1,1,2646,383.41,M,0.0,0.0,0.0,1.0,0.0,0.0,0.0
11,1,0,1,0,1,1,0,1,1,1,1,1,1,1,290,28,1,1,1,1046,474.8,M,0.0,0.0,0.0,0.0,0.0,0.0,1.0
10,1,1,1,1,1,1,1,1,1,1,1,1,1,0,220,24,1,1,0,929,543.35,F,0.0,0.0,0.0,0.0,0.0,0.0,1.0
10,0,1,1,0,1,1,0,1,1,1,1,1,1,0,270,28,1,1,1,1378,478.01,M,0.0,0.0,0.0,0.0,0.0,0.0,1.0
10,1,1,1,0,0,1,0,1,1,1,1,1,1,0,250,20,1,1,0,636,665.13,F,0.0,0.0,0.0,0.0,0.0,0.0,1.0
10,1,1,1,1,1,1,1,1,1,1,1,1,1,0,200,30,1,1,0,1087,528.27,M,0.0,0.0,0.0,0.0,0.0,0.0,1.0
10,1,1,1,0,1,1,0,1,1,0,0,1,1,0,270,25,1,1,1,2999,536.85,M,0.0,1.0,0.0,0.0,0.0,0.0,0.0
9,1,1,1,1,1,1,1,1,1,1,1,1,1,1,225,25,1,1,1,1640,601.3,M,0.0,0.0,0.0,0.0,0.0,0.0,1.0
10,0,1,1,0,1,1,0,1,1,1,1,1,1,0,270,25,1,1,0,1489,532.55,F,0.0,0.0,0.0,0.0,0.0,0.0,1.0
10,0,1,1,0,0,1,0,1,1,1,1,1,1,1,450,30,1,1,0,1387,554.15,F,0.0,0.0,1.0,0.0,0.0,0.0,0.0
10,1,1,1,0,0,0,0,1,0,0,0,0,1,1,300,25,1,1,0,1900,403.3,F,0.0,0.0,0.0,1.0,0.0,0.0,0.0
10,1,1,1,0,0,1,0,0,1,1,1,1,1,0,270,15,1,1,0,261,463.98,M,0.0,0.0,0.0,0.0,0.0,0.0,1.0
10,1,0,1,1,1,1,0,1,1,1,1,1,1,0,215,10,1,1,0,774,446.18,M,0.0,0.0,0.0,0.0,0.0,0.0,1.0
10,1,1,1,1,1,1,1,1,1,1,1,1,1,0,220,20,1,1,0,632,605.95,F,0.0,0.0,0.0,0.0,0.0,0.0,1.0
10,0,1,1,1,0,1,1,1,1,1,1,1,1,0,275,24,1,1,0,434,526.11,F,0.0,0.0,0.0,0.0,0.0,0.0,1.0
10,1,1,1,0,0,1,0,1,1,1,1,1,1,1,270,25,1,1,0,1489,609.13,F,0.0,0.0,0.0,0.0,0.0,0.0,1.0
10,1,1,1,0,1,1,0,1,1,1,1,1,1,0,270,17,1,1,0,996,464.94,F,0.0,0.0,1.0,0.0,0.0,0.0,0.0
10,1,0,0,0,0,0,0,1,1,0,0,0,0,0,275,30,1,1,0,1347,398.45,F,0.0,0.0,0.0,1.0,0.0,0.0,0.0
10,1,1,1,1,1,1,0,1,1,1,1,1,1,0,360,25,1,1,0,432,505.54,F,0.0,0.0,0.0,0.0,0.0,0.0,1.0
10,1,1,1,0,0,1,1,1,1,1,1,1,0,1,315,12,1,1,0,300,412.35,M,1.0,0.0,0.0,0.0,0.0,0.0,0.0
10,0,0,1,0,1,0,0,1,0,0,0,0,1,0,90,25,1,1,0,1079,407.67,F,0.0,0.0,0.0,1.0,0.0,0.0,0.0
10,0,1,1,0,1,1,0,0,1,1,1,1,1,1,400,16,1,1,0,820,529.15,M,0.0,0.0,1.0,0.0,0.0,0.0,0.0
10,1,1,1,0,1,1,0,1,1,1,1,1,1,0,200,22,1,1,0,632,620.38,M,0.0,0.0,0.0,0.0,0.0,0.0,1.0
11,1,0,1,0,1,1,0,1,1,1,1,1,1,0,230,20,1,1,0,347,554.25,M,0.0,0.0,0.0,0.0,0.0,0.0,1.0
10,1,1,1,0,1,1,1,0,1,1,1,1,1,0,210,25,1,1,0,996,497.01,M,0.0,0.0,0.0,1.0,0.0,0.0,0.0
10,1,1,1,1,1,1,1,1,1,1,1,1,1,0,90,30,1,1,0,2569,441.03,F,0.0,0.0,0.0,0.0,0.0,0.0,1.0
10,0,0,1,0,1,1,0,1,1,1,1,1,1,0,225,23,1,1,0,347,384.85,M,0.0,0.0,0.0,0.0,0.0,0.0,1.0
10,1,1,1,1,1,1,1,1,1,1,0,1,1,0,275,16,0,0,1,915,642.02,F,0.0,0.0,0.0,1.0,0.0,0.0,0.0
9,1,1,1,0,1,1,0,1,1,1,1,1,1,1,90,25,1,1,0,1079,271.66,M,0.0,0.0,1.0,0.0,0.0,0.0,0.0
10,1,1,0,0,0,0,0,0,1,0,0,1,1,1,225,25,1,1,0,366,462.48,F,0.0,0.0,0.0,1.0,0.0,0.0,0.0
10,1,1,1,0,1,1,0,1,1,1,1,1,1,0,250,30,1,1,1,1095,503.39,F,0.0,0.0,0.0,0.0,0.0,0.0,1.0
10,1,1,1,0,1,1,0,1,1,1,1,1,1,0,250,30,1,1,0,1233,541.44,F,0.0,0.0,0.0,0.0,0.0,0.0,1.0
10,0,1,1,0,0,1,0,1,1,1,1,1,1,1,275,27,1,1,0,854,588.87,F,0.0,0.0,0.0,0.0,0.0,0.0,1.0
10,1,0,0,0,1,0,0,1,0,0,0,0,0,1,330,29,1,1,1,1400,365.56,F,0.0,1.0,0.0,0.0,0.0,0.0,0.0
10,0,1,1,0,1,1,0,1,0,0,0,0,1,1,225,30,1,1,1,1110,560.11,F,0.0,0.0,0.0,0.0,0.0,0.0,1.0
10,0,0,1,1,0,1,0,1,1,1,1,1,1,1,270,14,1,1,0,196,462.88,F,0.0,0.0,0.0,0.0,0.0,0.0,1.0
11,1,1,1,0,1,1,0,1,1,0,0,1,1,0,200,27,1,0,1,398,518.72,F,0.0,1.0,0.0,0.0,0.0,0.0,0.0
10,1,1,1,0,1,1,0,1,1,1,1,1,1,0,225,18,1,1,0,149,543.27,F,0.0,0.0,0.0,0.0,0.0,0.0,1.0
9,0,0,1,0,0,1,0,0,1,1,1,0,1,0,450,10,1,1,1,1998,341.32,M,0.0,0.0,0.0,1.0,0.0,0.0,0.0
9,1,1,1,1,1,1,1,1,1,1,1,1,1,1,250,11,1,0,1,915,619.1,M,0.0,0.0,0.0,0.0,0.0,0.0,1.0
10,1,0,1,1,1,1,1,1,1,1,1,1,1,0,300,15,1,1,1,3138,343.01,M,0.0,0.0,0.0,0.0,0.0,0.0,1.0
10,0,1,1,0,1,1,1,1,1,1,1,1,1,1,370,30,1,1,0,712,595.61,M,0.0,0.0,0.0,0.0,0.0,0.0,1.0
10,0,1,1,0,0,1,0,0,0,0,0,0,1,1,240,25,1,1,0,1087,502.36,F,0.0,1.0,0.0,0.0,0.0,0.0,0.0
11,1,0,1,0,1,1,0,1,1,1,1,1,1,1,420,30,1,1,1,1046,489.89,F,0.0,0.0,0.0,0.0,0.0,0.0,1.0
10,1,0,1,1,1,1,0,1,1,1,1,1,1,1,750,30,1,1,0,712,398.21,F,0.0,0.0,0.0,0.0,0.0,0.0,1.0
10,1,1,1,0,1,1,0,0,1,1,0,1,1,1,225,18,1,1,1,1196,582.22,M,0.0,0.0,0.0,1.0,0.0,0.0,0.0
10,1,1,1,1,1,1,1,0,1,1,1,1,1,1,450,15,1,1,0,1173,579.34,F,0.0,0.0,0.0,0.0,0.0,0.0,1.0
11,0,1,1,0,1,1,0,1,1,1,1,1,1,0,250,17,1,1,0,2878,660.31,M,0.0,0.0,0.0,0.0,0.0,0.0,1.0
10,1,1,1,0,0,1,1,1,1,1,1,1,1,0,225,30,1,0,0,1064,620.54,M,0.0,0.0,0.0,0.0,0.0,0.0,1.0
9,0,1,1,0,1,1,0,1,1,1,1,1,1,0,300,20,1,1,0,1233,450.75,M,0.0,0.0,0.0,0.0,0.0,0.0,1.0
10,0,1,1,1,1,1,0,1,1,1,1,1,1,1,275,21,1,1,0,3004,511.42,F,0.0,0.0,1.0,0.0,0.0,0.0,0.0
10,0,1,1,0,1,0,0,1,1,0,0,1,1,0,225,25,0,1,1,991,560.35,F,0.0,0.0,0.0,1.0,0.0,0.0,0.0
10,1,1,1,1,0,1,1,1,1,1,1,1,1,1,220,20,1,1,0,2098,620.46,M,0.0,0.0,0.0,0.0,0.0,0.0,1.0
9,0,1,1,0,1,1,0,0,1,1,1,1,1,1,225,23,1,1,0,854,462.96,F,0.0,0.0,0.0,0.0,0.0,0.0,1.0
10,0,1,1,1,1,1,0,1,1,0,0,1,1,0,330,35,1,1,1,1763,541.9,M,0.0,0.0,0.0,0.0,1.0,0.0,0.0
10,1,1,1,0,1,1,0,1,1,1,1,1,0,1,249,25,1,1,0,979,601.66,F,0.0,0.0,0.0,0.0,1.0,0.0,0.0
9,1,0,1,0,0,1,0,1,1,1,1,1,1,1,215,17,1,1,0,247,434.28,F,0.0,0.0,0.0,0.0,0.0,0.0,1.0
10,1,1,1,0,1,1,0,1,1,1,1,1,1,1,200,26,1,1,0,887,542.4,F,0.0,0.0,0.0,0.0,0.0,0.0,1.0
10,1,1,1,1,1,1,1,1,1,1,1,1,1,0,45,23,1,1,0,1064,388.86,M,0.0,0.0,0.0,0.0,0.0,0.0,1.0
11,1,1,1,0,0,1,1,1,1,1,1,1,1,0,270,30,1,1,0,2402,514.72,M,0.0,0.0,0.0,0.0,0.0,0.0,1.0
10,0,1,0,0,1,0,0,1,0,0,0,0,1,0,450,20,1,1,0,2569,438.24,M,0.0,0.0,0.0,1.0,0.0,0.0,0.0
10,1,1,1,1,0,1,0,1,1,1,1,1,0,0,50,20,1,1,0,421,487.31,M,0.0,0.0,1.0,0.0,0.0,0.0,0.0
10,0,1,1,0,1,1,0,0,1,1,1,1,0,1,360,25,1,1,0,808,615.48,F,0.0,0.0,0.0,0.0,0.0,0.0,1.0
10,1,1,1,1,1,1,1,1,1,1,1,1,1,0,160,20,1,0,1,1212,554.09,M,0.0,0.0,0.0,0.0,0.0,0.0,1.0
10,0,1,0,0,0,0,0,1,1,1,1,1,1,1,500,20,1,1,0,854,546.29,F,0.0,0.0,0.0,0.0,0.0,0.0,1.0
10,1,1,1,1,0,1,1,1,1,1,1,1,1,1,275,20,1,1,0,1526,564.99,M,0.0,0.0,0.0,0.0,0.0,0.0,1.0
10,1,1,1,1,1,1,0,1,1,1,1,1,1,0,1050,25,1,1,0,1411,498.45,M,0.0,0.0,0.0,1.0,0.0,0.0,0.0
10,0,1,0,0,0,1,1,1,1,1,0,1,1,1,275,22,1,1,1,1276,356.75,F,0.0,0.0,0.0,0.0,0.0,0.0,1.0
11,1,0,1,0,1,1,0,1,1,1,1,1,1,0,290,28,1,1,0,926,476.97,M,0.0,0.0,0.0,0.0,0.0,0.0,1.0
10,1,1,1,0,0,1,0,1,1,1,1,1,1,1,250,25,1,1,1,1723,595.05,M,0.0,0.0,0.0,0.0,0.0,0.0,1.0
10,0,1,1,0,0,1,0,0,1,1,1,1,1,0,90,25,1,1,0,1317,541.98,M,0.0,0.0,0.0,0.0,0.0,0.0,1.0
10,1,1,1,1,1,1,1,1,1,1,1,1,1,0,200,25,1,1,0,632,653.01,M,0.0,0.0,0.0,0.0,0.0,0.0,1.0
9,1,1,1,0,1,1,0,1,1,1,1,1,1,0,250,10,0,1,1,1723,327.61,M,0.0,0.0,1.0,0.0,0.0,0.0,0.0
11,0,1,0,0,1,0,0,1,1,0,0,0,1,0,225,30,1,1,0,366,536.29,M,0.0,0.0,0.0,1.0,0.0,0.0,0.0
10,1,1,1,0,1,1,0,0,1,1,1,1,1,0,270,25,1,1,0,2361,575.81,M,0.0,0.0,0.0,1.0,0.0,0.0,0.0
10,0,1,1,0,0,1,0,1,1,1,1,1,1,0,250,20,1,1,0,636,466.06,M,0.0,0.0,0.0,0.0,0.0,0.0,1.0
10,1,0,1,0,1,1,0,0,1,1,1,1,1,0,180,25,1,1,0,887,373.31,M,0.0,0.0,0.0,0.0,0.0,0.0,1.0
10,1,1,1,1,1,1,1,1,1,1,1,1,1,1,300,25,0,1,0,898,573.78,F,0.0,0.0,0.0,0.0,0.0,0.0,1.0
10,1,1,0,0,0,0,0,1,1,1,1,1,1,0,270,25,1,1,1,991,533.98,F,0.0,0.0,1.0,0.0,0.0,0.0,0.0
10,1,1,1,0,0,1,0,1,1,1,0,1,1,1,300,40,1,1,1,2085,584.18,F,0.0,0.0,0.0,0.0,0.0,0.0,1.0
10,1,1,1,0,1,1,1,1,1,1,1,1,1,0,270,20,1,1,0,389,561.3,M,0.0,0.0,0.0,0.0,0.0,0.0,1.0
11,0,1,1,0,1,1,1,1,1,0,0,1,1,0,195,30,1,0,1,570,540.01,F,0.0,0.0,0.0,1.0,0.0,0.0,0.0
10,1,1,1,1,1,1,1,1,0,1,0,1,1,0,200,30,1,0,1,398,378.2,M,0.0,0.0,0.0,0.0,0.0,0.0,1.0
10,1,1,1,0,1,1,0,1,1,1,1,1,1,0,200,24,1,1,1,2640,511.28,M,0.0,0.0,0.0,0.0,0.0,0.0,1.0
10,1,0,0,0,1,0,0,1,1,0,0,1,1,0,300,35,1,1,1,3138,510.94,F,0.0,0.0,0.0,1.0,0.0,0.0,0.0
11,1,1,1,1,1,1,1,0,1,1,1,1,1,0,516,30,1,1,0,1812,489.95,M,0.0,0.0,0.0,0.0,0.0,0.0,1.0
10,1,0,1,1,1,1,0,1,1,1,1,1,1,0,250,25,1,1,0,854,389.71,F,0.0,0.0,0.0,0.0,0.0,0.0,1.0
10,1,1,1,0,1,1,0,0,1,1,1,1,1,0,250,18,1,1,0,762,506.97,F,0.0,0.0,1.0,0.0,0.0,0.0,0.0
10,1,1,1,1,0,1,1,1,1,1,1,1,1,0,225,26,1,1,0,3009,620.95,M,0.0,0.0,0.0,0.0,0.0,0.0,1.0
10,0,0,0,0,1,1,0,1,1,1,1,1,1,0,47,30,1,1,0,1327,448.35,M,0.0,0.0,0.0,0.0,0.0,0.0,1.0
10,0,0,1,0,1,0,0,0,1,1,1,1,1,0,240,25,1,1,0,926,440.09,M,0.0,0.0,0.0,1.0,0.0,0.0,0.0
11,1,1,1,0,0,1,1,0,0,1,1,1,1,0,300,25,1,1,0,636,542.32,F,0.0,0.0,0.0,0.0,0.0,0.0,1.0
10,1,1,1,0,1,1,0,1,1,1,1,1,1,0,275,25,1,1,1,1998,457.48,M,0.0,0.0,0.0,1.0,0.0,0.0,0.0
11,0,1,1,0,1,1,1,0,1,1,1,1,1,0,275,28,1,1,0,316,510.54,F,0.0,0.0,0.0,0.0,0.0,0.0,1.0
10,1,1,0,0,1,0,0,1,1,0,0,0,1,1,360,24,1,1,0,2183,710.97,F,0.0,1.0,0.0,0.0,0.0,0.0,0.0
10,0,1,1,0,1,1,0,1,1,1,1,1,1,0,270,20,1,1,0,1680,558.17,M,0.0,0.0,0.0,0.0,0.0,0.0,1.0
9,1,0,1,1,0,1,1,1,1,1,1,1,0,1,360,16,1,1,0,987,304.69,M,0.0,0.0,1.0,0.0,0.0,0.0,0.0
11,0,1,1,1,1,1,1,1,1,1,1,1,1,0,275,20,1,1,0,3009,627.4,F,0.0,0.0,0.0,0.0,0.0,0.0,1.0
11,1,1,1,0,1,1,0,1,1,1,0,1,1,0,240,27,1,1,0,2361,619.74,M,0.0,0.0,0.0,0.0,0.0,0.0,1.0
10,0,1,1,0,0,1,0,1,1,1,1,1,1,1,201,30,1,1,1,2966,524.5,M,0.0,0.0,0.0,0.0,0.0,0.0,1.0
10,1,0,1,0,0,0,0,0,1,1,0,1,1,0,350,24,1,1,0,899,508.07,M,0.0,0.0,0.0,0.0,0.0,0.0,1.0
10,1,1,1,0,0,0,0,1,1,0,0,0,1,0,275,25,1,1,0,754,465.98,M,0.0,1.0,0.0,0.0,0.0,0.0,0.0
10,0,1,1,0,0,1,0,1,1,1,1,1,1,1,450,30,1,1,0,432,495.05,F,0.0,0.0,0.0,0.0,0.0,0.0,1.0
10,1,1,1,0,0,1,0,1,1,1,1,1,1,1,235,15,1,1,0,1828,607.62,F,0.0,0.0,0.0,0.0,0.0,0.0,1.0
10,1,0,1,0,1,1,1,1,1,0,0,1,1,0,45,20,1,1,0,1101,398.69,F,0.0,0.0,0.0,1.0,0.0,0.0,0.0
10,1,0,1,0,1,1,0,1,1,1,1,1,0,1,225,20,1,1,0,868,380.92,M,0.0,0.0,1.0,0.0,0.0,0.0,0.0
10,0,1,1,0,1,1,0,0,1,1,1,1,1,0,270,21,1,1,0,1489,491.0,F,0.0,0.0,1.0,0.0,0.0,0.0,0.0
10,0,1,1,1,1,1,0,1,1,1,1,1,1,1,250,30,1,1,0,505,490.51,M,0.0,0.0,0.0,1.0,0.0,0.0,0.0
11,1,1,1,0,1,1,0,1,1,1,1,1,1,0,300,30,1,1,0,1733,544.78,F,0.0,0.0,0.0,0.0,0.0,0.0,1.0
11,1,1,1,1,1,1,1,1,1,1,1,1,1,1,250,30,1,1,1,1392,554.97,M,0.0,0.0,1.0,0.0,0.0,0.0,0.0
10,0,1,1,0,1,1,0,1,1,1,1,1,1,0,45,17,1,1,0,421,529.29,F,0.0,0.0,1.0,0.0,0.0,0.0,0.0
11,0,0,1,0,1,1,0,1,1,1,1,1,1,1,45,20,1,1,1,1723,409.26,F,0.0,0.0,1.0,0.0,0.0,0.0,0.0
10,1,1,1,1,1,1,0,0,1,1,0,1,1,0,300,28,1,1,0,1250,514.12,F,0.0,0.0,0.0,0.0,0.0,0.0,1.0
10,1,1,1,0,1,1,0,1,1,1,1,1,1,0,235,20,1,1,0,1250,517.69,F,0.0,0.0,0.0,1.0,0.0,0.0,0.0
10,0,1,1,0,1,1,0,1,1,1,1,1,1,1,250,20,1,1,0,227,576.29,M,0.0,0.0,0.0,0.0,1.0,0.0,0.0
10,1,1,1,1,0,1,1,1,1,1,1,1,1,0,300,30,1,1,0,2000,602.93,F,0.0,0.0,0.0,0.0,0.0,0.0,1.0
10,0,1,1,0,1,1,0,0,1,1,1,1,0,0,300,29,1,1,0,1848,554.17,M,0.0,0.0,0.0,0.0,0.0,0.0,1.0
11,1,1,1,0,0,1,0,0,1,1,1,1,1,0,300,28,1,1,0,1897,597.37,F,0.0,0.0,0.0,0.0,0.0,0.0,1.0
10,1,1,1,0,1,1,0,1,1,1,1,1,1,0,250,21,1,1,1,1723,472.24,M,0.0,0.0,1.0,0.0,0.0,0.0,0.0
10,0,1,1,0,1,1,0,1,1,1,1,1,1,1,250,35,1,1,0,1692,666.16,M,0.0,0.0,1.0,0.0,0.0,0.0,0.0
10,1,1,1,0,1,1,0,0,1,1,1,1,1,0,300,20,1,1,0,1317,440.65,M,0.0,0.0,0.0,0.0,0.0,0.0,1.0
10,1,1,1,1,1,1,1,0,1,1,1,1,1,0,600,20,1,1,0,361,442.62,F,0.0,0.0,1.0,0.0,0.0,0.0,0.0
10,1,1,1,1,1,1,1,1,1,1,1,1,1,0,250,40,1,1,1,2004,439.28,F,0.0,0.0,0.0,1.0,0.0,0.0,0.0
10,1,1,1,0,1,1,0,1,1,1,1,1,1,0,270,15,1,1,1,1619,525.4,F,0.0,0.0,0.0,0.0,0.0,0.0,1.0
10,1,1,1,1,1,1,1,1,1,1,1,1,1,0,250,32,1,1,0,2878,464.55,F,0.0,0.0,0.0,0.0,0.0,0.0,1.0
10,0,1,1,0,0,1,0,1,1,0,1,1,1,0,270,30,1,1,1,2085,609.37,F,0.0,0.0,0.0,1.0,0.0,0.0,0.0
10,1,1,1,1,1,1,1,1,1,1,1,1,1,0,270,25,1,1,0,1471,566.19,M,0.0,0.0,0.0,0.0,0.0,0.0,1.0
10,1,1,1,0,0,1,1,1,1,1,1,1,1,0,270,28,1,1,1,1378,594.57,M,0.0,0.0,0.0,0.0,0.0,0.0,1.0
10,1,1,1,0,1,1,0,1,1,1,1,1,1,0,245,30,1,1,1,1095,509.27,M,0.0,0.0,1.0,0.0,0.0,0.0,0.0
10,0,1,1,1,1,1,1,1,1,1,1,1,1,1,280,21,1,1,0,1064,548.47,M,0.0,0.0,0.0,0.0,1.0,0.0,0.0
11,1,1,1,1,1,1,1,1,1,1,1,1,1,0,210,21,1,1,0,774,494.52,M,0.0,0.0,0.0,0.0,0.0,0.0,1.0
11,1,1,1,0,1,1,0,1,1,1,0,1,1,0,225,20,1,1,0,2098,455.0,M,0.0,0.0,0.0,1.0,0.0,0.0,0.0
10,1,1,1,0,1,1,0,1,1,1,1,1,1,0,300,24,1,0,1,308,586.31,M,0.0,0.0,0.0,0.0,0.0,0.0,1.0
10,0,1,1,0,1,1,0,1,1,0,0,1,1,1,360,30,1,1,1,2886,561.78,M,0.0,0.0,0.0,1.0,0.0,0.0,0.0
10,0,0,1,1,0,1,0,1,1,1,1,1,1,0,30,25,1,1,0,421,386.14,F,0.0,0.0,0.0,0.0,0.0,0.0,1.0
11,1,1,0,0,0,0,0,1,0,0,0,0,1,0,270,35,1,1,1,3201,520.26,M,0.0,0.0,0.0,1.0,0.0,0.0,0.0
10,1,1,1,1,0,1,1,1,1,1,1,1,1,0,225,21,1,1,0,612,655.74,M,0.0,0.0,0.0,0.0,0.0,0.0,1.0
10,1,1,1,0,1,1,0,1,1,1,1,1,1,0,270,30,1,0,1,575,415.24,M,0.0,0.0,0.0,0.0,0.0,0.0,1.0
8,1,0,1,1,1,0,0,0,1,1,1,1,0,0,160,17,1,1,0,362,342.36,M,0.0,0.0,0.0,1.0,0.0,0.0,0.0
10,0,1,1,0,1,1,0,1,1,1,1,1,1,0,800,20,1,1,0,865,499.1,F,0.0,0.0,0.0,0.0,0.0,0.0,1.0
10,1,1,1,1,1,1,1,1,1,1,1,1,1,0,300,23,1,1,0,1233,483.86,M,0.0,0.0,0.0,0.0,0.0,0.0,1.0
11,0,1,1,0,1,1,1,1,1,1,1,1,1,0,1100,20,1,1,0,1411,540.73,F,0.0,0.0,0.0,0.0,1.0,0.0,0.0
10,1,0,1,0,1,1,0,0,1,1,1,1,1,0,225,25,1,1,1,1062,416.36,M,0.0,0.0,1.0,0.0,0.0,0.0,0.0
10,0,1,1,0,0,1,0,0,1,1,1,1,0,0,300,21,1,1,1,539,393.45,F,0.0,0.0,1.0,0.0,0.0,0.0,0.0
10,1,1,1,1,1,1,0,1,1,1,1,1,1,0,40,20,1,1,0,632,517.22,F,0.0,0.0,0.0,0.0,0.0,0.0,1.0
10,1,1,1,1,1,1,1,1,1,0,0,1,1,0,240,21,1,0,1,575,433.96,F,0.0,1.0,0.0,0.0,0.0,0.0,0.0
10,1,1,1,0,1,1,0,1,1,1,1,1,1,1,270,30,1,1,1,2966,584.18,F,0.0,0.0,0.0,0.0,0.0,0.0,1.0
10,1,1,1,1,1,1,1,1,1,1,1,1,1,0,270,40,1,1,0,389,565.36,F,0.0,0.0,0.0,0.0,0.0,0.0,1.0
10,1,1,1,0,1,1,0,0,1,1,0,0,1,1,75,30,1,1,0,1101,503.71,F,0.0,0.0,0.0,1.0,0.0,0.0,0.0
9,1,1,1,0,0,1,0,1,1,0,0,0,1,0,300,25,1,1,0,2041,495.24,M,0.0,0.0,0.0,1.0,0.0,0.0,0.0
10,1,1,1,0,1,1,0,0,1,1,1,1,1,1,300,32,1,1,1,2144,406.0,F,0.0,0.0,1.0,0.0,0.0,0.0,0.0
10,1,1,1,1,1,1,1,1,1,1,1,1,1,0,200,13,1,1,0,1733,520.42,M,0.0,0.0,0.0,0.0,0.0,0.0,1.0
10,1,1,0,0,1,1,0,1,1,0,1,1,1,0,350,30,1,1,0,712,459.41,M,0.0,0.0,0.0,0.0,1.0,0.0,0.0
9,1,1,1,0,0,1,1,1,1,1,1,1,1,0,300,1,0,1,0,889,397.98,F,0.0,0.0,0.0,1.0,0.0,0.0,0.0
10,1,1,1,1,1,1,1,0,1,1,1,1,1,0,225,24,1,1,1,1640,577.41,M,0.0,0.0,0.0,0.0,0.0,0.0,1.0
10,1,1,1,1,1,1,1,1,1,1,1,1,1,1,300,25,1,1,0,898,531.2,F,0.0,0.0,0.0,0.0,0.0,0.0,1.0
10,1,1,1,1,0,1,1,1,1,1,1,1,1,0,240,25,1,1,0,636,641.07,M,0.0,0.0,0.0,0.0,0.0,0.0,1.0
10,1,0,1,0,1,1,0,1,1,1,1,1,1,0,225,23,1,1,0,1848,491.95,F,0.0,0.0,0.0,0.0,0.0,0.0,1.0
10,1,1,1,1,1,1,1,1,1,1,1,1,1,0,40,20,1,1,0,632,597.86,M,0.0,0.0,0.0,0.0,0.0,0.0,1.0
10,0,1,1,1,0,1,1,1,1,1,1,1,1,0,90,30,1,1,0,1489,376.44,M,0.0,0.0,0.0,1.0,0.0,0.0,0.0
10,1,1,1,0,1,1,0,0,1,1,1,1,1,0,285,13,1,1,0,300,378.52,M,1.0,0.0,0.0,0.0,0.0,0.0,0.0
10,1,1,1,0,0,1,0,1,1,0,0,1,1,0,225,19,1,1,1,1196,453.08,M,0.0,0.0,0.0,1.0,0.0,0.0,0.0
10,1,1,1,1,0,1,1,1,1,1,1,1,1,0,200,25,1,1,0,612,513.72,F,0.0,0.0,0.0,0.0,0.0,0.0,1.0
10,1,1,1,0,1,1,1,1,1,1,1,1,1,0,200,25,0,1,1,2640,516.18,F,0.0,0.0,0.0,0.0,0.0,0.0,1.0
10,1,1,1,0,1,1,0,1,1,1,1,1,1,1,240,25,1,1,0,247,601.06,M,0.0,0.0,0.0,0.0,0.0,0.0,1.0
10,0,0,1,0,0,1,0,0,1,1,1,1,1,0,450,22,1,1,0,1173,564.27,M,0.0,0.0,0.0,0.0,0.0,0.0,1.0
10,1,1,1,1,0,1,1,1,1,1,1,1,1,1,300,30,1,1,0,316,584.1,F,0.0,0.0,0.0,0.0,0.0,0.0,1.0
10,1,1,1,1,1,1,1,1,1,1,1,1,1,0,225,28,1,1,0,3009,391.75,M,0.0,0.0,0.0,0.0,0.0,0.0,1.0
10,0,1,1,0,1,1,0,1,1,1,1,1,1,1,300,24,1,1,0,2183,488.3,F,0.0,0.0,1.0,0.0,0.0,0.0,0.0
10,1,0,1,0,1,1,0,1,1,1,1,1,1,0,225,30,1,1,0,1327,512.32,M,0.0,0.0,0.0,0.0,0.0,0.0,1.0
10,0,1,1,0,0,1,0,1,1,1,1,1,1,0,50,30,1,1,0,854,469.67,M,0.0,0.0,0.0,0.0,0.0,0.0,1.0
10,0,1,1,0,1,1,0,1,0,0,0,0,1,1,300,33,1,1,0,2340,679.19,F,0.0,0.0,0.0,0.0,0.0,0.0,1.0
10,1,1,1,1,1,1,1,0,1,0,1,1,1,1,200,20,1,1,0,509,621.51,M,0.0,0.0,0.0,0.0,0.0,0.0,1.0
9,0,0,1,0,0,0,0,1,1,1,1,1,1,1,225,25,1,1,1,2162,553.84,F,0.0,0.0,0.0,0.0,0.0,0.0,1.0
10,0,1,1,0,1,1,1,1,1,1,1,1,1,0,275,20,0,1,0,846,660.29,F,0.0,0.0,0.0,0.0,0.0,0.0,1.0
10,1,1,1,0,1,1,1,1,0,0,0,0,1,1,90,23,1,1,0,2569,507.68,F,0.0,0.0,0.0,1.0,0.0,0.0,0.0
10,0,0,0,0,1,0,0,1,1,1,1,1,0,1,450,20,1,1,0,434,457.24,F,0.0,0.0,0.0,0.0,0.0,0.0,1.0
11,1,0,1,1,1,1,0,0,1,1,0,1,1,0,270,35,1,1,1,2942,414.19,M,0.0,0.0,0.0,1.0,0.0,0.0,0.0
11,1,1,1,0,1,0,0,1,1,0,0,0,1,0,45,20,1,1,1,991,455.32,M,0.0,0.0,0.0,1.0,0.0,0.0,0.0
10,0,1,1,0,1,0,0,1,1,1,1,1,1,0,315,30,1,1,0,1900,407.78,M,0.0,0.0,0.0,1.0,0.0,0.0,0.0
10,1,1,1,1,1,1,1,0,1,1,0,1,1,0,240,23,1,0,1,570,524.6,F,0.0,0.0,0.0,1.0,0.0,0.0,0.0
10,0,1,1,1,1,1,1,1,1,1,1,1,1,1,225,12,1,1,0,421,431.59,M,0.0,0.0,0.0,0.0,0.0,0.0,1.0
10,0,1,1,0,1,1,0,1,1,1,1,1,1,0,250,20,1,1,0,421,611.51,F,0.0,0.0,0.0,0.0,0.0,0.0,1.0
9,1,0,1,0,0,1,1,1,1,1,1,1,1,0,30,25,1,1,1,2942,404.89,F,0.0,0.0,0.0,1.0,0.0,0.0,0.0
11,1,1,1,0,1,1,0,1,1,1,1,1,1,0,300,36,1,1,1,2149,322.32,M,0.0,0.0,1.0,0.0,0.0,0.0,0.0
10,1,1,1,0,1,1,0,1,1,1,1,1,1,0,275,40,1,1,0,1913,420.93,F,0.0,0.0,0.0,0.0,0.0,0.0,1.0
10,1,1,0,0,0,1,0,1,1,0,0,1,1,1,295,24,1,1,0,1733,462.88,F,0.0,1.0,0.0,0.0,0.0,0.0,0.0
9,1,1,1,1,0,1,1,1,1,0,1,1,1,1,300,30,1,1,1,1046,492.59,F,0.0,0.0,0.0,0.0,0.0,0.0,1.0
10,1,0,1,1,1,1,0,1,1,1,1,1,1,0,301,17,1,1,0,1250,393.75,M,0.0,0.0,0.0,0.0,1.0,0.0,0.0
10,1,1,1,0,1,1,1,1,1,1,1,1,1,1,300,25,1,1,0,434,539.94,F,0.0,0.0,0.0,0.0,0.0,0.0,1.0
10,1,1,1,1,1,0,0,1,1,0,0,1,1,0,275,11,1,1,1,1998,575.41,M,0.0,0.0,0.0,1.0,0.0,0.0,0.0
9,1,1,1,1,1,1,0,1,1,1,1,1,1,0,270,22,1,1,0,996,326.0,F,0.0,0.0,1.0,0.0,0.0,0.0,0.0
10,1,1,1,0,1,1,0,0,1,1,1,1,1,0,450,30,1,1,0,979,316.79,M,0.0,0.0,0.0,0.0,0.0,0.0,1.0
10,0,1,0,0,0,0,0,1,1,0,0,0,1,0,275,42,1,1,1,3592,530.0,F,0.0,0.0,0.0,1.0,0.0,0.0,0.0
11,0,1,1,0,1,1,1,0,1,0,0,1,1,0,275,30,1,1,0,2340,597.93,F,0.0,1.0,0.0,0.0,0.0,0.0,0.0
10,1,1,1,0,1,0,0,0,1,1,0,1,1,1,225,20,1,1,1,1640,440.71,F,0.0,0.0,0.0,0.0,0.0,0.0,1.0
10,1,1,1,1,1,1,1,1,1,1,1,1,1,0,250,30,1,1,1,2080,659.99,M,0.0,0.0,0.0,0.0,0.0,0.0,1.0
9,0,1,1,0,1,1,0,0,1,1,1,1,1,0,250,24,1,0,1,308,506.17,F,0.0,0.0,0.0,1.0,0.0,0.0,0.0
10,1,1,1,1,1,1,1,1,1,1,1,1,1,1,450,22,1,1,0,1471,523.25,F,0.0,0.0,0.0,0.0,0.0,0.0,1.0
10,1,1,1,0,1,1,0,1,1,1,1,1,1,1,225,17,1,1,0,762,496.72,F,0.0,0.0,1.0,0.0,0.0,0.0,0.0
10,0,1,1,1,1,1,1,1,1,0,1,1,1,1,300,30,1,1,0,2041,539.38,F,0.0,0.0,0.0,1.0,0.0,0.0,0.0
10,1,1,1,1,1,1,0,1,1,1,1,1,1,0,250,25,1,1,0,636,399.2,M,0.0,0.0,0.0,0.0,0.0,0.0,1.0
10,1,1,1,0,1,1,0,1,1,1,1,1,1,1,375,32,1,1,1,2966,633.2,F,0.0,0.0,0.0,0.0,0.0,0.0,1.0
9,0,1,0,0,1,0,0,1,1,0,0,1,0,0,225,26,1,1,1,1062,434.76,F,0.0,0.0,0.0,1.0,0.0,0.0,0.0
10,0,1,0,0,1,1,0,1,1,1,1,1,1,0,270,25,1,1,0,1471,648.77,F,0.0,0.0,0.0,0.0,0.0,0.0,1.0
11,1,1,1,1,1,1,1,1,1,1,0,1,1,0,250,22,1,1,1,3261,548.31,M,0.0,0.0,0.0,1.0,0.0,0.0,0.0
11,1,1,1,0,1,1,0,0,1,1,1,1,1,1,275,24,1,1,0,1064,536.84,F,0.0,0.0,0.0,0.0,0.0,0.0,1.0
10,1,1,1,0,1,1,0,1,1,1,1,1,1,0,225,25,1,1,1,1046,447.78,F,0.0,0.0,0.0,0.0,0.0,0.0,1.0
10,1,1,1,1,0,1,1,0,1,0,0,0,1,0,45,30,1,1,1,3164,494.04,M,0.0,0.0,0.0,0.0,0.0,0.0,1.0
11,1,1,0,0,0,1,1,0,1,0,1,1,1,1,180,25,1,1,0,1273,619.42,M,0.0,0.0,0.0,0.0,0.0,1.0,0.0
10,1,1,1,0,1,1,0,1,1,1,1,1,1,0,261,45,1,1,1,1734,507.19,M,0.0,0.0,0.0,0.0,0.0,0.0,1.0
10,1,1,1,0,1,1,0,1,1,1,1,1,1,1,45,40,1,1,0,2748,510.62,F,0.0,0.0,0.0,0.0,0.0,0.0,1.0
11,1,1,1,0,1,1,1,1,1,1,1,1,1,1,250,26,1,1,1,1988,466.37,F,0.0,0.0,0.0,0.0,1.0,0.0,0.0
10,1,1,1,0,1,1,0,0,1,1,1,1,1,0,200,23,1,0,1,398,400.12,F,0.0,0.0,1.0,0.0,0.0,0.0,0.0
10,1,1,1,0,1,1,0,1,1,1,1,1,1,1,240,20,1,1,0,887,629.84,M,0.0,0.0,0.0,0.0,0.0,0.0,1.0
11,0,1,1,0,0,1,0,1,1,1,1,1,1,1,360,24,1,1,0,432,558.37,F,0.0,0.0,0.0,0.0,0.0,0.0,1.0
10,1,1,1,1,1,1,1,1,1,1,1,1,1,0,420,25,1,1,0,929,664.66,F,0.0,0.0,0.0,0.0,0.0,0.0,1.0
10,1,1,1,0,1,1,1,0,1,1,1,1,1,1,300,30,1,1,0,1913,566.47,F,0.0,0.0,0.0,0.0,1.0,0.0,0.0
11,1,1,1,0,1,1,1,1,1,1,1,1,1,0,0,30,1,1,0,930,568.2,M,0.0,0.0,0.0,0.0,0.0,0.0,1.0
9,1,1,1,1,0,0,0,1,1,1,1,1,1,0,300,26,1,1,0,1250,436.11,F,0.0,0.0,0.0,0.0,0.0,0.0,1.0
9,0,1,1,1,1,1,0,1,1,0,0,1,1,0,360,42,1,1,1,2886,431.27,M,0.0,0.0,0.0,1.0,0.0,0.0,0.0
11,1,1,1,0,1,1,0,1,1,1,1,1,1,0,270,20,1,1,0,1273,536.92,F,0.0,0.0,0.0,0.0,0.0,0.0,1.0
11,1,1,1,1,1,1,1,0,1,1,1,1,1,1,215,23,1,1,0,1680,673.21,M,0.0,0.0,0.0,0.0,0.0,0.0,1.0
10,1,1,1,0,1,1,1,1,1,0,1,1,1,0,250,25,1,1,1,2532,491.71,F,0.0,0.0,0.0,1.0,0.0,0.0,0.0
10,0,1,1,1,1,1,1,1,1,1,1,1,1,0,250,20,1,0,1,366,685.96,M,0.0,0.0,0.0,0.0,0.0,0.0,1.0
9,1,1,1,0,0,1,1,1,1,1,1,1,1,0,90,25,1,1,1,1046,462.8,F,0.0,0.0,0.0,0.0,0.0,0.0,1.0
11,0,1,1,0,1,1,0,1,0,0,0,0,1,0,260,30,1,1,1,2646,584.15,M,0.0,0.0,0.0,1.0,0.0,0.0,0.0
10,1,1,1,1,1,1,0,1,1,1,1,1,1,1,270,20,1,1,0,196,659.33,F,0.0,0.0,0.0,0.0,0.0,0.0,1.0
11,1,1,1,0,0,1,0,1,0,0,0,0,1,1,235,30,1,1,1,989,510.62,F,0.0,0.0,1.0,0.0,0.0,0.0,0.0
11,1,1,1,0,1,1,0,1,1,1,1,1,1,1,0,20,1,1,0,1411,410.77,F,0.0,0.0,0.0,0.0,1.0,0.0,0.0
10,1,1,1,0,1,1,0,1,1,1,1,1,1,1,450,25,1,1,0,987,671.57,F,0.0,0.0,0.0,0.0,0.0,0.0,1.0
10,1,1,1,0,1,1,0,1,1,1,1,1,1,0,180,16,1,1,0,509,533.64,M,0.0,0.0,0.0,0.0,0.0,0.0,1.0
10,1,1,1,0,0,1,1,1,1,1,1,1,1,0,45,15,1,0,1,356,439.85,M,0.0,0.0,0.0,0.0,0.0,0.0,1.0
10,0,1,1,0,1,1,0,1,1,1,1,1,1,1,264,25,1,1,0,2402,570.12,F,0.0,0.0,0.0,1.0,0.0,0.0,0.0
11,1,1,1,1,1,1,1,1,1,1,1,1,1,1,230,18,1,1,0,1380,405.86,M,0.0,0.0,0.0,0.0,0.0,0.0,1.0
11,0,0,1,0,1,1,0,1,1,1,1,1,1,0,300,32,1,1,1,3261,422.93,M,0.0,0.0,0.0,1.0,0.0,0.0,0.0
9,1,1,1,0,1,1,0,1,1,1,1,1,1,0,250,26,1,1,0,2041,400.08,M,0.0,0.0,0.0,0.0,0.0,0.0,1.0
10,0,1,1,0,1,1,0,1,1,1,1,1,1,0,50,15,1,1,0,868,375.49,F,0.0,0.0,1.0,0.0,0.0,0.0,0.0
10,1,1,1,1,0,1,1,1,1,1,1,1,1,1,240,30,1,1,0,808,630.33,M,0.0,0.0,0.0,0.0,0.0,0.0,1.0
10,1,1,1,0,0,1,1,1,1,1,1,1,1,1,300,20,1,1,1,3201,572.44,M,0.0,0.0,0.0,1.0,0.0,0.0,0.0
10,1,1,1,0,1,1,0,1,1,1,1,1,1,1,450,25,1,1,1,1720,436.66,F,0.0,0.0,0.0,1.0,0.0,0.0,0.0
10,1,0,1,0,0,1,0,1,1,1,1,1,1,0,300,25,1,1,0,1173,427.69,F,0.0,0.0,1.0,0.0,0.0,0.0,0.0
10,1,1,1,0,1,1,0,0,1,1,1,1,1,0,365,35,1,1,0,712,492.35,F,0.0,0.0,1.0,0.0,0.0,0.0,0.0
9,0,0,1,1,1,1,0,0,1,1,1,1,0,0,450,18,1,1,0,865,438.4,M,0.0,0.0,0.0,0.0,0.0,0.0,1.0
10,1,1,1,0,1,1,0,1,1,1,1,1,1,1,250,20,1,1,0,247,651.95,F,0.0,0.0,0.0,0.0,0.0,0.0,1.0
11,1,1,1,1,1,1,1,1,1,1,1,1,1,0,225,10,0,0,1,366,654.38,M,0.0,0.0,0.0,0.0,0.0,0.0,1.0
9,1,1,1,0,1,1,1,1,0,0,0,1,1,0,300,20,0,1,1,991,580.45,F,0.0,0.0,0.0,1.0,0.0,0.0,0.0
10,0,1,1,0,0,1,0,1,1,1,1,1,1,0,300,30,1,1,1,1988,585.91,M,0.0,0.0,0.0,0.0,0.0,0.0,1.0
10,1,0,1,0,1,1,0,1,1,0,1,1,1,0,240,25,1,1,0,2748,490.05,F,0.0,0.0,0.0,0.0,0.0,0.0,1.0
10,1,1,1,1,1,1,1,1,1,1,1,1,1,0,360,26,1,0,1,575,583.59,M,0.0,0.0,0.0,0.0,0.0,0.0,1.0
9,1,1,1,0,1,1,0,1,1,1,1,1,1,1,270,21,1,1,1,1619,618.54,M,0.0,0.0,1.0,0.0,0.0,0.0,0.0
10,1,1,1,0,1,1,1,1,1,1,1,1,1,0,250,26,1,1,0,1064,424.03,F,0.0,0.0,0.0,0.0,0.0,0.0,1.0
10,1,1,1,1,1,1,0,1,1,1,1,1,1,0,375,30,1,1,0,712,572.6,M,0.0,0.0,0.0,0.0,0.0,0.0,1.0
10,0,0,1,0,1,0,0,1,1,1,1,1,1,0,250,25,1,1,0,1375,499.5,F,0.0,0.0,0.0,0.0,0.0,0.0,1.0
10,1,1,1,0,1,1,0,1,1,1,1,1,1,1,450,50,1,1,1,1378,549.76,M,0.0,0.0,0.0,0.0,0.0,0.0,1.0
11,0,1,0,0,1,0,0,1,0,0,0,0,1,0,275,25,1,1,0,2340,533.5,F,0.0,0.0,0.0,1.0,0.0,0.0,0.0
10,0,1,1,0,1,1,0,1,1,1,1,1,1,0,450,25,1,1,1,1720,534.77,F,0.0,0.0,0.0,0.0,0.0,0.0,1.0
9,0,1,0,0,1,0,0,1,1,0,0,1,1,0,150,25,1,1,0,1233,530.8,F,0.0,0.0,0.0,1.0,0.0,0.0,0.0
11,1,1,1,0,1,1,1,1,1,0,1,1,1,1,80,25,1,1,0,2183,572.66,F,0.0,0.0,0.0,1.0,0.0,0.0,0.0
10,0,1,1,1,1,1,0,1,0,1,1,1,1,0,365,20,1,1,0,712,495.85,F,0.0,0.0,0.0,0.0,1.0,0.0,0.0
10,1,1,0,0,1,0,0,1,1,0,0,1,1,0,45,20,1,1,1,1408,605.47,M,0.0,0.0,0.0,1.0,0.0,0.0,0.0
11,0,1,1,0,0,1,1,1,1,0,1,1,1,0,200,25,1,1,0,1327,566.94,F,0.0,1.0,0.0,0.0,0.0,0.0,0.0
10,1,1,1,0,0,1,1,1,1,0,1,1,1,1,300,20,1,1,0,898,671.89,F,0.0,0.0,0.0,1.0,0.0,0.0,0.0
10,1,0,1,0,1,1,0,1,0,0,0,0,1,0,550,30,1,1,1,3201,426.46,M,0.0,0.0,0.0,1.0,0.0,0.0,0.0
10,1,1,1,0,1,1,0,1,1,0,0,0,1,0,375,20,1,1,0,2183,440.16,F,0.0,1.0,0.0,0.0,0.0,0.0,0.0
10,1,1,1,0,1,1,0,1,1,0,0,1,1,0,270,20,1,0,1,570,625.27,M,0.0,0.0,0.0,1.0,0.0,0.0,0.0
10,1,1,1,0,1,1,0,1,1,1,1,1,1,0,270,20,1,1,0,196,455.01,F,0.0,0.0,0.0,0.0,0.0,0.0,1.0
10,1,1,1,0,1,0,0,1,1,0,1,1,1,0,315,10,1,1,0,400,520.15,F,0.0,0.0,0.0,1.0,0.0,0.0,0.0
10,0,1,1,1,1,1,0,1,1,1,1,1,1,0,180,24,1,1,0,2041,439.52,F,0.0,0.0,1.0,0.0,0.0,0.0,0.0
10,0,1,1,0,1,1,0,1,1,1,1,1,1,0,270,23,1,1,0,1489,583.79,F,0.0,0.0,0.0,1.0,0.0,0.0,0.0
11,1,1,1,0,1,1,0,0,1,1,1,1,1,0,900,25,1,1,0,1064,629.36,M,0.0,0.0,0.0,0.0,0.0,0.0,1.0
11,1,1,1,0,0,1,1,1,1,1,1,1,1,1,180,31,1,1,0,1733,462.54,M,0.0,0.0,1.0,0.0,0.0,0.0,0.0
10,1,1,1,0,0,1,1,1,1,1,1,1,1,0,270,20,1,1,0,996,611.03,F,0.0,0.0,0.0,0.0,0.0,0.0,1.0
9,1,1,1,1,1,1,1,0,1,1,1,1,1,0,400,26,1,1,0,1317,459.81,M,0.0,0.0,0.0,0.0,0.0,0.0,1.0
10,1,0,1,0,1,1,0,1,1,1,1,1,1,0,215,25,1,1,0,774,476.32,M,0.0,0.0,0.0,0.0,0.0,0.0,1.0
10,1,1,1,1,1,1,1,1,1,1,1,1,1,0,250,18,1,1,0,926,628.32,M,0.0,0.0,0.0,0.0,0.0,0.0,1.0
10,0,1,1,1,1,1,1,1,1,1,1,1,1,1,235,25,1,1,0,1828,694.92,F,0.0,0.0,0.0,0.0,0.0,0.0,1.0
10,1,1,1,1,1,1,1,0,1,1,1,1,1,0,300,25,1,1,0,929,581.42,M,0.0,0.0,0.0,0.0,0.0,0.0,1.0
10,1,1,0,0,0,1,0,1,1,0,0,0,1,1,300,30,1,1,0,1900,514.59,F,0.0,0.0,0.0,1.0,0.0,0.0,0.0
9,1,1,1,0,0,1,0,1,1,1,0,1,1,0,200,25,1,1,0,1733,653.65,M,0.0,0.0,0.0,1.0,0.0,0.0,0.0
10,1,1,1,0,1,1,0,1,1,1,1,1,1,0,220,20,1,1,0,846,444.34,M,0.0,0.0,0.0,0.0,0.0,0.0,1.0
11,0,1,1,1,1,1,1,1,1,1,1,1,1,0,270,25,1,1,0,1471,632.56,F,0.0,0.0,0.0,0.0,0.0,0.0,1.0
10,1,1,1,0,1,1,0,1,1,1,1,1,1,0,60,30,1,1,1,1400,453.82,F,0.0,0.0,1.0,0.0,0.0,0.0,0.0
10,1,0,1,1,0,1,0,1,1,1,1,1,1,0,275,30,1,1,1,2144,338.04,M,0.0,0.0,0.0,1.0,0.0,0.0,0.0
10,1,1,1,0,1,1,1,1,1,1,1,1,1,0,90,24,1,1,0,1680,497.09,M,0.0,0.0,0.0,0.0,0.0,0.0,1.0
10,0,1,1,0,1,1,0,1,0,0,0,0,1,0,300,30,1,1,1,2255,594.27,F,0.0,0.0,0.0,1.0,0.0,0.0,0.0
10,1,1,1,1,1,1,1,1,1,1,1,1,1,0,240,30,1,0,1,575,575.21,F,0.0,0.0,0.0,0.0,0.0,0.0,1.0
10,1,1,1,1,0,1,1,0,1,0,0,1,1,0,180,14,1,1,0,509,577.25,M,0.0,0.0,0.0,0.0,0.0,0.0,1.0
10,1,1,1,1,1,1,1,1,1,0,0,1,1,0,250,26,1,1,1,3261,500.69,F,0.0,0.0,0.0,1.0,0.0,0.0,0.0
10,1,0,1,0,1,1,0,1,1,1,1,1,1,0,225,21,1,1,0,421,543.99,F,0.0,0.0,1.0,0.0,0.0,0.0,0.0
11,0,1,1,1,1,1,0,1,1,1,1,1,1,0,225,25,1,1,0,854,498.86,F,0.0,0.0,0.0,0.0,0.0,0.0,1.0
10,0,1,1,1,1,1,1,1,1,1,1,1,1,0,50,25,1,1,1,2080,441.21,M,0.0,0.0,0.0,0.0,0.0,0.0,1.0
10,0,0,1,0,0,1,0,1,1,1,1,1,1,0,250,31,1,1,1,2004,499.17,M,0.0,0.0,0.0,0.0,0.0,0.0,1.0
11,1,1,1,1,1,1,0,1,1,1,1,1,1,0,250,30,1,1,1,2080,583.31,F,0.0,0.0,0.0,0.0,0.0,0.0,1.0
10,1,1,1,1,1,1,0,0,1,1,1,1,1,0,240,20,1,0,1,575,483.22,M,0.0,0.0,0.0,0.0,0.0,0.0,1.0
10,1,1,1,1,1,1,0,1,1,1,1,1,1,0,275,30,1,1,0,1347,456.6,F,0.0,0.0,0.0,0.0,0.0,0.0,1.0
11,0,1,1,0,0,1,0,0,1,1,1,1,1,0,960,15,1,1,0,434,555.37,M,0.0,0.0,0.0,0.0,0.0,0.0,1.0
10,1,1,1,0,1,1,0,1,1,0,0,1,1,0,275,35,1,1,0,2340,508.87,M,0.0,1.0,0.0,0.0,0.0,0.0,0.0
10,1,1,1,1,1,1,0,1,1,1,1,1,1,0,150,28,1,1,0,930,575.65,M,0.0,0.0,0.0,0.0,0.0,0.0,1.0
10,1,1,1,0,1,1,1,1,1,1,1,1,1,0,350,32,1,1,0,1101,559.95,F,0.0,0.0,0.0,0.0,0.0,0.0,1.0
10,1,1,1,0,1,1,0,0,1,1,1,1,1,0,150,23,1,1,1,539,409.57,F,0.0,0.0,0.0,1.0,0.0,0.0,0.0
10,1,1,1,1,1,1,0,1,1,1,1,1,1,0,270,35,1,1,1,2085,520.58,M,0.0,0.0,0.0,0.0,0.0,0.0,1.0
10,1,1,1,0,1,1,0,1,1,1,1,1,1,0,250,25,1,1,0,2041,549.15,F,0.0,0.0,0.0,0.0,0.0,1.0,0.0
9,1,0,1,0,1,1,0,1,1,1,1,1,1,0,175,27,1,1,1,2532,368.98,M,0.0,0.0,1.0,0.0,0.0,0.0,0.0
10,1,1,1,0,0,1,0,1,1,1,1,1,1,1,270,75,1,1,0,389,615.32,F,0.0,0.0,0.0,0.0,0.0,0.0,1.0
10,1,1,1,0,0,1,1,1,0,0,0,0,1,0,270,30,1,1,1,2966,496.32,F,0.0,0.0,0.0,1.0,0.0,0.0,0.0
11,0,1,1,0,1,0,0,1,1,0,0,0,0,0,375,35,1,1,1,2646,603.96,F,0.0,0.0,0.0,1.0,0.0,0.0,0.0
10,1,1,1,0,1,1,0,1,1,1,1,1,1,0,150,20,1,1,0,1387,498.55,F,0.0,0.0,1.0,0.0,0.0,0.0,0.0
11,1,1,1,1,1,1,1,1,1,1,1,1,1,1,300,30,1,1,1,1988,532.86,F,0.0,0.0,0.0,0.0,0.0,0.0,1.0
11,1,0,1,0,1,1,0,1,1,0,0,1,1,0,60,25,1,1,1,1988,488.35,M,0.0,0.0,0.0,0.0,0.0,0.0,1.0
11,1,0,1,0,1,1,0,1,1,1,1,1,0,0,200,20,1,1,1,2640,488.83,M,0.0,0.0,0.0,0.0,0.0,0.0,1.0
9,1,1,0,0,0,0,0,1,0,0,0,0,1,0,45,20,1,1,1,1408,433.84,M,0.0,0.0,0.0,1.0,0.0,0.0,0.0
10,1,1,1,1,1,1,1,1,1,1,1,1,1,0,240,17,1,1,0,996,622.31,M,0.0,0.0,0.0,0.0,0.0,0.0,1.0
10,1,1,1,0,1,1,0,1,1,1,1,1,1,1,225,32,1,1,0,2748,693.65,F,0.0,0.0,0.0,0.0,0.0,0.0,1.0
10,0,1,1,0,1,1,0,1,1,1,1,1,1,0,250,25,1,1,1,1723,468.87,M,0.0,0.0,0.0,0.0,0.0,0.0,1.0
11,1,1,1,1,0,1,1,1,1,1,1,1,1,1,275,25,1,1,1,3592,525.32,F,0.0,1.0,0.0,0.0,0.0,0.0,0.0
10,1,1,0,0,1,0,0,1,1,0,0,0,1,0,270,20,1,0,1,570,448.1,M,0.0,0.0,0.0,1.0,0.0,0.0,0.0
11,1,0,1,0,1,1,0,1,1,1,1,1,1,0,210,20,1,1,0,774,431.75,M,0.0,0.0,0.0,0.0,0.0,0.0,1.0
9,1,0,1,0,0,1,0,1,0,0,0,0,1,0,270,29,1,1,1,1400,501.74,M,0.0,1.0,0.0,0.0,0.0,0.0,0.0
10,1,1,0,0,1,1,0,1,1,1,1,1,1,0,240,23,1,1,0,2748,530.4,F,0.0,0.0,0.0,0.0,0.0,0.0,1.0
9,1,1,1,0,1,1,0,0,0,0,0,0,1,0,120,38,1,1,1,1900,548.8,M,0.0,0.0,1.0,0.0,0.0,0.0,0.0
10,1,1,1,1,1,1,1,1,0,1,1,1,1,1,300,23,1,1,1,1378,569.01,F,0.0,0.0,0.0,0.0,0.0,0.0,1.0
11,0,0,1,0,1,1,0,1,1,1,1,1,1,0,315,20,1,1,0,1327,492.83,F,0.0,0.0,1.0,0.0,0.0,0.0,0.0
11,1,1,1,0,1,1,1,0,1,0,0,1,1,0,300,30,1,1,1,3164,563.85,F,0.0,0.0,0.0,1.0,0.0,0.0,0.0
12,1,1,1,1,0,1,1,1,1,1,1,1,1,0,250,12,1,0,1,915,541.74,M,0.0,0.0,0.0,0.0,0.0,0.0,1.0
10,0,1,1,1,1,1,1,0,0,0,0,0,1,0,200,21,1,1,1,2203,673.47,F,0.0,1.0,0.0,0.0,0.0,0.0,0.0
10,1,1,1,1,1,1,1,1,1,1,1,1,1,0,210,15,1,1,0,2098,533.74,F,0.0,0.0,0.0,0.0,0.0,0.0,1.0
10,1,1,1,0,1,1,0,1,1,1,1,1,1,0,250,25,1,1,0,505,435.15,F,0.0,0.0,0.0,1.0,0.0,0.0,0.0
9,1,0,1,1,1,0,0,0,1,1,1,1,1,0,275,25,1,1,0,854,342.93,M,0.0,0.0,0.0,0.0,0.0,0.0,1.0
11,1,1,1,1,1,1,1,1,1,1,1,1,1,0,250,30,1,0,1,308,565.79,M,0.0,0.0,0.0,1.0,0.0,0.0,0.0
10,1,1,1,0,1,1,0,0,1,1,1,1,1,0,55,22,1,1,1,1392,443.86,M,0.0,0.0,1.0,0.0,0.0,0.0,0.0
10,1,1,1,0,1,1,0,1,1,0,1,1,1,0,300,35,1,1,1,3138,471.22,F,0.0,0.0,0.0,0.0,0.0,0.0,1.0
10,1,1,1,1,1,1,1,1,1,1,1,1,1,1,350,30,1,1,1,2080,540.25,F,0.0,0.0,0.0,0.0,0.0,0.0,1.0
10,0,1,1,0,1,1,0,1,1,1,1,1,1,0,200,22,1,1,0,1327,513.68,M,0.0,0.0,0.0,0.0,1.0,0.0,0.0
10,0,1,1,0,0,1,1,1,0,0,0,0,1,1,600,30,1,1,1,2886,481.21,M,0.0,1.0,0.0,0.0,0.0,0.0,0.0
10,0,0,1,0,0,1,0,1,1,1,1,1,1,0,0,24,1,1,0,865,467.99,M,0.0,0.0,0.0,0.0,0.0,0.0,1.0
11,1,1,1,1,1,0,0,0,1,1,0,1,1,0,225,20,1,1,1,1196,416.6,M,0.0,0.0,0.0,1.0,0.0,0.0,0.0
10,1,0,1,0,1,1,0,0,1,1,1,1,1,0,250,24,1,1,0,899,359.76,M,0.0,0.0,0.0,0.0,0.0,0.0,1.0
10,0,1,1,0,1,1,0,1,1,1,1,1,1,1,250,30,1,1,0,316,547.01,F,0.0,0.0,0.0,0.0,1.0,0.0,0.0
10,1,1,1,1,1,1,1,1,1,1,1,1,1,0,450,30,1,1,0,1750,626.92,F,0.0,0.0,0.0,0.0,0.0,0.0,1.0
10,0,1,1,0,1,1,0,1,1,1,1,1,1,1,200,20,1,1,1,2532,647.42,F,0.0,0.0,1.0,0.0,0.0,0.0,0.0
10,1,1,1,0,1,1,0,1,1,1,1,1,1,0,90,24,1,1,0,1079,403.3,F,0.0,0.0,1.0,0.0,0.0,0.0,0.0
10,1,1,1,1,1,1,1,1,1,1,1,1,1,0,45,15,1,1,1,1196,416.68,M,0.0,0.0,1.0,0.0,0.0,0.0,0.0
10,1,1,1,0,1,1,1,1,1,0,0,1,1,0,285,22,1,1,1,1619,618.66,F,0.0,0.0,1.0,0.0,0.0,0.0,0.0
11,1,1,1,0,1,1,0,1,1,1,1,1,1,1,230,18,1,1,0,1828,484.33,F,0.0,0.0,0.0,0.0,0.0,0.0,1.0
10,0,1,1,0,1,1,0,1,1,1,1,1,1,1,200,28,1,1,0,1900,501.26,M,0.0,0.0,0.0,1.0,0.0,0.0,0.0
10,1,0,1,0,0,0,0,1,1,1,1,1,0,0,275,14,1,1,0,400,464.46,M,0.0,0.0,0.0,1.0,0.0,0.0,0.0
10,1,1,1,0,1,1,0,1,1,1,1,1,1,0,850,24,1,1,0,820,411.72,F,0.0,0.0,1.0,0.0,0.0,0.0,0.0
11,0,1,1,0,0,1,0,1,1,0,0,0,0,1,450,26,1,1,1,1110,460.73,F,0.0,0.0,0.0,1.0,0.0,0.0,0.0
10,0,1,0,0,1,0,0,0,1,0,1,1,1,0,180,25,1,1,0,1489,457.97,M,0.0,0.0,0.0,1.0,0.0,0.0,0.0
10,1,1,1,1,1,1,0,1,1,1,1,1,1,1,325,20,1,1,0,2183,626.16,M,0.0,0.0,0.0,0.0,0.0,0.0,1.0
10,1,1,1,0,0,1,0,1,1,1,1,1,1,1,55,30,1,1,0,2041,480.75,F,0.0,0.0,0.0,0.0,0.0,0.0,1.0
10,1,0,0,0,1,1,0,1,1,0,1,1,1,0,385,13,1,1,0,400,436.35,F,0.0,0.0,0.0,1.0,0.0,0.0,0.0
11,0,0,1,0,0,1,0,1,1,1,1,1,1,1,360,40,0,1,1,626,485.94,M,0.0,0.0,0.0,0.0,0.0,1.0,0.0
10,1,1,1,0,1,1,1,1,1,1,1,1,1,0,240,26,1,0,1,575,707.47,F,0.0,0.0,0.0,0.0,0.0,0.0,1.0
10,1,1,1,1,1,1,1,1,1,1,1,1,1,0,300,29,1,1,0,1897,513.72,F,0.0,0.0,0.0,0.0,0.0,0.0,1.0
10,0,1,1,1,1,1,0,0,1,1,1,1,1,0,270,24,1,1,0,1471,444.13,F,0.0,0.0,0.0,0.0,0.0,0.0,1.0
10,1,1,1,0,0,1,0,1,1,1,1,1,0,1,440,15,1,1,0,887,490.83,M,1.0,0.0,0.0,0.0,0.0,0.0,0.0
10,1,1,1,0,1,1,0,1,1,1,1,1,1,0,250,12,1,0,1,915,599.38,M,0.0,0.0,0.0,0.0,0.0,0.0,1.0
10,0,1,1,1,1,1,0,1,1,1,1,1,1,0,270,15,1,1,0,389,599.14,M,0.0,0.0,0.0,0.0,0.0,0.0,1.0
10,1,1,1,1,0,1,1,1,1,1,1,1,1,0,200,17,1,1,0,846,446.26,M,0.0,0.0,0.0,0.0,0.0,0.0,1.0
10,1,1,1,1,0,1,1,1,1,0,0,1,1,1,270,25,1,1,0,1680,609.76,F,0.0,1.0,0.0,0.0,0.0,0.0,0.0
10,1,1,1,1,1,1,1,1,1,1,1,1,1,0,250,25,1,1,1,2162,551.36,M,0.0,0.0,0.0,0.0,1.0,0.0,0.0
11,1,1,1,0,1,1,0,1,1,0,0,0,1,1,275,40,1,1,1,1763,424.62,M,0.0,0.0,0.0,1.0,0.0,0.0,0.0
10,1,1,1,0,0,1,1,1,1,1,0,1,1,0,225,25,1,0,0,1064,400.65,M,0.0,0.0,0.0,0.0,0.0,0.0,1.0
10,1,0,1,1,0,1,0,1,1,0,0,0,1,0,300,20,0,1,1,6694,383.01,M,0.0,0.0,0.0,1.0,0.0,0.0,0.0
10,1,1,1,1,1,1,1,1,1,1,1,1,1,0,225,15,1,0,1,1212,573.01,M,0.0,0.0,0.0,0.0,0.0,0.0,1.0
10,1,1,1,1,1,1,0,1,1,1,1,1,1,1,270,20,1,1,1,2999,593.21,M,0.0,0.0,0.0,0.0,0.0,0.0,1.0
10,1,1,1,1,1,1,1,1,1,1,1,1,1,1,240,23,1,0,1,575,623.27,F,0.0,0.0,0.0,0.0,0.0,0.0,1.0
10,0,0,1,0,1,1,0,1,1,1,1,1,1,0,45,25,1,1,0,1610,561.22,M,0.0,0.0,0.0,0.0,0.0,0.0,1.0
9,0,1,1,0,1,1,1,1,1,1,1,1,1,1,300,25,1,1,0,3004,532.28,M,0.0,0.0,0.0,0.0,0.0,0.0,1.0
11,0,1,1,1,1,1,0,1,1,1,1,1,1,0,650,30,1,1,0,362,592.49,M,0.0,0.0,0.0,0.0,0.0,0.0,1.0
10,1,1,1,1,1,1,1,1,1,0,0,1,1,1,180,34,1,1,1,2886,545.11,M,0.0,0.0,0.0,0.0,0.0,0.0,1.0
10,1,1,1,0,1,1,0,1,1,1,1,1,1,1,420,30,0,1,1,626,508.24,F,0.0,0.0,0.0,1.0,0.0,0.0,0.0
10,0,1,1,0,1,1,0,1,1,1,1,1,1,0,250,20,1,1,0,1250,530.88,F,0.0,0.0,0.0,0.0,0.0,0.0,1.0
10,1,1,1,0,0,0,0,1,1,1,1,1,1,0,600,30,1,1,0,930,518.72,F,1.0,0.0,0.0,0.0,0.0,0.0,0.0
10,1,1,1,1,0,1,1,1,1,1,0,1,1,0,225,15,1,0,1,915,608.76,M,0.0,0.0,0.0,0.0,0.0,0.0,1.0
11,0,1,1,0,1,1,0,1,1,1,1,1,1,0,240,20,1,1,0,1812,602.14,F,0.0,0.0,0.0,0.0,0.0,0.0,1.0
10,0,0,0,0,1,0,0,0,1,1,0,1,1,0,150,23,1,1,1,2144,339.43,F,0.0,0.0,0.0,1.0,0.0,0.0,0.0
10,1,1,1,1,1,1,1,1,1,1,1,1,1,0,225,29,0,0,1,366,613.81,M,0.0,0.0,0.0,0.0,0.0,0.0,1.0
10,1,1,1,0,1,0,0,0,1,1,1,1,0,0,450,20,1,1,0,1173,411.23,M,0.0,0.0,1.0,0.0,0.0,0.0,0.0
11,1,1,1,1,1,1,1,0,1,1,1,1,1,1,450,20,1,1,1,1640,623.03,F,0.0,0.0,0.0,0.0,0.0,0.0,1.0
11,1,1,1,1,1,1,1,1,1,1,1,1,1,0,200,24,1,1,0,1680,654.94,M,0.0,0.0,0.0,0.0,0.0,0.0,1.0
10,0,1,0,0,0,0,0,0,0,0,0,0,1,1,360,28,1,1,1,2886,551.53,F,0.0,0.0,0.0,1.0,0.0,0.0,0.0
10,1,1,1,0,1,1,1,1,1,1,1,1,1,0,270,17,1,1,0,996,568.61,F,0.0,0.0,0.0,0.0,0.0,0.0,1.0
10,0,0,1,0,1,1,0,1,1,1,1,1,1,1,225,40,1,1,0,149,541.76,F,0.0,0.0,0.0,0.0,0.0,0.0,1.0
10,1,1,1,0,1,1,1,1,1,1,1,1,1,0,290,20,1,1,0,2710,542.94,M,0.0,0.0,0.0,0.0,0.0,0.0,1.0
11,1,1,1,0,1,1,0,1,1,0,0,1,1,1,275,27,1,1,0,1526,632.8,F,0.0,0.0,1.0,0.0,0.0,0.0,0.0
9,0,1,1,0,1,1,0,0,1,1,1,1,0,0,90,30,1,1,0,1387,444.92,F,0.0,0.0,0.0,0.0,0.0,0.0,1.0
10,1,1,1,1,1,1,1,1,1,1,1,1,1,0,250,30,1,1,1,2080,552.08,M,0.0,0.0,0.0,0.0,0.0,0.0,1.0
10,1,0,1,1,1,1,1,1,1,1,1,1,1,0,375,65,1,1,1,1378,324.33,M,0.0,0.0,0.0,0.0,0.0,0.0,1.0
10,1,0,1,0,1,1,0,1,1,1,1,1,1,0,255,35,1,1,1,2966,480.73,M,0.0,0.0,0.0,0.0,0.0,0.0,1.0
11,1,1,1,0,0,1,1,1,1,1,1,1,1,1,400,30,1,1,0,930,660.37,F,0.0,0.0,0.0,0.0,0.0,0.0,1.0
10,1,1,1,0,1,1,0,1,1,1,1,1,1,1,400,20,1,1,0,1079,547.03,M,0.0,0.0,0.0,0.0,0.0,0.0,1.0
11,1,1,1,0,1,1,1,1,1,1,1,1,1,0,275,20,1,1,0,690,618.58,F,0.0,0.0,0.0,0.0,0.0,0.0,1.0
11,0,1,1,0,1,1,1,1,0,0,0,0,1,0,450,20,1,1,0,2569,404.57,F,0.0,0.0,0.0,1.0,0.0,0.0,0.0
10,1,1,1,0,1,1,1,1,1,1,1,1,1,1,240,20,1,1,0,1411,467.59,M,0.0,0.0,1.0,0.0,0.0,0.0,0.0
10,1,1,1,0,1,1,0,1,1,0,0,0,1,1,250,12,1,0,1,915,609.76,F,0.0,0.0,0.0,1.0,0.0,0.0,0.0
10,1,1,1,1,1,1,1,1,1,1,1,1,1,1,240,25,1,0,1,575,693.42,M,0.0,0.0,0.0,0.0,0.0,0.0,1.0
10,0,1,0,0,1,0,0,1,1,0,0,0,1,0,450,20,1,1,0,865,529.23,M,0.0,0.0,0.0,1.0,0.0,0.0,0.0
10,1,0,0,0,0,0,0,1,1,0,0,0,1,1,360,29,1,1,1,2942,452.71,F,0.0,0.0,0.0,1.0,0.0,0.0,0.0
10,1,1,1,0,1,1,0,1,1,1,1,1,1,0,240,23,1,1,0,509,591.01,F,0.0,0.0,0.0,0.0,0.0,0.0,1.0
10,0,1,1,0,1,1,0,1,1,0,0,1,1,1,360,30,1,1,1,2886,409.02,F,0.0,0.0,0.0,1.0,0.0,0.0,0.0
10,1,1,1,0,1,1,1,0,1,0,0,1,1,1,261,27,1,1,1,1734,582.91,F,0.0,0.0,0.0,1.0,0.0,0.0,0.0
11,0,1,1,1,1,1,1,1,1,1,1,1,1,1,315,20,1,1,1,1640,666.48,F,0.0,0.0,0.0,1.0,0.0,0.0,0.0
11,1,1,1,0,1,0,0,1,1,1,0,1,1,0,240,33,1,0,1,570,437.7,F,0.0,0.0,0.0,1.0,0.0,0.0,0.0
10,1,1,1,0,1,1,0,1,1,1,1,1,1,0,250,25,1,1,0,1733,605.55,F,0.0,0.0,0.0,0.0,0.0,0.0,1.0
10,1,1,1,0,1,1,0,1,1,1,1,1,1,1,275,26,1,1,0,505,580.37,F,0.0,0.0,0.0,0.0,0.0,0.0,1.0
10,0,1,1,0,0,1,0,0,1,1,1,1,0,1,165,13,1,1,0,261,558.76,F,0.0,0.0,1.0,0.0,0.0,0.0,0.0
10,1,1,1,0,1,1,1,1,1,1,1,1,1,0,275,25,1,1,0,2340,570.04,M,0.0,0.0,0.0,0.0,0.0,0.0,1.0
10,1,1,0,0,1,0,0,1,0,0,0,0,1,1,225,20,0,1,1,991,486.59,M,0.0,0.0,0.0,0.0,0.0,0.0,1.0
10,0,1,0,0,0,0,0,0,1,0,0,1,1,0,120,35,0,1,1,626,399.01,F,0.0,0.0,0.0,1.0,0.0,0.0,0.0
10,1,0,1,0,1,1,1,1,1,1,1,1,1,0,240,25,1,1,0,1087,484.25,F,0.0,0.0,0.0,0.0,0.0,0.0,1.0
11,1,1,1,0,0,1,1,0,1,1,1,1,1,1,250,18,1,1,0,1680,670.3,F,0.0,0.0,0.0,0.0,0.0,0.0,1.0
10,1,0,1,0,1,1,0,1,1,1,1,1,1,1,350,28,1,1,0,899,542.32,F,0.0,0.0,0.0,0.0,0.0,0.0,1.0
10,0,1,1,0,1,1,0,0,1,1,1,1,1,0,450,22,1,1,0,820,541.29,F,0.0,0.0,1.0,0.0,0.0,0.0,0.0
10,1,1,1,0,0,1,0,0,1,1,1,1,1,0,55,20,1,1,0,754,277.7,F,0.0,0.0,1.0,0.0,0.0,0.0,0.0
10,0,1,1,0,1,1,1,1,1,1,1,1,1,1,270,28,1,1,0,1680,533.02,F,0.0,0.0,0.0,0.0,0.0,0.0,1.0
10,1,0,1,0,1,1,0,1,1,1,1,1,1,0,270,23,1,1,0,389,364.45,F,0.0,0.0,0.0,0.0,0.0,0.0,1.0
10,1,1,1,1,1,1,1,1,1,1,1,1,1,1,400,30,1,1,0,712,638.66,M,0.0,0.0,0.0,0.0,0.0,0.0,1.0
10,1,1,1,0,0,0,0,1,1,0,0,1,1,1,360,36,1,1,1,2942,552.72,F,0.0,0.0,0.0,1.0,0.0,0.0,0.0
10,1,1,0,0,1,1,0,1,1,0,0,0,1,1,275,20,1,1,0,926,465.1,M,0.0,0.0,0.0,1.0,0.0,0.0,0.0
9,0,1,1,0,1,1,0,1,0,0,0,0,1,0,180,20,1,1,0,846,440.08,F,0.0,0.0,0.0,0.0,0.0,0.0,1.0
11,0,1,1,1,1,1,0,0,1,1,1,1,1,0,225,25,1,1,0,1610,479.32,F,0.0,0.0,0.0,1.0,0.0,0.0,0.0
9,0,1,1,0,0,1,0,1,1,1,1,1,0,1,252,26,1,1,1,914,482.1,F,0.0,0.0,1.0,0.0,0.0,0.0,0.0
10,1,0,1,0,0,0,0,1,1,0,0,0,1,1,255,35,1,1,1,1734,590.46,F,0.0,0.0,0.0,1.0,0.0,0.0,0.0
10,0,0,0,0,0,0,0,1,1,0,0,0,0,0,270,20,1,1,0,1489,597.53,F,0.0,0.0,0.0,1.0,0.0,0.0,0.0
11,0,1,1,0,1,0,0,1,0,0,0,1,1,0,280,40,1,1,1,3592,476.8,M,0.0,0.0,0.0,1.0,0.0,0.0,0.0
10,1,1,1,1,1,1,1,1,1,1,1,1,1,0,180,20,1,1,0,996,507.67,M,0.0,0.0,0.0,0.0,0.0,0.0,1.0
10,1,1,1,1,0,1,1,0,1,1,1,1,1,0,275,30,1,1,1,2162,595.78,F,0.0,0.0,0.0,0.0,0.0,0.0,1.0
11,0,0,1,0,0,1,0,1,1,1,1,1,1,0,225,24,1,1,0,1610,605.95,F,0.0,0.0,0.0,0.0,0.0,0.0,1.0
10,1,0,1,0,0,1,0,1,1,1,1,1,0,0,225,25,1,1,0,1327,364.65,M,0.0,0.0,0.0,0.0,0.0,0.0,1.0
10,1,1,1,0,0,1,0,1,1,1,1,1,1,0,300,25,1,1,1,1988,524.29,F,0.0,0.0,0.0,0.0,0.0,0.0,1.0
10,1,1,1,0,1,1,0,1,1,1,1,1,1,0,450,26,1,1,1,2162,587.92,M,0.0,0.0,1.0,0.0,0.0,0.0,0.0
10,1,1,1,0,0,1,1,0,1,0,0,1,1,0,200,18,1,1,1,2203,668.71,F,0.0,0.0,0.0,0.0,0.0,0.0,1.0
10,1,1,1,0,1,1,0,0,0,0,0,0,1,0,300,32,1,1,0,2340,539.46,F,0.0,1.0,0.0,0.0,0.0,0.0,0.0
10,0,1,1,0,1,1,0,1,1,1,0,1,1,0,275,33,1,1,0,1347,414.76,M,0.0,0.0,0.0,1.0,0.0,0.0,0.0
10,1,1,1,1,1,1,1,1,1,1,1,1,1,0,300,32,1,1,0,2340,462.7,M,0.0,0.0,0.0,0.0,0.0,0.0,1.0
10,0,0,0,0,1,0,0,1,1,0,0,0,1,0,90,23,1,1,0,1411,452.71,F,0.0,0.0,0.0,1.0,0.0,0.0,0.0
10,0,1,1,0,0,1,0,1,1,1,1,1,1,0,360,25,1,1,0,2361,506.81,F,0.0,0.0,0.0,0.0,0.0,0.0,1.0
9,0,1,1,1,1,1,1,1,1,1,1,1,1,0,270,20,1,1,0,196,461.01,M,0.0,0.0,0.0,0.0,0.0,0.0,1.0
10,1,1,1,0,1,1,0,1,1,1,1,1,1,0,300,20,1,1,0,1900,480.97,M,0.0,0.0,0.0,1.0,0.0,0.0,0.0
10,1,0,1,0,1,1,0,1,1,1,1,1,0,0,225,30,1,1,0,276,463.18,M,0.0,0.0,0.0,0.0,0.0,0.0,1.0
11,1,1,1,1,1,1,1,1,1,0,1,1,1,1,250,30,1,1,0,1692,730.27,F,0.0,0.0,0.0,0.0,1.0,0.0,0.0
10,1,1,1,0,1,1,0,1,1,1,1,1,1,0,270,20,1,1,0,1680,571.56,M,0.0,0.0,0.0,0.0,0.0,0.0,1.0
11,1,0,0,0,1,0,0,1,0,0,0,0,1,0,900,20,1,1,1,1196,402.5,F,0.0,0.0,0.0,1.0,0.0,0.0,0.0
11,1,1,1,1,1,1,0,1,1,1,1,1,1,0,235,30,1,1,0,1250,547.96,F,0.0,0.0,0.0,0.0,0.0,0.0,1.0
10,1,1,1,0,0,1,0,0,1,1,1,1,1,0,330,30,1,1,0,2340,482.74,F,0.0,0.0,0.0,0.0,0.0,0.0,1.0
10,1,0,1,0,0,1,0,1,1,1,1,0,1,0,225,20,1,1,1,1196,467.26,M,0.0,0.0,0.0,1.0,0.0,0.0,0.0
10,1,1,1,0,0,1,0,1,1,1,1,1,1,0,225,28,1,1,0,1897,613.01,M,0.0,0.0,0.0,0.0,0.0,0.0,1.0
10,1,1,1,0,1,1,0,1,1,1,1,1,1,0,420,18,1,1,0,1250,563.55,M,0.0,0.0,0.0,0.0,0.0,0.0,1.0
11,1,1,1,0,1,1,0,1,1,1,1,1,1,1,275,30,1,1,1,1988,556.86,F,0.0,0.0,0.0,0.0,0.0,0.0,1.0
10,1,1,1,0,1,1,0,0,1,0,1,1,1,0,200,20,1,0,1,398,477.45,M,0.0,0.0,0.0,1.0,0.0,0.0,0.0
10,1,1,1,0,1,1,0,1,1,1,1,1,1,0,225,30,1,1,0,316,478.77,F,0.0,0.0,0.0,0.0,0.0,0.0,1.0
11,0,1,1,0,1,1,0,0,1,1,1,1,1,0,250,22,1,1,0,316,621.36,F,0.0,0.0,0.0,0.0,0.0,0.0,1.0
10,1,1,1,0,1,1,0,1,1,1,1,1,1,0,275,22,1,1,0,1233,528.26,F,0.0,0.0,0.0,0.0,0.0,0.0,1.0
11,0,1,1,1,1,1,1,1,1,1,1,1,1,0,225,20,1,1,0,636,580.22,M,0.0,0.0,0.0,0.0,0.0,0.0,1.0
10,0,1,0,0,0,1,1,1,0,0,0,0,1,0,250,25,1,1,1,1763,482.02,M,0.0,0.0,0.0,1.0,0.0,0.0,0.0
10,0,1,1,1,1,1,0,1,1,1,1,1,1,0,636,18,1,1,0,1526,628.64,M,0.0,0.0,0.0,0.0,1.0,0.0,0.0
10,1,1,1,1,0,1,1,1,1,0,0,0,1,0,45,27,1,1,0,2878,520.82,M,0.0,0.0,0.0,1.0,0.0,0.0,0.0
10,1,1,1,1,0,1,1,1,1,1,1,1,1,0,275,27,1,1,0,1526,588.24,M,0.0,0.0,0.0,0.0,0.0,0.0,1.0
10,1,0,1,1,1,1,1,1,1,1,1,1,0,0,225,12,1,0,1,1212,454.36,M,0.0,0.0,0.0,0.0,0.0,0.0,1.0
11,1,0,1,0,0,1,0,0,1,1,1,1,0,0,250,29,1,1,0,1692,482.42,M,0.0,0.0,0.0,0.0,1.0,0.0,0.0
11,0,1,1,0,1,1,0,1,0,0,0,0,1,0,360,30,0,1,1,2162,444.66,M,0.0,1.0,0.0,0.0,0.0,0.0,0.0
10,1,0,1,0,0,1,0,1,1,1,1,1,0,0,225,30,1,1,0,889,363.5,F,0.0,0.0,0.0,1.0,0.0,0.0,0.0
10,0,1,1,1,1,1,1,1,0,0,0,0,1,0,236,20,1,1,0,2710,638.68,F,0.0,0.0,0.0,0.0,0.0,0.0,1.0
10,0,0,1,0,1,1,0,1,1,1,1,1,1,1,30,20,1,1,1,1720,471.85,F,0.0,0.0,0.0,0.0,1.0,0.0,0.0
10,0,1,1,0,1,1,0,1,1,1,1,1,1,0,85,20,1,1,0,820,274.78,M,0.0,0.0,1.0,0.0,0.0,0.0,0.0
10,1,1,1,1,1,0,0,0,1,1,1,1,1,0,280,26,1,1,0,1064,557.89,F,0.0,0.0,0.0,0.0,0.0,0.0,1.0
10,1,1,1,1,1,1,1,1,1,1,1,1,1,0,400,23,1,1,0,987,512.24,M,0.0,0.0,0.0,0.0,0.0,0.0,1.0
10,1,1,1,0,0,1,0,1,1,1,1,1,1,0,500,25,1,1,0,850,685.55,F,0.0,0.0,0.0,0.0,0.0,0.0,1.0
11,1,1,1,1,1,1,1,1,1,1,1,1,1,0,60,30,1,1,0,926,519.36,F,0.0,0.0,0.0,0.0,0.0,0.0,1.0
10,1,1,1,0,1,1,0,1,1,1,1,1,1,0,200,20,1,0,1,398,480.09,M,0.0,0.0,0.0,1.0,0.0,0.0,0.0
10,1,1,1,0,1,1,1,1,1,1,1,1,1,1,270,24,1,1,0,1680,624.22,F,0.0,0.0,0.0,0.0,0.0,0.0,1.0
11,0,1,1,0,1,1,1,1,1,1,1,1,1,0,275,30,1,1,1,1046,609.8,M,0.0,0.0,0.0,0.0,0.0,0.0,1.0
11,1,1,0,0,1,0,0,1,1,1,1,1,1,0,270,25,1,1,0,1680,613.81,M,0.0,0.0,0.0,0.0,0.0,0.0,1.0
9,1,0,1,0,0,1,0,1,1,1,1,1,1,0,30,10,1,1,0,100,362.65,M,0.0,0.0,1.0,0.0,0.0,0.0,0.0
10,0,1,1,0,1,1,0,1,1,1,1,1,1,0,225,25,1,1,0,1250,539.94,F,0.0,0.0,0.0,1.0,0.0,0.0,0.0
9,0,1,1,0,1,1,0,0,1,1,1,1,1,1,160,25,1,1,0,887,547.24,F,0.0,0.0,0.0,0.0,1.0,0.0,0.0
9,1,1,1,1,1,1,1,1,1,0,0,1,1,1,300,23,1,1,0,2041,563.77,F,0.0,0.0,1.0,0.0,0.0,0.0,0.0
10,1,1,1,1,0,1,1,0,1,1,1,1,1,1,225,24,1,1,0,1897,471.59,M,0.0,0.0,0.0,1.0,0.0,0.0,0.0
10,1,1,1,1,1,1,1,1,1,1,1,1,1,0,250,20,1,1,0,400,432.55,M,0.0,0.0,0.0,0.0,0.0,0.0,1.0
10,1,1,1,0,1,1,0,0,0,0,0,0,1,0,240,10,1,1,1,1110,369.54,M,0.0,0.0,0.0,1.0,0.0,0.0,0.0
10,1,1,1,1,1,1,0,1,1,1,1,1,1,0,450,25,1,1,0,987,542.46,M,0.0,0.0,0.0,0.0,0.0,0.0,1.0
10,1,1,1,1,1,1,1,1,1,1,1,1,1,1,275,35,1,1,0,1692,682.13,F,0.0,0.0,0.0,0.0,0.0,0.0,1.0
10,1,0,1,1,1,1,0,1,1,1,1,1,1,0,250,30,1,0,1,308,320.92,F,0.0,0.0,0.0,0.0,1.0,0.0,0.0
10,1,1,1,1,1,1,0,1,1,1,1,1,1,0,300,18,1,1,0,690,698.42,F,0.0,0.0,0.0,0.0,0.0,0.0,1.0
10,1,1,1,1,1,1,0,1,0,0,0,0,1,1,200,29,1,0,1,398,410.35,M,0.0,0.0,0.0,1.0,0.0,0.0,0.0
11,0,1,1,0,1,1,1,1,1,1,1,1,1,0,225,20,1,1,0,358,652.02,F,0.0,0.0,0.0,0.0,0.0,0.0,1.0
9,0,0,0,0,0,0,0,1,1,1,1,1,1,0,45,20,1,1,0,1250,389.79,F,0.0,0.0,0.0,1.0,0.0,0.0,0.0
10,1,0,0,0,0,0,0,1,1,0,0,0,0,0,225,27,1,1,1,1574,519.77,M,0.0,0.0,0.0,1.0,0.0,0.0,0.0
10,1,1,1,0,1,1,0,0,1,0,1,1,1,0,70,30,1,1,1,1392,411.95,M,0.0,0.0,1.0,0.0,0.0,0.0,0.0
10,1,1,1,1,1,1,1,1,1,1,0,1,1,0,250,30,1,1,0,2878,738.47,M,0.0,0.0,0.0,0.0,0.0,0.0,1.0
10,0,1,1,1,1,0,0,1,1,1,1,1,1,0,235,21,1,1,0,1828,311.15,F,0.0,0.0,0.0,0.0,0.0,0.0,1.0
11,1,1,1,0,1,1,0,1,1,0,0,0,1,0,200,20,1,1,1,989,537.0,F,0.0,1.0,0.0,0.0,0.0,0.0,0.0
10,1,1,1,0,0,1,0,1,1,1,1,1,1,0,225,30,1,1,0,1380,473.13,F,0.0,0.0,0.0,0.0,0.0,0.0,1.0
10,1,1,1,0,1,1,1,1,1,1,1,1,1,0,300,30,1,1,0,898,477.18,F,0.0,0.0,0.0,0.0,0.0,0.0,1.0
10,1,1,1,0,0,1,0,1,1,1,1,1,1,0,275,23,1,1,0,929,492.51,F,0.0,0.0,0.0,0.0,0.0,0.0,1.0
10,1,1,1,0,1,1,0,0,1,1,1,1,1,1,200,15,1,1,0,846,607.06,F,0.0,0.0,0.0,0.0,0.0,1.0,0.0
10,1,0,1,0,1,1,0,1,1,1,1,1,1,0,250,18,1,1,1,1723,396.64,M,0.0,0.0,0.0,0.0,0.0,0.0,1.0
10,1,0,1,0,0,1,0,1,1,1,1,1,1,0,250,36,1,1,0,505,424.05,M,0.0,0.0,0.0,1.0,0.0,0.0,0.0
10,1,1,1,0,1,1,0,1,1,1,1,1,1,0,261,30,1,1,0,979,582.22,M,0.0,0.0,0.0,0.0,0.0,0.0,1.0
10,1,1,1,0,1,1,0,0,1,1,1,1,1,0,180,20,1,1,0,389,464.3,M,0.0,0.0,0.0,0.0,0.0,0.0,1.0
9,0,1,1,1,1,1,1,1,1,1,1,1,1,0,90,32,1,1,0,432,509.75,M,0.0,0.0,0.0,0.0,0.0,0.0,1.0
10,1,1,1,1,1,1,0,1,1,1,1,1,1,0,225,25,1,1,0,1610,560.34,M,0.0,0.0,0.0,0.0,0.0,0.0,1.0
10,1,1,1,1,1,1,1,1,1,1,1,1,1,1,240,20,1,1,0,509,535.49,M,0.0,0.0,0.0,0.0,0.0,0.0,1.0
10,0,0,0,0,0,1,0,1,1,1,1,1,1,0,225,20,1,1,0,1375,472.4,M,0.0,0.0,0.0,0.0,0.0,0.0,1.0
11,1,0,1,0,0,1,0,0,1,1,0,1,1,0,175,18,1,1,1,1110,394.48,F,0.0,0.0,0.0,1.0,0.0,0.0,0.0
11,0,0,1,0,1,0,0,1,1,0,0,0,0,1,700,20,1,1,1,2646,482.34,M,0.0,0.0,0.0,0.0,0.0,0.0,1.0
10,0,1,1,1,1,1,1,1,1,1,1,1,1,0,225,18,1,0,1,356,555.45,M,0.0,0.0,0.0,0.0,0.0,0.0,1.0
10,1,1,1,0,1,1,1,1,1,0,0,0,1,0,225,30,1,1,0,2878,564.88,F,0.0,0.0,0.0,0.0,0.0,0.0,1.0
9,1,1,0,0,1,0,0,1,0,0,0,0,0,0,200,30,1,1,1,989,406.5,M,0.0,1.0,0.0,0.0,0.0,0.0,0.0
10,1,1,1,1,1,1,0,1,1,1,1,1,1,1,225,24,1,1,0,276,461.53,F,0.0,0.0,0.0,0.0,0.0,0.0,1.0
10,1,1,1,0,1,1,1,1,1,1,1,1,1,1,200,15,1,0,1,356,513.16,F,0.0,0.0,0.0,0.0,0.0,0.0,1.0
11,1,1,1,1,1,1,1,1,1,0,0,1,1,1,275,28,1,1,0,2000,656.0,F,0.0,1.0,0.0,0.0,0.0,0.0,0.0
10,0,0,1,1,1,1,0,1,1,1,1,1,0,0,240,30,1,1,0,1087,462.78,M,0.0,0.0,0.0,0.0,0.0,0.0,1.0
10,1,1,0,0,0,1,0,1,1,0,0,1,1,0,250,30,1,1,0,1347,373.23,M,0.0,1.0,0.0,0.0,0.0,0.0,0.0
10,0,1,1,0,1,1,0,1,1,0,0,0,1,1,270,39,1,1,1,1734,573.81,M,0.0,0.0,0.0,1.0,0.0,0.0,0.0
10,0,1,0,0,0,0,0,1,0,0,0,0,0,0,150,30,1,1,0,1079,479.93,M,0.0,0.0,0.0,1.0,0.0,0.0,0.0
10,1,0,1,0,1,1,0,1,1,1,1,1,1,0,600,20,1,1,0,1173,487.58,F,0.0,0.0,1.0,0.0,0.0,0.0,0.0
9,1,1,1,1,1,1,0,1,1,1,1,1,1,0,225,20,1,1,0,1380,448.35,M,0.0,0.0,0.0,0.0,0.0,0.0,1.0
10,1,1,0,0,0,1,0,1,1,1,1,1,1,0,250,20,0,0,1,308,550.16,M,0.0,0.0,0.0,0.0,0.0,0.0,1.0
10,0,0,1,0,1,1,0,1,1,1,1,1,1,0,270,30,1,1,1,2255,552.01,F,0.0,0.0,0.0,0.0,0.0,0.0,1.0
9,0,1,1,1,1,1,1,1,1,1,1,1,1,0,400,32,1,1,0,930,561.14,M,0.0,0.0,0.0,0.0,0.0,0.0,1.0
10,1,1,1,1,1,1,0,1,1,1,1,1,1,1,40,15,1,1,0,1411,501.09,F,0.0,0.0,1.0,0.0,0.0,0.0,0.0
10,1,1,1,0,1,0,0,0,1,1,1,1,0,0,275,15,1,1,1,539,579.82,M,0.0,0.0,0.0,1.0,0.0,0.0,0.0
10,0,1,1,0,1,1,0,1,1,0,1,1,1,1,300,30,1,1,1,2255,577.83,F,0.0,0.0,0.0,0.0,0.0,0.0,1.0
10,1,1,1,0,0,1,0,1,1,1,1,1,1,0,275,25,1,1,1,2144,425.22,F,0.0,0.0,0.0,0.0,0.0,0.0,1.0
11,0,1,0,0,0,0,0,1,0,0,0,0,1,0,270,20,1,1,0,1489,582.44,F,0.0,0.0,0.0,1.0,0.0,0.0,0.0
10,0,1,1,0,0,1,0,1,1,1,1,1,1,1,450,30,1,1,0,432,516.9,F,0.0,0.0,0.0,0.0,0.0,0.0,1.0
10,1,1,1,1,1,1,1,1,1,1,1,1,1,0,360,25,1,1,0,929,586.25,F,0.0,0.0,0.0,0.0,0.0,0.0,1.0
10,0,1,0,0,1,0,0,1,0,0,0,0,0,0,270,23,1,1,0,3004,555.11,F,0.0,0.0,0.0,1.0,0.0,0.0,0.0
11,1,1,1,1,1,1,1,1,1,0,0,1,1,0,200,25,1,0,1,398,431.43,M,0.0,0.0,0.0,0.0,1.0,0.0,0.0
10,0,0,1,1,1,1,1,1,1,1,1,1,1,0,270,21,1,1,0,421,520.55,F,0.0,0.0,0.0,0.0,0.0,0.0,1.0
10,0,1,1,0,1,1,0,0,1,1,1,1,1,0,275,30,1,1,1,2144,503.1,M,0.0,0.0,0.0,1.0,0.0,0.0,0.0
11,0,1,0,0,0,0,0,1,1,0,0,0,1,0,50,40,1,1,1,3592,494.73,F,0.0,0.0,0.0,1.0,0.0,0.0,0.0
11,0,1,1,1,1,1,1,1,0,0,0,1,1,0,450,30,1,1,0,1750,675.22,F,0.0,0.0,1.0,0.0,0.0,0.0,0.0
10,1,1,1,0,1,1,0,1,1,1,1,1,1,0,270,20,1,1,0,389,545.58,F,0.0,0.0,0.0,0.0,0.0,0.0,1.0
10,1,1,1,1,1,1,0,1,1,1,1,1,1,1,224,21,1,1,0,690,627.08,F,0.0,0.0,0.0,0.0,0.0,0.0,1.0
11,1,1,1,1,1,1,1,0,0,0,0,0,1,0,250,25,1,1,1,3000,575.13,F,0.0,1.0,0.0,0.0,0.0,0.0,0.0
10,1,1,1,0,1,1,0,1,1,1,1,1,0,0,450,22,1,1,0,762,491.79,F,0.0,0.0,1.0,0.0,0.0,0.0,0.0
10,1,1,1,1,1,1,1,1,1,1,1,1,1,0,300,22,1,1,0,762,338.87,F,0.0,0.0,1.0,0.0,0.0,0.0,0.0
10,1,1,1,1,1,1,1,1,1,0,1,1,1,0,225,25,1,1,0,3009,661.03,M,0.0,0.0,0.0,0.0,0.0,0.0,1.0
11,1,0,1,0,1,1,0,1,1,1,1,1,1,0,240,30,1,1,0,1087,460.21,M,0.0,0.0,0.0,0.0,0.0,0.0,1.0
11,1,1,1,0,0,1,1,1,1,1,1,1,1,0,270,20,1,1,0,1680,552.96,M,0.0,0.0,0.0,0.0,0.0,0.0,1.0
10,0,1,1,0,1,1,0,1,1,1,0,0,1,0,250,22,1,1,1,1723,466.14,F,0.0,0.0,0.0,1.0,0.0,0.0,0.0
9,1,0,1,0,1,1,0,1,1,1,1,1,0,0,450,28,1,1,0,1387,341.64,M,0.0,0.0,1.0,0.0,0.0,0.0,0.0
10,1,1,1,1,1,1,1,1,1,1,1,1,1,0,180,20,1,1,1,1998,492.75,F,0.0,0.0,0.0,1.0,0.0,0.0,0.0
10,0,1,1,0,1,0,0,1,1,0,0,0,0,0,275,35,1,1,1,3592,431.82,F,0.0,0.0,0.0,1.0,0.0,0.0,0.0
10,1,1,1,1,1,1,1,1,1,1,1,1,1,0,300,26,1,1,0,762,410.99,M,0.0,0.0,0.0,0.0,0.0,0.0,1.0
10,0,0,1,0,1,1,0,0,1,1,1,1,1,0,225,25,1,1,0,1250,390.95,M,0.0,0.0,0.0,0.0,0.0,0.0,1.0
10,1,1,1,0,1,1,0,1,1,1,1,1,1,0,285,30,1,1,1,1619,434.2,F,0.0,0.0,0.0,0.0,1.0,0.0,0.0
10,1,1,1,0,1,1,0,1,0,0,0,0,1,1,250,30,1,1,1,2080,646.78,F,0.0,1.0,0.0,0.0,0.0,0.0,0.0
10,1,1,1,1,1,1,1,1,1,1,1,1,1,0,450,20,1,1,0,712,577.17,M,0.0,0.0,0.0,0.0,0.0,0.0,1.0
10,1,1,1,1,0,1,1,1,1,1,1,1,1,1,250,16,1,1,0,2098,600.79,F,0.0,0.0,0.0,0.0,0.0,0.0,1.0
10,1,1,1,0,1,1,0,1,1,1,1,1,1,0,50,27,1,1,0,850,517.93,F,0.0,0.0,0.0,0.0,0.0,0.0,1.0
9,1,0,1,0,1,1,0,1,1,1,1,1,1,0,225,20,1,1,0,358,341.32,M,0.0,0.0,1.0,0.0,0.0,0.0,0.0
10,1,0,1,1,0,1,0,1,1,1,1,1,1,0,225,25,1,1,0,926,482.02,M,0.0,0.0,0.0,0.0,0.0,0.0,1.0
10,1,1,1,0,1,1,1,1,1,0,1,1,1,0,270,30,1,1,1,1378,624.23,M,0.0,0.0,0.0,0.0,0.0,0.0,1.0
11,0,1,0,0,0,1,0,0,1,1,1,1,1,0,225,20,1,1,1,3000,630.18,F,0.0,0.0,0.0,0.0,0.0,0.0,1.0
10,1,1,1,1,1,1,1,1,1,1,1,1,1,0,200,25,1,1,0,632,558.37,F,0.0,0.0,0.0,0.0,0.0,0.0,1.0
10,0,1,1,0,0,1,1,1,1,1,1,1,1,1,290,16,1,1,0,926,508.32,F,0.0,0.0,0.0,0.0,0.0,0.0,1.0
10,0,1,0,0,0,1,0,1,0,0,0,0,1,0,120,30,1,1,0,1692,491.07,M,0.0,0.0,0.0,1.0,0.0,0.0,0.0
11,0,0,0,0,1,0,0,1,1,1,1,1,1,0,250,25,1,1,1,1723,472.73,F,0.0,0.0,0.0,1.0,0.0,0.0,0.0
10,1,1,1,1,0,1,1,1,1,1,1,1,1,0,240,20,1,0,1,356,553.93,M,0.0,0.0,0.0,1.0,0.0,0.0,0.0
10,0,1,1,0,1,1,0,1,1,1,1,1,1,0,350,30,1,1,0,712,562.5,F,0.0,0.0,0.0,0.0,0.0,0.0,1.0
10,1,1,1,0,1,0,0,1,1,1,1,1,1,0,255,30,1,1,1,1202,388.46,M,0.0,0.0,1.0,0.0,0.0,0.0,0.0
9,0,1,0,0,0,0,0,1,0,0,0,0,1,0,275,25,1,1,1,1062,519.04,F,0.0,0.0,0.0,1.0,0.0,0.0,0.0
10,0,1,1,0,1,1,0,0,1,1,1,1,1,0,264,25,1,1,1,1202,529.05,F,0.0,0.0,1.0,0.0,0.0,0.0,0.0
10,1,1,0,0,1,0,1,1,1,0,0,0,1,0,400,24,1,1,1,1720,412.67,M,0.0,0.0,0.0,1.0,0.0,0.0,0.0
10,1,1,1,1,1,1,1,1,1,1,1,1,1,0,300,25,1,1,0,898,473.52,M,0.0,0.0,0.0,0.0,0.0,0.0,1.0
10,0,1,1,0,0,1,0,0,1,1,1,1,1,0,250,20,1,1,0,854,457.71,F,0.0,0.0,0.0,0.0,0.0,0.0,1.0
10,0,1,1,1,1,1,1,1,1,0,1,1,1,0,300,25,1,1,0,1733,623.11,M,0.0,0.0,0.0,1.0,0.0,0.0,0.0
10,1,0,1,0,0,1,0,0,1,1,1,1,1,0,225,21,1,1,0,1828,497.91,F,0.0,0.0,0.0,1.0,0.0,0.0,0.0
10,1,1,1,0,1,1,0,0,1,1,1,1,1,0,160,23,1,0,1,1212,567.79,M,0.0,0.0,0.0,0.0,0.0,0.0,1.0
10,1,1,1,1,1,1,1,1,1,1,1,1,1,0,225,27,1,1,0,1327,398.77,F,0.0,0.0,0.0,0.0,0.0,0.0,1.0
10,1,1,1,0,1,1,0,1,1,1,1,1,1,0,240,30,1,1,0,1812,439.05,F,0.0,0.0,0.0,0.0,0.0,0.0,1.0
11,0,1,1,1,1,1,1,1,1,1,1,1,1,1,255,18,1,1,0,996,669.13,M,0.0,0.0,0.0,0.0,0.0,0.0,1.0
10,1,1,1,1,0,1,1,1,1,0,0,1,1,1,275,30,1,1,0,2340,663.51,M,0.0,1.0,0.0,0.0,0.0,0.0,0.0
10,1,1,1,0,1,1,0,1,1,0,0,0,1,0,275,22,0,1,1,502,481.94,M,0.0,0.0,0.0,1.0,0.0,0.0,0.0
10,0,0,1,0,1,1,0,1,1,1,1,1,1,0,300,40,1,1,1,3138,467.09,F,0.0,0.0,0.0,0.0,0.0,0.0,1.0
10,1,1,1,1,1,1,1,1,1,1,1,1,0,1,330,31,1,1,0,2041,631.53,F,0.0,0.0,0.0,0.0,0.0,0.0,1.0
10,0,1,1,1,1,1,0,1,1,1,1,1,1,0,60,27,1,1,0,1913,629.28,M,0.0,0.0,0.0,0.0,0.0,0.0,1.0
10,1,1,1,1,0,1,1,1,1,0,0,0,1,1,450,25,1,1,0,2041,550.64,M,0.0,0.0,0.0,1.0,0.0,0.0,0.0
10,1,1,1,0,0,1,1,1,1,1,1,1,1,1,140,20,1,1,1,1900,599.59,F,0.0,0.0,0.0,0.0,0.0,0.0,1.0
10,0,1,1,0,1,1,0,1,1,1,1,1,1,0,450,12,1,1,0,2569,547.51,M,0.0,0.0,0.0,0.0,0.0,0.0,1.0
10,0,1,1,1,0,1,1,1,1,1,1,1,1,0,250,20,1,1,0,1526,583.43,M,0.0,0.0,0.0,0.0,0.0,0.0,1.0
11,0,1,1,1,1,1,1,0,1,1,1,1,1,0,350,30,1,1,0,1295,457.16,M,0.0,0.0,0.0,0.0,0.0,0.0,1.0
10,0,1,0,0,1,1,1,1,1,0,0,1,1,0,450,27,1,1,1,1411,429.35,M,0.0,0.0,1.0,0.0,0.0,0.0,0.0
11,1,1,1,0,1,1,0,1,1,1,1,1,1,1,450,25,1,1,0,1489,534.61,F,0.0,0.0,0.0,0.0,0.0,0.0,1.0
10,1,0,1,0,1,1,0,1,1,1,1,1,1,0,300,18,1,1,0,690,534.36,M,0.0,0.0,0.0,0.0,0.0,0.0,1.0
10,1,0,1,0,1,1,0,1,1,1,1,1,1,0,135,23,1,1,0,996,406.74,M,0.0,0.0,0.0,0.0,0.0,0.0,1.0
10,1,1,1,1,1,1,1,1,1,1,1,1,1,1,630,14,1,1,0,1173,497.43,F,0.0,0.0,0.0,0.0,0.0,0.0,1.0
11,1,0,1,0,1,0,0,1,1,1,1,1,1,0,270,30,1,1,1,2966,494.84,M,0.0,0.0,0.0,0.0,0.0,0.0,1.0
11,1,1,1,0,1,1,0,1,1,1,1,1,1,0,205,20,1,1,0,632,507.43,M,0.0,0.0,0.0,0.0,1.0,0.0,0.0
10,1,1,1,0,1,1,0,1,1,1,1,1,1,0,275,20,0,1,1,502,540.38,M,0.0,0.0,0.0,0.0,0.0,0.0,1.0
10,1,1,1,1,1,1,1,1,1,1,1,1,1,0,450,27,1,1,0,1317,444.34,M,0.0,0.0,0.0,0.0,0.0,0.0,1.0
11,1,1,1,0,0,1,1,1,1,1,1,1,1,0,300,30,1,1,0,1913,609.16,M,0.0,0.0,0.0,0.0,0.0,0.0,1.0
10,1,1,1,0,1,1,1,1,1,1,1,1,1,0,450,25,1,1,0,1173,537.87,F,0.0,0.0,0.0,0.0,0.0,0.0,1.0
10,1,1,1,1,1,1,1,1,1,1,1,1,1,0,270,30,1,1,0,1680,637.33,F,0.0,0.0,0.0,0.0,0.0,0.0,1.0
10,1,1,1,1,1,1,1,1,1,1,0,1,1,0,225,15,1,0,0,331,428.4,F,0.0,0.0,0.0,0.0,0.0,0.0,1.0
10,0,1,1,0,1,1,0,1,1,1,1,1,1,0,650,20,1,1,0,432,533.88,M,0.0,0.0,0.0,0.0,0.0,0.0,1.0
10,0,1,0,0,0,0,0,1,1,1,1,1,0,1,225,14,1,1,1,539,490.51,M,0.0,0.0,0.0,1.0,0.0,0.0,0.0
10,0,1,1,1,1,1,1,1,1,1,1,1,1,0,300,33,1,1,0,316,619.61,F,0.0,0.0,0.0,0.0,0.0,0.0,1.0
10,0,0,0,0,0,1,0,1,1,1,1,1,1,0,450,24,1,1,0,1387,555.85,M,0.0,0.0,0.0,0.0,0.0,1.0,0.0
10,1,1,1,1,1,1,0,1,1,1,1,1,1,1,225,30,1,1,0,1087,601.1,F,0.0,0.0,0.0,0.0,0.0,0.0,1.0
10,1,1,1,1,1,1,1,1,1,1,1,1,1,1,225,25,1,1,0,2748,616.67,F,0.0,0.0,0.0,0.0,0.0,0.0,1.0
10,1,0,0,0,1,0,0,1,1,0,0,0,1,0,318,40,1,1,1,3201,414.42,F,0.0,0.0,0.0,1.0,0.0,0.0,0.0
10,1,0,1,0,1,1,0,1,1,0,0,0,1,0,270,25,1,1,1,2255,474.48,F,0.0,0.0,0.0,1.0,0.0,0.0,0.0
11,1,1,1,1,1,1,1,1,1,1,1,1,1,0,215,20,1,1,0,774,671.89,F,0.0,0.0,0.0,0.0,0.0,0.0,1.0
10,1,1,1,1,1,1,1,1,1,1,1,1,1,1,200,20,1,0,1,398,370.98,M,0.0,0.0,0.0,0.0,0.0,0.0,1.0
11,0,1,1,0,1,1,0,1,1,1,1,1,1,0,225,21,1,1,0,1327,600.39,F,0.0,0.0,0.0,0.0,0.0,0.0,1.0
10,1,1,0,0,1,1,0,1,1,1,0,1,1,0,275,25,1,1,0,2041,572.44,M,0.0,0.0,0.0,0.0,0.0,0.0,1.0
10,1,1,1,1,1,1,0,1,1,1,0,1,1,0,270,18,1,1,1,2999,566.27,M,0.0,0.0,0.0,1.0,0.0,0.0,0.0
10,0,1,1,0,1,1,0,1,1,1,1,1,1,1,240,15,1,1,0,247,535.73,M,0.0,0.0,0.0,0.0,0.0,0.0,1.0
10,0,1,1,1,1,1,1,1,1,1,0,1,1,1,480,25,1,0,1,575,663.59,M,0.0,0.0,0.0,0.0,0.0,0.0,1.0
10,0,0,1,0,1,1,0,1,1,1,1,1,1,0,250,7,1,1,0,868,292.26,M,0.0,0.0,0.0,0.0,0.0,0.0,1.0
10,1,0,1,0,1,1,0,1,1,1,1,0,1,0,300,30,1,1,1,3138,387.98,M,0.0,0.0,0.0,1.0,0.0,0.0,0.0
11,1,1,1,0,0,1,0,1,1,1,1,1,1,0,180,25,1,1,0,2748,636.38,F,0.0,0.0,0.0,0.0,0.0,0.0,1.0
9,1,1,1,0,1,1,0,0,1,0,1,0,1,0,250,21,1,1,0,1411,344.13,M,0.0,0.0,0.0,1.0,0.0,0.0,0.0
9,0,0,0,0,1,1,0,1,1,1,1,1,1,0,275,20,1,1,0,362,422.45,M,0.0,0.0,0.0,0.0,0.0,0.0,1.0
10,0,0,0,0,0,1,0,0,1,1,1,1,1,0,315,25,1,1,0,1250,403.22,F,0.0,0.0,0.0,0.0,0.0,0.0,1.0
10,0,1,1,0,0,1,0,1,1,1,1,1,1,1,350,30,1,1,0,712,475.83,F,0.0,0.0,0.0,0.0,1.0,0.0,0.0
10,1,1,1,1,1,1,0,1,1,1,1,1,1,0,240,22,1,1,0,1380,329.9,F,0.0,0.0,1.0,0.0,0.0,0.0,0.0
10,1,1,1,1,1,1,1,1,1,1,1,1,1,0,270,22,1,1,1,2999,570.28,M,0.0,0.0,0.0,0.0,0.0,0.0,1.0
11,1,1,1,1,0,1,0,1,1,1,1,1,1,0,250,20,1,1,0,929,723.2,F,0.0,0.0,0.0,0.0,0.0,0.0,1.0
10,1,1,1,1,0,1,1,0,1,1,1,1,1,0,200,23,1,0,1,398,348.94,M,0.0,0.0,1.0,0.0,0.0,0.0,0.0
10,0,1,0,0,1,1,0,1,1,1,1,1,1,0,640,20,1,1,1,1900,503.18,M,0.0,0.0,0.0,0.0,0.0,0.0,1.0
10,1,1,1,0,1,1,0,1,1,1,1,1,1,0,225,16,1,1,0,347,475.84,M,0.0,0.0,0.0,0.0,0.0,0.0,1.0
10,1,0,0,0,1,1,0,1,1,1,1,1,0,0,80,18,1,1,0,227,407.51,F,0.0,0.0,0.0,0.0,0.0,0.0,1.0
10,1,1,1,1,1,1,1,1,1,1,1,1,1,1,250,17,1,1,0,347,650.83,F,0.0,0.0,0.0,0.0,0.0,0.0,1.0
11,1,1,1,0,0,1,0,1,1,1,1,1,1,0,270,35,1,1,1,1378,597.22,M,0.0,0.0,0.0,0.0,0.0,0.0,1.0
10,1,1,1,1,1,1,0,1,1,1,1,1,1,1,275,21,1,1,0,1526,606.9,F,0.0,0.0,0.0,0.0,0.0,0.0,1.0
10,1,1,1,1,1,1,1,1,1,1,1,1,1,1,315,70,1,1,0,261,486.71,F,0.0,0.0,0.0,0.0,0.0,0.0,1.0
10,1,1,1,0,1,1,0,1,1,1,1,1,1,0,270,20,1,1,0,196,542.79,F,0.0,0.0,0.0,0.0,0.0,0.0,1.0
11,0,1,1,0,1,1,0,1,1,0,0,1,1,1,420,27,1,1,1,3201,527.15,F,0.0,0.0,0.0,1.0,0.0,0.0,0.0
10,1,1,1,0,1,1,0,1,1,0,0,1,1,0,300,28,1,1,1,2144,544.46,F,0.0,1.0,0.0,0.0,0.0,0.0,0.0
11,1,1,1,1,0,1,1,1,1,1,1,1,1,0,50,31,1,1,0,361,533.64,M,0.0,0.0,0.0,0.0,0.0,0.0,1.0
9,1,1,1,1,0,1,1,1,1,1,1,1,1,1,300,15,1,1,0,929,549.07,F,0.0,0.0,0.0,0.0,0.0,0.0,1.0
10,0,1,1,0,1,1,0,1,1,1,1,1,0,1,245,20,1,1,0,149,525.72,F,0.0,0.0,0.0,0.0,0.0,0.0,1.0
10,1,1,1,1,1,1,1,1,1,1,1,1,1,0,270,30,1,1,1,2999,607.06,F,0.0,0.0,0.0,0.0,0.0,0.0,1.0
9,1,1,1,1,1,1,1,1,1,1,1,1,1,1,275,20,1,1,0,1526,618.06,M,0.0,0.0,0.0,0.0,0.0,0.0,1.0
10,1,1,1,0,1,1,1,1,1,1,1,1,1,1,300,26,1,1,1,2255,587.6,F,0.0,0.0,0.0,0.0,0.0,0.0,1.0
11,1,1,0,0,1,1,0,1,1,1,1,1,1,1,55,30,1,1,1,1392,541.44,F,0.0,0.0,0.0,1.0,0.0,0.0,0.0
10,0,1,1,1,1,1,1,1,1,1,1,1,1,0,225,27,1,1,1,1046,690.16,F,0.0,0.0,0.0,0.0,0.0,0.0,1.0
10,1,1,1,0,1,1,0,0,1,1,1,1,1,1,850,19,1,1,0,820,418.12,M,0.0,0.0,1.0,0.0,0.0,0.0,0.0
10,1,1,1,0,1,1,0,1,1,1,1,1,1,0,261,27,1,1,1,1734,582.99,F,0.0,0.0,0.0,1.0,0.0,0.0,0.0
10,1,1,1,0,1,1,0,1,1,1,1,1,1,0,240,30,1,1,0,808,566.39,F,0.0,0.0,0.0,0.0,0.0,0.0,1.0
10,1,1,1,0,0,1,0,1,1,1,1,1,1,0,225,12,1,0,0,331,529.13,F,0.0,0.0,0.0,0.0,0.0,0.0,1.0
10,1,1,1,1,0,1,0,1,1,1,1,1,1,1,225,16,1,0,1,366,592.05,F,0.0,0.0,0.0,0.0,0.0,0.0,1.0
10,1,1,1,0,1,1,0,0,1,1,1,1,1,1,100,20,1,1,1,1276,465.26,F,0.0,0.0,1.0,0.0,0.0,0.0,0.0
9,0,1,1,1,1,1,1,1,1,1,1,1,1,0,450,30,1,1,0,1173,399.2,M,0.0,0.0,0.0,0.0,0.0,0.0,1.0
11,1,1,1,0,1,1,0,1,1,1,1,1,0,1,55,10,1,1,0,362,455.81,F,0.0,0.0,0.0,0.0,0.0,0.0,1.0
10,1,1,1,0,1,1,0,1,1,1,1,1,1,0,450,24,1,1,0,432,444.9,M,0.0,0.0,0.0,0.0,0.0,0.0,1.0
10,0,1,1,0,1,1,0,0,1,1,1,1,1,0,88,29,1,1,1,1202,407.94,M,0.0,0.0,1.0,0.0,0.0,0.0,0.0
10,0,1,1,1,1,1,0,1,1,1,1,1,1,0,270,28,1,1,0,1489,562.65,F,0.0,0.0,0.0,1.0,0.0,0.0,0.0
10,1,0,0,1,1,0,0,1,1,1,1,1,1,1,275,27,1,1,0,899,442.49,M,0.0,0.0,0.0,0.0,1.0,0.0,0.0
10,1,1,1,1,1,1,0,1,1,1,1,1,1,0,160,20,1,0,1,1212,574.53,M,0.0,0.0,0.0,0.0,0.0,0.0,1.0
10,1,0,1,0,1,1,0,1,1,1,1,1,1,0,225,26,1,1,0,358,282.16,M,0.0,0.0,0.0,0.0,0.0,0.0,1.0
11,1,1,1,0,1,0,0,1,1,0,0,0,1,0,250,21,1,1,0,2183,493.94,F,0.0,0.0,0.0,1.0,0.0,0.0,0.0
11,1,1,0,0,0,0,0,1,1,0,0,1,1,0,275,30,1,1,1,2144,376.6,M,0.0,0.0,0.0,1.0,0.0,0.0,0.0
10,1,0,1,0,1,0,0,1,1,1,1,1,1,0,560,30,1,1,0,930,572.44,M,0.0,0.0,0.0,0.0,0.0,0.0,1.0
10,1,1,1,1,1,1,1,1,1,0,1,1,1,0,0,20,1,1,0,987,495.08,M,0.0,0.0,0.0,0.0,1.0,0.0,0.0
11,0,0,1,0,0,1,0,0,1,1,1,1,0,1,260,20,1,1,1,1202,504.43,F,0.0,0.0,1.0,0.0,0.0,0.0,0.0
9,0,0,1,0,0,1,0,0,1,1,1,1,0,0,225,18,1,1,0,762,347.66,M,0.0,0.0,1.0,0.0,0.0,0.0,0.0
11,0,0,1,0,1,1,0,1,1,0,0,1,1,0,270,24,1,1,0,1489,323.28,M,0.0,1.0,0.0,0.0,0.0,0.0,0.0
11,1,1,1,1,1,1,1,1,1,1,1,1,0,1,240,20,1,1,0,347,542.79,F,0.0,0.0,0.0,0.0,0.0,0.0,1.0
10,1,1,1,1,1,1,1,1,1,1,1,1,1,0,300,23,1,1,0,1233,428.32,F,0.0,0.0,0.0,0.0,0.0,0.0,1.0
10,1,1,1,0,0,1,0,0,1,0,0,0,1,0,46,30,1,1,1,1574,548.36,F,0.0,0.0,0.0,1.0,0.0,0.0,0.0
11,0,1,1,0,1,1,0,1,1,1,1,1,1,1,300,17,1,1,0,366,542.7,M,0.0,0.0,0.0,0.0,0.0,0.0,1.0
10,0,1,0,0,0,0,0,1,1,0,0,0,1,0,275,20,1,1,0,926,468.95,M,0.0,0.0,0.0,1.0,0.0,0.0,0.0
10,0,1,0,0,1,1,0,0,1,0,0,0,1,0,230,20,1,1,0,1828,553.52,F,0.0,0.0,0.0,0.0,0.0,0.0,1.0
10,1,1,1,0,0,1,0,1,1,1,1,1,1,0,250,22,1,1,1,2532,414.42,F,0.0,0.0,0.0,1.0,0.0,0.0,0.0
10,1,1,0,0,1,1,0,1,1,1,1,1,0,1,225,14,1,1,0,300,433.64,F,1.0,0.0,0.0,0.0,0.0,0.0,0.0
9,1,1,1,0,1,1,0,0,1,1,1,1,1,0,180,16,1,1,0,389,501.9,M,0.0,0.0,0.0,0.0,0.0,0.0,1.0
10,1,1,1,0,1,1,1,1,1,1,1,1,1,1,275,20,1,1,1,2004,550.96,M,0.0,0.0,0.0,0.0,0.0,0.0,1.0
10,0,1,1,0,1,1,0,1,1,1,1,1,1,0,225,15,1,1,0,854,491.48,F,0.0,0.0,0.0,0.0,0.0,0.0,1.0
10,1,0,1,0,1,1,0,1,1,1,1,1,1,0,250,20,1,1,0,636,464.06,M,0.0,0.0,0.0,0.0,0.0,0.0,1.0
10,1,1,0,0,0,1,0,0,1,0,0,0,1,0,300,30,1,1,0,1913,563.85,F,0.0,1.0,0.0,0.0,0.0,0.0,0.0
9,1,1,1,0,0,1,0,1,1,1,1,1,1,0,225,25,1,1,1,1276,532.84,M,0.0,0.0,0.0,0.0,0.0,0.0,1.0
10,0,1,1,1,1,1,1,1,0,0,0,1,1,0,245,35,1,1,1,1095,623.51,M,0.0,1.0,0.0,0.0,0.0,0.0,0.0
10,0,0,1,0,0,1,0,1,1,1,1,1,1,1,200,25,1,1,0,632,584.5,F,0.0,0.0,0.0,0.0,0.0,0.0,1.0
10,1,1,1,0,1,1,0,1,1,1,1,1,1,0,0,25,1,1,0,361,438.32,M,0.0,0.0,0.0,0.0,0.0,0.0,1.0
10,1,1,1,0,0,1,1,0,1,1,1,1,1,0,240,30,1,1,0,808,427.82,M,0.0,0.0,0.0,0.0,0.0,0.0,1.0
10,1,1,1,1,1,0,0,1,1,0,0,1,1,1,55,33,1,1,0,2340,603.73,F,0.0,1.0,0.0,0.0,0.0,0.0,0.0
10,1,1,1,0,1,1,0,1,1,1,1,1,1,0,225,20,1,1,0,358,578.86,F,0.0,0.0,0.0,0.0,0.0,0.0,1.0
10,1,1,1,1,1,1,1,1,1,1,1,1,1,1,250,36,1,1,0,1692,631.37,F,0.0,0.0,0.0,0.0,0.0,0.0,1.0
10,1,1,1,1,1,1,1,1,1,1,1,1,1,0,275,40,1,1,0,1692,506.09,F,0.0,0.0,0.0,0.0,0.0,0.0,1.0
10,1,1,1,1,1,1,0,1,1,1,1,1,1,0,275,22,1,1,0,1233,622.23,F,0.0,0.0,0.0,0.0,0.0,0.0,1.0
10,0,0,1,0,1,1,0,1,1,1,1,1,1,0,275,27,1,1,0,507,499.66,F,0.0,0.0,1.0,0.0,0.0,0.0,0.0
10,1,0,1,0,1,1,0,1,1,1,1,1,1,0,300,20,1,1,0,362,244.48,M,0.0,0.0,0.0,0.0,0.0,0.0,1.0
10,1,0,1,0,0,1,0,1,1,0,0,0,1,0,245,30,1,1,1,1095,611.89,M,0.0,1.0,0.0,0.0,0.0,0.0,0.0
10,0,0,1,0,1,1,0,1,1,1,1,1,1,1,225,22,1,1,1,989,383.2,F,0.0,0.0,1.0,0.0,0.0,0.0,0.0
9,1,1,1,0,0,1,0,1,1,0,0,1,1,0,175,20,1,1,0,3004,338.28,M,0.0,0.0,0.0,1.0,0.0,0.0,0.0
9,1,1,1,1,1,1,0,1,1,1,1,1,1,0,1200,30,1,1,0,1411,377.32,M,0.0,0.0,0.0,1.0,0.0,0.0,0.0
10,1,1,1,0,1,1,0,1,1,1,1,1,1,0,350,26,1,1,0,1101,615.88,F,0.0,0.0,0.0,1.0,0.0,0.0,0.0
10,0,1,1,0,1,1,1,1,1,1,1,1,1,1,225,30,1,1,0,1610,533.9,F,0.0,0.0,0.0,0.0,0.0,0.0,1.0
11,0,0,1,0,1,0,0,1,1,1,1,1,1,0,240,30,1,1,1,1400,417.76,F,0.0,0.0,0.0,0.0,0.0,0.0,1.0
11,1,1,1,1,0,1,1,1,1,1,1,1,1,0,250,20,1,0,1,308,539.58,M,0.0,0.0,0.0,0.0,0.0,0.0,1.0
11,1,1,1,1,1,1,1,1,1,1,1,1,1,1,225,20,1,0,1,356,723.52,F,0.0,0.0,0.0,0.0,0.0,0.0,1.0
11,1,1,1,1,1,1,1,1,1,1,0,1,1,0,180,26,1,1,1,2999,567.02,F,0.0,0.0,0.0,0.0,0.0,0.0,1.0
10,1,1,1,1,1,1,0,1,1,1,1,1,1,1,400,25,1,1,0,899,617.87,F,0.0,0.0,0.0,1.0,0.0,0.0,0.0
11,1,1,1,0,1,0,0,1,1,1,1,1,1,0,350,28,1,1,0,868,540.41,F,0.0,0.0,1.0,0.0,0.0,0.0,0.0
10,1,1,0,0,1,0,0,1,1,0,0,0,1,0,195,24,1,0,1,570,528.58,F,0.0,0.0,0.0,1.0,0.0,0.0,0.0
11,0,0,1,0,0,1,1,1,1,1,1,1,0,0,264,30,1,1,0,2402,513.52,M,0.0,0.0,0.0,0.0,0.0,0.0,1.0
10,1,0,1,0,1,1,0,1,1,1,1,1,0,1,225,30,1,1,0,1327,565.04,F,0.0,0.0,0.0,0.0,0.0,0.0,1.0
11,1,1,1,1,1,1,1,1,1,1,1,1,1,0,275,10,1,0,1,915,588.08,F,0.0,0.0,1.0,0.0,0.0,0.0,0.0
10,0,0,1,0,1,1,0,1,0,0,0,0,1,0,30,20,1,1,1,1720,576.13,M,0.0,0.0,0.0,1.0,0.0,0.0,0.0
11,0,1,1,0,1,1,0,1,1,1,1,1,1,0,250,25,1,1,1,2004,673.08,F,0.0,0.0,0.0,1.0,0.0,0.0,0.0
10,1,1,1,0,1,1,0,1,1,1,1,1,1,0,50,24,1,1,0,762,502.84,F,0.0,0.0,1.0,0.0,0.0,0.0,0.0
10,0,1,1,1,1,1,0,1,1,1,1,1,1,0,300,25,1,1,1,2162,556.86,F,0.0,0.0,1.0,0.0,0.0,0.0,0.0
10,1,0,1,0,1,0,0,1,1,1,1,1,1,0,500,20,1,1,0,1411,423.57,M,0.0,0.0,0.0,0.0,0.0,0.0,1.0
10,0,0,1,0,1,1,0,1,1,1,1,0,1,0,250,16,1,1,0,300,401.69,M,1.0,0.0,0.0,0.0,0.0,0.0,0.0
10,1,1,1,1,1,1,0,1,1,1,1,1,0,0,450,35,1,1,0,979,470.82,F,0.0,0.0,0.0,0.0,1.0,0.0,0.0
10,1,1,1,0,1,1,1,1,1,1,1,1,1,1,275,21,1,1,0,1526,600.55,F,0.0,0.0,0.0,0.0,0.0,0.0,1.0
10,1,1,1,0,0,1,1,1,1,1,1,1,1,0,350,30,1,1,0,898,577.9,M,0.0,0.0,0.0,0.0,0.0,0.0,1.0
10,1,1,1,1,1,1,1,1,1,1,1,1,1,1,525,14,1,1,0,1173,541.58,M,0.0,0.0,0.0,0.0,0.0,0.0,1.0
10,0,1,1,0,1,1,1,1,1,1,1,1,1,0,270,20,1,1,0,261,295.79,M,0.0,0.0,0.0,0.0,0.0,0.0,1.0
11,1,1,1,1,1,1,1,1,1,1,1,1,1,0,225,25,1,0,0,1064,629.92,M,0.0,0.0,0.0,0.0,0.0,0.0,1.0
10,1,1,1,1,1,1,1,1,0,0,0,1,1,0,315,30,1,1,0,2361,487.23,M,0.0,0.0,0.0,0.0,0.0,0.0,1.0
9,1,1,1,0,1,1,0,0,1,0,0,1,1,0,300,30,1,1,0,1347,468.95,M,0.0,0.0,0.0,1.0,0.0,0.0,0.0
11,1,1,1,0,1,1,0,1,1,1,1,1,1,1,240,25,1,1,1,989,564.8,F,0.0,0.0,1.0,0.0,0.0,0.0,0.0
10,1,1,1,0,1,1,0,1,1,1,1,1,1,0,45,25,1,1,0,887,428.06,M,0.0,0.0,0.0,0.0,0.0,0.0,1.0
11,0,1,1,0,1,1,0,1,1,1,1,1,1,1,225,18,1,1,0,854,601.18,F,0.0,0.0,0.0,0.0,0.0,0.0,1.0
10,1,1,1,0,0,1,0,1,1,1,1,1,1,0,225,28,1,1,0,347,463.67,F,0.0,0.0,0.0,0.0,0.0,0.0,1.0
11,0,1,0,1,1,0,0,1,1,1,0,1,1,0,315,20,1,1,0,1897,505.7,F,0.0,0.0,0.0,1.0,0.0,0.0,0.0
10,0,0,1,0,0,0,0,0,1,1,1,1,1,0,275,24,1,1,0,929,601.3,M,0.0,0.0,0.0,0.0,1.0,0.0,0.0
10,1,1,1,0,1,1,0,1,1,1,1,1,1,0,160,13,1,1,1,1900,464.7,M,0.0,0.0,0.0,0.0,0.0,0.0,1.0
10,1,1,1,0,0,1,0,1,1,1,1,1,1,1,240,32,1,1,0,808,463.58,M,0.0,0.0,0.0,0.0,0.0,0.0,1.0
10,1,1,1,1,1,1,1,1,1,0,0,1,1,0,350,28,1,1,0,899,604.91,M,0.0,1.0,0.0,0.0,0.0,0.0,0.0
10,1,1,0,0,1,0,0,1,0,0,0,1,1,0,235,35,1,1,1,1095,525.07,M,0.0,1.0,0.0,0.0,0.0,0.0,0.0
10,0,1,1,0,1,0,0,0,1,1,1,1,1,0,255,25,1,1,0,3004,667.04,F,0.0,0.0,1.0,0.0,0.0,0.0,0.0
9,1,1,1,0,0,1,1,1,1,1,1,1,1,1,225,20,1,1,0,358,585.93,F,0.0,0.0,0.0,0.0,0.0,0.0,1.0
10,1,1,1,0,1,1,1,0,1,1,1,1,1,0,50,32,1,1,0,361,420.77,F,0.0,0.0,0.0,0.0,0.0,0.0,1.0
11,1,1,1,1,1,1,1,1,0,0,0,0,1,1,450,18,1,1,1,1640,644.48,F,0.0,1.0,0.0,0.0,0.0,0.0,0.0
9,0,0,1,0,1,1,0,1,1,1,1,1,1,0,225,25,1,1,0,1897,549.92,M,0.0,0.0,0.0,0.0,0.0,0.0,1.0
10,0,1,1,0,0,1,0,1,1,1,1,1,1,1,300,20,1,1,1,1378,633.91,F,0.0,0.0,0.0,0.0,0.0,0.0,1.0
9,1,1,1,0,1,0,0,0,1,1,1,1,1,0,250,20,1,1,0,1064,417.92,F,0.0,0.0,0.0,0.0,0.0,0.0,1.0
10,1,1,1,0,0,1,1,1,1,0,1,1,1,1,200,27,1,1,1,3261,566.59,M,0.0,0.0,0.0,1.0,0.0,0.0,0.0
10,0,1,1,0,1,1,1,0,1,1,1,1,1,0,200,12,1,1,0,509,683.0,M,0.0,0.0,0.0,0.0,0.0,0.0,1.0
10,0,1,1,0,1,0,0,0,1,1,1,1,0,1,0,20,1,1,0,1317,512.05,F,0.0,0.0,0.0,0.0,0.0,0.0,1.0
10,0,1,1,0,1,1,0,1,1,0,1,1,1,0,270,25,1,1,0,3004,589.11,F,0.0,0.0,0.0,0.0,1.0,0.0,0.0
11,0,0,1,0,0,1,0,1,1,0,1,1,1,0,330,35,1,1,1,3201,584.5,F,0.0,0.0,0.0,0.0,1.0,0.0,0.0
11,1,1,1,1,1,1,0,0,1,1,1,1,1,0,160,20,1,0,1,1212,588.64,M,0.0,0.0,0.0,0.0,0.0,0.0,1.0
10,1,0,1,0,1,1,0,1,1,0,0,0,1,0,285,25,1,1,1,2999,484.8,F,0.0,0.0,0.0,1.0,0.0,0.0,0.0
10,1,1,1,0,1,1,0,1,1,1,1,1,1,0,45,40,1,1,1,3592,333.39,F,0.0,0.0,1.0,0.0,0.0,0.0,0.0
10,1,0,1,0,1,1,0,1,1,1,1,1,1,0,230,25,1,1,0,347,440.08,F,0.0,0.0,0.0,0.0,0.0,0.0,1.0
9,1,1,0,0,1,0,0,0,1,0,0,0,1,1,45,15,1,1,1,1062,483.93,F,0.0,0.0,0.0,1.0,0.0,0.0,0.0
9,1,1,1,1,1,1,1,1,1,1,1,1,1,0,275,20,1,1,0,507,397.76,M,0.0,0.0,0.0,0.0,0.0,0.0,1.0
10,0,1,1,0,0,1,0,1,1,1,1,1,1,1,225,30,1,1,0,366,604.68,F,0.0,0.0,0.0,0.0,0.0,0.0,1.0
10,1,0,1,0,1,1,0,1,1,1,1,1,1,0,225,18,1,1,0,347,569.8,M,0.0,0.0,0.0,0.0,0.0,0.0,1.0
10,1,1,0,0,1,0,0,1,1,0,0,1,1,0,240,35,1,1,1,1095,470.87,M,0.0,0.0,0.0,1.0,0.0,0.0,0.0
10,0,1,1,0,0,0,0,1,1,0,0,1,1,1,210,18,1,1,0,261,462.4,F,0.0,0.0,0.0,1.0,0.0,0.0,0.0
10,1,1,1,0,1,1,0,1,1,1,1,1,1,1,225,23,1,1,0,276,439.28,F,0.0,0.0,0.0,0.0,0.0,0.0,1.0
10,1,1,1,1,1,1,1,1,1,1,1,1,1,1,300,20,1,1,0,898,494.76,M,0.0,0.0,0.0,0.0,0.0,0.0,1.0
10,0,1,0,0,0,0,0,1,1,1,1,1,0,1,30,1,0,1,0,889,399.33,F,0.0,0.0,0.0,0.0,0.0,0.0,1.0
11,0,1,1,0,0,1,1,1,1,1,0,1,1,1,235,25,0,1,1,991,495.88,M,0.0,0.0,0.0,0.0,1.0,0.0,0.0
11,0,1,1,0,1,1,0,1,1,0,0,0,1,0,200,30,1,0,1,398,308.45,M,0.0,0.0,0.0,1.0,0.0,0.0,0.0
9,1,1,1,0,1,1,0,1,1,1,1,1,1,0,235,18,1,1,0,358,510.15,M,0.0,0.0,0.0,0.0,0.0,0.0,1.0
10,1,1,1,0,1,0,0,1,1,1,1,1,0,0,270,25,1,1,0,1489,408.58,M,0.0,0.0,1.0,0.0,0.0,0.0,0.0
10,0,0,1,1,1,1,0,0,1,1,1,1,1,0,275,20,1,1,0,507,390.06,M,0.0,0.0,0.0,0.0,0.0,0.0,1.0
10,0,1,1,1,1,1,1,1,1,0,0,0,1,0,450,25,1,1,0,1750,629.84,M,0.0,0.0,0.0,1.0,0.0,0.0,0.0
10,1,1,1,0,1,1,1,1,1,1,1,1,1,1,250,30,1,1,0,505,612.62,F,1.0,0.0,0.0,0.0,0.0,0.0,0.0
11,0,0,0,0,0,0,0,1,1,0,0,0,1,1,230,20,1,1,1,1574,569.49,F,0.0,0.0,0.0,1.0,0.0,0.0,0.0
11,1,1,1,1,0,1,1,1,1,1,1,1,1,1,270,18,1,1,0,996,628.48,M,0.0,0.0,0.0,0.0,0.0,0.0,1.0
10,0,1,1,0,0,1,0,1,1,1,1,1,0,0,270,20,1,1,0,261,374.06,F,0.0,0.0,0.0,0.0,0.0,0.0,1.0
10,1,1,1,1,1,1,1,1,1,1,1,1,1,1,275,30,1,1,0,1526,582.06,M,0.0,0.0,0.0,1.0,0.0,0.0,0.0
10,1,1,1,0,0,1,0,1,1,0,0,1,1,0,450,20,1,1,0,2569,423.01,M,0.0,0.0,0.0,1.0,0.0,0.0,0.0
10,1,1,1,1,1,1,0,1,1,1,1,1,1,0,205,20,1,1,0,632,621.75,M,0.0,0.0,0.0,0.0,0.0,0.0,1.0
10,0,1,1,0,1,1,0,1,1,1,1,1,1,0,250,16,1,1,0,1848,547.88,F,0.0,0.0,0.0,0.0,0.0,0.0,1.0
10,0,0,1,0,0,1,0,1,1,1,1,1,1,0,200,20,1,1,0,1610,492.44,M,0.0,0.0,1.0,0.0,0.0,0.0,0.0
11,1,1,1,0,0,1,0,1,1,0,0,0,1,0,224,30,1,1,1,2203,538.82,F,0.0,0.0,0.0,1.0,0.0,0.0,0.0
10,1,1,1,1,1,1,0,1,1,1,1,1,1,0,275,25,1,1,0,850,477.18,F,0.0,0.0,0.0,0.0,0.0,0.0,1.0
9,1,0,1,0,0,1,0,1,1,1,1,1,1,0,240,15,0,1,0,247,492.12,M,0.0,0.0,0.0,0.0,0.0,0.0,1.0
10,0,1,1,0,1,1,0,1,1,1,1,1,1,0,200,20,1,1,0,887,541.9,M,0.0,0.0,0.0,0.0,0.0,0.0,1.0
11,1,1,1,0,1,1,0,1,1,1,1,1,1,0,240,17,1,1,0,434,543.59,F,0.0,0.0,0.0,0.0,0.0,0.0,1.0
10,0,0,1,0,1,1,0,1,1,1,1,1,0,0,225,14,1,1,1,2532,281.28,M,0.0,0.0,1.0,0.0,0.0,0.0,0.0
10,1,0,1,0,1,1,1,1,1,1,1,1,1,0,504,28,1,1,0,1295,320.84,F,0.0,0.0,0.0,0.0,0.0,0.0,1.0
10,1,1,1,1,1,1,1,1,1,1,1,1,1,0,250,30,1,1,1,2080,613.01,M,0.0,0.0,0.0,0.0,0.0,0.0,1.0
10,0,1,1,1,1,1,0,1,0,0,1,0,1,0,225,30,1,1,0,1327,403.45,M,0.0,0.0,0.0,1.0,0.0,0.0,0.0
10,1,1,1,0,1,1,0,1,1,1,1,1,1,0,275,25,1,1,0,507,578.22,M,0.0,0.0,0.0,0.0,0.0,0.0,1.0
11,1,1,1,0,1,1,0,1,1,1,1,1,1,0,275,30,1,1,0,505,349.76,F,0.0,0.0,1.0,0.0,0.0,0.0,0.0
10,1,1,1,0,1,1,1,1,1,1,1,1,1,0,60,30,1,1,0,2041,416.04,M,0.0,0.0,0.0,0.0,0.0,0.0,1.0
10,0,0,0,0,0,0,0,0,0,0,0,0,0,0,55,15,1,1,1,1998,495.13,F,0.0,0.0,0.0,1.0,0.0,0.0,0.0
10,0,1,1,1,1,1,0,1,1,1,1,1,1,0,240,13,1,1,0,247,573.01,M,0.0,0.0,0.0,0.0,0.0,0.0,1.0
10,1,0,1,1,1,1,1,1,1,1,1,1,1,0,225,20,1,1,0,276,290.02,M,0.0,0.0,0.0,0.0,0.0,0.0,1.0
11,0,1,1,1,1,1,1,1,1,1,1,1,1,0,360,25,1,1,0,2183,578.54,F,0.0,0.0,1.0,0.0,0.0,0.0,0.0
11,1,1,1,1,1,1,0,1,1,1,1,1,1,1,300,26,1,1,0,1411,504.35,F,0.0,0.0,1.0,0.0,0.0,0.0,0.0
10,1,1,1,0,0,1,1,1,1,1,1,1,0,1,225,17,1,1,0,149,555.37,M,0.0,0.0,0.0,0.0,1.0,0.0,0.0
10,1,1,1,0,1,1,0,1,1,1,1,1,1,0,225,30,1,1,0,149,545.97,F,0.0,0.0,0.0,0.0,0.0,0.0,1.0
10,1,1,1,0,1,1,0,1,1,1,1,1,1,1,350,25,1,1,0,899,476.78,F,0.0,0.0,0.0,0.0,0.0,0.0,1.0
10,1,1,1,0,1,1,0,1,1,1,1,1,1,0,225,20,1,1,0,227,399.01,F,0.0,0.0,0.0,1.0,0.0,0.0,0.0
11,1,1,1,0,0,1,0,1,1,1,1,1,1,1,480,30,1,1,1,2942,514.2,F,0.0,0.0,0.0,1.0,0.0,0.0,0.0
11,1,1,1,0,1,1,0,1,1,1,1,1,1,0,285,31,1,1,0,2041,543.02,M,0.0,0.0,1.0,0.0,0.0,0.0,0.0
11,0,1,1,0,1,1,0,1,1,1,1,1,1,1,45,25,1,1,1,1723,604.6,F,0.0,0.0,0.0,0.0,0.0,0.0,1.0
10,0,1,1,0,1,1,0,1,1,1,1,1,1,1,200,30,1,1,0,276,535.33,M,0.0,0.0,0.0,0.0,0.0,0.0,1.0
10,1,1,1,1,1,1,1,1,1,1,1,1,1,1,420,26,1,1,0,899,404.57,F,0.0,0.0,0.0,0.0,0.0,0.0,1.0
10,1,1,1,1,1,1,0,1,1,1,1,1,1,1,400,30,1,1,0,712,542.78,M,0.0,0.0,0.0,0.0,0.0,0.0,1.0
10,1,1,1,0,0,1,1,1,1,1,1,1,1,0,270,24,1,1,0,1471,462.56,F,0.0,0.0,0.0,1.0,0.0,0.0,0.0
10,1,1,1,0,1,1,0,1,1,1,1,1,1,1,255,35,1,1,1,2966,487.74,F,0.0,0.0,0.0,0.0,0.0,0.0,1.0
10,1,1,1,1,1,1,0,1,1,1,1,1,1,0,240,10,1,1,0,247,505.5,M,0.0,0.0,0.0,0.0,0.0,0.0,1.0
11,1,1,1,0,0,0,0,0,1,0,0,0,1,0,290,30,1,1,1,2144,382.21,M,0.0,0.0,0.0,1.0,0.0,0.0,0.0
10,1,1,1,0,1,1,0,1,1,1,1,1,0,0,225,23,1,1,0,1897,397.82,F,0.0,0.0,0.0,0.0,0.0,0.0,1.0
10,1,1,1,0,1,1,0,1,1,1,1,1,1,0,270,20,1,1,0,389,484.88,F,0.0,0.0,0.0,0.0,0.0,0.0,1.0
10,1,1,1,0,1,0,0,0,1,1,0,1,1,0,400,24,1,1,0,2569,584.66,F,0.0,0.0,0.0,1.0,0.0,0.0,0.0
10,0,0,1,0,1,1,0,1,1,0,1,1,0,0,525,6,1,1,0,1173,445.38,M,0.0,0.0,0.0,0.0,0.0,0.0,1.0
10,0,1,1,0,1,1,0,1,1,1,0,1,1,0,350,30,1,1,0,1101,457.32,F,0.0,0.0,0.0,1.0,0.0,0.0,0.0
11,0,1,0,0,1,1,0,1,1,1,1,1,0,0,250,25,1,1,0,754,425.18,M,0.0,0.0,0.0,0.0,0.0,0.0,1.0
10,0,0,0,0,1,0,0,1,1,0,0,0,1,0,380,20,0,1,1,626,452.92,M,0.0,0.0,0.0,1.0,0.0,0.0,0.0
10,1,1,1,0,1,0,0,0,1,1,1,1,1,0,150,20,1,1,0,507,470.11,F,0.0,0.0,0.0,0.0,0.0,0.0,1.0
10,1,1,1,0,1,1,0,1,1,0,1,1,1,1,360,25,1,1,1,2886,598.96,F,0.0,0.0,0.0,1.0,0.0,0.0,0.0
9,1,0,0,0,0,1,0,1,1,1,1,1,1,0,200,28,1,1,0,1897,440.09,M,0.0,0.0,0.0,0.0,0.0,0.0,1.0
10,1,1,1,1,1,1,0,1,1,1,1,1,1,0,1680,30,1,1,0,361,478.09,M,0.0,0.0,0.0,0.0,1.0,0.0,0.0
10,0,1,1,1,1,1,0,1,1,1,1,1,1,0,270,30,1,1,1,3201,512.53,F,0.0,0.0,0.0,0.0,1.0,0.0,0.0
10,0,1,1,1,1,1,0,1,1,1,1,1,0,1,450,18,1,1,0,1079,486.71,F,0.0,0.0,1.0,0.0,0.0,0.0,0.0
9,1,0,1,0,1,1,0,1,1,0,0,1,1,0,275,25,1,1,1,2149,382.53,M,0.0,0.0,0.0,1.0,0.0,0.0,0.0
10,1,1,1,0,0,1,0,1,1,0,0,0,1,0,225,25,1,1,1,991,518.57,F,0.0,0.0,0.0,1.0,0.0,0.0,0.0
11,0,1,1,1,1,1,1,1,1,1,1,1,1,0,265,34,1,1,1,3164,589.43,F,0.0,0.0,0.0,0.0,0.0,0.0,1.0
11,1,1,1,1,1,1,1,1,1,0,0,1,1,0,240,27,1,0,1,570,444.74,M,0.0,1.0,0.0,0.0,0.0,0.0,0.0
10,1,1,1,1,1,1,0,1,1,1,1,1,1,0,330,23,1,1,0,2361,622.16,F,0.0,0.0,0.0,0.0,0.0,0.0,1.0
11,0,1,1,1,1,1,1,1,0,0,0,0,1,0,360,30,1,1,1,2886,693.02,F,0.0,0.0,0.0,1.0,0.0,0.0,0.0
10,1,1,1,1,1,1,0,1,1,1,1,1,1,0,450,25,1,1,0,987,585.67,M,0.0,0.0,0.0,0.0,0.0,0.0,1.0
10,1,1,1,1,1,1,1,1,1,1,1,1,1,0,250,20,1,1,0,1848,625.92,M,0.0,0.0,0.0,0.0,0.0,0.0,1.0
11,1,1,1,0,1,1,0,1,1,1,1,1,1,0,450,23,1,1,0,1387,471.99,M,0.0,0.0,0.0,0.0,0.0,0.0,1.0
11,1,1,1,1,1,1,1,1,1,0,0,1,1,0,275,30,1,1,0,2041,514.2,F,0.0,0.0,1.0,0.0,0.0,0.0,0.0
10,1,1,1,0,1,1,0,1,1,1,1,1,1,1,240,25,1,1,0,1897,479.96,F,0.0,0.0,0.0,0.0,0.0,0.0,1.0
10,1,1,0,0,0,0,0,1,1,0,0,0,1,0,255,30,1,1,1,2999,548.31,M,0.0,0.0,0.0,1.0,0.0,0.0,0.0
11,1,0,1,0,1,1,0,0,1,1,1,1,1,0,0,7,0,1,1,6694,389.58,M,0.0,0.0,0.0,1.0,0.0,0.0,0.0
11,1,1,1,1,1,1,1,1,1,1,1,1,1,0,270,27,1,1,1,1378,501.8,F,0.0,0.0,0.0,0.0,0.0,0.0,1.0
9,0,0,1,0,1,1,0,1,1,0,0,0,1,0,360,14,1,1,1,2886,317.51,M,0.0,0.0,0.0,1.0,0.0,0.0,0.0
10,1,1,0,0,1,1,0,1,1,1,1,1,0,1,900,15,1,1,1,1062,477.18,F,0.0,0.0,0.0,1.0,0.0,0.0,0.0
10,1,1,1,1,0,1,1,1,1,1,1,1,1,0,225,30,1,0,0,1064,569.8,M,0.0,0.0,0.0,0.0,0.0,0.0,1.0
10,0,1,1,1,1,1,0,1,1,1,1,1,1,0,200,28,1,1,0,846,380.58,F,0.0,0.0,1.0,0.0,0.0,0.0,0.0
10,1,0,1,0,0,1,0,1,1,1,1,1,0,0,55,18,1,1,0,362,506.55,M,0.0,0.0,0.0,0.0,0.0,0.0,1.0
9,1,1,1,1,1,1,1,1,1,1,1,1,1,0,250,25,1,1,0,1064,425.9,M,0.0,0.0,0.0,0.0,0.0,0.0,1.0
11,1,1,1,0,0,1,1,1,1,1,1,1,1,0,225,30,1,1,0,854,588.72,M,0.0,0.0,0.0,0.0,0.0,0.0,1.0
10,1,0,1,1,1,1,1,1,1,1,1,1,1,0,261,30,1,1,1,1734,445.4,F,0.0,0.0,0.0,0.0,0.0,0.0,1.0
10,1,1,1,0,1,1,0,1,1,1,1,1,1,0,50,25,1,1,0,505,458.11,F,0.0,0.0,0.0,0.0,1.0,0.0,0.0
10,1,1,1,0,1,1,0,1,1,1,1,1,1,1,40,20,1,1,0,1387,467.09,F,0.0,0.0,0.0,0.0,0.0,0.0,1.0
10,1,1,1,0,1,1,0,1,1,1,1,1,1,1,195,29,1,1,1,2999,582.75,F,0.0,0.0,0.0,1.0,0.0,0.0,0.0
10,0,1,1,0,1,1,0,1,1,1,1,1,1,0,410,30,1,1,0,930,418.6,M,0.0,0.0,0.0,0.0,0.0,0.0,1.0
11,1,0,1,1,1,1,0,1,1,1,0,1,0,0,280,36,1,1,1,3164,336.35,M,0.0,0.0,0.0,1.0,0.0,0.0,0.0
10,1,1,1,1,1,1,0,0,1,1,1,1,1,0,270,14,1,1,0,389,634.79,F,0.0,0.0,0.0,0.0,0.0,0.0,1.0
10,1,1,1,1,1,1,1,0,1,1,1,1,1,1,195,25,1,1,1,2640,660.13,F,0.0,0.0,0.0,0.0,0.0,0.0,1.0
10,1,0,1,1,1,1,1,1,1,1,1,1,1,1,235,15,1,0,1,356,396.0,M,0.0,0.0,0.0,0.0,0.0,0.0,1.0
10,0,1,1,0,1,1,0,1,1,1,1,1,1,0,225,20,1,1,0,1327,488.22,F,0.0,0.0,0.0,0.0,0.0,0.0,1.0
10,1,1,1,0,1,1,0,1,1,1,1,1,1,0,275,12,1,1,1,539,539.17,M,0.0,0.0,0.0,1.0,0.0,0.0,0.0
11,1,0,1,1,1,1,1,1,1,1,1,1,1,0,200,30,1,1,0,1680,401.71,F,0.0,0.0,0.0,0.0,0.0,0.0,1.0
10,0,1,1,0,0,1,0,0,1,1,1,1,1,1,220,30,1,1,0,754,523.49,F,0.0,0.0,0.0,0.0,0.0,0.0,1.0
10,1,1,1,0,1,1,0,1,1,1,1,1,1,0,250,13,1,1,0,754,543.66,M,0.0,0.0,0.0,0.0,0.0,0.0,1.0
10,1,1,1,1,1,1,1,1,1,1,1,1,1,0,200,20,1,1,0,846,464.7,M,0.0,0.0,0.0,0.0,0.0,0.0,1.0
10,1,1,1,0,1,1,0,1,1,1,1,1,1,1,325,25,1,1,0,3004,574.77,M,0.0,0.0,0.0,1.0,0.0,0.0,0.0
10,1,1,1,0,0,1,0,1,0,0,0,0,1,0,225,30,1,1,1,1110,444.74,M,0.0,0.0,0.0,1.0,0.0,0.0,0.0
11,1,1,1,0,1,1,0,1,1,1,1,1,1,0,275,20,0,1,1,502,530.64,F,0.0,0.0,0.0,0.0,0.0,0.0,1.0
10,1,0,1,1,1,1,0,1,1,1,1,1,1,0,350,30,1,1,0,1101,442.25,M,0.0,0.0,0.0,0.0,0.0,0.0,1.0
10,1,1,1,0,1,1,0,1,1,1,1,1,1,0,245,20,1,1,0,149,604.76,F,0.0,0.0,0.0,0.0,0.0,0.0,1.0
10,1,1,1,0,1,1,0,1,1,1,1,1,1,0,270,24,1,1,0,1471,492.76,M,0.0,0.0,0.0,0.0,1.0,0.0,0.0
9,0,0,1,0,1,1,0,1,1,1,1,1,0,1,450,16,1,1,0,1317,444.9,M,0.0,0.0,0.0,0.0,0.0,0.0,1.0
10,1,1,1,0,1,1,0,1,1,1,1,1,1,0,225,16,1,1,1,539,476.89,M,0.0,0.0,0.0,1.0,0.0,0.0,0.0
10,0,1,1,0,1,1,0,1,1,1,1,1,1,1,235,25,1,1,0,227,551.85,F,0.0,0.0,0.0,0.0,0.0,0.0,1.0
10,1,0,1,1,1,1,0,0,1,1,1,1,1,0,240,30,1,1,0,808,355.24,F,0.0,0.0,0.0,0.0,0.0,0.0,1.0
10,1,1,1,0,0,1,1,1,1,1,1,1,1,0,240,30,1,1,0,808,453.5,F,0.0,0.0,0.0,0.0,0.0,0.0,1.0
10,1,0,1,0,0,1,0,0,1,1,1,1,1,1,240,30,1,1,0,808,405.13,F,1.0,0.0,0.0,0.0,0.0,0.0,0.0
10,1,0,1,0,1,1,0,1,1,1,1,1,1,1,270,35,1,1,0,808,665.05,F,0.0,0.0,0.0,0.0,0.0,0.0,1.0
11,0,0,1,1,1,1,1,1,1,1,1,1,1,1,270,30,1,1,0,808,604.84,F,0.0,0.0,0.0,0.0,0.0,0.0,1.0
10,1,1,1,1,1,1,0,1,1,1,1,1,1,1,350,25,1,1,0,899,626.08,M,0.0,0.0,0.0,1.0,0.0,0.0,0.0
10,0,1,1,0,0,1,0,1,1,1,1,1,1,0,350,27,1,1,0,899,525.32,F,0.0,0.0,0.0,0.0,0.0,0.0,1.0
10,1,0,1,0,1,1,0,0,1,1,1,1,1,0,360,28,1,1,0,899,354.63,M,0.0,0.0,0.0,1.0,0.0,0.0,0.0
10,1,1,1,1,1,1,1,1,1,1,1,1,1,0,350,25,1,1,0,899,547.35,M,0.0,0.0,0.0,0.0,0.0,0.0,1.0
10,1,1,1,0,1,1,1,1,1,1,1,1,1,1,360,27,1,1,0,899,571.39,F,0.0,0.0,0.0,1.0,0.0,0.0,0.0
10,1,1,1,0,1,1,0,1,0,0,0,1,1,0,350,28,1,1,0,899,513.84,M,0.0,0.0,0.0,1.0,0.0,0.0,0.0
10,1,0,1,0,1,1,0,1,1,1,1,1,1,0,270,18,1,1,0,996,380.34,F,0.0,0.0,1.0,0.0,0.0,0.0,0.0
10,1,1,1,0,1,1,1,1,1,1,1,1,1,0,270,20,1,1,0,996,467.1,M,0.0,0.0,1.0,0.0,0.0,0.0,0.0
10,1,1,1,0,1,1,1,1,1,1,1,1,1,1,270,14,1,1,0,996,482.5,M,0.0,0.0,1.0,0.0,0.0,0.0,0.0
10,1,1,1,0,1,1,0,0,1,1,1,1,1,0,270,20,1,1,0,996,545.73,F,0.0,0.0,0.0,0.0,0.0,0.0,1.0
11,1,1,1,0,0,1,0,1,1,1,1,1,1,0,270,20,1,1,0,996,516.1,F,0.0,0.0,0.0,0.0,0.0,0.0,1.0
10,1,1,1,0,1,1,0,1,1,1,1,1,0,0,270,25,1,1,0,1273,412.67,M,0.0,0.0,0.0,0.0,0.0,0.0,1.0
9,1,1,1,0,0,0,0,1,1,1,1,1,1,0,450,20,1,1,0,1273,567.74,F,0.0,0.0,0.0,0.0,0.0,0.0,1.0
10,0,1,1,0,0,1,0,1,1,1,1,1,1,1,120,20,1,1,0,1273,716.37,F,0.0,0.0,0.0,0.0,0.0,0.0,1.0
10,1,1,1,1,1,1,1,1,1,1,1,1,1,0,232,23,1,1,0,929,669.61,M,0.0,0.0,0.0,0.0,0.0,0.0,1.0
10,1,0,1,0,1,1,0,1,1,1,1,1,1,0,275,20,1,1,0,929,462.88,F,0.0,0.0,0.0,0.0,0.0,0.0,1.0
11,1,1,1,0,1,1,0,1,1,1,1,1,1,0,300,20,1,1,0,929,473.28,M,0.0,0.0,0.0,0.0,0.0,0.0,1.0
10,1,1,1,0,1,1,0,0,1,1,1,1,1,1,300,25,1,1,0,929,595.62,F,0.0,0.0,0.0,0.0,1.0,0.0,0.0
10,1,0,1,0,1,1,0,1,1,1,1,1,1,0,315,22,1,1,1,2004,409.02,F,0.0,0.0,0.0,0.0,0.0,0.0,1.0
10,0,1,1,0,1,1,0,1,1,1,1,1,1,0,275,24,1,1,1,2004,550.58,F,0.0,0.0,0.0,0.0,0.0,0.0,1.0
10,1,1,1,0,1,1,1,1,1,1,1,1,1,0,275,23,1,1,1,2004,606.43,F,0.0,0.0,0.0,0.0,0.0,0.0,1.0
10,1,1,1,0,1,1,1,1,1,1,1,1,1,0,250,30,1,1,1,2004,428.7,M,0.0,0.0,0.0,0.0,0.0,0.0,1.0
10,1,1,1,0,1,1,0,1,1,0,0,1,1,0,250,24,1,1,1,2004,561.62,F,0.0,1.0,0.0,0.0,0.0,0.0,0.0
10,0,1,1,0,1,1,0,1,1,1,1,1,1,1,275,20,1,1,1,2004,623.67,M,0.0,0.0,0.0,0.0,0.0,0.0,1.0
10,1,0,1,0,0,1,0,1,1,0,0,1,1,0,225,30,1,1,1,2004,475.92,M,0.0,0.0,0.0,1.0,0.0,0.0,0.0
10,1,1,1,0,0,0,0,0,1,1,1,1,1,0,250,28,1,1,1,2004,541.76,F,0.0,0.0,0.0,0.0,0.0,0.0,1.0
10,1,1,0,0,0,0,0,0,1,0,0,0,1,0,250,30,1,1,1,3592,336.65,F,0.0,0.0,0.0,1.0,0.0,0.0,0.0
10,1,1,0,0,1,0,0,1,1,0,0,1,1,0,300,30,1,1,1,3592,694.46,M,0.0,0.0,0.0,1.0,0.0,0.0,0.0
10,1,0,1,0,0,1,0,1,1,1,1,1,1,0,275,45,1,1,1,3592,534.04,M,0.0,0.0,0.0,0.0,0.0,0.0,1.0
10,0,0,1,0,1,1,0,1,1,1,1,1,1,0,290,35,1,1,1,3592,545.5,F,0.0,0.0,0.0,0.0,0.0,0.0,1.0
10,1,1,1,0,0,1,0,1,1,0,1,1,1,0,300,28,1,1,1,3592,514.56,M,0.0,0.0,0.0,0.0,0.0,0.0,1.0
11,1,1,1,0,0,1,0,1,1,1,1,1,1,0,200,30,1,1,1,2640,498.31,F,0.0,0.0,0.0,0.0,0.0,0.0,1.0
11,1,1,0,0,1,0,0,1,1,0,0,0,1,0,170,26,1,1,1,2640,514.64,M,0.0,0.0,0.0,1.0,0.0,0.0,0.0
10,1,0,1,0,0,0,0,1,1,0,0,1,1,0,200,19,1,1,1,2640,414.51,M,0.0,0.0,0.0,1.0,0.0,0.0,0.0
11,1,1,1,0,1,1,0,1,1,0,1,1,1,0,225,16,1,1,1,2640,356.23,M,0.0,0.0,1.0,0.0,0.0,0.0,0.0
11,1,1,0,0,1,0,0,1,1,0,0,1,1,0,225,20,1,1,1,2640,510.78,F,0.0,0.0,0.0,1.0,0.0,0.0,0.0
10,1,1,1,0,0,1,0,1,1,1,1,1,1,1,195,27,1,1,1,2640,516.26,F,0.0,0.0,0.0,0.0,0.0,0.0,1.0
11,0,1,1,0,1,1,0,1,1,1,1,1,1,0,270,24,1,1,0,1680,555.45,M,0.0,0.0,0.0,0.0,0.0,0.0,1.0
10,1,1,1,1,1,1,1,1,1,1,1,1,1,1,270,25,1,1,0,1680,624.94,F,0.0,0.0,0.0,0.0,0.0,0.0,1.0
10,1,1,1,1,1,1,1,1,1,0,1,1,1,0,270,20,1,1,0,1680,456.36,M,0.0,0.0,1.0,0.0,0.0,0.0,0.0
11,1,1,1,1,1,1,1,1,1,1,1,1,1,0,270,25,1,1,0,1680,662.27,F,0.0,0.0,0.0,0.0,0.0,0.0,1.0
10,1,1,1,1,1,1,1,1,1,1,0,1,1,1,270,17,1,1,0,1680,626.92,F,0.0,0.0,1.0,0.0,0.0,0.0,0.0
11,1,1,0,0,0,1,0,1,1,1,1,1,0,1,250,15,1,1,0,149,547.64,F,0.0,0.0,0.0,0.0,0.0,0.0,1.0
10,0,1,1,1,1,1,0,0,1,1,1,1,0,1,225,24,1,1,0,149,639.0,F,0.0,0.0,0.0,0.0,0.0,0.0,1.0
10,1,1,1,0,0,1,0,1,1,1,1,1,1,0,225,18,1,1,0,149,450.09,F,0.0,0.0,0.0,0.0,0.0,0.0,1.0
9,1,1,1,0,1,1,0,1,1,1,1,1,1,1,45,6,1,1,0,149,413.07,M,0.0,0.0,0.0,0.0,0.0,0.0,1.0
10,0,1,1,0,1,1,0,1,1,1,1,1,1,0,225,40,0,1,0,149,593.16,F,0.0,0.0,0.0,0.0,0.0,0.0,1.0
10,1,1,1,1,1,1,0,1,1,1,1,1,1,0,200,30,1,1,0,149,510.78,F,0.0,0.0,0.0,0.0,0.0,0.0,1.0
10,1,1,0,0,0,0,0,1,1,0,0,0,1,0,240,16,1,1,0,247,526.91,F,0.0,0.0,0.0,1.0,0.0,0.0,0.0
10,1,1,1,0,1,1,0,1,1,1,1,1,1,0,220,20,1,1,0,247,521.78,M,0.0,0.0,0.0,0.0,0.0,0.0,1.0
10,1,0,1,0,0,1,0,1,1,1,1,1,1,0,225,15,1,1,0,247,589.52,M,0.0,0.0,0.0,1.0,0.0,0.0,0.0
10,1,1,1,0,0,1,0,0,1,1,1,1,1,0,240,9,1,1,0,247,552.17,F,0.0,0.0,0.0,0.0,0.0,0.0,1.0
10,0,1,1,0,0,1,0,1,1,1,1,1,1,0,240,15,1,1,0,247,691.67,F,0.0,0.0,0.0,0.0,0.0,0.0,1.0
11,1,1,0,0,0,1,1,1,1,1,1,1,0,1,250,31,1,1,1,1574,527.15,F,0.0,0.0,0.0,1.0,0.0,0.0,0.0
10,1,1,1,0,1,0,0,1,1,0,0,1,1,1,225,25,1,1,1,1574,433.72,F,0.0,0.0,0.0,1.0,0.0,0.0,0.0
10,1,0,0,0,0,0,0,1,1,0,0,0,0,0,225,30,1,1,1,1574,490.67,M,0.0,0.0,0.0,1.0,0.0,0.0,0.0
10,1,1,1,1,0,1,0,0,1,1,1,1,1,0,225,28,1,1,1,1574,486.07,F,0.0,0.0,1.0,0.0,0.0,0.0,0.0
9,1,1,1,0,0,1,0,1,1,0,0,1,1,1,225,28,1,1,1,1574,344.13,M,0.0,0.0,0.0,1.0,0.0,0.0,0.0
10,0,1,0,0,0,1,0,1,1,0,0,0,0,0,350,21,1,1,0,1101,460.13,M,0.0,0.0,0.0,1.0,0.0,0.0,0.0
9,0,1,0,0,1,0,0,1,1,1,1,1,1,0,350,25,1,1,0,1101,378.04,F,0.0,0.0,0.0,0.0,1.0,0.0,0.0
11,0,1,1,0,1,1,0,0,1,1,1,1,1,1,525,25,1,1,0,1101,669.34,F,0.0,0.0,0.0,0.0,0.0,0.0,1.0
10,0,0,1,0,0,1,0,1,0,0,0,0,1,1,300,25,1,1,0,1101,573.17,M,0.0,0.0,0.0,1.0,0.0,0.0,0.0
9,1,1,0,0,0,0,0,0,1,0,0,0,1,0,375,28,1,1,0,1101,412.91,F,0.0,0.0,0.0,1.0,0.0,0.0,0.0
11,1,1,1,0,0,0,0,1,1,0,0,0,1,1,300,25,1,1,1,2144,610.8,F,0.0,0.0,0.0,1.0,0.0,0.0,0.0
10,1,1,1,0,0,0,0,1,1,0,0,0,1,0,280,30,0,1,1,2144,538.13,M,0.0,0.0,0.0,1.0,0.0,0.0,0.0
10,1,1,1,0,0,1,1,0,1,1,1,1,1,1,55,30,1,1,1,2144,514.59,F,0.0,0.0,1.0,0.0,0.0,0.0,0.0
10,1,0,1,0,1,0,0,0,1,1,1,1,0,0,225,24,1,1,1,2144,417.64,M,1.0,0.0,0.0,0.0,0.0,0.0,0.0
10,1,1,0,0,1,0,0,1,1,0,0,0,1,0,250,30,1,1,1,2144,459.94,F,0.0,0.0,0.0,1.0,0.0,0.0,0.0
10,1,1,1,0,1,1,1,1,1,1,1,1,1,0,250,20,1,1,0,1848,613.02,F,0.0,0.0,0.0,0.0,0.0,0.0,1.0
10,1,1,1,1,1,1,1,1,1,1,1,1,1,0,300,25,1,1,0,1848,551.14,F,0.0,0.0,0.0,0.0,0.0,0.0,1.0
10,0,1,0,0,0,0,0,1,1,1,1,1,0,0,225,30,1,1,0,1848,537.89,M,0.0,0.0,0.0,0.0,0.0,0.0,1.0
11,1,1,1,0,0,1,0,1,1,1,1,1,1,0,225,20,1,1,0,1848,604.67,M,0.0,0.0,0.0,0.0,0.0,0.0,1.0
10,1,1,1,1,1,1,0,1,1,1,1,1,1,0,250,24,1,1,0,1848,510.14,F,0.0,0.0,1.0,0.0,0.0,0.0,0.0
10,0,0,1,1,1,1,0,1,1,1,1,1,0,0,225,20,1,1,0,1848,480.97,M,0.0,0.0,0.0,0.0,0.0,0.0,1.0
10,1,1,0,0,0,0,0,1,1,0,0,1,1,0,1200,25,1,1,0,361,458.03,F,0.0,0.0,0.0,1.0,0.0,0.0,0.0
11,1,1,1,1,1,1,1,1,1,1,0,1,1,1,200,28,1,1,0,361,497.43,F,0.0,0.0,1.0,0.0,0.0,0.0,0.0
10,1,1,1,0,1,1,1,1,1,1,1,1,1,1,0,26,1,1,0,361,465.34,F,0.0,0.0,0.0,0.0,0.0,0.0,1.0
10,1,0,1,0,1,1,0,1,1,1,1,1,1,0,900,22,1,1,0,361,462.21,M,0.0,0.0,0.0,0.0,0.0,0.0,1.0
11,0,1,1,0,1,1,0,1,1,1,1,1,1,0,0,25,1,1,0,361,499.66,F,0.0,0.0,0.0,0.0,0.0,0.0,1.0
10,1,1,1,0,1,1,0,1,1,1,1,1,1,0,500,30,1,1,0,361,503.66,M,0.0,0.0,0.0,0.0,1.0,0.0,0.0
11,0,1,1,0,1,1,0,1,1,1,1,1,1,1,300,27,1,1,0,361,554.01,M,0.0,0.0,1.0,0.0,0.0,0.0,0.0
10,1,1,1,1,1,1,1,1,1,1,1,1,1,1,0,10,1,1,0,361,548.31,M,0.0,0.0,0.0,0.0,0.0,0.0,1.0
10,1,1,1,0,1,1,1,1,1,1,1,1,1,1,600,30,1,1,0,361,551.29,F,0.0,0.0,0.0,0.0,0.0,0.0,1.0
11,1,1,1,0,1,1,0,0,1,0,0,1,1,0,225,20,1,1,0,361,541.02,M,0.0,0.0,1.0,0.0,0.0,0.0,0.0
11,0,1,1,1,1,1,1,1,1,1,1,1,1,0,250,25,1,1,0,868,412.59,M,0.0,0.0,1.0,0.0,0.0,0.0,0.0
10,1,1,1,1,1,1,1,1,1,0,0,1,1,1,350,23,1,1,0,868,406.5,M,0.0,1.0,0.0,0.0,0.0,0.0,0.0
10,0,1,1,1,1,1,1,1,1,1,1,1,1,0,250,25,1,1,0,868,500.53,M,0.0,0.0,0.0,0.0,0.0,0.0,1.0
10,1,0,1,0,1,1,0,0,1,1,1,1,1,1,50,27,1,1,0,868,399.72,F,0.0,0.0,1.0,0.0,0.0,0.0,0.0
10,0,1,1,0,1,1,1,1,1,1,1,1,1,0,275,25,1,1,0,868,576.37,M,0.0,0.0,0.0,0.0,0.0,0.0,1.0
11,1,1,1,1,1,1,1,1,1,1,1,1,1,0,250,20,1,1,0,868,440.73,M,0.0,0.0,0.0,0.0,0.0,0.0,1.0
10,1,1,1,1,1,1,0,1,1,1,1,1,1,1,225,27,1,1,0,868,535.57,F,0.0,0.0,0.0,0.0,0.0,0.0,1.0
11,1,1,1,0,1,1,0,1,1,1,1,1,1,0,250,16,1,1,0,868,417.28,F,0.0,0.0,1.0,0.0,0.0,0.0,0.0
10,1,1,1,0,1,1,0,0,1,0,0,0,1,1,250,30,1,1,1,1276,508.95,F,0.0,1.0,0.0,0.0,0.0,0.0,0.0
10,0,1,1,0,1,1,0,1,1,1,1,1,1,1,250,20,1,1,1,1276,639.39,F,0.0,0.0,0.0,0.0,0.0,0.0,1.0
10,1,1,1,0,0,1,0,1,1,1,1,1,1,1,50,25,1,1,1,1276,432.93,F,0.0,0.0,1.0,0.0,0.0,0.0,0.0
10,1,1,1,0,1,1,0,1,1,1,1,1,1,0,250,20,1,1,1,1276,677.13,F,0.0,0.0,0.0,0.0,0.0,0.0,1.0
10,0,1,1,1,1,1,0,0,1,1,1,1,1,1,250,32,1,1,0,316,592.84,F,0.0,0.0,0.0,0.0,0.0,0.0,1.0
10,1,1,1,1,1,1,0,1,1,1,1,1,1,1,275,30,1,1,0,316,605.15,M,0.0,0.0,0.0,1.0,0.0,0.0,0.0
10,1,1,1,1,1,1,1,0,1,1,1,1,1,1,55,30,1,1,0,316,685.79,F,0.0,0.0,0.0,0.0,0.0,0.0,1.0
10,1,1,1,1,1,1,1,0,1,1,1,1,1,0,275,32,1,1,0,316,592.84,F,0.0,0.0,0.0,0.0,0.0,0.0,1.0
11,1,0,1,1,1,1,0,0,1,1,1,1,0,1,550,28,1,1,0,316,620.71,M,0.0,0.0,0.0,0.0,0.0,0.0,1.0
10,0,1,1,0,1,1,1,0,1,1,1,1,0,1,1100,22,1,1,0,316,539.34,M,0.0,0.0,0.0,0.0,0.0,0.0,1.0
10,1,0,0,0,0,0,0,1,1,1,1,1,0,0,275,20,1,1,0,316,461.61,F,0.0,0.0,0.0,0.0,1.0,0.0,0.0
11,0,1,1,0,1,1,1,0,1,1,1,1,1,0,165,29,1,1,0,316,482.82,M,0.0,0.0,0.0,0.0,0.0,0.0,1.0
10,1,1,1,1,0,1,1,1,1,1,1,1,1,0,235,20,1,0,1,356,545.03,M,0.0,0.0,0.0,0.0,0.0,0.0,1.0
10,1,1,1,1,0,1,1,1,1,1,1,1,1,0,200,20,1,0,1,356,574.05,M,0.0,0.0,0.0,0.0,0.0,0.0,1.0
10,1,0,1,1,1,1,1,1,1,1,1,1,1,0,225,18,1,0,1,356,522.1,M,0.0,0.0,0.0,0.0,0.0,0.0,1.0
11,1,1,1,1,1,1,1,1,1,1,1,1,1,0,225,25,1,0,1,356,664.66,F,0.0,0.0,0.0,0.0,0.0,0.0,1.0
11,1,1,1,1,1,1,1,1,1,1,1,1,1,1,225,20,1,0,1,356,661.16,F,0.0,0.0,0.0,0.0,0.0,0.0,1.0
11,1,1,1,1,1,1,0,1,1,1,1,1,1,0,225,16,1,0,1,356,482.82,F,0.0,0.0,0.0,0.0,0.0,0.0,1.0
10,1,1,1,0,1,1,0,1,1,1,1,1,1,1,240,15,1,0,1,356,598.58,M,0.0,0.0,0.0,0.0,0.0,0.0,1.0
10,1,1,1,1,1,1,1,1,1,1,1,1,1,0,225,13,1,0,1,356,546.53,F,0.0,0.0,0.0,0.0,0.0,0.0,1.0
10,0,1,0,0,0,0,0,0,1,0,0,0,1,0,250,25,1,1,1,1723,399.52,M,0.0,0.0,1.0,0.0,0.0,0.0,0.0
10,1,1,1,0,1,0,0,0,1,1,1,1,1,0,250,27,1,1,1,1723,437.36,M,0.0,0.0,0.0,0.0,0.0,0.0,1.0
9,0,1,1,1,0,0,0,0,1,1,1,1,1,0,200,28,1,1,1,1723,399.41,F,0.0,0.0,1.0,0.0,0.0,0.0,0.0
10,0,1,1,1,1,1,0,1,1,1,1,1,1,0,240,30,1,1,0,196,473.92,M,0.0,0.0,0.0,0.0,0.0,0.0,1.0
10,0,0,0,0,1,1,0,1,1,1,1,1,0,0,180,20,1,1,0,196,466.7,M,0.0,0.0,0.0,0.0,0.0,0.0,1.0
10,1,1,1,1,1,1,1,1,1,1,1,1,1,1,270,22,1,1,0,196,688.17,F,0.0,0.0,0.0,0.0,0.0,0.0,1.0
10,0,1,1,0,0,1,1,1,1,1,1,1,1,1,270,22,1,1,0,196,624.79,M,0.0,0.0,0.0,0.0,0.0,0.0,1.0
10,1,1,1,0,1,1,0,0,1,1,1,1,1,0,270,20,1,1,0,196,467.09,F,0.0,0.0,0.0,0.0,0.0,0.0,1.0
10,1,1,1,1,0,1,1,1,1,1,1,1,1,0,250,14,1,0,1,915,602.14,F,0.0,0.0,0.0,0.0,0.0,0.0,1.0
10,1,1,1,1,0,1,1,1,1,1,1,1,1,1,250,15,1,0,1,915,626.4,M,0.0,0.0,0.0,0.0,0.0,0.0,1.0
10,1,1,1,1,1,1,1,1,1,1,0,1,1,1,225,15,1,0,1,915,559.16,F,0.0,0.0,0.0,0.0,0.0,0.0,1.0
11,1,1,1,1,0,1,1,1,1,1,1,1,1,1,250,20,1,0,1,915,631.37,F,0.0,0.0,0.0,0.0,0.0,0.0,1.0
10,1,1,1,1,0,1,1,1,1,0,1,1,1,0,250,16,1,0,1,915,561.78,M,0.0,0.0,0.0,0.0,0.0,0.0,1.0
10,1,1,1,1,1,1,1,1,1,0,0,1,1,1,250,15,1,0,1,915,687.3,F,0.0,1.0,0.0,0.0,0.0,0.0,0.0
10,1,1,1,1,0,1,1,1,1,1,1,1,1,0,225,16,1,0,1,915,505.22,F,0.0,0.0,0.0,0.0,0.0,0.0,1.0
10,1,1,1,1,1,1,1,1,0,1,0,1,1,0,250,14,1,0,1,915,551.53,F,0.0,1.0,0.0,0.0,0.0,0.0,0.0
10,1,1,1,1,1,1,1,1,1,1,1,1,1,0,225,15,1,0,1,915,617.42,M,0.0,0.0,0.0,0.0,0.0,0.0,1.0
10,0,0,1,1,0,1,1,1,1,1,1,1,1,0,225,14,1,0,1,915,558.17,M,0.0,0.0,0.0,0.0,0.0,0.0,1.0
10,1,1,1,1,1,1,1,1,1,1,1,1,1,1,275,17,1,0,1,915,589.98,F,0.0,0.0,0.0,0.0,0.0,0.0,1.0
10,1,1,1,0,0,1,0,1,1,1,1,1,1,0,280,30,0,1,1,502,670.17,M,0.0,0.0,0.0,0.0,0.0,0.0,1.0
10,1,1,1,0,1,1,0,1,1,1,1,1,1,1,275,27,0,1,1,502,576.85,M,0.0,0.0,0.0,0.0,0.0,0.0,1.0
10,1,1,1,0,1,1,0,1,1,1,1,1,1,0,300,28,0,1,1,502,594.11,F,0.0,0.0,0.0,0.0,0.0,0.0,1.0
11,0,1,1,0,1,1,1,1,1,0,0,1,1,0,275,20,0,1,1,502,673.08,F,0.0,0.0,0.0,1.0,0.0,0.0,0.0
10,1,1,1,0,1,1,0,1,1,1,1,1,1,0,280,26,0,1,1,502,582.14,M,0.0,0.0,0.0,0.0,0.0,0.0,1.0
10,0,1,1,0,0,1,1,1,1,1,1,1,1,0,300,30,1,1,0,1913,587.36,F,0.0,0.0,0.0,0.0,0.0,0.0,1.0
10,0,1,1,1,0,1,1,1,0,0,0,1,1,1,275,28,1,1,0,1913,586.47,M,0.0,0.0,0.0,0.0,0.0,0.0,1.0
10,1,1,1,0,0,1,0,1,1,1,1,1,1,0,300,30,1,1,0,1913,428.78,M,0.0,0.0,0.0,0.0,0.0,0.0,1.0
11,1,1,1,0,1,1,1,1,1,1,1,1,1,0,300,25,1,1,0,1913,599.2,F,0.0,0.0,0.0,0.0,0.0,0.0,1.0
11,0,0,1,0,1,1,0,1,1,1,1,1,1,0,300,25,1,1,0,1913,504.78,M,0.0,0.0,0.0,0.0,0.0,0.0,1.0
11,0,0,1,0,1,1,0,1,1,1,1,1,0,1,330,25,1,1,0,1913,485.62,M,0.0,0.0,0.0,0.0,0.0,0.0,1.0
11,1,1,1,0,1,1,0,1,1,1,1,1,1,0,300,25,1,1,0,1913,505.06,F,0.0,0.0,0.0,0.0,1.0,0.0,0.0
11,1,1,1,0,1,1,0,1,1,1,1,1,1,0,275,18,1,1,0,1913,670.41,M,0.0,0.0,0.0,0.0,0.0,0.0,1.0
11,0,1,1,0,0,1,0,1,1,1,1,1,1,1,328,17,1,1,0,434,527.7,F,0.0,0.0,0.0,0.0,0.0,0.0,1.0
9,1,1,1,1,1,1,1,1,1,1,1,1,1,0,225,21,0,1,0,434,674.82,M,0.0,0.0,0.0,0.0,0.0,0.0,1.0
10,1,1,1,1,1,1,0,1,1,1,1,1,1,1,300,25,1,1,0,434,616.46,M,0.0,0.0,0.0,0.0,0.0,0.0,1.0
10,0,1,1,1,1,1,1,1,1,1,1,1,1,0,225,20,1,1,0,434,389.42,M,0.0,0.0,0.0,0.0,0.0,0.0,1.0
10,0,0,1,0,1,1,0,1,1,1,1,1,0,0,210,20,1,1,0,434,497.57,M,0.0,0.0,0.0,0.0,0.0,0.0,1.0
10,0,0,1,0,1,1,0,1,1,1,1,1,1,0,200,21,1,1,0,434,363.29,M,0.0,0.0,0.0,0.0,0.0,0.0,1.0
10,1,1,1,1,1,1,1,1,1,1,1,1,1,1,300,25,1,1,0,434,652.82,F,0.0,0.0,0.0,0.0,0.0,0.0,1.0
9,1,1,1,0,1,1,1,0,1,1,1,1,1,0,225,25,1,1,0,434,545.43,M,0.0,0.0,0.0,0.0,0.0,0.0,1.0
9,1,0,1,0,1,1,0,1,1,1,1,1,1,0,150,22,1,1,0,434,533.82,F,0.0,0.0,0.0,0.0,0.0,0.0,1.0
10,0,1,1,0,0,1,0,1,1,1,1,1,1,1,205,21,1,1,0,434,463.59,F,0.0,0.0,0.0,0.0,0.0,0.0,1.0
10,1,0,1,0,1,0,0,0,1,1,1,1,1,0,200,18,1,1,0,434,443.26,F,0.0,0.0,0.0,0.0,0.0,0.0,1.0
11,0,1,1,0,1,1,1,1,0,0,0,0,1,0,225,25,1,1,1,991,512.21,F,0.0,0.0,0.0,1.0,0.0,0.0,0.0
10,1,1,1,0,1,1,0,1,0,0,0,0,1,0,450,30,1,1,1,991,486.34,M,0.0,0.0,0.0,1.0,0.0,0.0,0.0
10,1,1,1,0,0,1,1,1,1,1,1,1,1,0,225,25,1,1,1,991,588.64,M,0.0,0.0,0.0,1.0,0.0,0.0,0.0
10,1,1,1,1,1,1,0,1,1,1,1,1,1,1,275,30,1,1,0,1233,615.64,F,0.0,0.0,0.0,0.0,0.0,0.0,1.0
10,1,1,1,0,1,1,0,1,1,1,1,1,1,0,250,25,1,1,0,1233,561.38,M,0.0,0.0,0.0,0.0,0.0,0.0,1.0
10,1,1,1,1,1,1,1,1,1,1,1,1,1,0,275,20,1,1,0,1233,442.38,F,0.0,0.0,0.0,0.0,0.0,0.0,1.0
10,1,1,1,1,1,1,1,1,1,1,1,1,1,0,250,30,1,1,0,1233,547.64,F,0.0,0.0,0.0,0.0,0.0,0.0,1.0
10,1,1,1,0,1,1,0,0,1,1,1,1,1,0,225,30,1,1,0,1233,496.0,F,0.0,0.0,0.0,0.0,0.0,0.0,1.0
9,0,1,1,0,0,1,1,1,1,1,1,1,1,0,250,25,1,1,0,1233,534.12,M,0.0,0.0,0.0,0.0,0.0,0.0,1.0
10,1,1,1,1,1,1,1,1,1,1,1,1,1,0,250,25,1,1,0,1233,593.85,M,0.0,0.0,0.0,0.0,0.0,0.0,1.0
10,0,0,1,0,1,1,0,1,1,1,1,1,1,0,300,30,1,1,0,1233,561.62,F,0.0,0.0,0.0,0.0,0.0,0.0,1.0
10,0,0,1,0,0,1,0,0,1,1,1,1,1,0,360,38,1,1,1,1400,459.06,F,0.0,0.0,0.0,0.0,0.0,0.0,1.0
11,0,0,0,0,1,0,0,1,1,0,0,0,1,0,90,20,1,1,1,1400,439.85,M,0.0,0.0,0.0,1.0,0.0,0.0,0.0
10,0,1,1,0,0,1,0,1,1,1,1,1,1,1,270,24,1,1,1,1400,437.92,M,0.0,0.0,0.0,0.0,0.0,0.0,1.0
11,1,0,1,0,0,1,0,1,0,0,0,1,1,0,1200,22,1,1,1,1400,527.23,M,0.0,0.0,0.0,1.0,0.0,0.0,0.0
10,1,1,1,0,0,0,0,1,1,1,0,0,1,1,240,30,1,1,1,1400,592.13,F,0.0,0.0,0.0,1.0,0.0,0.0,0.0
10,0,1,1,0,1,0,0,1,0,0,0,0,0,0,240,25,1,1,1,1400,530.36,M,0.0,0.0,0.0,1.0,0.0,0.0,0.0
10,0,0,0,0,1,0,0,1,0,0,0,0,0,0,0,30,1,1,1,1400,357.6,M,0.0,0.0,0.0,1.0,0.0,0.0,0.0
10,1,0,0,0,1,0,0,1,1,0,0,1,1,0,240,22,1,1,1,1400,438.48,M,0.0,0.0,0.0,1.0,0.0,0.0,0.0
10,1,1,0,0,1,1,0,1,1,1,1,1,1,1,70,90,1,1,0,1079,518.41,F,0.0,0.0,0.0,0.0,0.0,0.0,1.0
9,0,1,0,0,0,0,0,1,0,0,0,1,1,1,85,30,1,1,0,1079,504.19,F,0.0,0.0,0.0,1.0,0.0,0.0,0.0
9,0,1,0,0,0,0,0,1,1,0,0,0,0,0,180,20,1,1,0,1079,391.27,M,0.0,0.0,0.0,1.0,0.0,0.0,0.0
10,0,1,1,1,0,1,1,1,1,1,1,1,1,1,90,25,1,1,0,1079,520.42,M,0.0,0.0,0.0,0.0,0.0,0.0,1.0
10,1,1,1,0,0,1,0,0,1,1,1,1,1,0,90,14,1,1,0,1079,422.93,M,0.0,0.0,1.0,0.0,0.0,0.0,0.0
11,1,1,1,0,1,1,0,1,1,1,1,1,1,1,160,20,1,1,1,1900,588.08,M,0.0,0.0,0.0,0.0,0.0,0.0,1.0
10,1,0,1,0,0,1,0,1,1,1,1,1,1,0,160,20,1,1,1,1900,413.31,F,0.0,0.0,0.0,0.0,0.0,0.0,1.0
10,1,1,1,0,1,1,0,1,1,1,1,1,1,1,180,15,1,1,1,1900,540.3,M,0.0,0.0,0.0,0.0,0.0,0.0,1.0
10,1,1,1,1,1,1,1,1,1,1,1,1,1,0,150,30,1,1,1,1900,523.7,M,0.0,0.0,1.0,0.0,0.0,0.0,0.0
10,1,1,1,1,1,1,0,1,1,1,1,1,1,1,200,20,1,1,1,1900,633.2,F,0.0,0.0,0.0,0.0,0.0,0.0,1.0
10,1,1,1,1,1,1,1,1,1,1,1,1,1,1,1560,17,1,1,1,1900,482.26,F,0.0,0.0,0.0,0.0,0.0,0.0,1.0
10,1,1,1,0,1,1,0,1,1,1,1,1,1,0,160,20,1,1,1,1900,690.45,M,0.0,0.0,0.0,0.0,0.0,0.0,1.0
11,1,1,1,0,1,0,0,1,1,1,0,1,1,1,240,20,1,1,1,1900,590.06,F,0.0,0.0,0.0,1.0,0.0,0.0,0.0
10,1,1,1,1,1,1,0,1,1,1,1,1,1,0,365,24,1,1,0,712,625.02,F,0.0,0.0,0.0,0.0,0.0,0.0,1.0
11,1,1,1,0,1,1,0,1,1,1,1,1,1,0,400,28,1,1,0,712,496.0,F,0.0,0.0,0.0,1.0,0.0,0.0,0.0
10,0,0,1,0,1,1,0,1,1,1,1,1,0,0,325,32,1,1,0,712,444.9,M,0.0,0.0,0.0,0.0,0.0,0.0,1.0
11,1,1,1,0,1,1,0,1,1,1,1,1,1,0,375,30,1,1,0,712,622.95,F,0.0,0.0,0.0,0.0,0.0,0.0,1.0
10,1,1,1,1,1,1,1,1,1,1,1,1,1,0,200,24,1,1,1,1640,635.7,M,0.0,0.0,0.0,0.0,1.0,0.0,0.0
10,1,1,1,0,0,1,1,1,1,1,1,1,1,1,225,11,1,1,1,1640,504.86,M,0.0,0.0,1.0,0.0,0.0,0.0,0.0
11,1,1,1,1,1,1,1,1,0,0,0,0,1,0,225,25,1,1,1,1640,624.62,F,0.0,0.0,1.0,0.0,0.0,0.0,0.0
10,1,1,1,1,1,1,1,1,1,1,1,1,1,1,270,36,0,1,1,1619,423.4,F,0.0,0.0,0.0,0.0,0.0,0.0,1.0
11,1,1,1,0,1,1,0,1,1,1,1,1,1,1,270,25,1,1,1,1619,517.69,F,0.0,0.0,1.0,0.0,0.0,0.0,0.0
11,1,0,1,0,1,1,0,1,1,1,1,1,1,0,290,23,1,1,1,1619,370.98,M,0.0,0.0,0.0,0.0,0.0,0.0,1.0
10,1,0,1,0,1,1,0,0,1,1,1,1,1,0,300,20,1,1,0,690,573.73,M,0.0,0.0,0.0,0.0,0.0,0.0,1.0
11,1,1,1,0,1,1,0,1,1,1,1,1,1,0,275,25,1,1,0,690,569.4,M,0.0,0.0,0.0,0.0,0.0,0.0,1.0
10,1,1,1,1,0,0,0,0,1,1,1,1,1,1,250,20,1,1,0,690,562.34,F,0.0,0.0,0.0,0.0,0.0,0.0,1.0
10,1,1,1,1,1,1,1,1,1,1,1,1,1,0,300,20,1,1,0,690,505.78,F,0.0,0.0,0.0,0.0,0.0,0.0,1.0
11,1,1,1,1,1,1,1,1,1,0,0,1,1,1,220,21,1,1,0,690,573.54,F,0.0,0.0,0.0,0.0,1.0,0.0,0.0
10,1,1,1,1,1,1,0,1,1,1,1,1,1,0,275,20,1,1,0,690,602.37,F,0.0,0.0,0.0,0.0,0.0,0.0,1.0
10,1,1,1,1,1,1,1,1,1,1,1,1,1,0,280,20,1,1,0,690,558.09,M,0.0,0.0,0.0,0.0,0.0,0.0,1.0
10,1,0,0,0,1,0,0,1,1,0,0,0,1,0,1200,24,1,1,0,926,438.24,M,0.0,0.0,0.0,1.0,0.0,0.0,0.0
11,0,0,0,0,1,1,0,1,1,1,1,1,1,0,250,30,1,1,0,926,441.43,F,0.0,0.0,0.0,0.0,0.0,0.0,1.0
10,1,0,0,0,1,0,0,1,1,0,0,0,1,0,250,25,1,1,0,926,462.62,M,0.0,0.0,0.0,1.0,0.0,0.0,0.0
10,1,1,1,1,1,1,1,1,1,1,1,1,1,1,275,27,1,1,0,926,471.19,M,0.0,0.0,0.0,0.0,0.0,0.0,1.0
10,1,1,1,0,1,1,0,1,1,1,1,1,1,0,425,32,1,1,0,979,444.05,F,0.0,0.0,0.0,0.0,0.0,0.0,1.0
11,1,1,1,0,1,1,0,1,1,1,1,1,1,1,285,35,1,1,0,979,529.61,F,0.0,0.0,0.0,0.0,0.0,0.0,1.0
10,1,1,1,0,1,1,0,1,1,1,1,1,1,0,270,30,1,1,0,979,378.28,M,0.0,0.0,0.0,0.0,0.0,0.0,1.0
10,1,1,1,0,1,1,1,1,1,1,1,1,1,0,450,23,1,1,0,979,505.75,M,0.0,0.0,0.0,0.0,0.0,0.0,1.0
10,1,1,1,0,1,1,0,1,1,1,1,1,1,1,225,18,1,1,0,358,679.27,F,0.0,0.0,0.0,0.0,0.0,0.0,1.0
10,1,1,1,0,1,1,0,1,1,1,1,1,1,1,225,26,1,1,0,358,568.69,F,0.0,0.0,0.0,0.0,0.0,0.0,1.0
10,1,1,1,0,1,1,0,1,1,1,1,1,1,1,225,25,1,1,0,358,603.79,M,0.0,0.0,0.0,0.0,0.0,0.0,1.0
10,1,1,1,0,1,1,0,1,1,1,1,1,0,0,225,30,1,1,0,358,533.08,M,0.0,0.0,0.0,0.0,0.0,0.0,1.0
10,0,0,1,0,1,1,0,1,1,1,1,1,1,0,225,30,1,1,0,358,483.7,M,0.0,0.0,0.0,0.0,0.0,0.0,1.0
10,1,1,1,0,1,1,0,1,1,1,1,1,1,0,225,16,1,1,0,358,508.07,M,0.0,0.0,0.0,0.0,0.0,0.0,1.0
10,0,1,1,0,0,1,0,1,1,1,1,1,1,0,275,18,1,1,0,421,429.04,F,0.0,0.0,0.0,0.0,0.0,0.0,1.0
10,0,0,1,0,1,1,0,1,1,1,1,1,1,0,225,17,1,1,0,421,449.23,M,0.0,0.0,0.0,0.0,0.0,0.0,1.0
11,1,1,1,0,1,1,0,1,1,1,1,1,1,1,250,20,1,1,0,421,406.42,M,0.0,0.0,1.0,0.0,0.0,0.0,0.0
10,1,1,0,0,1,0,0,0,1,1,1,1,0,1,30,21,1,1,0,421,497.81,M,0.0,0.0,0.0,0.0,0.0,0.0,1.0
10,0,1,0,0,1,1,1,1,1,1,1,1,1,1,250,15,1,1,0,421,432.93,F,0.0,0.0,0.0,0.0,0.0,0.0,1.0
10,1,1,1,0,0,1,0,1,1,1,1,1,1,0,275,20,1,1,0,421,435.23,F,0.0,0.0,0.0,0.0,0.0,0.0,1.0
10,0,1,1,0,1,1,0,1,1,1,1,1,1,0,55,87,1,1,0,421,646.31,F,0.0,0.0,0.0,0.0,0.0,0.0,1.0
10,1,1,1,1,1,1,1,1,1,1,1,1,1,1,42,36,1,1,0,421,370.25,F,0.0,0.0,0.0,0.0,1.0,0.0,0.0
9,0,0,1,1,1,1,0,1,1,1,1,1,1,0,275,18,1,1,0,421,366.04,F,0.0,0.0,0.0,0.0,0.0,0.0,1.0
10,1,0,1,0,1,1,0,1,1,1,1,1,1,1,300,21,1,1,0,421,427.21,F,0.0,0.0,0.0,0.0,0.0,0.0,1.0
10,0,1,1,0,1,0,0,1,1,1,1,1,1,0,250,15,1,1,0,421,352.95,M,0.0,0.0,0.0,0.0,0.0,0.0,1.0
11,1,1,1,1,1,1,1,1,1,1,1,1,1,0,200,17,1,1,0,421,378.04,F,0.0,0.0,0.0,0.0,0.0,0.0,1.0
9,1,1,1,0,0,1,1,1,1,1,0,1,1,0,300,25,1,1,0,1064,525.32,F,0.0,0.0,0.0,0.0,0.0,0.0,1.0
10,1,1,1,1,1,1,1,1,1,1,1,1,1,1,275,25,1,1,0,1064,707.08,F,0.0,0.0,0.0,0.0,0.0,0.0,1.0
10,1,1,1,1,0,1,0,1,1,1,1,1,1,0,250,20,1,1,0,1064,606.66,F,0.0,0.0,0.0,0.0,0.0,0.0,1.0
10,1,1,1,1,0,1,1,1,1,0,0,1,1,1,220,25,1,1,0,1064,574.93,M,0.0,0.0,0.0,1.0,0.0,0.0,0.0
10,1,1,1,0,0,1,0,1,1,1,1,1,1,0,250,20,1,1,0,1064,524.1,M,0.0,0.0,0.0,0.0,0.0,0.0,1.0
9,1,0,1,0,0,1,0,1,1,1,1,1,0,1,60,20,1,1,0,1064,484.02,M,0.0,0.0,0.0,0.0,0.0,0.0,1.0
10,1,1,1,0,1,1,1,1,1,1,1,1,1,0,300,30,1,1,0,1064,456.44,F,0.0,0.0,0.0,0.0,0.0,0.0,1.0
10,0,1,1,1,1,1,1,1,1,1,1,1,1,0,2025,30,1,0,0,331,647.96,M,0.0,0.0,0.0,0.0,0.0,0.0,1.0
10,1,1,1,0,0,1,0,1,1,1,1,1,1,0,675,16,1,0,0,331,467.02,M,0.0,0.0,0.0,0.0,0.0,0.0,1.0
10,1,1,1,0,1,1,0,1,1,1,1,1,1,0,450,20,1,0,0,331,631.53,F,0.0,0.0,0.0,0.0,0.0,0.0,1.0
11,1,1,1,0,1,1,0,1,1,1,1,1,1,0,225,22,1,1,0,1680,546.77,F,0.0,0.0,0.0,0.0,0.0,0.0,1.0
10,1,1,1,1,0,1,1,1,1,1,1,1,1,0,225,25,1,1,0,1680,530.48,F,0.0,0.0,0.0,0.0,0.0,0.0,1.0
11,1,1,1,0,1,1,1,0,1,1,1,1,1,1,200,25,1,1,0,1680,597.78,M,0.0,0.0,0.0,0.0,0.0,0.0,1.0
11,1,1,1,1,1,1,0,1,1,1,1,1,1,0,200,20,1,1,0,1680,500.94,M,0.0,0.0,0.0,0.0,0.0,0.0,1.0
10,1,1,1,1,1,1,0,1,1,1,1,1,1,0,200,20,1,1,0,1680,589.68,M,0.0,0.0,0.0,0.0,0.0,0.0,1.0
10,1,1,1,1,1,1,1,1,1,1,1,1,1,0,200,25,1,1,0,1680,560.58,M,0.0,0.0,0.0,0.0,0.0,0.0,1.0
11,1,0,1,0,1,1,0,0,1,1,1,1,1,0,135,30,1,1,0,1680,424.22,M,0.0,0.0,0.0,0.0,0.0,0.0,1.0
10,0,1,1,0,0,1,0,1,1,1,1,1,1,0,300,30,1,1,1,1046,529.07,M,0.0,0.0,0.0,0.0,0.0,0.0,1.0
10,1,1,1,0,1,1,0,1,1,1,1,1,1,1,285,28,1,1,1,1046,569.4,M,0.0,0.0,0.0,0.0,0.0,0.0,1.0
11,0,1,1,0,1,1,0,1,1,1,1,1,1,1,420,30,1,1,1,1046,509.11,F,0.0,0.0,0.0,0.0,0.0,0.0,1.0
10,0,1,1,0,1,1,1,1,1,1,1,1,1,0,285,20,1,1,1,1378,740.44,F,0.0,0.0,0.0,1.0,0.0,0.0,0.0
10,1,1,1,1,1,1,1,1,1,1,1,1,1,1,270,28,1,1,1,1378,649.24,F,0.0,0.0,0.0,0.0,0.0,0.0,1.0
10,1,0,1,1,1,0,0,1,1,1,1,1,1,0,50,25,1,1,1,1378,353.33,F,0.0,0.0,0.0,0.0,0.0,0.0,1.0
10,1,0,1,0,1,1,0,1,1,1,1,1,1,0,180,30,1,1,1,1378,551.06,F,0.0,0.0,0.0,0.0,0.0,0.0,1.0
10,1,1,1,1,1,1,0,1,1,1,1,1,1,0,270,23,1,1,1,1378,485.22,M,0.0,0.0,0.0,0.0,0.0,0.0,1.0
10,1,1,1,0,1,1,0,1,1,1,1,1,1,1,285,30,1,1,1,1378,645.51,F,0.0,0.0,0.0,0.0,0.0,0.0,1.0
10,1,1,1,1,1,1,1,1,1,1,1,1,1,0,270,25,1,1,1,1378,657.5,M,0.0,0.0,0.0,0.0,0.0,0.0,1.0
10,1,1,1,0,1,1,1,1,1,1,1,1,1,0,450,54,1,1,1,1378,442.33,M,0.0,0.0,0.0,1.0,0.0,0.0,0.0
10,1,1,1,1,1,1,0,1,1,1,1,1,1,1,270,30,1,1,1,1378,727.57,F,0.0,0.0,0.0,0.0,0.0,0.0,1.0
10,0,1,1,0,1,1,0,0,1,1,1,1,1,1,270,23,1,1,1,1378,606.19,M,0.0,0.0,0.0,0.0,0.0,0.0,1.0
12,1,1,1,1,1,1,0,1,1,1,1,1,1,0,300,5,0,1,1,1378,544.95,M,0.0,0.0,0.0,0.0,0.0,0.0,1.0
10,1,1,1,1,1,1,1,1,1,1,1,1,1,0,300,30,1,1,0,898,450.25,F,0.0,0.0,0.0,0.0,0.0,0.0,1.0
10,1,1,1,1,1,1,1,1,1,1,1,1,1,0,45,25,1,1,0,898,506.87,M,0.0,0.0,0.0,0.0,0.0,0.0,1.0
10,1,1,1,0,1,1,1,1,1,1,1,1,1,0,60,30,1,1,0,898,562.82,M,0.0,0.0,0.0,0.0,0.0,0.0,1.0
10,1,1,1,1,1,1,1,1,1,1,1,1,1,0,300,25,1,1,0,898,545.59,M,0.0,0.0,0.0,0.0,0.0,0.0,1.0
10,1,1,1,0,1,1,0,1,1,1,1,1,1,0,300,22,1,1,0,898,517.29,M,0.0,0.0,0.0,0.0,0.0,0.0,1.0
10,1,1,1,1,1,1,0,1,1,1,1,1,1,0,300,25,1,1,0,898,709.06,F,0.0,0.0,0.0,0.0,0.0,0.0,1.0
10,1,1,1,0,1,1,0,1,1,1,1,1,1,0,300,30,1,1,0,898,440.87,F,0.0,0.0,0.0,0.0,0.0,0.0,1.0
10,1,1,1,1,0,1,1,1,1,1,1,1,1,0,300,20,1,1,0,898,550.08,M,0.0,0.0,0.0,0.0,0.0,0.0,1.0
10,1,1,1,0,0,1,0,1,1,1,1,1,1,0,300,20,1,1,0,898,499.58,F,0.0,0.0,0.0,0.0,0.0,0.0,1.0
10,1,0,0,0,1,1,0,1,1,1,1,1,1,0,300,25,1,1,0,898,377.48,M,0.0,0.0,1.0,0.0,0.0,0.0,0.0
10,1,1,1,1,1,1,1,1,1,1,1,1,1,0,300,30,1,1,0,898,517.53,M,0.0,0.0,0.0,1.0,0.0,0.0,0.0
10,1,1,1,1,1,1,0,1,1,1,1,1,1,0,275,40,1,1,1,2085,568.2,M,0.0,1.0,0.0,0.0,0.0,0.0,0.0
10,1,1,1,0,1,1,0,1,1,1,1,1,1,0,250,25,1,1,1,2085,493.64,M,0.0,0.0,0.0,1.0,0.0,0.0,0.0
10,1,0,1,0,0,1,0,1,1,0,0,0,1,0,270,24,1,1,1,2085,512.24,M,0.0,1.0,0.0,0.0,0.0,0.0,0.0
10,1,1,1,1,1,1,1,1,1,1,0,1,1,1,300,40,1,1,1,2085,562.97,F,0.0,0.0,0.0,0.0,1.0,0.0,0.0
11,1,1,1,0,0,1,0,1,1,0,0,0,1,0,290,40,1,1,1,2085,482.9,F,0.0,1.0,0.0,0.0,0.0,0.0,0.0
11,1,1,1,0,1,1,1,1,1,0,0,0,1,0,500,35,1,1,1,2085,682.11,M,0.0,1.0,0.0,0.0,0.0,0.0,0.0
10,1,1,1,0,1,1,0,1,1,1,1,1,1,1,280,30,1,1,1,2085,675.3,F,0.0,0.0,0.0,0.0,0.0,0.0,1.0
10,1,1,1,1,1,1,0,1,1,1,1,1,1,0,270,30,1,1,1,2085,545.18,F,0.0,0.0,0.0,1.0,0.0,0.0,0.0
10,1,1,1,1,0,1,1,1,0,0,0,1,1,1,270,22,1,1,1,2085,557.69,M,0.0,1.0,0.0,0.0,0.0,0.0,0.0
10,1,1,1,1,1,1,1,1,1,0,0,0,1,0,54,40,1,1,1,2085,345.65,M,0.0,0.0,0.0,1.0,0.0,0.0,0.0
10,1,1,1,0,1,1,1,1,0,0,0,0,1,1,250,30,1,1,1,2085,515.31,F,0.0,1.0,0.0,0.0,0.0,0.0,0.0
10,0,1,1,0,1,1,0,0,1,1,1,1,1,1,315,20,1,1,0,1380,514.51,F,0.0,0.0,0.0,0.0,0.0,0.0,1.0
10,0,0,1,0,0,1,0,1,1,1,1,1,1,1,200,12,1,1,0,1380,400.57,M,0.0,0.0,0.0,0.0,0.0,0.0,1.0
10,1,1,1,0,0,1,0,1,1,1,1,1,1,0,230,25,1,1,0,1380,526.67,M,0.0,0.0,0.0,0.0,1.0,0.0,0.0
11,1,1,1,1,1,1,0,1,1,1,1,1,1,0,230,25,1,1,0,1380,598.01,F,0.0,0.0,1.0,0.0,0.0,0.0,0.0
10,1,1,1,1,1,1,1,1,1,1,1,1,1,0,240,25,1,1,0,1380,565.44,F,0.0,0.0,0.0,0.0,0.0,0.0,1.0
10,1,1,1,0,0,1,0,1,1,1,1,1,1,0,225,15,1,1,0,1380,467.26,M,0.0,0.0,0.0,0.0,1.0,0.0,0.0
10,0,1,1,0,0,1,0,0,1,1,1,1,0,1,90,3,0,1,1,6694,581.8,F,0.0,0.0,0.0,1.0,0.0,0.0,0.0
11,1,1,0,0,1,1,0,0,1,1,1,1,1,1,225,30,0,1,1,6694,636.22,F,0.0,0.0,0.0,0.0,0.0,0.0,1.0
9,1,0,0,0,1,0,0,1,1,0,0,0,1,0,300,18,0,1,1,6694,476.16,M,0.0,0.0,0.0,1.0,0.0,0.0,0.0
11,1,1,1,1,0,1,1,1,1,0,0,1,1,0,240,30,1,1,1,2203,708.11,F,0.0,0.0,0.0,0.0,0.0,0.0,1.0
10,1,1,1,0,1,1,0,1,1,0,0,1,1,0,240,25,1,1,1,2203,551.28,M,0.0,0.0,0.0,0.0,0.0,0.0,1.0
11,1,1,1,1,1,1,1,1,1,0,0,1,1,0,800,20,0,1,1,2203,540.81,F,0.0,1.0,0.0,0.0,0.0,0.0,0.0
10,1,1,1,0,1,1,1,1,1,0,0,0,1,0,220,18,1,1,1,2203,644.27,M,0.0,1.0,0.0,0.0,0.0,0.0,0.0
10,1,1,1,0,1,1,0,0,0,0,1,1,1,0,240,20,1,1,1,2203,575.01,M,0.0,0.0,0.0,0.0,0.0,0.0,1.0
10,0,1,1,0,0,1,0,1,1,1,1,1,1,0,200,13,1,1,1,2203,715.1,F,0.0,0.0,0.0,0.0,0.0,0.0,1.0
10,0,0,1,0,0,1,0,1,1,1,1,1,1,0,225,35,1,1,1,1095,494.44,M,0.0,0.0,0.0,0.0,0.0,0.0,1.0
11,1,1,0,0,1,1,0,1,0,0,0,0,1,1,250,26,1,1,1,1095,579.73,F,0.0,1.0,0.0,0.0,0.0,0.0,0.0
10,1,1,1,0,1,1,0,1,1,1,1,1,1,0,250,40,1,1,1,1095,499.02,F,0.0,0.0,1.0,0.0,0.0,0.0,0.0
10,1,0,0,0,1,0,0,1,0,0,0,0,1,0,250,30,1,1,1,1095,473.21,F,0.0,0.0,0.0,1.0,0.0,0.0,0.0
10,0,1,0,0,1,0,0,1,1,0,0,0,1,0,75,25,1,1,1,1095,479.37,M,0.0,0.0,0.0,1.0,0.0,0.0,0.0
10,0,0,1,0,1,1,0,1,1,1,1,1,1,0,245,40,1,1,1,1095,595.61,M,0.0,0.0,0.0,0.0,0.0,0.0,1.0
11,1,1,1,1,1,1,1,1,1,1,1,1,1,0,90,35,1,1,0,1812,544.62,F,0.0,0.0,0.0,0.0,0.0,0.0,1.0
11,0,1,1,0,1,1,0,1,1,1,1,1,1,1,240,24,1,1,0,1812,581.74,M,0.0,0.0,0.0,0.0,0.0,0.0,1.0
11,1,1,1,0,1,1,0,1,1,1,1,1,1,0,258,20,1,1,0,1812,473.76,M,0.0,0.0,0.0,0.0,0.0,0.0,1.0
11,1,1,1,1,1,1,1,1,1,1,1,1,1,0,270,20,1,1,0,1812,535.81,M,0.0,0.0,0.0,0.0,0.0,0.0,1.0
10,1,1,0,0,1,0,0,1,1,0,0,0,1,0,261,30,1,1,0,1812,452.83,M,0.0,0.0,0.0,1.0,0.0,0.0,0.0
11,0,0,1,0,1,1,0,1,1,1,1,1,1,0,240,28,1,1,0,1812,585.67,M,0.0,0.0,0.0,0.0,0.0,0.0,1.0
11,0,1,1,0,1,1,0,0,1,1,1,1,1,0,0,30,1,1,0,1750,530.52,M,0.0,0.0,0.0,0.0,0.0,0.0,1.0
10,1,1,1,1,0,1,1,1,1,1,1,1,1,0,450,25,1,1,0,1750,518.65,F,0.0,0.0,0.0,0.0,0.0,0.0,1.0
10,1,1,1,1,1,1,0,1,1,1,1,1,1,1,450,30,1,1,0,1750,579.73,F,0.0,0.0,1.0,0.0,0.0,0.0,0.0
10,1,1,1,1,0,1,1,1,1,1,1,1,1,0,90,25,1,1,0,1750,477.05,M,0.0,0.0,1.0,0.0,0.0,0.0,0.0
11,1,1,1,0,0,1,0,0,1,1,1,1,1,1,450,22,1,1,0,1750,516.98,F,0.0,0.0,1.0,0.0,0.0,0.0,0.0
10,1,1,1,1,1,1,1,0,1,1,1,1,1,1,450,22,1,1,0,1750,524.05,F,0.0,0.0,0.0,0.0,0.0,0.0,1.0
11,0,1,1,1,1,1,1,1,0,1,1,1,1,1,450,20,1,1,0,1750,490.76,F,0.0,0.0,1.0,0.0,0.0,0.0,0.0
11,1,1,1,1,1,1,1,1,1,1,1,1,1,0,450,28,1,1,0,1750,584.66,F,0.0,0.0,0.0,0.0,0.0,0.0,1.0
10,1,1,1,1,1,1,0,1,1,1,1,1,1,0,450,21,1,1,0,1750,525.15,M,0.0,0.0,0.0,0.0,0.0,0.0,1.0
10,0,0,1,0,1,1,0,1,1,1,1,1,1,1,650,30,1,1,0,1750,451.99,F,0.0,0.0,1.0,0.0,0.0,0.0,0.0
10,0,0,1,0,1,1,0,1,1,1,1,1,1,0,600,42,0,1,1,626,370.41,F,0.0,0.0,0.0,1.0,0.0,0.0,0.0
10,0,0,0,0,0,1,0,1,1,1,1,1,1,1,300,25,0,1,1,626,545.75,M,0.0,0.0,0.0,0.0,0.0,0.0,1.0
11,0,0,1,0,1,1,0,1,1,1,1,1,1,0,360,40,0,1,1,626,314.33,F,0.0,0.0,0.0,1.0,0.0,0.0,0.0
11,0,1,1,0,0,1,1,0,1,1,1,1,1,0,400,30,0,1,1,626,586.15,M,0.0,0.0,0.0,0.0,0.0,0.0,1.0
10,1,0,0,0,0,0,0,0,1,1,1,1,0,0,120,24,0,1,1,626,330.1,M,0.0,0.0,0.0,1.0,0.0,0.0,0.0
10,0,0,1,0,0,0,0,1,1,1,1,1,0,1,480,20,0,1,1,626,438.57,F,0.0,0.0,0.0,0.0,0.0,0.0,1.0
9,0,1,0,0,1,0,0,1,0,0,0,0,1,0,225,24,1,1,1,1408,554.81,M,0.0,0.0,0.0,1.0,0.0,0.0,0.0
10,0,0,0,0,1,1,0,1,1,0,0,0,1,1,45,25,1,1,1,1408,454.14,F,0.0,0.0,0.0,1.0,0.0,0.0,0.0
11,1,1,0,0,0,0,0,1,1,0,0,1,0,0,225,20,1,1,1,1408,431.11,M,0.0,0.0,0.0,1.0,0.0,0.0,0.0
11,0,1,0,0,0,0,0,1,1,0,0,0,1,0,96,25,1,1,1,1408,416.25,F,0.0,0.0,0.0,1.0,0.0,0.0,0.0
11,1,1,0,0,1,1,0,1,1,0,0,1,1,0,45,20,1,1,1,1408,469.47,F,0.0,0.0,0.0,1.0,0.0,0.0,0.0
10,1,1,1,1,0,1,1,1,1,1,1,1,1,1,275,26,1,1,0,1375,665.12,M,0.0,0.0,0.0,0.0,0.0,0.0,1.0
10,0,1,1,0,1,1,0,1,1,1,1,1,1,0,275,27,1,1,0,1375,506.65,F,0.0,0.0,0.0,0.0,0.0,0.0,1.0
10,1,1,1,0,1,1,1,1,1,1,1,1,1,1,275,20,1,1,0,1375,511.1,F,0.0,0.0,0.0,0.0,0.0,0.0,1.0
10,0,1,1,0,1,1,0,1,1,1,1,1,0,0,275,25,1,1,0,1375,479.53,M,1.0,0.0,0.0,0.0,0.0,0.0,0.0
10,0,1,1,0,1,1,1,1,1,1,1,1,0,0,250,26,1,1,0,1375,385.9,F,0.0,0.0,0.0,0.0,0.0,0.0,1.0
10,1,0,1,0,0,1,0,1,1,1,1,1,1,1,250,25,1,1,0,1375,444.58,M,0.0,0.0,0.0,0.0,0.0,0.0,1.0
10,0,1,1,0,1,1,0,1,1,1,1,1,1,0,400,20,1,1,0,2361,490.68,F,0.0,0.0,0.0,1.0,0.0,0.0,0.0
10,1,1,1,1,1,1,0,1,1,1,1,1,1,0,285,14,0,1,0,2361,622.16,F,0.0,0.0,0.0,0.0,0.0,0.0,1.0
10,1,1,1,0,0,1,0,1,0,1,0,1,1,0,360,20,1,1,0,2361,580.38,M,0.0,0.0,0.0,0.0,0.0,0.0,1.0
10,1,1,1,1,1,1,0,1,1,1,1,1,1,1,240,22,1,1,0,2361,517.69,F,0.0,0.0,0.0,0.0,0.0,0.0,1.0
11,1,0,1,1,1,1,0,1,1,1,1,1,1,1,1200,20,1,1,0,2361,366.2,F,0.0,0.0,0.0,0.0,0.0,0.0,1.0
10,1,1,1,1,1,1,0,1,1,1,1,1,1,0,210,20,1,1,0,2361,584.63,M,0.0,0.0,0.0,0.0,0.0,0.0,1.0
10,1,1,1,0,1,1,0,0,1,1,1,1,1,0,420,20,1,1,0,2361,561.46,F,0.0,0.0,0.0,0.0,0.0,0.0,1.0
10,1,1,1,0,1,1,0,1,1,1,1,1,1,0,315,20,1,1,0,2361,495.16,M,0.0,0.0,0.0,0.0,0.0,0.0,1.0
10,1,1,1,0,1,1,0,1,1,1,1,1,1,0,330,26,1,1,0,2361,444.18,M,0.0,0.0,0.0,0.0,0.0,0.0,1.0
10,1,1,1,0,1,1,0,0,1,1,1,1,1,0,315,25,1,1,0,2361,597.85,F,0.0,0.0,0.0,0.0,0.0,0.0,1.0
9,1,1,1,1,0,1,1,1,1,1,1,1,1,0,360,22,1,1,0,2361,522.9,M,0.0,0.0,0.0,0.0,0.0,0.0,1.0
10,1,1,1,0,1,1,0,0,1,1,1,1,1,1,285,25,1,1,0,2361,527.71,M,0.0,0.0,0.0,0.0,0.0,0.0,1.0
10,1,1,1,1,1,1,1,1,1,1,1,1,1,0,315,20,1,1,0,2361,430.47,F,0.0,0.0,0.0,0.0,0.0,0.0,1.0
10,1,1,1,0,1,1,0,1,1,0,0,1,1,0,261,27,1,1,1,1734,415.45,F,0.0,0.0,0.0,0.0,0.0,1.0,0.0
10,1,1,1,0,0,1,1,1,1,1,1,1,1,1,270,25,1,1,1,1734,462.7,M,0.0,0.0,0.0,0.0,0.0,0.0,1.0
10,1,1,1,1,1,1,1,1,1,1,1,1,1,0,255,36,1,1,1,1734,458.83,F,0.0,0.0,0.0,0.0,0.0,0.0,1.0
10,1,1,1,1,1,1,0,1,1,1,1,1,1,1,270,38,1,1,1,1734,625.52,M,0.0,0.0,0.0,0.0,0.0,0.0,1.0
11,0,0,1,0,0,1,0,0,1,1,1,1,1,0,450,30,1,1,0,1317,474.56,M,0.0,0.0,0.0,0.0,0.0,0.0,1.0
10,1,1,1,0,0,1,0,1,1,1,1,1,1,0,90,30,1,1,0,1317,511.76,M,0.0,0.0,0.0,0.0,0.0,0.0,1.0
11,0,1,1,0,1,1,0,1,1,1,1,1,1,1,450,20,1,1,0,1317,451.31,M,0.0,0.0,0.0,0.0,0.0,0.0,1.0
9,1,0,1,0,1,0,0,1,1,1,1,1,1,0,375,28,1,1,0,1317,383.41,M,0.0,0.0,0.0,0.0,0.0,0.0,1.0
10,1,1,1,1,1,1,0,1,1,1,1,1,1,0,264,30,1,1,0,2402,474.48,F,0.0,0.0,0.0,0.0,0.0,0.0,1.0
10,0,0,1,0,0,1,0,0,1,1,1,1,0,0,300,25,1,1,0,2402,491.48,F,0.0,0.0,0.0,0.0,0.0,0.0,1.0
10,1,1,0,0,1,0,0,1,1,0,0,0,0,0,315,25,1,1,0,2402,574.33,F,0.0,0.0,0.0,1.0,0.0,0.0,0.0
11,0,1,0,0,0,0,0,1,0,0,0,0,1,0,180,25,1,1,0,2402,489.09,F,0.0,0.0,0.0,1.0,0.0,0.0,0.0
10,0,0,1,0,1,1,0,1,1,1,1,1,0,0,264,30,1,1,0,2402,314.95,M,0.0,0.0,0.0,0.0,0.0,0.0,1.0
11,1,1,1,0,0,1,1,1,0,0,0,1,1,0,264,30,1,1,0,2402,475.83,F,0.0,1.0,0.0,0.0,0.0,0.0,0.0
9,1,1,1,0,1,1,1,1,1,1,1,1,1,0,270,20,1,1,0,1471,627.36,M,0.0,0.0,0.0,0.0,0.0,0.0,1.0
10,1,1,1,0,1,1,0,0,1,1,1,1,1,0,270,27,1,1,0,1471,534.61,M,0.0,0.0,0.0,0.0,0.0,0.0,1.0
10,1,1,1,1,1,1,1,1,1,1,1,1,1,0,270,27,1,1,0,1471,614.21,M,0.0,0.0,0.0,0.0,0.0,0.0,1.0
10,1,0,1,0,1,1,0,1,1,1,1,1,1,0,270,22,1,1,0,1471,425.66,M,0.0,0.0,0.0,0.0,0.0,0.0,1.0
11,1,1,1,0,1,1,0,1,1,1,1,1,1,1,270,28,1,1,0,1471,607.22,F,0.0,0.0,0.0,0.0,0.0,0.0,1.0
10,1,1,1,0,1,1,0,1,1,1,1,1,1,0,270,27,1,1,0,1471,541.18,M,0.0,0.0,0.0,0.0,0.0,0.0,1.0
11,1,1,1,1,1,1,1,1,1,1,1,1,1,1,270,20,1,1,0,1471,535.88,F,0.0,0.0,0.0,0.0,0.0,0.0,1.0
9,1,0,1,0,0,1,0,1,1,1,1,1,0,0,225,20,1,1,0,1471,441.67,F,0.0,0.0,0.0,0.0,0.0,0.0,1.0
10,1,1,1,1,0,1,1,1,1,1,1,1,1,0,270,25,1,1,0,1471,595.45,M,0.0,0.0,0.0,0.0,0.0,0.0,1.0
9,0,0,0,0,1,0,0,1,1,1,1,1,1,0,135,22,1,1,0,1471,360.16,M,0.0,0.0,0.0,0.0,0.0,0.0,1.0
10,1,1,1,0,1,1,0,1,1,1,1,1,1,1,225,20,1,1,0,1471,419.27,F,0.0,0.0,0.0,0.0,0.0,0.0,1.0
10,0,1,1,0,1,1,1,1,1,1,1,1,1,0,270,27,1,1,0,1471,537.63,F,0.0,0.0,0.0,0.0,0.0,0.0,1.0
10,0,1,1,0,1,0,0,1,1,1,1,1,0,0,450,25,1,1,0,1471,397.74,F,0.0,0.0,0.0,0.0,0.0,0.0,1.0
11,1,1,1,1,1,1,0,0,1,1,1,1,0,1,160,20,1,0,1,1212,675.94,M,0.0,0.0,1.0,0.0,0.0,0.0,0.0
11,1,1,1,0,1,1,0,0,1,1,1,1,1,0,180,23,1,0,1,1212,595.61,M,0.0,0.0,0.0,0.0,0.0,0.0,1.0
11,0,1,1,1,1,1,0,1,1,1,1,1,1,0,200,20,1,0,1,1212,581.74,M,0.0,0.0,0.0,0.0,0.0,0.0,1.0
11,0,1,1,0,1,1,1,1,1,1,1,1,1,1,160,20,1,0,1,1212,637.62,M,0.0,0.0,0.0,0.0,0.0,0.0,1.0
11,0,1,1,1,1,1,1,1,1,1,1,1,1,0,200,30,1,0,1,1212,615.49,M,0.0,0.0,0.0,0.0,1.0,0.0,0.0
10,1,1,1,1,1,1,1,1,1,1,1,1,1,0,200,20,1,0,1,1212,602.59,M,0.0,0.0,0.0,0.0,0.0,0.0,1.0
10,1,1,1,1,1,1,1,1,1,1,1,1,1,0,200,20,1,0,1,1212,510.39,M,0.0,0.0,0.0,0.0,0.0,0.0,1.0
10,1,1,1,1,1,1,1,1,1,1,1,1,1,0,160,20,1,0,1,1212,678.43,M,0.0,0.0,0.0,0.0,0.0,0.0,1.0
11,1,1,1,0,0,1,1,1,1,1,1,1,1,1,450,25,1,1,0,1387,474.4,M,0.0,0.0,0.0,0.0,0.0,0.0,1.0
11,1,0,1,1,1,1,0,0,1,1,1,1,1,0,90,20,1,1,0,1387,515.37,M,0.0,0.0,0.0,0.0,1.0,0.0,0.0
9,0,1,0,1,0,1,0,1,1,1,1,1,1,0,400,26,1,1,0,1387,352.14,F,0.0,0.0,0.0,0.0,0.0,0.0,1.0
10,1,1,1,0,0,1,0,1,1,1,1,1,1,1,450,27,1,1,0,1387,597.13,F,0.0,0.0,0.0,0.0,0.0,0.0,1.0
10,1,1,1,0,1,1,0,1,1,1,1,1,1,0,450,30,1,1,0,1387,507.6,F,0.0,0.0,0.0,0.0,0.0,0.0,1.0
10,1,1,1,0,1,1,0,1,1,1,1,1,1,0,175,18,1,1,0,1387,541.84,F,0.0,0.0,0.0,0.0,1.0,0.0,0.0
10,1,1,1,0,1,1,0,0,1,1,1,1,1,0,90,28,1,1,0,1387,498.63,F,0.0,0.0,1.0,0.0,0.0,0.0,0.0
10,1,1,1,0,0,1,1,0,1,1,1,1,1,1,450,30,1,1,0,1387,602.67,M,0.0,0.0,0.0,0.0,0.0,0.0,1.0
9,0,0,0,0,0,0,0,1,1,1,1,0,0,0,215,20,1,1,1,1110,415.48,M,0.0,0.0,0.0,1.0,0.0,0.0,0.0
10,1,0,1,0,0,1,0,1,1,1,1,1,1,1,225,23,1,1,1,1110,462.08,F,0.0,0.0,0.0,0.0,1.0,0.0,0.0
10,0,1,0,0,1,1,0,1,1,0,0,0,1,1,45,30,1,1,1,1110,583.31,F,0.0,1.0,0.0,0.0,0.0,0.0,0.0
10,1,1,1,0,1,0,0,1,1,0,0,1,1,0,40,25,1,1,1,1110,399.84,M,0.0,1.0,0.0,0.0,0.0,0.0,0.0
10,0,1,0,0,0,0,0,1,0,1,0,0,1,0,225,24,1,1,1,1110,387.41,F,0.0,0.0,0.0,1.0,0.0,0.0,0.0
10,0,1,1,0,0,1,0,0,1,1,1,1,1,1,225,13,1,1,1,1062,672.33,M,0.0,0.0,0.0,0.0,0.0,0.0,1.0
9,0,0,1,0,0,1,0,1,1,1,1,1,0,0,225,20,1,1,1,1062,416.33,F,0.0,0.0,0.0,0.0,1.0,0.0,0.0
10,1,1,0,0,1,0,0,1,1,0,0,1,1,0,240,20,1,1,1,1062,609.92,F,0.0,0.0,0.0,1.0,0.0,0.0,0.0
10,1,1,0,0,1,0,0,0,1,1,1,1,1,1,90,20,1,1,1,1062,448.5,F,0.0,0.0,1.0,0.0,0.0,0.0,0.0
10,1,0,1,0,0,1,0,1,1,1,1,1,1,0,450,20,1,1,1,1062,554.73,M,1.0,0.0,0.0,0.0,0.0,0.0,0.0
10,0,1,0,0,1,1,0,1,1,1,1,1,1,0,450,20,1,1,1,1062,490.59,M,0.0,0.0,0.0,0.0,0.0,0.0,1.0
10,1,1,1,0,1,1,0,1,1,1,1,1,1,0,275,30,1,1,0,1692,501.34,M,0.0,0.0,0.0,0.0,0.0,0.0,1.0
11,0,1,1,0,1,1,0,1,1,1,1,1,1,1,275,24,1,1,0,1692,564.35,M,0.0,0.0,0.0,0.0,0.0,0.0,1.0
10,1,1,1,1,1,1,1,1,1,1,1,1,1,0,275,30,1,1,0,1692,477.21,M,0.0,0.0,0.0,0.0,0.0,0.0,1.0
10,1,0,1,0,1,1,0,0,1,1,1,1,1,0,275,24,1,1,0,1692,526.43,F,0.0,0.0,0.0,0.0,1.0,0.0,0.0
11,1,1,1,0,1,1,1,1,1,0,0,1,1,0,275,40,1,1,0,1692,598.64,F,0.0,1.0,0.0,0.0,0.0,0.0,0.0
10,1,1,1,0,1,1,1,1,1,1,1,1,1,0,250,38,1,1,0,1692,588.24,M,0.0,0.0,0.0,0.0,0.0,0.0,1.0
10,1,0,1,0,1,1,0,1,1,1,1,1,1,1,250,30,1,1,0,1692,634.81,M,0.0,0.0,0.0,0.0,0.0,0.0,1.0
10,1,1,1,1,1,1,1,0,1,1,1,1,1,1,275,28,0,1,0,1692,697.15,F,0.0,0.0,0.0,0.0,0.0,0.0,1.0
9,1,1,1,0,1,1,0,1,1,0,0,1,1,1,180,35,1,0,1,570,433.92,M,0.0,0.0,0.0,1.0,0.0,0.0,0.0
10,1,1,1,1,0,1,1,0,1,1,1,1,1,0,270,24,1,0,1,570,413.39,M,0.0,0.0,0.0,1.0,0.0,0.0,0.0
10,1,1,1,0,1,0,0,1,1,0,0,0,1,1,180,25,1,0,1,570,542.79,F,0.0,0.0,0.0,1.0,0.0,0.0,0.0
10,1,1,1,0,1,1,0,1,1,0,0,0,1,0,180,20,1,0,1,570,488.78,F,0.0,0.0,0.0,1.0,0.0,0.0,0.0
10,1,1,1,0,0,1,0,1,1,0,0,0,1,0,360,16,1,0,1,570,496.56,F,0.0,0.0,0.0,1.0,0.0,0.0,0.0
11,1,1,1,0,1,1,0,1,1,0,0,0,1,0,270,15,1,0,1,570,427.92,F,0.0,0.0,0.0,1.0,0.0,0.0,0.0
11,1,1,1,1,0,1,1,0,0,0,0,0,1,0,260,25,1,0,1,570,480.81,M,0.0,1.0,0.0,0.0,0.0,0.0,0.0
9,1,1,1,0,1,1,0,1,1,1,1,1,1,0,250,19,1,1,1,539,424.51,F,0.0,0.0,1.0,0.0,0.0,0.0,0.0
10,0,1,1,0,1,0,0,1,1,1,1,1,1,1,275,20,1,1,1,539,471.14,F,0.0,0.0,1.0,0.0,0.0,0.0,0.0
10,1,1,1,1,1,1,1,1,1,1,1,1,1,0,100,20,1,1,1,539,472.41,F,0.0,0.0,1.0,0.0,0.0,0.0,0.0
10,1,1,1,0,1,1,0,1,1,1,1,1,0,1,50,18,1,1,1,539,506.57,F,0.0,0.0,0.0,1.0,0.0,0.0,0.0
11,0,1,0,0,1,0,0,1,0,0,0,0,0,0,275,15,1,1,1,539,463.9,M,0.0,0.0,0.0,1.0,0.0,0.0,0.0
10,1,1,1,0,1,0,0,1,1,1,1,1,1,0,250,20,1,1,1,539,499.41,M,0.0,0.0,0.0,1.0,0.0,0.0,0.0
9,0,0,1,0,0,0,0,1,1,1,1,1,0,0,45,15,1,1,1,539,298.91,F,0.0,0.0,0.0,1.0,0.0,0.0,0.0
10,1,1,1,0,1,0,0,1,1,0,0,0,1,0,180,15,1,1,0,389,496.45,M,0.0,0.0,0.0,1.0,0.0,0.0,0.0
10,1,1,1,1,1,1,1,0,1,1,1,1,1,0,270,20,1,1,0,389,565.67,F,0.0,0.0,0.0,0.0,0.0,0.0,1.0
10,0,0,1,0,1,1,0,1,1,1,0,1,1,0,270,9,1,1,0,389,537.63,F,0.0,0.0,0.0,0.0,0.0,0.0,1.0
10,0,1,1,0,1,1,0,1,1,1,1,1,0,0,450,20,1,1,0,389,566.11,M,0.0,0.0,0.0,0.0,0.0,0.0,1.0
10,0,1,1,0,1,1,0,1,1,1,1,1,1,0,270,20,1,1,0,389,560.34,M,0.0,0.0,0.0,0.0,0.0,0.0,1.0
10,1,0,1,1,1,1,1,1,1,1,1,1,1,0,180,14,1,1,0,389,379.55,F,0.0,0.0,0.0,0.0,0.0,0.0,1.0
10,1,1,1,0,1,1,0,1,1,1,1,1,0,0,270,20,1,1,0,389,533.02,F,0.0,0.0,0.0,0.0,0.0,0.0,1.0
10,1,1,1,1,0,1,0,1,1,1,1,1,1,0,540,20,1,1,0,389,542.14,M,0.0,0.0,0.0,0.0,0.0,0.0,1.0
10,0,1,1,0,1,0,0,0,1,1,1,1,1,0,200,20,1,1,0,846,522.54,F,0.0,0.0,0.0,0.0,0.0,0.0,1.0
11,0,0,1,0,1,1,0,1,0,0,0,0,1,1,200,23,1,1,0,846,393.92,F,0.0,0.0,0.0,0.0,0.0,0.0,1.0
10,1,1,1,0,0,1,1,1,1,1,1,1,1,0,200,22,1,1,0,846,537.0,F,0.0,0.0,0.0,0.0,0.0,0.0,1.0
10,1,0,1,0,1,1,0,1,1,1,1,1,1,0,240,13,0,1,0,846,496.21,M,0.0,0.0,0.0,0.0,0.0,0.0,1.0
9,0,1,0,0,0,0,0,1,0,0,0,0,1,0,180,18,1,1,0,846,377.64,M,0.0,0.0,0.0,0.0,0.0,0.0,1.0
10,1,1,1,1,1,1,0,1,1,1,1,1,1,0,200,20,1,1,0,846,555.9,F,0.0,0.0,0.0,0.0,0.0,0.0,1.0
10,0,1,1,0,1,1,0,1,1,1,1,1,1,0,240,25,1,1,0,1411,497.09,M,0.0,0.0,0.0,0.0,0.0,0.0,1.0
11,1,1,1,0,1,1,0,1,1,0,0,1,1,1,55,30,1,1,0,1411,445.64,F,0.0,0.0,1.0,0.0,0.0,0.0,0.0
9,1,1,1,0,1,0,0,1,1,1,1,1,1,0,300,25,1,1,0,1411,477.42,F,0.0,0.0,0.0,0.0,1.0,0.0,0.0
11,1,1,1,1,1,1,1,1,1,0,0,1,1,0,550,21,1,1,0,1411,454.36,M,0.0,0.0,0.0,0.0,1.0,0.0,0.0
10,0,1,1,0,1,1,1,1,1,1,1,1,0,1,90,30,1,1,0,1411,506.25,F,0.0,0.0,0.0,0.0,0.0,0.0,1.0
10,1,1,1,0,1,1,0,1,1,1,1,1,1,0,300,20,1,1,0,1411,408.86,F,0.0,0.0,0.0,0.0,1.0,0.0,0.0
10,1,1,1,0,1,1,0,1,1,1,1,1,1,1,0,30,1,1,0,1411,423.95,F,0.0,0.0,0.0,0.0,0.0,0.0,1.0
10,1,1,1,0,1,0,0,1,1,1,1,1,1,0,600,30,1,1,0,1411,523.78,M,0.0,0.0,0.0,0.0,0.0,0.0,1.0
10,0,1,1,1,0,1,1,1,1,0,0,0,1,1,250,30,1,1,1,1763,546.61,F,0.0,0.0,0.0,1.0,0.0,0.0,0.0
10,0,0,0,0,0,1,0,1,1,1,0,1,1,0,255,30,1,1,1,1763,593.69,M,0.0,0.0,0.0,1.0,0.0,0.0,0.0
10,1,1,1,0,0,1,1,1,0,0,0,0,1,0,300,20,1,1,1,1763,524.58,M,0.0,0.0,0.0,1.0,0.0,0.0,0.0
10,1,1,0,0,1,1,0,1,1,0,0,0,1,0,275,35,1,1,1,1763,454.14,F,0.0,0.0,0.0,1.0,0.0,0.0,0.0
10,0,1,0,0,0,0,0,1,1,0,1,0,1,0,250,40,1,1,1,1763,429.03,M,0.0,0.0,0.0,1.0,0.0,0.0,0.0
10,1,1,1,1,1,1,1,1,0,0,0,0,1,0,275,35,1,1,1,1763,528.43,M,0.0,1.0,0.0,0.0,0.0,0.0,0.0
10,0,1,1,0,1,1,0,0,1,0,0,0,1,1,275,40,1,1,1,1763,489.09,F,0.0,0.0,0.0,1.0,0.0,0.0,0.0
11,0,0,0,0,1,0,0,1,1,0,0,0,1,0,275,30,1,1,1,1763,574.53,M,0.0,0.0,0.0,1.0,0.0,0.0,0.0
10,1,1,0,0,1,0,0,1,1,0,0,0,1,1,120,20,1,1,1,1763,327.29,M,0.0,0.0,0.0,1.0,0.0,0.0,0.0
10,1,1,1,1,1,1,0,1,1,0,0,1,1,1,200,20,1,0,1,398,608.2,M,0.0,1.0,0.0,0.0,0.0,0.0,0.0
11,1,1,1,1,1,1,0,1,1,1,1,1,1,1,200,27,1,0,1,398,467.09,F,0.0,0.0,0.0,0.0,0.0,0.0,1.0
11,1,1,1,0,1,1,1,1,1,0,0,0,0,0,200,25,1,0,1,398,435.12,M,0.0,0.0,0.0,1.0,0.0,0.0,0.0
11,0,1,1,0,0,0,0,1,1,0,0,1,1,0,200,25,1,0,1,398,531.56,M,0.0,1.0,0.0,0.0,0.0,0.0,0.0
10,1,1,1,1,1,1,0,0,1,0,0,0,1,0,280,36,1,0,1,398,342.85,M,0.0,0.0,0.0,1.0,0.0,0.0,0.0
11,1,1,1,0,1,1,0,1,0,0,0,0,1,0,200,30,1,0,1,398,303.24,M,0.0,0.0,0.0,1.0,0.0,0.0,0.0
11,1,1,1,0,0,1,0,0,0,0,1,1,1,1,200,30,1,0,1,398,549.79,F,0.0,0.0,0.0,1.0,0.0,0.0,0.0
11,0,1,1,1,1,1,1,1,1,0,0,1,1,0,200,25,1,0,1,398,621.03,M,0.0,0.0,0.0,0.0,0.0,1.0,0.0
10,0,1,1,0,0,1,0,1,1,1,1,1,1,0,200,25,1,0,1,398,482.82,F,0.0,0.0,0.0,0.0,0.0,0.0,1.0
10,1,1,1,1,1,1,1,1,1,0,1,1,1,0,200,30,1,0,1,398,465.5,M,0.0,0.0,0.0,0.0,1.0,0.0,0.0
10,1,1,1,1,1,1,1,1,1,0,0,1,1,0,200,21,1,0,1,398,392.23,M,0.0,0.0,1.0,0.0,0.0,0.0,0.0
10,0,1,1,0,0,1,0,1,1,1,1,1,1,1,225,23,1,1,0,366,532.07,F,0.0,0.0,0.0,0.0,0.0,0.0,1.0
10,1,1,1,0,0,1,0,1,1,1,1,1,1,0,225,19,1,1,0,366,359.69,F,0.0,0.0,0.0,0.0,0.0,0.0,1.0
10,1,1,1,0,1,1,0,1,1,1,1,1,1,0,250,24,1,1,0,366,509.83,M,0.0,0.0,0.0,0.0,0.0,0.0,1.0
10,1,1,1,0,0,0,0,1,1,1,1,1,1,0,225,30,1,1,0,366,560.9,M,0.0,0.0,0.0,0.0,0.0,0.0,1.0
10,1,1,0,0,0,1,0,1,1,1,1,1,1,1,45,18,1,1,0,366,507.19,M,0.0,0.0,0.0,0.0,0.0,0.0,1.0
10,1,1,1,0,1,1,0,1,1,1,1,1,1,0,225,15,1,1,0,366,454.6,M,0.0,0.0,0.0,0.0,0.0,0.0,1.0
10,1,1,1,1,0,1,1,1,1,1,1,1,1,0,250,20,1,1,0,366,682.03,M,0.0,0.0,0.0,0.0,0.0,0.0,1.0
10,1,0,0,0,0,1,0,1,1,1,1,1,0,1,225,25,1,1,0,366,543.35,F,0.0,0.0,0.0,0.0,0.0,0.0,1.0
11,0,1,1,0,1,1,0,1,1,1,1,1,1,0,225,25,1,1,0,366,551.61,F,0.0,0.0,0.0,0.0,0.0,0.0,1.0
10,0,1,1,0,0,1,0,1,1,1,1,1,1,0,225,20,1,1,0,366,398.72,M,0.0,0.0,0.0,0.0,0.0,0.0,1.0
10,0,1,0,0,1,1,0,0,1,0,1,1,1,1,261,40,1,1,1,2966,555.21,M,0.0,0.0,0.0,1.0,0.0,0.0,0.0
10,1,0,1,0,1,1,0,1,1,1,1,1,1,1,270,30,1,1,1,2966,594.25,M,0.0,0.0,0.0,0.0,0.0,0.0,1.0
10,1,1,1,0,1,1,0,1,1,1,1,1,1,0,285,30,1,1,1,2966,603.65,F,0.0,0.0,0.0,0.0,0.0,0.0,1.0
10,0,1,1,0,0,1,0,1,1,1,1,1,1,0,270,35,1,1,1,2966,673.79,F,0.0,0.0,0.0,0.0,0.0,0.0,1.0
11,0,0,1,0,1,1,0,1,1,1,1,1,1,1,720,30,1,1,1,2966,534.77,F,0.0,0.0,0.0,0.0,0.0,0.0,1.0
10,1,1,1,0,1,1,1,1,1,1,1,1,1,1,360,30,1,1,1,2966,638.6,F,0.0,0.0,0.0,0.0,0.0,0.0,1.0
10,1,1,1,1,1,1,0,0,1,1,1,1,1,1,180,25,1,1,1,2966,523.33,F,0.0,0.0,0.0,0.0,0.0,0.0,1.0
10,0,1,1,1,1,1,1,0,1,1,1,1,1,1,270,32,1,1,1,2966,625.81,F,0.0,0.0,0.0,0.0,0.0,0.0,1.0
11,1,1,1,0,1,1,1,1,1,1,1,1,1,0,270,30,1,1,1,2966,544.31,M,0.0,0.0,0.0,0.0,0.0,0.0,1.0
10,1,1,1,0,1,1,0,1,1,1,1,1,1,1,360,30,1,1,1,2966,540.06,M,0.0,0.0,0.0,1.0,0.0,0.0,0.0
10,1,1,1,0,1,1,1,1,1,1,1,1,1,0,270,35,1,1,1,2966,554.41,M,0.0,0.0,0.0,0.0,0.0,0.0,1.0
10,1,1,1,0,1,1,0,1,1,1,1,1,1,0,240,30,1,1,1,2966,658.7,F,0.0,0.0,0.0,0.0,0.0,0.0,1.0
10,1,1,1,0,1,1,0,1,1,1,1,1,1,0,270,30,1,1,1,2966,454.2,M,0.0,0.0,0.0,0.0,0.0,0.0,1.0
10,0,1,1,0,1,1,0,1,1,1,1,1,1,0,240,36,1,1,0,1900,486.79,F,0.0,0.0,0.0,1.0,0.0,0.0,0.0
10,1,1,0,0,0,0,0,1,1,0,1,0,1,0,300,30,1,1,0,1900,470.79,M,0.0,0.0,0.0,1.0,0.0,0.0,0.0
10,1,0,0,0,1,0,0,1,1,0,0,0,0,1,270,20,1,1,0,1900,480.17,M,0.0,0.0,0.0,1.0,0.0,0.0,0.0
9,0,1,0,0,1,0,0,0,1,0,0,0,0,0,60,20,1,1,0,1900,414.5,F,0.0,0.0,0.0,1.0,0.0,0.0,0.0
10,0,1,1,0,1,1,0,1,1,1,0,1,1,1,245,22,1,1,0,1828,511.42,F,0.0,0.0,0.0,1.0,0.0,0.0,0.0
10,1,1,1,0,0,1,0,1,1,1,1,1,1,1,225,35,1,1,0,1828,601.98,F,0.0,0.0,0.0,0.0,0.0,0.0,1.0
10,1,1,1,1,1,1,0,0,1,1,1,1,1,0,235,25,1,1,0,1828,652.53,M,0.0,0.0,0.0,0.0,0.0,0.0,1.0
10,0,1,1,0,1,1,0,0,1,1,1,1,1,0,235,25,1,1,0,1828,581.98,M,0.0,0.0,0.0,0.0,0.0,0.0,1.0
10,1,1,1,0,0,1,1,0,1,1,1,1,1,0,235,25,1,1,0,1828,636.53,F,0.0,0.0,0.0,0.0,0.0,0.0,1.0
10,1,1,1,0,1,1,0,1,1,1,1,1,1,0,225,30,1,1,0,1828,581.42,M,0.0,0.0,0.0,0.0,0.0,0.0,1.0
10,1,1,1,0,1,1,0,1,1,1,1,1,1,1,250,20,1,1,0,754,475.59,F,0.0,0.0,0.0,0.0,0.0,0.0,1.0
10,0,0,0,0,0,0,0,1,1,0,0,0,1,0,280,17,1,1,0,754,415.72,M,0.0,0.0,0.0,1.0,0.0,0.0,0.0
11,0,1,1,0,1,1,0,1,1,1,1,1,0,1,250,30,1,1,0,754,605.55,F,0.0,0.0,0.0,0.0,0.0,0.0,1.0
10,1,1,1,1,1,1,0,1,1,1,1,1,1,0,250,30,1,1,1,1392,511.73,F,0.0,0.0,1.0,0.0,0.0,0.0,0.0
10,0,1,1,0,1,1,0,1,1,1,1,1,1,0,275,25,1,1,1,1392,419.32,M,0.0,0.0,1.0,0.0,0.0,0.0,0.0
11,1,1,1,1,1,0,0,1,1,1,1,1,1,0,250,26,1,1,1,1392,434.4,M,0.0,0.0,1.0,0.0,0.0,0.0,0.0
10,1,1,1,0,1,1,0,0,1,1,1,1,1,0,385,15,1,1,1,1392,251.21,M,0.0,0.0,1.0,0.0,0.0,0.0,0.0
9,0,0,1,0,1,1,0,0,1,1,1,1,1,0,225,30,1,1,0,1250,405.76,F,0.0,0.0,0.0,0.0,0.0,0.0,1.0
9,1,0,1,0,0,1,0,1,1,1,1,1,1,0,235,30,1,1,0,1250,448.19,M,0.0,0.0,0.0,0.0,0.0,0.0,1.0
10,1,1,1,0,1,1,0,1,1,1,1,1,1,1,225,18,1,1,0,1250,445.88,F,0.0,0.0,0.0,0.0,0.0,0.0,1.0
10,1,1,1,0,0,1,0,0,1,1,1,1,1,1,300,20,1,1,0,1250,339.35,F,0.0,0.0,0.0,0.0,0.0,0.0,1.0
10,0,1,1,0,0,1,0,1,1,0,0,1,1,0,300,30,1,1,1,3164,450.25,F,0.0,0.0,0.0,0.0,0.0,1.0,0.0
9,1,0,0,0,0,0,0,0,0,0,0,0,1,0,250,30,1,1,1,3164,512.61,F,0.0,0.0,0.0,1.0,0.0,0.0,0.0
10,0,1,1,0,0,1,0,1,1,0,0,1,1,0,250,30,1,1,1,3164,372.79,F,0.0,0.0,0.0,0.0,0.0,0.0,1.0
10,1,0,0,0,1,0,0,1,1,0,0,1,1,0,285,21,1,1,1,3164,351.66,M,0.0,0.0,0.0,0.0,0.0,0.0,1.0
10,0,1,1,0,0,1,0,1,1,0,0,0,1,0,250,30,1,1,1,3164,476.38,F,0.0,1.0,0.0,0.0,0.0,0.0,0.0
10,0,1,0,0,0,0,0,1,1,0,1,1,1,1,250,40,1,1,1,3164,559.38,M,0.0,0.0,0.0,1.0,0.0,0.0,0.0
11,1,1,0,0,0,1,0,0,1,1,1,1,0,1,330,30,1,1,1,3164,565.87,M,0.0,0.0,0.0,1.0,0.0,0.0,0.0
11,0,1,1,0,1,0,0,1,0,0,0,0,1,0,275,29,1,1,1,3164,518.41,F,0.0,0.0,0.0,1.0,0.0,0.0,0.0
10,1,1,0,0,0,0,0,1,1,0,0,1,1,1,56,35,1,1,1,3164,517.14,F,0.0,0.0,0.0,1.0,0.0,0.0,0.0
10,1,1,1,1,0,1,1,1,1,1,1,1,1,0,220,20,1,1,0,2098,675.3,F,0.0,0.0,0.0,0.0,0.0,0.0,1.0
11,1,1,1,0,1,1,0,1,1,1,1,1,1,1,45,20,1,1,0,2098,500.45,F,0.0,0.0,0.0,0.0,0.0,0.0,1.0
10,1,1,1,1,0,1,1,1,1,0,0,1,1,1,215,20,1,1,0,2098,553.12,M,0.0,1.0,0.0,0.0,0.0,0.0,0.0
10,1,1,1,1,1,1,1,1,1,1,1,1,1,0,220,21,1,1,0,2098,547.27,M,0.0,0.0,0.0,0.0,0.0,0.0,1.0
10,1,1,1,1,1,1,1,1,1,1,1,1,1,0,220,16,1,1,0,2098,487.15,M,0.0,0.0,0.0,0.0,0.0,0.0,1.0
10,1,1,1,1,0,1,0,1,1,1,1,1,1,0,225,25,1,1,0,2098,611.35,F,0.0,0.0,0.0,0.0,0.0,0.0,1.0
10,0,1,1,0,0,1,1,1,1,1,1,1,1,0,220,20,1,1,0,2098,538.43,F,0.0,0.0,0.0,0.0,0.0,0.0,1.0
10,1,1,1,0,1,1,0,1,1,1,1,1,1,0,300,30,1,1,1,2255,490.76,F,0.0,0.0,0.0,0.0,0.0,0.0,1.0
10,1,0,1,0,1,1,0,1,1,1,1,1,1,0,390,30,1,1,1,2255,377.88,F,1.0,0.0,0.0,0.0,0.0,0.0,0.0
10,1,1,1,0,1,1,0,1,1,1,1,1,1,1,300,25,1,1,1,2255,646.78,F,0.0,0.0,0.0,0.0,0.0,0.0,1.0
10,1,1,1,0,1,1,1,1,1,1,1,1,1,0,270,25,1,1,1,2255,457.79,F,0.0,0.0,0.0,0.0,0.0,0.0,1.0
10,1,1,0,0,1,0,0,1,1,1,1,1,1,0,300,32,1,1,1,2255,506.15,M,0.0,0.0,1.0,0.0,0.0,0.0,0.0
11,1,0,1,1,1,1,1,1,1,1,1,1,1,0,300,30,1,1,1,2255,347.74,M,0.0,0.0,0.0,0.0,1.0,0.0,0.0
10,1,1,1,0,1,1,0,1,1,1,1,1,1,1,300,30,1,1,1,2255,529.96,M,0.0,0.0,0.0,0.0,0.0,0.0,1.0
10,1,1,1,0,1,1,0,1,1,1,1,1,1,0,360,30,1,1,1,2255,515.07,F,0.0,0.0,1.0,0.0,0.0,0.0,0.0
10,1,1,1,0,1,1,0,1,1,1,1,1,1,0,300,40,1,1,1,2255,494.36,M,0.0,0.0,0.0,1.0,0.0,0.0,0.0
9,0,1,1,1,1,1,1,1,1,1,1,1,1,1,60,30,1,1,1,2255,462.16,F,0.0,0.0,0.0,0.0,0.0,0.0,1.0
10,1,1,1,0,1,1,0,1,1,1,1,1,1,0,225,25,1,1,1,2162,585.11,M,0.0,0.0,0.0,0.0,1.0,0.0,0.0
10,1,1,1,1,1,1,1,1,1,1,1,1,1,0,275,20,1,1,1,2162,500.93,F,0.0,0.0,0.0,0.0,0.0,0.0,1.0
10,1,0,1,0,1,1,0,1,1,1,1,1,1,0,225,20,1,1,1,2162,483.46,M,0.0,0.0,0.0,0.0,0.0,0.0,1.0
10,1,1,1,1,0,1,1,1,1,1,1,1,1,0,275,28,1,1,1,2162,594.57,M,0.0,0.0,0.0,0.0,0.0,0.0,1.0
10,1,1,1,0,1,1,0,1,1,1,1,1,1,1,300,20,1,1,1,2162,677.62,M,0.0,0.0,0.0,0.0,0.0,0.0,1.0
10,1,1,1,0,1,1,1,1,1,1,1,1,1,0,300,15,1,1,1,2162,514.8,M,0.0,0.0,0.0,0.0,0.0,0.0,1.0
10,1,1,1,1,0,1,1,1,1,1,1,1,1,0,275,30,1,1,1,2162,668.55,F,0.0,0.0,0.0,0.0,0.0,0.0,1.0
10,0,1,1,0,1,1,0,1,1,1,1,1,1,0,270,20,1,1,0,1489,505.67,M,0.0,0.0,0.0,1.0,0.0,0.0,0.0
10,1,1,1,0,1,1,0,1,1,1,1,1,1,0,270,21,1,1,0,1489,611.89,M,0.0,0.0,0.0,0.0,0.0,0.0,1.0
10,1,1,1,0,1,1,1,1,1,1,1,1,1,1,270,20,1,1,0,1489,509.67,M,0.0,0.0,0.0,0.0,0.0,0.0,1.0
10,1,0,0,0,1,1,0,1,1,0,0,0,1,0,270,30,1,1,0,1489,462.78,M,0.0,0.0,0.0,1.0,0.0,0.0,0.0
11,1,0,1,0,0,1,0,1,0,0,0,0,1,0,270,20,1,1,0,1489,355.71,F,0.0,0.0,0.0,1.0,0.0,0.0,0.0
10,1,0,1,0,0,1,0,1,1,0,0,1,1,0,180,15,1,1,0,1489,423.25,M,0.0,0.0,0.0,1.0,0.0,0.0,0.0
10,0,1,1,0,1,1,0,0,1,1,1,1,1,0,540,30,1,1,0,1489,590.46,F,0.0,0.0,0.0,0.0,0.0,0.0,1.0
9,0,0,1,0,1,1,0,0,1,1,1,1,1,0,225,9,1,0,0,120,530.4,F,0.0,0.0,0.0,0.0,0.0,0.0,1.0
10,1,1,1,0,0,1,0,1,1,1,1,1,1,0,250,15,1,0,0,120,572.66,F,0.0,0.0,0.0,0.0,0.0,0.0,1.0
10,1,1,1,1,1,1,1,1,1,1,1,1,1,0,270,30,1,1,0,2000,524.26,M,0.0,0.0,0.0,0.0,0.0,0.0,1.0
10,1,1,1,1,0,1,1,1,1,1,1,1,1,0,275,25,1,1,0,2000,482.9,M,0.0,0.0,0.0,0.0,0.0,0.0,1.0
10,1,1,1,1,1,1,1,1,1,1,1,1,1,1,275,24,1,1,0,2000,666.48,F,0.0,0.0,0.0,0.0,0.0,0.0,1.0
11,1,1,1,1,1,1,0,1,1,1,1,1,1,0,275,24,1,1,0,2000,609.05,F,0.0,0.0,0.0,0.0,0.0,0.0,1.0
10,1,1,1,1,1,1,1,1,1,1,1,1,1,0,275,28,1,1,0,2000,534.06,F,0.0,0.0,0.0,0.0,0.0,0.0,1.0
11,1,1,1,1,1,1,1,1,0,0,0,1,1,0,250,20,1,1,0,2000,562.65,F,0.0,1.0,0.0,0.0,0.0,0.0,0.0
10,0,1,0,0,1,0,0,1,0,0,0,0,1,0,300,24,1,1,0,2000,317.59,M,0.0,0.0,0.0,0.0,0.0,0.0,1.0
10,0,1,1,0,0,1,0,1,0,0,0,0,1,1,300,14,1,1,0,2000,448.75,M,0.0,0.0,0.0,0.0,0.0,0.0,1.0
11,1,1,1,1,1,1,1,1,1,1,1,1,1,0,275,30,1,1,0,2000,622.55,F,0.0,0.0,0.0,0.0,0.0,0.0,1.0
11,1,1,1,0,0,1,1,1,1,0,1,1,1,1,275,20,1,1,0,2000,535.41,M,0.0,0.0,0.0,0.0,0.0,0.0,1.0
10,1,1,1,1,1,1,1,1,1,1,1,1,1,0,275,30,1,1,0,2000,491.07,M,0.0,0.0,0.0,0.0,0.0,0.0,1.0
10,1,1,1,1,1,1,1,1,1,1,1,1,1,1,250,25,1,1,0,2000,581.16,F,0.0,0.0,0.0,0.0,0.0,0.0,1.0
10,0,1,1,1,1,1,1,1,0,0,0,0,1,0,275,30,1,1,0,2000,662.83,F,0.0,1.0,0.0,0.0,0.0,0.0,0.0
11,1,1,1,1,1,1,1,0,1,0,0,1,1,0,275,24,1,1,0,2000,736.23,F,0.0,1.0,0.0,0.0,0.0,0.0,0.0
9,0,1,1,0,1,0,0,0,1,0,0,1,1,0,360,20,1,1,1,2886,376.44,M,0.0,0.0,0.0,1.0,0.0,0.0,0.0
11,1,1,1,0,1,1,0,1,1,1,1,1,1,0,360,30,1,1,1,2886,707.79,F,0.0,0.0,0.0,1.0,0.0,0.0,0.0
10,1,1,1,0,1,1,0,1,1,1,1,1,1,1,360,30,1,1,1,2886,640.03,F,0.0,0.0,0.0,0.0,0.0,0.0,1.0
9,0,1,0,0,0,0,0,1,0,0,0,0,1,0,360,16,1,1,1,2886,413.55,M,0.0,0.0,0.0,1.0,0.0,0.0,0.0
10,0,1,1,1,1,0,0,1,1,0,0,0,1,1,360,30,1,1,1,2886,581.48,F,0.0,0.0,0.0,1.0,0.0,0.0,0.0
10,1,1,1,0,1,1,1,1,0,0,0,0,1,1,360,25,1,1,1,2886,560.98,M,0.0,0.0,0.0,1.0,0.0,0.0,0.0
10,0,1,1,1,0,1,0,1,0,0,0,0,1,1,120,30,1,1,1,2886,505.14,F,0.0,0.0,0.0,1.0,0.0,0.0,0.0
10,1,1,1,0,1,1,1,1,0,0,0,0,1,0,270,22,1,1,1,2886,632.01,F,0.0,0.0,0.0,1.0,0.0,0.0,0.0
10,0,0,0,1,0,0,1,1,0,0,0,0,1,0,15,30,1,1,1,2886,380.34,F,0.0,0.0,0.0,1.0,0.0,0.0,0.0
10,0,1,1,0,1,1,1,1,1,1,0,1,1,0,230,25,1,1,0,1897,600.26,M,0.0,0.0,1.0,0.0,0.0,0.0,0.0
9,1,1,1,0,1,1,1,1,1,1,1,1,1,0,225,25,1,1,0,1897,530.44,M,0.0,0.0,0.0,0.0,0.0,0.0,1.0
10,1,1,1,0,1,1,0,1,1,1,1,1,1,1,240,26,1,1,0,1897,611.59,F,0.0,0.0,0.0,0.0,0.0,0.0,1.0
10,1,1,1,0,1,1,0,1,1,1,1,1,1,1,225,28,1,1,0,1897,589.19,F,0.0,0.0,0.0,0.0,0.0,0.0,1.0
10,1,1,1,0,1,1,0,1,1,1,1,1,1,0,240,24,1,1,0,1897,645.48,M,0.0,0.0,0.0,0.0,0.0,0.0,1.0
10,1,1,0,1,1,0,0,1,0,0,0,0,1,0,300,29,1,1,0,1897,644.24,F,0.0,0.0,0.0,0.0,0.0,0.0,1.0
10,1,1,1,0,0,0,0,0,1,1,1,1,1,0,90,20,1,1,0,2569,541.18,M,0.0,0.0,0.0,0.0,0.0,0.0,1.0
11,1,1,0,0,1,1,0,1,1,0,0,0,1,0,450,25,1,1,0,2569,514.4,M,0.0,0.0,0.0,1.0,0.0,0.0,0.0
10,1,1,0,0,0,0,0,0,1,0,0,0,1,0,450,25,1,1,0,2569,420.69,M,0.0,0.0,0.0,1.0,0.0,0.0,0.0
10,1,1,1,1,0,1,1,1,1,1,1,1,1,0,172,25,1,1,0,887,564.96,F,0.0,0.0,0.0,0.0,0.0,0.0,1.0
10,1,1,1,0,1,1,0,0,1,1,1,1,0,0,420,30,1,1,0,887,511.57,F,0.0,0.0,0.0,0.0,0.0,0.0,1.0
10,1,1,1,0,1,1,0,1,1,1,1,1,1,1,180,20,1,1,0,887,554.79,F,0.0,0.0,0.0,0.0,0.0,0.0,1.0
10,0,1,1,1,1,1,0,1,1,1,1,1,1,0,180,20,1,1,0,887,500.69,M,0.0,0.0,0.0,0.0,0.0,0.0,1.0
10,1,1,1,1,1,1,0,1,1,1,1,1,1,1,240,24,1,1,0,887,499.42,F,0.0,0.0,0.0,0.0,0.0,0.0,1.0
10,1,1,1,0,1,1,0,0,1,1,1,1,1,0,188,21,1,1,0,887,534.12,M,0.0,0.0,0.0,0.0,0.0,0.0,1.0
10,1,1,1,1,0,1,1,1,1,1,1,1,1,0,160,20,1,1,0,887,519.93,M,0.0,0.0,0.0,0.0,0.0,0.0,1.0
10,1,1,1,1,1,1,1,1,1,1,1,1,1,1,280,20,1,1,0,887,590.46,F,0.0,0.0,0.0,0.0,0.0,0.0,1.0
10,0,1,1,0,1,1,0,1,1,1,1,1,1,0,172,27,1,1,0,887,528.99,M,0.0,0.0,0.0,0.0,0.0,0.0,1.0
10,1,1,1,0,0,1,0,1,1,1,1,1,1,0,160,25,1,1,0,887,611.81,M,0.0,0.0,0.0,0.0,0.0,0.0,1.0
10,0,1,1,0,1,1,0,1,1,1,1,1,1,1,240,24,1,1,0,887,476.46,F,0.0,0.0,0.0,0.0,0.0,0.0,1.0
10,1,1,1,0,1,1,0,0,1,1,1,1,1,0,180,14,1,1,0,887,772.46,F,0.0,0.0,0.0,0.0,0.0,0.0,1.0
10,1,1,1,1,1,1,1,1,0,1,1,1,1,1,172,25,1,1,0,887,598.9,M,0.0,0.0,0.0,0.0,0.0,0.0,1.0
10,0,1,1,1,1,1,1,1,1,0,1,1,1,0,250,20,1,0,1,308,647.74,F,0.0,0.0,0.0,1.0,0.0,0.0,0.0
10,1,1,1,1,1,1,1,1,1,1,0,1,1,1,500,28,1,0,1,308,582.63,M,0.0,1.0,0.0,0.0,0.0,0.0,0.0
10,1,1,1,0,1,1,0,1,1,0,1,1,1,1,250,30,1,0,1,308,575.73,M,0.0,0.0,0.0,0.0,0.0,0.0,1.0
10,1,1,1,1,1,1,1,1,1,1,0,1,1,1,275,25,1,0,1,308,648.6,M,0.0,0.0,0.0,0.0,0.0,0.0,1.0
10,1,1,1,1,1,1,1,1,1,1,0,1,1,0,225,30,1,0,1,308,526.51,F,0.0,0.0,0.0,0.0,0.0,0.0,1.0
10,1,1,1,1,1,1,1,1,1,1,1,1,1,1,500,26,0,0,1,308,460.42,F,0.0,0.0,0.0,0.0,0.0,0.0,1.0
10,1,1,1,0,0,1,0,1,1,1,1,1,1,0,55,28,1,0,1,308,641.15,M,0.0,0.0,0.0,1.0,0.0,0.0,0.0
10,1,1,1,1,1,1,1,0,1,0,0,1,1,0,200,20,1,0,1,308,646.07,F,0.0,0.0,0.0,0.0,1.0,0.0,0.0
10,1,1,1,0,0,1,0,0,1,1,1,1,1,0,225,30,0,0,1,308,550.26,F,0.0,0.0,0.0,0.0,0.0,0.0,1.0
10,0,1,1,0,1,1,1,1,1,0,0,1,1,0,250,27,1,0,1,308,655.74,M,0.0,1.0,0.0,0.0,0.0,0.0,0.0
10,1,1,1,0,1,1,0,1,1,1,1,1,1,0,270,25,1,1,1,1411,619.53,F,0.0,0.0,1.0,0.0,0.0,0.0,0.0
11,1,0,1,1,1,1,0,1,1,1,1,1,1,0,270,37,1,1,1,1411,497.28,F,0.0,0.0,1.0,0.0,0.0,0.0,0.0
10,1,1,1,0,0,1,1,1,1,1,1,1,0,0,450,23,1,1,1,1411,460.21,M,0.0,0.0,1.0,0.0,0.0,0.0,0.0
10,1,1,1,0,1,1,0,1,1,1,1,1,1,1,450,11,1,1,1,1411,443.26,F,0.0,0.0,1.0,0.0,0.0,0.0,0.0
10,1,1,1,1,1,1,1,1,1,0,0,1,1,0,450,23,1,1,1,1411,566.19,M,0.0,0.0,1.0,0.0,0.0,0.0,0.0
10,1,1,1,0,1,1,1,1,1,1,1,1,1,0,275,30,1,1,0,2878,622.23,F,0.0,0.0,0.0,0.0,0.0,0.0,1.0
10,1,1,1,1,1,1,1,1,0,1,1,1,1,0,255,25,1,1,0,2878,545.73,F,0.0,0.0,0.0,0.0,0.0,0.0,1.0
10,1,1,1,1,0,1,1,1,1,1,1,1,1,0,250,30,1,1,0,2878,626.21,F,0.0,0.0,0.0,0.0,0.0,0.0,1.0
10,0,1,1,1,1,1,1,0,1,1,1,1,1,1,250,20,1,1,0,2878,726.3,F,0.0,0.0,0.0,0.0,0.0,0.0,1.0
11,1,1,1,1,1,1,1,0,1,0,0,1,1,1,225,23,1,1,0,2878,594.19,F,0.0,1.0,0.0,0.0,0.0,0.0,0.0
10,0,1,1,0,0,1,1,1,1,1,1,1,1,1,225,30,1,1,0,2878,598.8,F,0.0,0.0,0.0,0.0,0.0,0.0,1.0
10,1,1,1,0,0,1,1,1,1,0,0,0,1,0,250,20,1,1,0,2878,678.91,M,0.0,0.0,0.0,1.0,0.0,0.0,0.0
9,1,1,1,1,0,1,1,1,0,0,1,0,1,0,245,25,1,1,0,2878,625.89,F,0.0,0.0,0.0,1.0,0.0,0.0,0.0
10,1,1,1,1,0,1,1,1,0,0,1,1,1,0,250,30,1,1,0,2878,651.17,M,0.0,0.0,0.0,0.0,1.0,0.0,0.0
11,1,1,1,1,1,1,1,1,1,1,1,1,1,1,250,25,1,1,0,2878,648.2,M,0.0,0.0,0.0,0.0,0.0,0.0,1.0
11,0,1,1,0,1,1,1,1,0,0,0,0,1,0,225,26,1,1,0,2878,460.1,F,0.0,0.0,0.0,1.0,0.0,0.0,0.0
9,1,0,1,0,1,1,0,1,1,1,1,1,1,1,240,25,1,1,0,1087,612.61,M,0.0,0.0,0.0,0.0,0.0,0.0,1.0
11,1,0,1,0,1,1,0,1,1,1,1,1,1,0,225,30,1,1,0,1087,504.46,M,0.0,0.0,0.0,0.0,0.0,0.0,1.0
10,1,1,1,1,1,1,1,1,1,1,1,1,1,1,240,25,1,1,0,1087,699.93,F,0.0,0.0,0.0,0.0,0.0,0.0,1.0
10,1,1,1,1,1,1,1,1,1,1,1,1,1,1,240,28,1,1,0,1087,547.08,F,0.0,0.0,0.0,0.0,0.0,0.0,1.0
10,1,1,0,0,1,1,0,1,1,1,1,1,1,1,240,30,1,1,0,1087,657.59,F,0.0,0.0,0.0,0.0,0.0,0.0,1.0
10,1,1,1,1,0,1,0,1,1,1,1,1,1,0,240,25,1,1,0,1087,624.71,M,0.0,0.0,0.0,0.0,0.0,0.0,1.0
10,0,0,1,0,0,1,0,1,1,1,1,1,1,0,225,25,1,1,0,1087,568.12,M,0.0,0.0,0.0,0.0,0.0,0.0,1.0
11,1,1,1,0,1,1,0,1,1,1,1,1,1,0,240,30,1,1,0,1087,517.22,F,0.0,0.0,0.0,0.0,0.0,0.0,1.0
10,0,0,1,0,0,1,0,1,1,0,1,1,1,0,360,30,1,1,1,2942,419.81,M,0.0,0.0,0.0,1.0,0.0,0.0,0.0
11,1,1,1,0,1,1,0,1,1,0,0,0,1,0,180,35,1,1,1,2942,398.29,F,0.0,0.0,0.0,1.0,0.0,0.0,0.0
11,0,1,0,0,0,0,0,1,1,0,0,0,1,0,258,27,1,1,1,2942,454.06,F,0.0,0.0,0.0,1.0,0.0,0.0,0.0
11,1,1,1,1,1,1,1,1,1,0,0,1,1,1,333,30,1,1,1,2942,619.42,M,0.0,0.0,0.0,1.0,0.0,0.0,0.0
11,0,0,1,0,1,1,0,0,1,0,0,1,1,0,360,36,1,1,1,2942,489.89,F,0.0,0.0,0.0,1.0,0.0,0.0,0.0
10,0,1,1,0,1,1,0,1,1,1,0,1,1,0,435,30,1,1,1,2942,453.72,M,0.0,0.0,0.0,1.0,0.0,0.0,0.0
11,1,1,1,0,1,1,1,1,1,1,1,1,1,1,360,35,1,1,1,2942,622.23,M,0.0,0.0,0.0,1.0,0.0,0.0,0.0
11,1,1,1,0,1,1,0,1,1,1,1,1,1,0,240,25,1,0,1,575,462.64,F,0.0,0.0,0.0,0.0,0.0,0.0,1.0
9,1,1,1,0,1,1,1,1,1,1,1,1,1,0,320,20,1,0,1,575,672.81,M,0.0,0.0,0.0,1.0,0.0,0.0,0.0
10,1,1,1,0,1,1,0,1,1,0,1,1,1,0,240,25,1,0,1,575,584.71,M,0.0,0.0,0.0,0.0,0.0,0.0,1.0
11,1,1,1,0,1,1,1,1,1,1,1,1,1,1,240,23,1,0,1,575,589.19,F,0.0,0.0,0.0,0.0,0.0,0.0,1.0
11,1,1,1,1,1,1,1,1,1,0,1,1,1,0,240,30,1,0,1,575,542.56,F,0.0,0.0,0.0,1.0,0.0,0.0,0.0
10,1,1,1,1,1,1,1,0,1,1,0,1,1,1,360,30,1,0,1,575,466.37,F,0.0,0.0,0.0,0.0,0.0,0.0,1.0
10,1,1,1,1,0,1,1,1,1,1,1,1,1,0,240,25,1,0,1,575,610.32,F,0.0,0.0,0.0,0.0,0.0,0.0,1.0
10,1,1,1,0,0,1,0,1,1,1,0,1,1,0,240,25,1,0,1,575,528.89,F,0.0,0.0,0.0,0.0,0.0,0.0,1.0
10,1,1,0,0,0,1,0,1,0,0,0,0,1,0,330,30,1,1,0,2340,452.75,M,0.0,1.0,0.0,0.0,0.0,0.0,0.0
10,0,1,1,1,1,1,0,1,1,1,1,1,0,1,330,32,1,1,0,2340,554.57,M,0.0,0.0,0.0,0.0,0.0,0.0,1.0
9,1,1,1,1,1,1,1,1,0,0,0,0,1,0,30,10,1,1,0,2340,493.78,F,0.0,1.0,0.0,0.0,0.0,0.0,0.0
10,1,1,1,0,1,1,0,1,1,1,0,1,1,0,300,30,1,1,0,2340,480.41,M,0.0,0.0,0.0,0.0,1.0,0.0,0.0
10,0,1,1,1,1,1,0,1,1,1,1,1,1,0,300,28,1,1,0,2340,505.91,M,0.0,0.0,0.0,0.0,0.0,0.0,1.0
10,1,1,1,1,1,1,1,1,1,1,1,1,1,1,275,25,1,1,0,2340,677.76,F,0.0,0.0,0.0,0.0,0.0,0.0,1.0
10,1,1,1,0,1,1,0,1,1,1,1,1,1,0,275,32,1,1,0,2340,641.95,M,0.0,0.0,0.0,0.0,0.0,0.0,1.0
10,0,1,1,1,1,1,1,1,1,1,1,1,1,0,300,30,1,1,0,2340,556.38,F,0.0,0.0,0.0,0.0,0.0,0.0,1.0
10,1,1,1,0,1,1,0,1,1,1,1,1,1,0,210,20,1,1,0,347,461.57,M,0.0,0.0,0.0,0.0,0.0,0.0,1.0
10,0,1,1,1,1,1,0,1,1,1,1,1,0,0,250,20,1,1,0,347,599.67,F,0.0,0.0,0.0,0.0,0.0,0.0,1.0
9,1,0,1,1,1,1,0,1,1,1,1,1,1,0,15,22,1,1,0,347,353.83,M,0.0,0.0,0.0,0.0,0.0,0.0,1.0
10,1,0,1,0,1,1,0,1,1,1,1,1,1,0,225,50,1,1,0,347,458.29,M,0.0,0.0,0.0,1.0,0.0,0.0,0.0
10,0,1,1,0,1,1,0,1,1,1,1,1,1,0,225,22,1,1,0,347,611.89,M,0.0,0.0,0.0,0.0,0.0,0.0,1.0
10,0,0,1,0,0,1,0,1,1,1,1,1,1,0,235,20,1,1,0,347,400.16,M,0.0,0.0,0.0,0.0,0.0,0.0,1.0
10,0,0,1,0,0,1,0,1,1,1,1,1,1,0,225,20,1,1,0,347,593.69,M,0.0,0.0,0.0,0.0,0.0,0.0,1.0
11,0,0,0,1,0,0,0,1,0,0,0,1,1,0,540,35,1,1,1,3201,383.91,F,0.0,0.0,0.0,1.0,0.0,0.0,0.0
9,1,1,1,0,0,0,0,0,0,0,0,0,0,0,270,50,1,1,1,3201,334.51,M,1.0,0.0,0.0,0.0,0.0,0.0,0.0
10,0,1,1,0,1,0,0,1,1,0,0,0,1,0,120,30,1,1,1,3201,488.38,F,0.0,0.0,0.0,1.0,0.0,0.0,0.0
10,1,1,1,0,0,1,0,0,1,1,1,1,0,0,450,20,1,1,1,3201,342.04,M,0.0,0.0,1.0,0.0,0.0,0.0,0.0
10,0,0,0,0,0,0,0,0,0,0,0,0,1,1,180,40,1,1,1,3201,342.2,M,0.0,1.0,0.0,0.0,0.0,0.0,0.0
10,1,1,1,0,1,1,0,1,1,1,1,1,1,1,270,20,1,1,1,914,563.45,F,0.0,0.0,1.0,0.0,0.0,0.0,0.0
10,1,1,0,0,0,0,0,1,1,1,1,1,1,1,270,30,1,1,1,914,540.81,F,0.0,0.0,1.0,0.0,0.0,0.0,0.0
10,1,1,1,1,0,1,1,1,0,0,0,0,1,1,200,24,1,1,0,3009,552.24,M,0.0,1.0,0.0,0.0,0.0,0.0,0.0
11,0,0,1,1,0,1,1,0,1,1,1,1,1,0,392,21,1,1,0,3009,494.65,F,0.0,0.0,0.0,0.0,0.0,0.0,1.0
11,1,1,1,1,1,1,1,1,1,1,1,1,1,1,250,24,1,1,0,3009,578.54,M,0.0,0.0,0.0,0.0,0.0,0.0,1.0
11,1,1,1,1,0,1,1,0,0,0,0,0,1,0,270,25,1,1,1,1720,622.47,F,0.0,1.0,0.0,0.0,0.0,0.0,0.0
10,1,1,1,0,1,1,0,0,1,1,1,1,1,0,450,25,1,1,1,1720,403.05,M,0.0,0.0,0.0,0.0,0.0,0.0,1.0
10,1,1,1,1,1,1,1,1,0,0,0,0,1,0,450,25,1,1,1,1720,528.51,M,0.0,0.0,0.0,0.0,1.0,0.0,0.0
11,1,1,1,1,1,1,0,1,1,1,1,1,1,0,270,22,1,1,1,1720,597.37,F,0.0,0.0,0.0,0.0,0.0,0.0,1.0
10,1,1,1,1,0,1,1,1,1,1,1,1,1,1,450,27,1,1,1,1720,501.88,F,0.0,0.0,0.0,0.0,1.0,0.0,0.0
9,1,1,1,1,0,1,1,1,0,0,0,0,1,0,270,27,1,1,1,1720,507.76,F,0.0,1.0,0.0,0.0,0.0,0.0,0.0
10,0,0,1,0,1,1,0,1,1,1,1,1,1,0,400,30,1,1,0,930,518.17,M,0.0,0.0,0.0,0.0,0.0,0.0,1.0
10,1,1,1,0,1,1,0,1,1,1,1,1,1,0,0,30,1,1,0,930,443.38,M,1.0,0.0,0.0,0.0,0.0,0.0,0.0
10,1,1,1,0,1,1,1,1,1,1,1,1,1,0,80,20,1,1,0,930,488.19,M,0.0,0.0,0.0,0.0,0.0,0.0,1.0
9,0,0,1,0,1,1,0,0,1,1,1,1,0,1,70,28,1,1,0,276,309.18,M,0.0,0.0,0.0,0.0,0.0,0.0,1.0
9,0,0,1,0,1,1,0,1,1,1,1,1,1,1,450,20,1,1,0,276,528.51,M,0.0,0.0,0.0,0.0,0.0,0.0,1.0
10,1,1,1,0,1,1,0,0,1,1,1,1,1,1,225,18,1,1,0,276,457.0,F,0.0,0.0,0.0,0.0,0.0,0.0,1.0
10,1,1,1,0,1,1,0,1,1,1,1,1,1,0,225,25,1,1,0,276,531.16,M,0.0,0.0,0.0,0.0,0.0,0.0,1.0
11,0,1,1,0,0,1,0,1,1,1,1,1,1,0,300,30,1,1,1,1988,448.75,M,0.0,0.0,0.0,0.0,0.0,0.0,1.0
10,1,1,1,1,1,1,0,1,1,1,1,1,1,0,300,30,1,1,1,1988,640.59,F,0.0,0.0,0.0,0.0,0.0,0.0,1.0
11,0,1,1,1,1,1,1,1,1,1,1,1,1,0,360,30,1,1,1,1988,551.44,M,0.0,0.0,0.0,0.0,0.0,0.0,1.0
11,1,1,1,1,1,1,1,1,1,1,1,1,1,0,300,30,1,1,1,1988,607.54,F,0.0,0.0,0.0,0.0,0.0,0.0,1.0
11,1,1,1,1,1,1,0,1,1,1,1,1,1,0,250,34,1,1,1,1988,574.49,F,0.0,0.0,0.0,0.0,0.0,0.0,1.0
11,1,1,1,1,1,1,0,1,1,1,1,1,1,1,600,30,1,1,1,1988,561.86,F,0.0,0.0,0.0,0.0,0.0,0.0,1.0
11,1,1,1,0,1,1,1,1,1,1,1,1,1,0,300,30,1,1,1,1988,490.83,M,0.0,0.0,0.0,0.0,0.0,0.0,1.0
9,1,1,1,1,0,1,1,1,1,1,1,1,1,1,275,20,1,1,0,1526,605.55,M,0.0,0.0,0.0,0.0,0.0,0.0,1.0
11,1,1,1,1,1,1,1,1,1,1,1,1,1,1,275,26,1,1,0,1526,670.41,M,0.0,0.0,0.0,0.0,0.0,0.0,1.0
10,1,1,1,1,1,1,1,1,1,1,1,1,1,0,275,20,1,1,0,1526,572.58,F,0.0,0.0,0.0,0.0,0.0,0.0,1.0
10,1,1,1,1,0,1,1,1,1,1,0,1,1,0,275,23,1,1,0,1526,635.34,F,0.0,0.0,0.0,0.0,0.0,0.0,1.0
10,1,1,1,0,1,1,0,1,1,0,0,1,1,0,275,22,1,1,0,1526,576.72,F,0.0,0.0,0.0,0.0,0.0,0.0,1.0
10,1,1,1,0,0,1,0,1,1,1,1,1,1,1,275,26,1,1,0,1526,641.62,F,0.0,0.0,0.0,0.0,0.0,0.0,1.0
11,1,1,1,1,0,1,1,1,1,1,1,1,1,0,275,27,1,1,0,1526,574.09,F,0.0,0.0,0.0,0.0,0.0,0.0,1.0
10,1,1,1,1,1,1,1,0,1,1,1,1,1,1,275,24,1,1,0,1526,595.85,M,0.0,0.0,0.0,0.0,0.0,0.0,1.0
9,1,1,1,1,1,1,1,1,1,1,1,1,1,0,275,23,1,1,0,1526,461.17,M,0.0,0.0,0.0,0.0,0.0,0.0,1.0
10,1,1,1,0,1,1,0,1,1,1,1,1,1,1,200,20,1,1,0,632,508.64,F,0.0,0.0,0.0,0.0,0.0,0.0,1.0
10,1,0,1,0,1,1,0,1,1,1,1,1,1,0,200,11,1,1,0,632,452.83,M,0.0,0.0,0.0,0.0,0.0,0.0,1.0
10,0,1,1,0,1,1,0,1,1,1,1,1,1,1,215,29,1,1,0,632,515.86,F,0.0,0.0,0.0,0.0,0.0,0.0,1.0
10,1,1,1,1,1,1,1,1,1,1,1,1,1,1,200,20,0,1,0,632,576.48,F,0.0,0.0,0.0,0.0,0.0,0.0,1.0
10,0,1,1,1,1,1,0,1,1,1,1,1,1,1,210,25,1,1,0,632,611.89,M,0.0,0.0,0.0,0.0,0.0,0.0,1.0
9,0,0,1,0,1,1,0,1,1,1,1,1,1,0,200,30,1,1,0,632,475.12,M,0.0,0.0,0.0,0.0,0.0,0.0,1.0
10,0,0,1,0,1,1,0,1,1,1,1,1,1,0,200,19,1,1,0,632,507.36,F,0.0,0.0,0.0,0.0,0.0,0.0,1.0
10,1,1,1,1,1,1,1,1,1,1,1,1,1,1,225,20,1,1,0,612,721.77,F,0.0,0.0,0.0,0.0,0.0,0.0,1.0
11,1,1,1,1,0,1,1,1,1,0,0,1,1,0,225,15,1,1,0,612,700.56,F,0.0,1.0,0.0,0.0,0.0,0.0,0.0
10,1,1,1,1,1,1,1,1,1,1,1,1,1,1,225,25,1,0,0,1064,662.71,M,0.0,0.0,0.0,0.0,0.0,0.0,1.0
11,1,1,1,1,1,1,1,1,1,1,1,1,1,0,225,25,1,0,0,1064,560.82,M,0.0,0.0,0.0,0.0,0.0,0.0,1.0
11,1,1,1,1,1,1,0,1,1,1,1,1,1,0,225,27,1,0,0,1064,504.14,M,0.0,0.0,0.0,0.0,0.0,0.0,1.0
10,1,1,1,1,1,1,1,1,1,1,1,1,1,0,225,26,0,0,0,1064,660.39,M,0.0,0.0,0.0,0.0,0.0,0.0,1.0
10,1,1,1,1,0,1,1,1,1,1,1,1,1,0,225,31,1,0,0,1064,614.61,M,0.0,0.0,0.0,0.0,0.0,0.0,1.0
10,1,1,1,1,1,1,1,1,1,1,1,1,1,0,225,30,1,0,0,1064,507.19,M,0.0,0.0,0.0,0.0,0.0,0.0,1.0
10,1,1,0,1,1,1,0,1,1,0,0,0,1,1,225,24,1,0,0,1064,539.01,M,0.0,0.0,0.0,1.0,0.0,0.0,0.0
9,1,1,1,1,1,1,1,0,0,1,1,1,1,1,225,25,1,0,0,1064,537.73,M,0.0,0.0,0.0,0.0,0.0,0.0,1.0
11,1,1,1,1,0,1,1,1,1,1,1,1,1,0,225,20,1,0,0,1064,688.05,M,0.0,0.0,0.0,0.0,0.0,0.0,1.0
10,1,1,1,1,1,1,1,1,1,1,1,1,1,1,225,29,1,0,0,1064,577.17,M,0.0,0.0,0.0,0.0,0.0,0.0,1.0
10,1,1,1,1,1,1,1,1,1,1,1,1,1,0,225,25,1,0,0,1064,494.28,M,0.0,0.0,0.0,0.0,0.0,0.0,1.0
10,1,1,1,1,0,1,1,1,1,1,1,1,1,0,225,25,1,0,0,1064,533.72,M,0.0,0.0,0.0,0.0,0.0,0.0,1.0
10,1,1,1,1,0,1,1,1,1,1,1,1,1,0,225,25,1,0,0,1064,587.92,M,0.0,0.0,0.0,0.0,0.0,0.0,1.0
11,1,1,1,1,1,1,1,0,1,1,1,1,1,0,225,28,1,0,0,1064,562.74,M,0.0,0.0,0.0,0.0,0.0,0.0,1.0
10,1,1,1,1,1,1,1,1,1,1,1,1,1,0,225,30,1,0,0,1064,559.78,M,0.0,0.0,0.0,0.0,0.0,0.0,1.0
10,0,1,1,0,1,1,0,1,1,1,0,0,1,1,450,20,1,1,0,865,441.69,M,0.0,0.0,0.0,1.0,0.0,0.0,0.0
10,1,1,0,0,0,0,0,1,0,0,1,0,1,0,0,17,1,1,0,865,497.28,F,0.0,0.0,0.0,1.0,0.0,0.0,0.0
10,1,0,1,0,1,1,0,1,1,1,1,1,1,1,525,20,1,1,0,865,493.64,M,0.0,0.0,0.0,0.0,0.0,0.0,1.0
10,1,1,0,0,0,1,0,0,1,1,1,1,1,0,450,17,1,1,0,865,500.61,F,0.0,0.0,0.0,0.0,0.0,0.0,1.0
11,0,1,1,1,1,1,1,1,1,1,1,1,1,1,0,20,1,1,0,865,434.04,F,0.0,0.0,0.0,0.0,0.0,0.0,1.0
10,1,1,1,0,1,1,0,1,1,1,1,1,1,0,450,18,1,1,0,865,532.79,F,0.0,0.0,0.0,0.0,1.0,0.0,0.0
9,1,1,1,1,1,1,0,0,1,1,1,1,1,0,450,20,1,1,0,865,380.6,M,0.0,0.0,0.0,0.0,0.0,0.0,1.0
10,1,1,0,0,0,1,0,1,1,0,0,0,1,0,450,30,1,1,0,865,468.39,M,0.0,0.0,0.0,1.0,0.0,0.0,0.0
11,1,1,1,0,1,1,0,1,1,1,1,1,1,0,450,25,1,1,0,865,636.82,M,0.0,0.0,0.0,0.0,0.0,0.0,1.0
10,0,0,1,0,0,0,0,0,1,1,1,1,0,0,270,23,1,1,0,865,360.64,F,0.0,0.0,1.0,0.0,0.0,0.0,0.0
10,1,1,1,1,1,1,0,1,1,1,1,1,1,0,250,26,1,1,0,1382,485.22,M,0.0,0.0,0.0,1.0,0.0,0.0,0.0
10,0,0,1,0,1,1,0,1,1,1,1,1,1,0,275,25,1,1,0,1382,561.62,M,0.0,0.0,0.0,0.0,0.0,0.0,1.0
10,1,1,1,1,1,1,1,1,1,1,1,1,1,0,250,28,1,1,0,1382,542.72,F,0.0,0.0,0.0,0.0,0.0,0.0,1.0
11,1,1,1,0,1,1,1,1,1,0,1,1,1,1,250,23,1,1,0,1382,634.23,F,0.0,0.0,0.0,1.0,0.0,0.0,0.0
9,0,1,1,0,0,1,0,1,1,1,1,1,1,0,275,20,1,1,0,1382,351.42,M,0.0,0.0,0.0,0.0,1.0,0.0,0.0
10,1,1,1,1,1,1,1,1,1,1,1,1,1,0,250,25,1,1,0,1382,459.94,F,0.0,0.0,0.0,0.0,0.0,0.0,1.0
10,1,1,0,0,1,0,0,1,0,0,0,0,1,0,295,25,1,1,0,1382,382.88,F,0.0,0.0,0.0,1.0,0.0,0.0,0.0
9,1,1,1,0,0,0,0,0,1,1,1,1,1,0,55,30,1,1,0,1382,419.24,M,0.0,0.0,1.0,0.0,0.0,0.0,0.0
10,1,1,1,0,0,1,0,0,1,1,1,1,1,0,225,29,1,1,0,1382,538.11,F,0.0,0.0,0.0,0.0,0.0,0.0,1.0
10,1,1,1,1,1,1,1,1,1,1,1,1,1,0,208,20,1,1,0,2710,518.88,F,0.0,0.0,0.0,0.0,0.0,0.0,1.0
10,1,1,1,1,1,1,1,1,1,1,1,1,1,0,232,20,1,1,0,2710,546.15,M,0.0,0.0,0.0,0.0,0.0,0.0,1.0
10,1,1,1,1,1,1,0,0,1,1,1,1,1,0,250,23,1,1,0,762,464.22,M,0.0,0.0,1.0,0.0,0.0,0.0,0.0
10,1,1,1,0,1,1,0,0,1,1,1,1,1,1,250,30,1,1,0,762,600.23,F,0.0,0.0,0.0,0.0,0.0,0.0,1.0
9,0,1,1,0,1,1,0,1,1,1,1,1,1,0,250,8,1,1,0,762,332.5,M,0.0,0.0,1.0,0.0,0.0,0.0,0.0
10,0,1,1,0,1,1,0,1,1,0,1,1,1,0,350,20,1,1,0,762,461.25,M,0.0,0.0,1.0,0.0,0.0,0.0,0.0
10,1,1,1,1,1,1,0,0,1,1,1,1,1,0,60,19,1,1,0,762,293.54,M,0.0,0.0,1.0,0.0,0.0,0.0,0.0
9,0,1,0,0,1,0,0,0,0,0,0,0,1,0,250,35,1,1,1,2149,481.94,M,0.0,0.0,0.0,1.0,0.0,0.0,0.0
10,0,1,1,0,1,0,0,0,1,0,0,0,1,0,285,35,1,1,1,2149,459.65,M,0.0,0.0,0.0,1.0,0.0,0.0,0.0
10,0,1,0,0,1,0,0,1,0,0,0,0,1,0,275,25,1,1,1,2149,485.92,F,0.0,0.0,0.0,1.0,0.0,0.0,0.0
9,0,1,0,0,1,0,0,1,1,0,0,0,0,1,60,37,1,1,1,2149,417.04,F,0.0,0.0,0.0,1.0,0.0,0.0,0.0
10,1,1,1,0,1,1,1,1,1,0,0,0,1,1,330,21,1,1,1,2149,335.22,F,0.0,1.0,0.0,0.0,0.0,0.0,0.0
11,0,1,1,0,1,1,0,1,1,0,0,1,1,0,275,30,1,1,1,2149,589.92,M,0.0,1.0,0.0,0.0,0.0,0.0,0.0
11,0,1,1,0,1,1,1,1,1,1,1,1,1,0,250,15,1,1,0,854,582.28,F,0.0,0.0,0.0,0.0,0.0,0.0,1.0
10,0,1,1,0,0,1,0,1,1,1,1,1,0,1,250,20,1,1,0,854,510.64,M,0.0,0.0,0.0,0.0,0.0,0.0,1.0
10,0,0,1,0,0,1,0,0,1,1,1,1,1,1,250,25,1,1,0,854,492.43,F,0.0,0.0,0.0,0.0,0.0,0.0,1.0
10,0,1,1,0,0,1,0,1,1,1,1,1,1,0,275,25,1,1,0,854,438.16,M,0.0,0.0,0.0,0.0,0.0,0.0,1.0
10,1,1,1,0,0,1,0,0,1,1,1,1,1,0,250,20,1,1,0,854,576.69,M,0.0,0.0,0.0,0.0,0.0,0.0,1.0
10,1,0,1,0,1,1,0,1,1,1,1,1,1,0,275,26,1,1,0,854,410.27,M,0.0,0.0,0.0,0.0,0.0,0.0,1.0
10,1,0,1,0,1,1,0,1,1,1,1,1,1,0,275,20,1,1,0,854,555.53,M,0.0,0.0,0.0,0.0,0.0,0.0,1.0
10,1,0,1,0,1,1,0,1,1,1,1,1,1,0,250,25,1,1,0,636,471.14,F,0.0,0.0,0.0,0.0,0.0,0.0,1.0
10,1,0,1,0,1,1,0,0,1,1,1,1,0,1,250,25,1,1,0,636,457.32,F,0.0,0.0,0.0,0.0,0.0,0.0,1.0
10,1,1,1,0,1,1,0,1,1,1,1,1,1,0,250,20,1,1,0,636,541.68,F,0.0,0.0,0.0,0.0,0.0,0.0,1.0
10,1,1,1,0,1,1,0,1,1,1,1,1,1,0,75,20,1,1,0,636,500.45,F,0.0,0.0,0.0,0.0,0.0,0.0,1.0
10,1,1,1,0,1,1,1,0,1,0,1,1,1,0,240,21,1,1,0,636,595.93,M,0.0,0.0,0.0,1.0,0.0,0.0,0.0
10,0,1,1,1,1,1,1,1,1,1,1,1,1,0,250,20,1,1,0,636,523.73,F,0.0,0.0,0.0,0.0,0.0,0.0,1.0
10,1,1,1,0,0,1,1,1,1,1,1,1,1,1,260,21,1,1,0,636,525.31,M,0.0,0.0,0.0,0.0,0.0,0.0,1.0
10,1,0,1,0,1,0,0,1,1,1,1,1,1,0,250,24,1,1,0,636,526.75,M,0.0,0.0,0.0,0.0,0.0,0.0,1.0
10,1,0,0,0,0,0,0,0,1,0,0,0,0,0,210,26,1,1,0,1733,524.92,F,0.0,0.0,0.0,1.0,0.0,0.0,0.0
10,0,1,1,0,0,1,0,1,0,0,0,0,1,0,200,15,1,1,0,1733,496.13,M,0.0,0.0,0.0,1.0,0.0,0.0,0.0
10,1,1,1,1,1,1,0,0,1,1,1,1,1,0,250,25,1,1,0,1733,675.86,F,0.0,0.0,1.0,0.0,0.0,0.0,0.0
10,0,1,1,1,1,1,1,1,1,1,0,1,1,0,200,20,1,1,0,1733,465.26,F,0.0,0.0,1.0,0.0,0.0,0.0,0.0
10,1,1,1,0,0,0,0,1,1,0,0,0,1,0,225,23,1,1,0,1733,459.57,M,0.0,0.0,0.0,1.0,0.0,0.0,0.0
10,0,1,0,0,0,0,0,1,1,1,1,1,1,1,275,20,1,1,0,1733,654.88,F,0.0,0.0,0.0,0.0,0.0,0.0,1.0
10,1,1,1,0,0,1,0,1,1,1,1,1,1,1,250,20,1,1,0,300,471.22,F,1.0,0.0,0.0,0.0,0.0,0.0,0.0
10,1,0,1,0,0,1,0,0,1,1,1,1,1,0,140,16,1,1,0,300,328.86,F,1.0,0.0,0.0,0.0,0.0,0.0,0.0
10,1,1,0,0,1,0,0,1,1,1,1,1,1,0,475,22,1,1,0,1173,490.13,F,0.0,0.0,0.0,0.0,1.0,0.0,0.0
11,1,1,1,0,0,1,1,1,0,0,0,1,1,0,500,15,1,1,0,1173,613.34,F,0.0,0.0,0.0,0.0,0.0,0.0,1.0
10,0,1,1,0,1,0,0,1,1,0,0,0,1,1,470,11,1,1,0,1173,532.86,F,0.0,0.0,0.0,1.0,0.0,0.0,0.0
10,1,1,1,1,1,1,0,1,1,1,1,1,1,0,525,15,0,1,0,1173,590.3,F,0.0,0.0,0.0,0.0,0.0,0.0,1.0
10,1,0,1,0,1,0,0,0,1,1,1,1,1,0,525,24,1,1,0,1173,348.88,F,0.0,0.0,1.0,0.0,0.0,0.0,0.0
10,1,0,1,0,1,1,1,1,1,1,1,1,1,1,450,11,1,1,0,1173,622.55,F,0.0,0.0,0.0,0.0,0.0,0.0,1.0
11,1,1,1,0,1,1,0,1,1,1,1,1,1,0,172,30,1,1,0,509,525.79,F,0.0,0.0,0.0,0.0,0.0,0.0,1.0
10,1,1,1,1,0,1,1,1,1,1,1,1,1,0,120,22,1,1,0,509,553.77,M,0.0,0.0,0.0,0.0,0.0,0.0,1.0
10,1,0,1,0,1,1,0,1,1,1,1,1,1,1,40,15,1,1,0,509,450.67,M,0.0,0.0,0.0,0.0,0.0,0.0,1.0
11,1,1,1,0,1,1,0,1,1,1,1,1,1,0,240,14,1,1,0,509,649.32,M,0.0,0.0,0.0,0.0,0.0,0.0,1.0
10,1,1,1,1,1,1,0,1,1,1,1,1,1,0,480,16,1,1,0,509,539.34,M,0.0,0.0,0.0,0.0,0.0,0.0,1.0
10,1,0,1,0,1,1,1,1,1,0,1,1,1,0,200,19,1,1,0,509,474.72,M,0.0,0.0,0.0,1.0,0.0,0.0,0.0
11,1,1,1,1,1,1,1,1,1,1,1,1,1,1,192,11,1,1,0,509,648.05,F,0.0,0.0,0.0,0.0,0.0,0.0,1.0
11,1,1,1,1,1,1,1,1,1,1,1,1,1,0,220,22,1,1,0,509,558.5,M,0.0,0.0,0.0,0.0,0.0,0.0,1.0
11,1,1,1,1,1,1,0,1,1,1,1,1,1,0,210,25,1,1,0,996,598.74,M,0.0,0.0,0.0,0.0,0.0,0.0,1.0
10,1,1,1,0,1,1,0,1,1,1,1,1,1,0,210,28,1,1,0,996,527.3,F,0.0,0.0,0.0,0.0,0.0,0.0,1.0
10,0,0,1,0,0,1,0,1,1,1,1,1,1,0,270,17,1,1,0,261,415.13,F,0.0,0.0,0.0,0.0,0.0,0.0,1.0
10,1,0,1,0,1,1,0,1,1,1,1,1,1,1,270,15,1,1,0,261,555.51,F,0.0,0.0,1.0,0.0,0.0,0.0,0.0
10,1,1,1,0,1,1,0,1,1,1,1,1,1,0,270,23,1,1,0,261,405.14,M,0.0,0.0,0.0,0.0,0.0,0.0,1.0
10,0,1,1,1,1,1,0,1,1,1,1,1,1,1,210,18,1,1,0,261,630.1,F,0.0,0.0,0.0,0.0,0.0,0.0,1.0
10,1,1,1,1,1,1,0,1,1,1,1,1,1,0,240,8,1,1,0,149,490.13,F,0.0,0.0,0.0,0.0,0.0,0.0,1.0
10,0,0,1,0,1,1,0,1,1,0,0,0,1,0,300,30,1,1,1,3261,517.29,M,0.0,0.0,0.0,1.0,0.0,0.0,0.0
10,1,1,1,1,1,1,0,1,1,1,1,1,1,0,300,28,1,1,1,3261,471.85,F,0.0,0.0,1.0,0.0,0.0,0.0,0.0
10,1,1,1,1,0,1,1,1,1,1,1,1,1,0,300,30,1,1,0,3004,742.32,M,0.0,0.0,0.0,0.0,0.0,0.0,1.0
10,1,1,1,1,1,1,1,1,1,1,1,1,1,0,250,20,1,1,0,3004,511.44,M,0.0,0.0,0.0,0.0,0.0,0.0,1.0
9,1,0,1,0,0,0,0,0,1,1,0,0,0,0,45,12,1,1,0,3004,446.74,M,0.0,0.0,0.0,1.0,0.0,0.0,0.0
10,1,1,1,0,0,1,0,1,1,1,1,1,1,0,250,28,1,1,0,3004,625.73,F,0.0,0.0,0.0,0.0,0.0,0.0,1.0
10,1,1,1,0,1,1,1,1,1,0,0,1,1,0,275,26,1,1,0,3004,640.03,M,0.0,0.0,0.0,0.0,0.0,0.0,1.0
10,1,1,0,0,1,0,0,1,1,0,0,1,1,1,280,21,1,1,0,227,508.4,F,0.0,0.0,0.0,1.0,0.0,0.0,0.0
10,1,0,1,0,1,0,0,1,1,1,1,1,1,0,325,18,1,1,0,227,468.31,M,1.0,0.0,0.0,0.0,0.0,0.0,0.0
10,0,0,0,0,1,0,0,1,1,0,0,1,1,0,280,30,1,1,0,227,425.86,F,0.0,0.0,0.0,1.0,0.0,0.0,0.0
9,1,0,1,0,1,1,0,1,1,1,1,1,1,0,280,29,1,1,0,227,411.07,M,0.0,0.0,0.0,0.0,0.0,0.0,1.0
10,0,0,0,0,0,0,0,1,0,0,0,0,1,1,300,19,1,1,0,227,461.85,F,0.0,0.0,0.0,1.0,0.0,0.0,0.0
10,1,0,1,1,1,1,0,1,0,0,1,0,1,1,300,30,1,1,0,227,454.62,F,0.0,0.0,0.0,1.0,0.0,0.0,0.0
10,1,0,1,0,1,1,0,1,1,1,1,1,1,0,60,29,1,1,0,227,468.12,F,0.0,0.0,0.0,0.0,0.0,0.0,1.0
10,1,0,1,0,1,1,0,0,1,1,1,1,1,0,300,20,1,1,0,227,559.08,F,0.0,0.0,0.0,1.0,0.0,0.0,0.0
10,0,1,1,0,1,1,1,1,1,1,1,1,1,1,350,17,1,1,0,227,501.8,F,0.0,0.0,0.0,0.0,0.0,0.0,1.0
10,0,1,1,1,1,1,1,1,1,1,1,1,1,0,270,18,1,1,0,227,589.92,M,0.0,0.0,0.0,0.0,0.0,0.0,1.0
11,1,1,1,1,1,1,1,1,1,1,1,1,1,1,270,21,0,1,0,227,629.76,M,0.0,0.0,0.0,0.0,0.0,0.0,1.0
9,1,1,0,0,1,1,0,1,1,0,0,1,1,0,280,19,1,1,0,227,534.12,M,0.0,0.0,0.0,1.0,0.0,0.0,0.0
11,1,0,1,0,0,1,0,0,1,0,1,1,1,0,385,15,1,1,0,227,504.54,M,0.0,0.0,0.0,1.0,0.0,0.0,0.0
10,1,1,1,0,1,1,0,1,1,1,1,1,1,0,56,15,1,1,0,227,501.96,F,0.0,0.0,0.0,0.0,0.0,0.0,1.0
10,0,1,1,0,1,1,0,1,1,1,1,1,1,0,60,24,1,1,0,227,486.71,F,0.0,0.0,0.0,0.0,0.0,0.0,1.0
10,0,0,0,0,0,0,0,1,1,0,0,0,1,0,265,17,1,1,0,227,386.54,F,0.0,0.0,0.0,1.0,0.0,0.0,0.0
10,1,1,1,1,1,1,0,1,1,1,1,1,1,0,360,30,1,1,0,1295,561.7,M,0.0,0.0,0.0,0.0,0.0,0.0,1.0
10,1,1,1,0,1,1,0,1,1,1,1,1,1,1,360,30,1,1,0,1295,543.03,F,0.0,0.0,0.0,0.0,0.0,0.0,1.0
10,1,1,1,1,1,1,0,0,1,1,1,1,1,0,350,25,1,1,0,1295,582.47,M,0.0,0.0,0.0,0.0,0.0,0.0,1.0
11,1,1,1,0,1,1,0,1,1,1,1,1,1,0,350,20,1,1,0,1295,572.98,F,0.0,0.0,0.0,0.0,0.0,0.0,1.0
11,1,1,1,1,1,1,1,1,1,1,1,1,1,0,360,25,1,1,0,1295,541.82,M,0.0,0.0,0.0,0.0,0.0,0.0,1.0
11,0,1,0,0,0,1,0,0,1,1,1,1,1,0,350,10,1,1,0,1295,461.53,F,0.0,0.0,1.0,0.0,0.0,0.0,0.0
10,1,0,1,0,1,1,0,1,1,1,1,1,0,0,0,30,1,1,0,1295,397.04,M,0.0,0.0,0.0,0.0,0.0,0.0,1.0
11,0,1,1,0,0,0,0,1,1,1,1,1,1,0,0,30,1,1,0,1295,546.95,M,0.0,0.0,0.0,1.0,0.0,0.0,0.0
10,0,0,1,0,1,1,0,0,1,1,1,1,1,0,275,24,1,1,1,2532,356.95,M,0.0,0.0,0.0,1.0,0.0,0.0,0.0
10,1,1,0,0,1,1,1,1,0,0,1,0,1,0,285,26,1,1,1,2532,440.08,F,0.0,0.0,0.0,1.0,0.0,0.0,0.0
9,0,1,1,0,0,1,0,1,0,0,0,0,0,0,110,30,1,1,1,2532,496.64,F,0.0,0.0,0.0,1.0,0.0,0.0,0.0
10,1,1,1,1,1,1,1,1,0,0,1,1,1,0,45,30,1,1,1,2532,435.92,M,0.0,0.0,1.0,0.0,0.0,0.0,0.0
10,0,1,1,0,0,1,0,1,1,1,1,1,1,1,250,32,1,1,1,2532,544.94,F,0.0,0.0,0.0,0.0,0.0,0.0,1.0
10,1,1,1,1,1,1,1,1,1,1,1,1,1,0,210,20,1,1,0,774,467.8,F,0.0,0.0,0.0,0.0,0.0,0.0,1.0
10,1,1,1,1,0,1,1,1,1,1,1,1,1,1,210,24,1,1,0,774,546.05,F,0.0,0.0,0.0,0.0,0.0,0.0,1.0
11,0,1,1,1,1,1,0,1,1,1,1,1,1,0,215,20,1,1,0,774,571.63,F,0.0,0.0,0.0,0.0,0.0,0.0,1.0
10,1,1,1,0,1,1,0,1,1,0,1,1,1,0,45,15,1,1,0,774,525.4,F,0.0,0.0,0.0,0.0,0.0,1.0,0.0
10,0,1,1,1,1,1,1,1,1,1,0,1,1,0,225,20,1,1,0,1610,522.46,F,0.0,0.0,0.0,0.0,0.0,1.0,0.0
10,0,0,1,0,1,1,0,1,1,1,1,1,1,0,225,20,1,1,0,1610,392.79,M,0.0,0.0,0.0,0.0,0.0,0.0,1.0
10,1,0,1,0,1,1,0,1,1,1,1,1,1,0,225,30,1,1,0,1610,608.25,F,0.0,0.0,0.0,0.0,0.0,0.0,1.0
11,1,1,1,1,1,1,1,1,1,1,0,1,1,0,225,25,1,1,0,1610,628.51,F,0.0,0.0,0.0,0.0,0.0,0.0,1.0
11,0,0,1,0,1,1,0,1,1,1,1,1,1,0,225,15,1,1,0,1610,372.27,M,0.0,0.0,0.0,0.0,0.0,0.0,1.0
10,0,1,1,1,1,1,1,1,1,1,1,1,1,1,225,20,1,1,0,1610,768.01,F,0.0,0.0,0.0,0.0,0.0,0.0,1.0
11,1,1,1,0,0,1,0,1,1,1,1,1,1,0,450,25,1,1,0,1610,495.24,M,0.0,0.0,0.0,0.0,0.0,0.0,1.0
11,1,1,1,0,0,0,0,1,1,0,0,1,1,0,200,30,1,1,1,2646,518.49,F,0.0,0.0,0.0,1.0,0.0,0.0,0.0
11,1,1,1,0,1,1,0,1,1,1,0,1,1,0,200,32,1,1,1,2646,510.86,F,0.0,0.0,0.0,1.0,0.0,0.0,0.0
10,0,0,0,0,0,0,0,0,0,0,0,0,1,0,225,44,1,1,1,2646,367.07,F,0.0,0.0,0.0,1.0,0.0,0.0,0.0
10,1,1,1,0,1,1,0,1,1,0,0,0,1,0,275,35,1,1,1,2646,450.27,M,0.0,0.0,0.0,1.0,0.0,0.0,0.0
10,0,0,0,0,0,0,0,1,0,0,0,0,1,1,134,17,1,1,1,2646,379.48,M,0.0,0.0,0.0,1.0,0.0,0.0,0.0
10,0,1,1,1,0,1,0,1,1,1,1,1,0,0,0,24,1,1,0,820,380.6,M,0.0,0.0,1.0,0.0,0.0,0.0,0.0
9,1,0,1,1,1,1,0,1,1,1,1,1,1,0,425,20,1,1,0,820,319.09,F,0.0,0.0,1.0,0.0,0.0,0.0,0.0
11,0,1,1,0,1,1,0,1,1,1,1,1,1,0,400,25,1,1,0,820,374.99,M,0.0,0.0,1.0,0.0,0.0,0.0,0.0
9,1,0,1,0,0,1,0,0,1,1,1,1,1,0,425,25,1,1,0,820,476.14,F,0.0,0.0,1.0,0.0,0.0,0.0,0.0
10,1,0,1,1,1,1,1,1,1,1,1,1,1,0,275,27,1,1,1,2080,543.5,M,0.0,0.0,0.0,0.0,0.0,0.0,1.0
10,1,1,1,1,1,1,1,1,1,1,1,1,1,1,250,28,1,1,1,2080,670.61,F,0.0,0.0,0.0,0.0,0.0,0.0,1.0
10,1,1,1,0,1,1,0,1,1,1,1,1,1,1,250,30,1,1,1,2080,622.31,F,0.0,0.0,0.0,0.0,0.0,0.0,1.0
10,1,1,1,1,1,1,1,1,1,1,1,1,1,0,250,29,1,1,1,2080,473.28,F,0.0,0.0,0.0,0.0,0.0,0.0,1.0
11,1,1,1,0,1,0,0,1,1,0,0,0,1,0,350,20,1,1,0,2183,735.91,M,0.0,0.0,0.0,1.0,0.0,0.0,0.0
10,1,1,1,0,0,1,1,1,1,0,0,1,1,0,285,35,1,1,0,2183,559.0,F,0.0,1.0,0.0,0.0,0.0,0.0,0.0
10,1,1,1,0,0,1,0,1,1,1,1,1,0,0,325,21,1,1,0,2183,465.58,M,0.0,0.0,0.0,0.0,1.0,0.0,0.0
10,1,1,1,0,1,1,0,1,1,1,1,1,0,1,450,26,1,1,0,432,611.91,F,0.0,0.0,0.0,0.0,0.0,0.0,1.0
10,1,1,1,0,1,0,0,1,1,1,1,1,1,0,360,22,1,1,0,432,446.35,F,0.0,0.0,0.0,0.0,0.0,0.0,1.0
11,1,1,1,0,1,1,0,1,1,1,1,1,1,0,450,22,1,1,0,432,539.38,F,0.0,0.0,0.0,0.0,0.0,0.0,1.0
10,0,1,1,0,1,0,0,1,1,1,1,1,1,0,450,28,1,1,0,432,595.62,F,0.0,0.0,0.0,0.0,0.0,0.0,1.0
10,1,0,1,1,0,1,1,1,1,1,1,1,0,1,450,24,1,1,0,432,487.63,M,0.0,0.0,0.0,0.0,1.0,0.0,0.0
10,0,1,1,0,1,0,0,0,1,1,1,1,1,0,450,24,1,1,0,432,475.2,M,1.0,0.0,0.0,0.0,0.0,0.0,0.0
10,0,1,1,0,1,1,0,1,1,1,1,1,0,0,90,29,1,1,0,432,464.86,M,0.0,0.0,0.0,0.0,0.0,0.0,1.0
9,0,0,1,0,0,0,0,0,1,1,1,1,0,0,300,34,1,1,0,432,378.68,M,0.0,0.0,0.0,0.0,0.0,0.0,1.0
11,0,1,1,0,1,0,0,0,1,1,1,1,1,0,360,28,1,1,0,432,483.94,M,0.0,0.0,0.0,0.0,0.0,0.0,1.0
9,1,1,1,0,1,1,0,1,1,1,1,1,1,0,550,14,1,1,0,432,415.48,M,0.0,0.0,0.0,0.0,0.0,0.0,1.0
10,0,1,1,0,1,1,0,1,1,1,1,1,1,0,450,30,1,1,0,432,486.59,M,0.0,0.0,0.0,0.0,0.0,0.0,1.0
10,1,1,1,1,1,1,1,1,1,1,1,1,1,1,450,27,1,1,0,432,655.1,M,0.0,0.0,0.0,0.0,0.0,0.0,1.0
11,0,1,1,0,1,0,0,1,1,1,1,1,1,1,450,28,1,1,0,432,467.59,M,0.0,0.0,0.0,0.0,1.0,0.0,0.0
9,1,0,0,0,1,0,0,1,1,1,1,1,0,1,55,32,1,1,0,362,367.79,F,0.0,0.0,0.0,0.0,0.0,0.0,1.0
10,1,1,1,0,1,0,0,0,1,1,1,1,1,1,275,17,1,1,0,362,535.17,F,0.0,0.0,0.0,0.0,0.0,0.0,1.0
10,0,1,1,0,1,1,0,1,1,1,1,1,1,0,300,25,1,1,0,362,529.85,F,0.0,0.0,0.0,0.0,0.0,0.0,1.0
10,0,0,1,0,0,0,0,0,1,1,1,1,1,0,275,17,1,1,0,362,420.21,M,0.0,0.0,0.0,0.0,0.0,0.0,1.0
10,1,1,1,0,1,1,0,1,1,1,1,1,1,0,300,26,1,1,0,362,471.78,F,0.0,0.0,0.0,0.0,0.0,0.0,1.0
9,0,1,1,1,1,1,1,1,1,0,1,1,1,1,275,20,1,1,0,362,393.35,M,0.0,0.0,0.0,0.0,0.0,0.0,1.0
10,1,1,1,1,0,1,0,0,1,1,1,1,1,0,60,25,1,1,0,362,509.27,M,0.0,0.0,0.0,0.0,0.0,0.0,1.0
11,0,1,0,0,1,0,0,1,0,0,0,0,1,1,250,20,1,1,0,1347,615.96,F,0.0,1.0,0.0,0.0,0.0,0.0,0.0
11,0,1,1,0,1,1,0,0,1,0,0,1,1,0,290,30,1,1,0,1347,544.15,F,0.0,1.0,0.0,0.0,0.0,0.0,0.0
10,1,0,1,0,1,1,0,1,1,0,0,1,1,0,60,30,1,1,0,1347,367.7,M,0.0,1.0,0.0,0.0,0.0,0.0,0.0
10,0,1,0,0,0,0,0,1,0,0,0,0,1,0,300,28,1,1,0,1347,420.14,F,0.0,0.0,0.0,1.0,0.0,0.0,0.0
10,0,1,1,0,0,0,0,1,1,1,1,1,1,0,300,36,1,1,0,1347,596.81,F,0.0,0.0,0.0,0.0,0.0,0.0,1.0
10,0,0,1,0,1,0,0,1,1,1,1,1,1,0,30,32,1,1,0,1347,357.3,F,0.0,0.0,0.0,0.0,0.0,0.0,1.0
10,1,1,1,0,0,1,0,1,1,1,1,1,1,1,250,32,1,1,0,1347,438.57,F,0.0,0.0,0.0,0.0,0.0,0.0,1.0
10,1,1,0,0,1,1,0,1,1,0,0,0,1,0,225,33,1,1,0,1347,635.7,M,0.0,0.0,0.0,1.0,0.0,0.0,0.0
10,1,1,1,0,0,1,0,0,1,0,0,0,1,0,260,32,1,1,0,1347,481.61,M,0.0,0.0,0.0,1.0,0.0,0.0,0.0
10,1,0,1,0,1,0,0,1,1,1,1,1,1,0,315,32,1,1,0,1327,438.48,M,0.0,0.0,0.0,0.0,0.0,0.0,1.0
10,1,0,0,0,1,0,0,1,1,1,1,1,1,0,225,20,1,1,0,1327,544.38,F,0.0,0.0,0.0,0.0,0.0,0.0,1.0
10,1,1,0,0,1,1,0,1,1,1,1,1,1,0,200,25,1,1,0,1327,440.95,F,0.0,0.0,0.0,0.0,0.0,0.0,1.0
10,1,1,1,1,1,1,1,1,1,1,1,1,1,0,275,15,1,1,0,400,371.79,M,0.0,0.0,0.0,1.0,0.0,0.0,0.0
10,0,1,1,0,1,1,0,1,1,1,1,1,1,0,250,20,1,1,0,400,600.47,F,0.0,0.0,0.0,0.0,0.0,0.0,1.0
10,1,1,1,1,1,1,0,1,1,1,1,1,1,0,45,18,1,1,0,400,415.8,M,0.0,0.0,0.0,0.0,0.0,0.0,1.0
10,1,1,1,1,1,1,1,1,1,1,1,1,1,1,275,21,1,1,0,400,672.36,F,0.0,0.0,0.0,0.0,0.0,0.0,1.0
10,0,1,1,0,1,1,0,0,1,1,1,1,0,0,225,29,1,1,0,400,441.59,F,0.0,0.0,0.0,0.0,0.0,0.0,1.0
10,1,1,1,1,1,1,1,1,1,1,1,1,1,0,250,17,1,1,0,400,438.48,M,0.0,0.0,0.0,0.0,0.0,0.0,1.0
10,1,1,1,0,1,1,0,1,1,1,1,1,1,0,250,25,1,1,0,400,519.28,F,0.0,0.0,0.0,0.0,0.0,0.0,1.0
10,1,1,1,0,1,1,0,1,1,1,1,1,1,0,250,16,1,1,0,400,540.49,F,0.0,0.0,0.0,1.0,0.0,0.0,0.0
10,1,0,1,0,0,1,0,0,1,1,1,1,1,0,250,20,1,1,0,400,334.51,M,0.0,0.0,0.0,1.0,0.0,0.0,0.0
10,1,1,0,0,0,1,0,1,1,0,0,0,1,0,20,20,1,1,0,889,491.16,F,0.0,0.0,0.0,1.0,0.0,0.0,0.0
9,0,0,0,0,0,0,0,1,1,0,0,1,0,0,50,30,0,1,0,889,448.74,F,0.0,0.0,0.0,1.0,0.0,0.0,0.0
10,1,1,0,0,0,1,0,1,1,1,1,1,1,0,235,25,1,1,1,989,493.07,F,0.0,0.0,0.0,0.0,0.0,0.0,1.0
11,0,1,0,0,0,0,0,1,1,0,0,1,1,0,250,20,1,1,1,989,569.8,F,0.0,1.0,0.0,0.0,0.0,0.0,0.0
10,0,1,0,0,0,1,0,1,0,0,0,1,1,0,235,32,1,1,1,989,453.8,M,0.0,0.0,0.0,0.0,0.0,0.0,1.0
10,1,1,1,0,0,1,1,1,1,1,1,1,1,0,225,30,1,1,1,989,542.0,F,0.0,0.0,0.0,0.0,0.0,0.0,1.0
10,1,1,1,1,0,1,0,1,1,1,0,1,0,0,300,38,1,1,1,3138,432.55,M,0.0,0.0,0.0,1.0,0.0,0.0,0.0
10,0,1,1,1,0,1,1,1,1,1,1,1,1,0,300,35,1,1,1,3138,530.08,F,0.0,0.0,0.0,0.0,0.0,0.0,1.0
10,0,1,1,1,1,1,0,1,1,1,1,1,1,1,300,30,1,1,1,3138,485.68,F,0.0,0.0,0.0,0.0,0.0,0.0,1.0
10,1,1,1,1,1,1,1,1,1,1,1,1,1,0,225,9,1,0,1,366,608.12,M,0.0,0.0,0.0,0.0,0.0,0.0,1.0
10,1,0,1,0,1,1,1,1,1,1,1,1,1,0,225,18,0,0,1,366,511.44,M,0.0,0.0,0.0,0.0,0.0,0.0,1.0
10,1,1,1,1,1,1,1,1,1,1,1,1,1,0,225,18,0,0,1,366,635.78,M,0.0,0.0,0.0,0.0,0.0,0.0,1.0
10,0,1,1,1,1,1,0,1,1,1,1,1,1,0,250,20,1,1,0,850,536.2,F,0.0,0.0,0.0,0.0,0.0,0.0,1.0
10,1,1,1,0,1,1,0,1,1,1,1,1,1,0,250,10,1,1,0,850,500.69,F,0.0,0.0,0.0,0.0,0.0,0.0,1.0
10,1,1,1,0,0,1,0,1,1,1,1,1,1,0,270,25,1,1,0,850,569.48,M,0.0,0.0,0.0,0.0,0.0,0.0,1.0
10,0,1,1,0,0,1,0,1,1,1,1,1,1,1,270,20,1,1,0,850,440.89,M,0.0,0.0,0.0,0.0,0.0,0.0,1.0
10,1,1,1,0,0,1,1,1,1,1,1,1,1,0,260,25,1,1,0,850,622.31,M,0.0,0.0,0.0,0.0,0.0,0.0,1.0
10,1,1,1,0,1,1,0,1,1,1,1,1,0,0,225,20,1,1,0,850,399.84,M,0.0,0.0,0.0,0.0,0.0,0.0,1.0
11,0,1,1,0,1,1,0,1,1,1,1,1,1,1,260,25,1,1,0,850,533.1,F,0.0,0.0,0.0,0.0,0.0,0.0,1.0
10,1,1,1,0,1,1,0,1,1,1,1,1,1,1,250,28,1,1,0,850,708.67,F,0.0,0.0,0.0,0.0,0.0,0.0,1.0
10,1,1,1,0,1,1,0,1,1,1,1,1,1,0,270,20,1,1,0,850,476.97,M,0.0,0.0,0.0,0.0,0.0,0.0,1.0
10,1,1,1,0,1,1,1,1,1,1,1,1,1,0,260,18,1,1,0,850,422.21,M,0.0,0.0,0.0,0.0,0.0,0.0,1.0
10,1,0,1,0,1,1,0,1,1,1,1,1,1,0,50,20,1,1,0,850,435.36,M,0.0,0.0,0.0,0.0,0.0,0.0,1.0
9,1,0,1,0,1,1,0,1,0,0,0,0,0,0,50,24,1,1,0,507,372.67,M,0.0,0.0,0.0,1.0,0.0,0.0,0.0
10,1,0,1,0,0,1,0,1,1,1,1,1,1,0,300,25,1,1,0,507,475.44,M,0.0,0.0,0.0,0.0,0.0,0.0,1.0
11,0,1,1,0,1,1,0,1,1,1,1,1,1,0,275,20,1,1,0,507,594.25,M,0.0,0.0,0.0,0.0,0.0,0.0,1.0
11,0,1,1,0,1,1,0,1,1,1,1,1,1,0,275,20,1,1,0,507,580.94,M,0.0,0.0,0.0,0.0,0.0,0.0,1.0
10,0,1,1,0,0,1,0,1,1,1,1,1,1,0,275,24,1,1,0,507,515.55,F,0.0,0.0,0.0,0.0,0.0,0.0,1.0
10,0,1,1,1,1,1,0,1,1,1,1,1,1,1,250,25,1,1,0,507,502.84,F,0.0,0.0,0.0,0.0,0.0,0.0,1.0
11,1,1,1,1,1,1,1,1,1,0,0,1,1,0,275,30,1,1,0,2041,532.94,F,0.0,0.0,1.0,0.0,0.0,0.0,0.0
10,0,1,1,0,1,1,0,0,1,1,1,1,1,0,275,25,1,1,0,2041,505.3,F,0.0,0.0,1.0,0.0,0.0,0.0,0.0
10,1,1,1,0,1,1,0,1,1,1,1,1,1,0,275,30,1,1,0,2041,531.24,M,0.0,0.0,0.0,0.0,0.0,0.0,1.0
10,1,0,1,0,1,0,0,1,1,1,1,1,1,0,300,27,1,1,0,2041,439.45,M,0.0,0.0,0.0,0.0,0.0,0.0,1.0
10,1,1,1,0,1,1,0,1,1,1,1,1,1,0,275,25,1,1,0,2041,462.29,M,0.0,0.0,0.0,1.0,0.0,0.0,0.0
9,1,0,1,1,1,1,0,1,1,1,1,1,1,0,45,12,1,1,0,2041,306.05,M,0.0,0.0,1.0,0.0,0.0,0.0,0.0
10,1,1,1,0,1,1,0,1,0,0,0,0,1,1,250,33,1,1,0,2041,572.74,F,0.0,0.0,1.0,0.0,0.0,0.0,0.0
10,1,1,1,0,1,1,0,1,0,0,0,0,1,1,325,22,1,1,0,2041,541.02,M,0.0,0.0,0.0,0.0,0.0,0.0,1.0
11,1,1,1,0,1,1,0,1,1,1,1,1,1,1,500,32,1,1,0,505,475.91,F,0.0,0.0,0.0,0.0,0.0,0.0,1.0
10,1,1,1,1,1,1,0,1,0,1,1,1,1,1,250,28,1,1,0,505,484.02,M,0.0,0.0,0.0,0.0,0.0,0.0,1.0
9,1,1,1,0,1,1,0,1,1,1,1,1,0,0,225,31,1,1,0,505,393.51,M,0.0,0.0,0.0,1.0,0.0,0.0,0.0
10,1,1,0,0,1,1,0,1,1,1,1,1,1,0,225,30,1,1,0,505,488.78,F,0.0,0.0,0.0,0.0,1.0,0.0,0.0
10,1,1,0,0,0,1,0,1,1,1,1,1,0,0,275,27,1,1,0,505,568.6,M,0.0,0.0,0.0,0.0,0.0,0.0,1.0
10,0,1,1,0,1,0,0,1,1,1,1,1,0,1,43,23,1,1,0,505,423.63,F,0.0,0.0,0.0,1.0,0.0,0.0,0.0
11,1,1,1,0,1,1,0,1,1,1,1,1,1,1,420,30,1,1,0,505,435.15,F,0.0,0.0,0.0,1.0,0.0,0.0,0.0
11,0,1,0,0,0,0,0,1,0,0,1,0,1,0,300,30,1,1,1,1998,446.2,F,0.0,0.0,0.0,1.0,0.0,0.0,0.0
10,1,0,0,0,1,1,0,1,0,0,1,1,1,1,225,10,1,1,1,1998,389.82,M,0.0,0.0,0.0,1.0,0.0,0.0,0.0
11,1,1,1,1,1,1,0,1,1,1,1,1,1,0,250,23,1,1,1,1998,364.37,F,0.0,0.0,0.0,1.0,0.0,0.0,0.0
10,0,0,1,0,1,1,0,1,1,0,0,0,1,0,60,22,1,1,1,1998,430.47,F,0.0,0.0,0.0,1.0,0.0,0.0,0.0
10,1,1,1,0,1,1,0,1,1,1,1,1,1,1,250,25,1,1,1,1998,377.96,F,0.0,0.0,0.0,1.0,0.0,0.0,0.0
10,0,0,1,0,1,0,0,1,1,1,1,1,1,1,55,19,1,1,1,1998,472.97,F,0.0,0.0,0.0,1.0,0.0,0.0,0.0
10,1,1,1,0,1,1,0,0,1,1,1,1,1,0,300,23,1,1,1,1998,487.9,F,0.0,0.0,0.0,1.0,0.0,0.0,0.0
10,1,1,1,1,1,1,0,1,1,1,1,1,1,0,45,20,1,1,1,1998,566.19,M,0.0,0.0,0.0,1.0,0.0,0.0,0.0
10,1,0,1,0,0,1,1,1,1,1,1,1,1,0,225,25,1,1,0,2748,451.47,M,0.0,0.0,0.0,0.0,0.0,0.0,1.0
11,1,1,1,1,1,1,1,1,1,1,1,1,1,1,225,30,1,1,0,2748,619.85,F,0.0,0.0,0.0,0.0,0.0,0.0,1.0
10,1,1,1,0,1,1,0,1,1,1,1,1,1,0,225,25,1,1,0,2748,483.53,F,0.0,0.0,0.0,0.0,0.0,0.0,1.0
10,1,1,1,0,1,1,1,1,1,1,1,1,1,0,180,20,1,1,0,2748,528.02,F,0.0,0.0,0.0,0.0,0.0,0.0,1.0
10,1,1,1,1,1,1,0,1,1,1,1,1,1,0,250,40,1,1,0,2748,435.76,M,0.0,0.0,0.0,0.0,0.0,0.0,1.0
10,1,0,0,0,1,1,0,1,1,1,1,1,1,0,240,20,1,1,0,2748,525.4,F,0.0,0.0,0.0,0.0,0.0,0.0,1.0
10,1,1,1,0,1,1,0,1,1,1,1,1,1,0,225,30,1,1,0,2748,583.35,M,0.0,0.0,0.0,0.0,0.0,0.0,1.0
10,1,1,1,1,1,1,0,1,1,1,1,1,1,0,225,30,0,1,0,2748,421.81,M,0.0,0.0,0.0,0.0,0.0,0.0,1.0
10,1,0,0,0,1,0,0,0,1,1,1,1,1,1,225,25,1,1,0,2748,496.0,F,0.0,0.0,1.0,0.0,0.0,0.0,0.0
11,1,1,1,0,1,1,0,0,1,0,0,1,1,1,190,25,1,1,1,1202,614.93,M,0.0,0.0,0.0,1.0,0.0,0.0,0.0
10,1,0,0,0,1,0,0,1,0,0,0,1,1,0,225,25,1,1,1,1196,533.72,M,0.0,0.0,0.0,0.0,0.0,1.0,0.0
11,1,0,1,0,0,0,0,1,0,0,0,0,1,0,225,17,1,1,1,1196,242.64,M,0.0,0.0,0.0,1.0,0.0,0.0,0.0
10,1,1,1,1,1,1,1,1,1,0,1,1,1,0,270,30,0,1,1,2999,593.05,M,0.0,0.0,0.0,1.0,0.0,0.0,0.0
9,1,1,1,1,1,1,1,1,1,0,0,1,1,0,270,30,1,1,1,2999,371.44,F,0.0,0.0,0.0,1.0,0.0,0.0,0.0
10,0,1,0,0,0,1,0,1,1,0,1,1,1,1,270,30,1,1,1,2999,617.79,F,0.0,0.0,0.0,1.0,0.0,0.0,0.0
11,1,1,1,1,0,1,1,1,1,1,1,1,1,0,270,30,1,1,1,2999,426.73,F,0.0,0.0,1.0,0.0,0.0,0.0,0.0
10,1,1,1,0,1,1,0,1,1,1,1,1,1,0,200,28,1,1,1,2999,638.12,F,0.0,0.0,1.0,0.0,0.0,0.0,0.0
10,0,1,1,0,1,0,0,0,1,1,0,1,1,0,360,26,1,1,1,2999,414.74,F,0.0,0.0,0.0,1.0,0.0,0.0,0.0
11,1,1,1,0,1,1,1,1,1,1,1,1,1,0,180,26,1,1,1,2999,562.18,F,0.0,0.0,0.0,1.0,0.0,0.0,0.0
11,1,1,0,0,1,1,0,1,0,0,0,0,1,1,900,20,1,1,1,2999,526.67,F,0.0,1.0,0.0,0.0,0.0,0.0,0.0
10,1,1,1,1,1,1,1,1,1,1,1,1,1,1,270,30,1,1,1,2999,582.55,M,0.0,0.0,0.0,0.0,0.0,0.0,1.0
10,1,1,1,1,1,1,1,1,1,1,0,1,1,0,270,30,1,1,1,2999,611.91,F,0.0,0.0,0.0,0.0,0.0,0.0,1.0
10,1,1,1,1,1,1,1,1,1,1,1,1,1,0,270,25,1,1,1,2999,667.2,F,0.0,0.0,0.0,0.0,0.0,0.0,1.0
10,1,1,1,0,1,1,1,1,0,0,0,0,1,1,270,28,1,1,1,2999,541.76,F,0.0,0.0,0.0,1.0,0.0,0.0,0.0
9,1,1,1,0,1,0,0,1,1,1,1,1,1,0,300,20,1,1,0,987,465.58,M,0.0,0.0,0.0,0.0,0.0,0.0,1.0
10,1,1,1,1,1,1,1,1,1,1,1,1,1,1,450,20,1,1,0,987,596.34,F,0.0,0.0,0.0,0.0,0.0,0.0,1.0
10,1,1,1,0,1,1,1,1,1,1,1,1,1,0,450,20,1,1,0,987,577.43,F,0.0,0.0,0.0,0.0,0.0,0.0,1.0
