id,cluster_id,protected_attribute
1,1,Male
2,1,Male
3,1,Male
4,1,Male
5,1,Female
6,1,Female
7,1,Female
8,1,Male
9,1,Female
10,1,Male
11,1,Male
12,1,Male
13,1,Female
14,1,Male
15,1,Male
16,1,Male
17,1,Male
18,1,Male
19,1,Female
20,1,Male
21,1,Female
22,1,Male
23,1,Male
24,1,Female
25,1,Male
26,1,Male
27,1,Male
28,1,Male
29,1,Male
30,1,Male
31,1,Male
32,1,Male
33,1,Male
34,1,Male
35,1,Male
36,1,Female
37,1,Male
38,1,Male
39,1,Male
40,1,Male
41,1,Female
42,1,Male
43,1,Male
44,1,Male
45,1,Female
46,1,Male
47,1,Male
48,1,Female
49,1,Female
50,1,Male
51,1,Male
52,1,Male
53,1,Male
54,1,Male
55,1,Male
56,1,Male
57,1,Male
58,1,Male
59,1,Male
60,1,Male
61,1,Male
62,1,Female
63,1,Female
64,1,Male
65,1,Male
66,1,Female
67,1,Male
68,1,Male
69,1,Male
70,1,Male
71,1,Male
72,1,Female
73,1,Male
74,1,Male
75,1,Male
76,1,Female
77,1,Male
78,1,Female
79,1,Female
80,1,Male
81,1,Male
82,1,Male
83,1,Female
84,1,Male
85,1,Female
86,1,Female
87,1,Male
88,1,Male
89,1,Male
90,1,Male
91,1,Female
92,1,Male
93,1,Male
94,1,Male
95,1,Female
96,1,Female
97,1,Male
98,1,Male
99,1,Male
100,1,Female
101,1,Male
102,1,Male
103,1,Male
104,1,Male
105,1,Female
106,1,Female
107,1,Male
108,1,Male
109,1,Male
110,1,Male
111,1,Male
112,1,Female
113,1,Male
114,1,Male
115,1,Male
116,1,Male
117,1,Female
118,1,Female
119,1,Male
120,1,Male
121,1,Female
122,1,Female
123,1,Male
124,1,Male
125,1,Female
126,1,Male
127,1,Male
128,1,Female
129,1,Male
130,1,Male
131,1,Male
132,1,Female
133,1,Male
134,1,Female
135,1,Male
136,1,Female
137,1,Male
138,1,Female
139,1,Male
140,1,Female
141,1,Female
142,1,Female
143,1,Male
144,1,Male
145,1,Male
146,1,Male
147,1,Male
148,1,Male
149,1,Female
150,1,Female
151,1,Female
152,1,Male
153,1,Female
154,1,Male
155,1,Male
156,1,Male
157,1,Female
158,1,Male
159,1,Male
160,1,Male
161,1,Male
162,1,Male
163,1,Female
164,1,Male
165,1,Male
166,1,Male
167,1,Male
168,1,Male
169,1,Female
170,1,Male
171,1,Male
172,1,Male
173,1,Male
174,1,Female
175,1,Female
176,1,Male
177,1,Female
178,1,Male
179,1,Male
180,1,Male
181,1,Male
182,1,Male
183,1,Male
184,1,Female
185,1,Male
186,1,Male
187,1,Female
188,1,Male
189,1,Female
190,1,Female
191,1,Female
192,1,Male
193,1,Male
194,1,Female
195,1,Female
196,1,Male
197,1,Male
198,1,Female
199,1,Male
200,1,Male
201,1,Male
202,1,Female
203,1,Male
204,1,Male
205,1,Male
206,1,Male
207,1,Male
208,1,Male
209,1,Female
210,1,Female
211,1,Male
212,1,Female
213,1,Female
214,1,Male
215,1,Female
216,1,Male
217,1,Female
218,1,Male
219,1,Male
220,1,Female
221,1,Male
222,1,Male
223,1,Male
224,1,Male
225,1,Female
226,1,Male
227,1,Male
228,1,Male
229,1,Female
230,1,Male
231,1,Female
232,1,Female
233,1,Female
234,1,Male
235,1,Male
236,1,Male
237,1,Female
238,1,Female
239,1,Female
240,1,Male
241,1,Female
242,1,Male
243,1,Male
244,1,Male
245,1,Male
246,1,Male
247,1,Male
248,1,Female
249,1,Female
250,1,Male
251,1,Male
252,1,Male
253,1,Male
254,1,Female
255,1,Male
256,1,Male
257,1,Female
258,1,Female
259,1,Female
260,1,Female
261,1,Male
262,1,Female
263,1,Female
264,1,Male
265,1,Male
266,1,Male
267,1,Male
268,1,Female
269,1,Male
270,1,Male
271,1,Female
272,1,Male
273,1,Male
274,1,Female
275,1,Male
276,1,Female
277,1,Male
278,1,Male
279,1,Male
280,1,Female
281,1,Male
282,1,Male
283,1,Female
284,1,Female
285,1,Male
286,1,Female
287,1,Male
288,1,Male
289,1,Male
290,1,Male
291,1,Female
292,1,Male
293,1,Male
294,1,Male
295,1,Female
296,1,Female
297,1,Female
298,1,Male
299,1,Male
300,1,Male
301,1,Female
302,1,Male
303,1,Male
304,1,Female
305,1,Male
306,1,Male
307,1,Male
308,1,Male
309,1,Male
310,1,Male
311,1,Male
312,1,Male
313,1,Male
314,1,Male
315,1,Male
316,1,Male
317,1,Male
318,1,Male
319,1,Male
320,1,Male
321,1,Female
322,1,Male
323,1,Male
324,1,Male
325,1,Male
326,1,Male
327,1,Male
328,1,Male
329,1,Male
330,1,Male
331,1,Male
332,1,Female
333,1,Male
334,1,Female
335,1,Male
336,1,Male
337,1,Male
338,1,Male
339,1,Male
340,1,Male
341,1,Female
342,1,Female
343,1,Female
344,1,Female
345,1,Male
346,1,Male
347,1,Male
348,1,Male
349,1,Female
350,1,Female
351,1,Male
352,1,Male
353,1,Male
354,1,Male
355,1,Female
356,1,Male
357,1,Female
358,1,Female
359,1,Female
360,1,Male
361,1,Female
362,1,Female
363,1,Female
364,1,Female
365,1,Male
366,1,Male
367,1,Female
368,1,Male
369,1,Female
370,1,Male
371,1,Male
372,1,Male
373,1,Female
374,1,Male
375,1,Female
376,1,Male
377,1,Male
378,1,Male
379,1,Male
380,1,Male
381,1,Female
382,1,Female
383,1,Female
384,1,Male
385,1,Male
386,1,Male
387,1,Male
388,1,Female
389,1,Male
390,1,Female
391,1,Male
392,1,Male
393,1,Female
394,1,Male
395,1,Female
396,1,Male
397,1,Male
398,1,Male
399,1,Male
400,1,Male
401,1,Female
402,1,Female
403,1,Male
404,1,Male
405,1,Male
406,1,Female
407,1,Male
408,1,Female
409,1,Male
410,1,Female
411,1,Male
412,1,Male
413,1,Male
414,1,Male
415,1,Female
416,1,Male
417,1,Male
418,1,Female
419,1,Male
420,1,Male
421,1,Female
422,1,Male
423,1,Female
424,1,Male
425,1,Male
426,1,Male
427,1,Male
428,1,Male
429,1,Male
430,1,Female
431,1,Female
432,1,Male
433,1,Male
434,1,Male
435,1,Female
436,1,Male
437,1,Male
438,1,Male
439,1,Female
440,1,Female
441,1,Male
442,1,Male
443,1,Male
444,1,Female
445,1,Male
446,1,Male
447,1,Male
448,1,Female
449,1,Female
450,1,Male
451,1,Female
452,1,Male
453,1,Female
454,1,Male
455,1,Female
456,1,Female
457,1,Male
458,1,Female
459,1,Male
460,1,Male
461,1,Female
462,1,Male
463,1,Male
464,1,Male
465,1,Female
466,1,Female
467,1,Male
468,1,Male
469,1,Male
470,1,Female
471,1,Female
472,1,Male
473,1,Male
474,1,Male
475,1,Male
476,1,Female
477,1,Male
478,1,Male
479,1,Male
480,1,Male
481,1,Male
482,1,Male
483,1,Female
484,1,Male
485,1,Female
486,1,Male
487,1,Male
488,1,Female
489,1,Male
490,1,Male
491,1,Female
492,1,Male
493,1,Male
494,1,Female
495,1,Male
496,1,Female
497,1,Male
498,1,Male
499,1,Female
500,1,Male
501,1,Male
502,1,Female
503,1,Female
504,1,Male
505,1,Male
506,1,Male
507,1,Male
508,1,Female
509,1,Female
510,1,Female
511,1,Female
512,1,Female
513,1,Male
514,1,Female
515,1,Male
516,1,Male
517,1,Male
518,1,Male
519,1,Female
520,1,Male
521,1,Male
522,1,Male
523,1,Female
524,1,Male
525,1,Male
526,1,Male
527,1,Male
528,1,Male
529,1,Male
530,1,Female
531,1,Male
532,1,Female
533,1,Female
534,1,Male
535,1,Male
536,1,Male
537,1,Male
538,1,Male
539,1,Female
540,1,Male
541,1,Male
542,1,Male
543,1,Male
544,1,Male
545,1,Male
546,1,Female
547,1,Male
548,1,Male
549,1,Male
550,1,Female
551,1,Male
552,1,Male
553,1,Female
554,1,Male
555,1,Male
556,1,Female
557,1,Male
558,1,Male
559,1,Male
560,1,Female
561,1,Female
562,1,Male
563,1,Male
564,1,Male
565,1,Female
566,1,Male
567,1,Male
568,1,Male
569,1,Male
570,1,Male
571,1,Female
572,1,Female
573,1,Female
574,1,Male
575,1,Male
576,1,Male
577,1,Male
578,1,Male
579,1,Male
580,1,Male
581,1,Female
582,1,Female
583,1,Male
584,1,Female
585,1,Male
586,1,Female
587,1,Male
588,1,Male
589,1,Male
590,1,Male
591,1,Male
592,1,Male
593,1,Male
594,1,Male
595,1,Male
596,1,Male
597,1,Female
598,1,Male
599,1,Male
600,1,Male
601,1,Male
602,1,Male
603,1,Female
604,1,Female
605,1,Female
606,1,Male
607,1,Male
608,1,Male
609,1,Male
610,1,Male
611,1,Male
612,1,Male
613,1,Female
614,1,Female
615,1,Male
616,1,Male
617,1,Male
618,1,Male
619,1,Male
620,1,Male
621,1,Male
622,1,Female
623,1,Male
624,1,Male
625,1,Male
626,1,Male
627,1,Male
628,1,Male
629,1,Male
630,1,Male
631,1,Female
632,1,Female
633,1,Female
634,1,Male
635,1,Male
636,1,Male
637,1,Female
638,1,Male
639,1,Male
640,1,Female
641,1,Male
642,1,Male
643,1,Female
644,1,Female
645,1,Male
646,1,Female
647,1,Male
648,1,Male
649,1,Female
650,1,Female
651,1,Male
652,1,Male
653,1,Male
654,1,Male
655,1,Male
656,1,Female
657,1,Male
658,1,Female
659,1,Female
660,1,Male
661,1,Female
662,1,Female
663,1,Male
664,1,Male
665,1,Male
666,1,Male
667,1,Male
668,1,Male
669,1,Female
670,1,Female
671,1,Male
672,1,Female
673,1,Female
674,1,Male
675,1,Female
676,1,Male
677,1,Female
678,1,Male
679,1,Female
680,1,Male
681,1,Female
682,1,Male
683,1,Female
684,1,Male
685,1,Male
686,1,Female
687,1,Male
688,1,Female
689,1,Male
690,1,Male
691,1,Male
692,1,Male
693,1,Male
694,1,Male
695,1,Male
696,1,Male
697,1,Male
698,1,Female
699,1,Female
700,1,Male
701,1,Female
702,1,Female
703,1,Male
704,1,Male
705,1,Male
706,1,Female
707,1,Male
708,1,Female
709,1,Female
710,1,Male
711,1,Female
712,1,Male
713,1,Male
714,1,Female
715,1,Male
716,1,Male
717,1,Female
718,1,Male
719,1,Male
720,1,Female
721,1,Male
722,1,Male
723,1,Female
724,1,Female
725,1,Male
726,1,Male
727,1,Male
728,1,Male
729,1,Female
730,1,Male
731,1,Male
732,1,Male
733,1,Male
734,1,Male
735,1,Male
736,1,Male
737,1,Male
738,1,Male
739,1,Female
740,1,Female
741,1,Male
742,1,Male
743,1,Male
744,1,Male
745,1,Female
746,1,Male
747,1,Male
748,1,Male
749,1,Female
750,1,Female
751,1,Male
752,1,Male
753,1,Male
754,1,Male
755,1,Female
756,1,Male
757,1,Female
758,1,Male
759,1,Male
760,1,Female
761,1,Female
762,1,Male
763,1,Male
764,1,Female
765,1,Male
766,1,Male
767,1,Male
768,1,Male
769,1,Female
770,1,Male
771,1,Male
772,1,Male
773,1,Male
774,1,Male
775,1,Female
776,1,Male
777,1,Male
778,1,Female
779,1,Male
780,1,Male
781,1,Male
782,1,Female
783,1,Female
784,1,Male
785,1,Female
786,1,Male
787,1,Male
788,1,Female
789,1,Male
790,1,Female
791,1,Female
792,1,Female
793,1,Male
794,1,Male
795,1,Male
796,1,Male
797,1,Female
798,1,Male
799,1,Male
800,1,Male
801,1,Male
802,1,Male
803,1,Male
804,1,Male
805,1,Male
806,1,Male
807,1,Male
808,1,Female
809,1,Female
810,1,Male
811,1,Female
812,1,Female
813,1,Male
814,1,Male
815,1,Male
816,1,Female
817,1,Male
818,1,Male
819,1,Female
820,1,Male
821,1,Female
822,1,Male
823,1,Male
824,1,Male
825,1,Male
826,1,Female
827,1,Male
828,1,Male
829,1,Male
830,1,Male
831,1,Female
832,1,Male
833,1,Female
834,1,Male
835,1,Male
836,1,Male
837,1,Male
838,1,Male
839,1,Male
840,1,Male
841,1,Male
842,1,Male
843,1,Male
844,1,Female
845,1,Male
846,1,Male
847,1,Male
848,1,Male
849,1,Male
850,1,Female
851,1,Female
852,1,Male
853,1,Male
854,1,Male
855,1,Female
856,1,Female
857,1,Male
858,1,Male
859,1,Female
860,1,Male
861,1,Male
862,1,Female
863,1,Male
864,1,Male
865,1,Male
866,1,Female
867,1,Male
868,1,Male
869,1,Female
870,1,Male
871,1,Female
872,1,Female
873,1,Female
874,1,Male
875,1,Male
876,1,Female
877,1,Male
878,1,Female
879,1,Female
880,1,Male
881,1,Male
882,1,Male
883,1,Male
884,1,Male
885,1,Male
886,1,Female
887,1,Male
888,1,Female
889,1,Male
890,1,Female
891,1,Male
892,1,Male
893,1,Male
894,1,Male
895,1,Female
896,1,Male
897,1,Male
898,1,Male
899,1,Female
900,1,Female
901,1,Male
902,1,Female
903,1,Male
904,1,Female
905,1,Female
906,1,Male
907,1,Male
908,1,Female
909,1,Female
910,1,Female
911,1,Male
912,1,Female
913,1,Male
914,1,Male
915,1,Male
916,1,Male
917,1,Male
918,1,Male
919,1,Male
920,1,Male
921,1,Male
922,1,Male
923,1,Male
924,1,Male
925,1,Female
926,1,Female
927,1,Male
928,1,Male
929,1,Male
930,1,Male
931,1,Male
932,1,Male
933,1,Female
934,1,Male
935,1,Male
936,1,Male
937,1,Male
938,1,Male
939,1,Female
940,1,Female
941,1,Male
942,1,Male
943,1,Male
944,1,Female
945,1,Male
946,1,Female
947,1,Male
948,1,Male
949,1,Female
950,1,Male
951,1,Female
952,1,Male
953,1,Male
954,1,Female
955,1,Male
956,1,Female
957,1,Female
958,1,Female
959,1,Female
960,1,Male
961,1,Female
962,1,Male
963,1,Male
964,1,Female
965,1,Male
966,1,Male
967,1,Male
968,1,Male
969,1,Male
970,1,Male
971,1,Male
972,1,Male
973,1,Female
974,1,Male
975,1,Male
976,1,Male
977,1,Male
978,1,Male
979,1,Female
980,1,Male
981,1,Male
982,1,Male
983,1,Male
984,1,Male
985,1,Female
986,1,Female
987,1,Male
988,1,Male
989,1,Female
990,1,Male
991,1,Male
992,1,Female
993,1,Male
994,1,Male
995,1,Female
996,1,Female
997,1,Female
998,1,Male
999,1,Male
1000,1,Male
1001,1,Male
1002,1,Male
1003,1,Male
1004,1,Male
1005,1,Male
1006,1,Male
1007,1,Male
1008,1,Male
1009,1,Male
1010,1,Male
1011,1,Male
1012,1,Male
1013,1,Female
1014,1,Female
1015,1,Male
1016,1,Male
1017,1,Male
1018,1,Female
1019,1,Female
1020,1,Male
1021,1,Male
1022,1,Male
1023,1,Male
1024,1,Male
1025,1,Female
1026,1,Male
1027,1,Female
1028,1,Female
1029,1,Male
1030,1,Male
1031,1,Female
1032,1,Male
1033,1,Male
1034,1,Female
1035,1,Male
1036,1,Male
1037,1,Female
1038,1,Female
1039,1,Male
1040,1,Male
1041,1,Male
1042,1,Male
1043,1,Female
1044,1,Female
1045,1,Female
1046,1,Male
1047,1,Male
1048,1,Male
1049,1,Male
1050,1,Male
1051,1,Female
1052,1,Male
1053,1,Female
1054,1,Male
1055,1,Male
1056,1,Male
1057,1,Female
1058,1,Male
1059,1,Male
1060,1,Male
1061,1,Male
1062,1,Female
1063,1,Male
1064,1,Male
1065,1,Male
1066,1,Male
1067,1,Female
1068,1,Male
1069,1,Male
1070,1,Male
1071,1,Male
1072,1,Male
1073,1,Female
1074,1,Female
1075,1,Male
1076,1,Male
1077,1,Male
1078,1,Female
1079,1,Female
1080,1,Male
1081,1,Male
1082,1,Male
1083,1,Female
1084,1,Male
1085,1,Female
1086,1,Male
1087,1,Female
1088,1,Male
1089,1,Male
1090,1,Male
1091,1,Female
1092,1,Male
1093,1,Female
1094,1,Male
1095,1,Male
1096,1,Male
1097,1,Male
1098,1,Male
1099,1,Female
1100,1,Female
1101,1,Male
1102,1,Male
1103,1,Female
1104,1,Male
1105,1,Male
1106,1,Male
1107,1,Male
1108,1,Male
1109,1,Male
1110,1,Male
1111,1,Male
1112,1,Male
1113,1,Male
1114,1,Male
1115,1,Female
1116,1,Male
1117,1,Male
1118,1,Male
1119,1,Male
1120,1,Male
1121,1,Male
1122,1,Male
1123,1,Male
1124,1,Female
1125,1,Female
1126,1,Male
1127,1,Male
1128,1,Female
1129,1,Male
1130,1,Male
1131,1,Female
1132,1,Female
1133,1,Male
1134,1,Female
1135,1,Female
1136,1,Female
1137,1,Female
1138,1,Female
1139,1,Female
1140,1,Male
1141,1,Female
1142,1,Female
1143,1,Male
1144,1,Male
1145,1,Female
1146,1,Male
1147,1,Male
1148,1,Female
1149,1,Female
1150,1,Male
1151,1,Male
1152,1,Female
1153,1,Male
1154,1,Male
1155,1,Female
1156,1,Male
1157,1,Male
1158,1,Male
1159,1,Male
1160,1,Male
1161,1,Female
1162,1,Male
1163,1,Female
1164,1,Male
1165,1,Male
1166,1,Male
1167,1,Male
1168,1,Female
1169,1,Male
1170,1,Female
1171,1,Female
1172,1,Female
1173,1,Male
1174,1,Male
1175,1,Male
1176,1,Male
1177,1,Male
1178,1,Male
1179,1,Female
1180,1,Male
1181,1,Female
1182,1,Male
1183,1,Male
1184,1,Male
1185,1,Male
1186,1,Male
1187,1,Female
1188,1,Male
1189,1,Male
1190,1,Male
1191,1,Male
1192,1,Male
1193,1,Male
1194,1,Male
1195,1,Male
1196,1,Male
1197,1,Female
1198,1,Female
1199,1,Male
1200,1,Male
1201,1,Male
1202,1,Male
1203,1,Female
1204,1,Male
1205,1,Female
1206,1,Male
1207,1,Female
1208,1,Female
1209,1,Male
1210,1,Female
1211,1,Male
1212,1,Male
1213,1,Male
1214,1,Female
1215,1,Male
1216,1,Male
1217,1,Male
1218,1,Male
1219,1,Female
1220,1,Female
1221,1,Female
1222,1,Male
1223,1,Female
1224,1,Male
1225,1,Male
1226,1,Male
1227,1,Female
1228,1,Male
1229,1,Male
1230,1,Female
1231,1,Male
1232,1,Male
1233,1,Female
1234,1,Male
1235,1,Male
1236,1,Male
1237,1,Female
1238,1,Male
1239,1,Male
1240,1,Male
1241,1,Female
1242,1,Male
1243,1,Male
1244,1,Male
1245,1,Male
1246,1,Male
1247,1,Male
1248,1,Male
1249,1,Male
1250,1,Male
1251,1,Female
1252,1,Female
1253,1,Female
1254,1,Female
1255,1,Female
1256,1,Female
1257,1,Male
1258,1,Male
1259,1,Male
1260,1,Female
1261,1,Male
1262,1,Female
1263,1,Female
1264,1,Male
1265,1,Male
1266,1,Male
1267,1,Female
1268,1,Male
1269,1,Male
1270,1,Male
1271,1,Male
1272,1,Male
1273,1,Male
1274,1,Male
1275,1,Male
1276,1,Male
1277,1,Female
1278,1,Female
1279,1,Female
1280,1,Male
1281,1,Male
1282,1,Male
1283,1,Male
1284,1,Male
1285,1,Male
1286,1,Female
1287,1,Male
1288,1,Female
1289,1,Male
1290,1,Male
1291,1,Male
1292,1,Female
1293,1,Male
1294,1,Male
1295,1,Female
1296,1,Male
1297,1,Male
1298,1,Male
1299,1,Male
1300,1,Male
1301,1,Male
1302,1,Male
1303,1,Female
1304,1,Female
1305,1,Male
1306,1,Female
1307,1,Male
1308,1,Male
1309,1,Male
1310,1,Male
1311,1,Female
1312,1,Male
1313,1,Male
1314,1,Female
1315,1,Female
1316,1,Male
1317,1,Male
1318,1,Female
1319,1,Male
1320,1,Female
1321,1,Female
1322,1,Male
1323,1,Male
1324,1,Male
1325,1,Male
1326,1,Male
1327,1,Male
1328,1,Male
1329,1,Male
1330,1,Male
1331,1,Male
1332,1,Male
1333,1,Male
1334,1,Male
1335,1,Male
1336,1,Female
1337,1,Male
1338,1,Male
1339,1,Male
1340,1,Male
1341,1,Male
1342,1,Male
1343,1,Male
1344,1,Male
1345,1,Male
1346,1,Male
1347,1,Female
1348,1,Male
1349,1,Male
1350,1,Male
1351,1,Male
1352,1,Female
1353,1,Male
1354,1,Female
1355,1,Male
1356,1,Female
1357,1,Female
1358,1,Female
1359,1,Male
1360,1,Male
1361,1,Male
1362,1,Male
1363,1,Male
1364,1,Male
1365,1,Male
1366,1,Male
1367,1,Female
1368,1,Female
1369,1,Male
1370,1,Male
1371,1,Female
1372,1,Male
1373,1,Male
1374,1,Male
1375,1,Male
1376,1,Male
1377,1,Female
1378,1,Male
1379,1,Male
1380,1,Male
1381,1,Male
1382,1,Male
1383,1,Male
1384,1,Male
1385,1,Male
1386,1,Male
1387,1,Female
1388,1,Male
1389,1,Male
1390,1,Male
1391,1,Male
1392,1,Male
1393,1,Male
1394,1,Male
1395,1,Male
1396,1,Female
1397,1,Male
1398,1,Male
1399,1,Male
1400,1,Female
1401,1,Female
1402,1,Female
1403,1,Male
1404,1,Male
1405,1,Male
1406,1,Male
1407,1,Male
1408,1,Female
1409,1,Male
1410,1,Male
1411,1,Female
1412,1,Male
1413,1,Female
1414,1,Female
1415,1,Male
1416,1,Male
1417,1,Female
1418,1,Male
1419,1,Female
1420,1,Male
1421,1,Male
1422,1,Male
1423,1,Male
1424,1,Male
1425,1,Male
1426,1,Male
1427,1,Female
1428,1,Female
1429,1,Male
1430,1,Female
1431,1,Female
1432,1,Male
1433,1,Male
1434,1,Male
1435,1,Female
1436,1,Male
1437,1,Male
1438,1,Male
1439,1,Female
1440,1,Female
1441,1,Male
1442,1,Male
1443,1,Male
1444,1,Male
1445,1,Male
1446,1,Male
1447,1,Male
1448,1,Male
1449,1,Male
1450,1,Male
1451,1,Male
1452,1,Male
1453,1,Male
1454,1,Male
1455,1,Male
1456,1,Male
1457,1,Male
1458,1,Female
1459,1,Female
1460,1,Male
1461,1,Male
1462,1,Male
1463,1,Male
1464,1,Female
1465,1,Female
1466,1,Male
1467,1,Male
1468,1,Male
1469,1,Female
1470,1,Female
1471,1,Male
1472,1,Male
1473,1,Male
1474,1,Male
1475,1,Male
1476,1,Male
1477,1,Female
1478,1,Female
1479,1,Male
1480,1,Male
1481,1,Male
1482,1,Male
1483,1,Male
1484,1,Female
1485,1,Male
1486,1,Male
1487,1,Male
1488,1,Male
1489,1,Female
1490,1,Male
1491,1,Female
1492,1,Male
1493,1,Male
1494,1,Female
1495,1,Female
1496,1,Male
1497,1,Female
1498,1,Male
1499,1,Male
1500,1,Male
1501,1,Male
1502,1,Female
1503,1,Female
1504,1,Male
1505,1,Male
1506,1,Female
1507,1,Male
1508,1,Male
1509,1,Male
1510,1,Female
1511,1,Female
1512,1,Male
1513,1,Male
1514,1,Male
1515,1,Female
1516,1,Male
1517,1,Male
1518,1,Male
1519,1,Male
1520,1,Male
1521,1,Male
1522,1,Male
1523,1,Male
1524,1,Male
1525,1,Male
1526,1,Male
1527,1,Male
1528,1,Male
1529,1,Male
1530,1,Male
1531,1,Male
1532,1,Male
1533,1,Male
1534,1,Male
1535,1,Male
1536,1,Male
1537,1,Male
1538,1,Female
1539,1,Male
1540,1,Male
1541,1,Male
1542,1,Male
1543,1,Female
1544,1,Male
1545,1,Male
1546,1,Female
1547,1,Male
1548,1,Male
1549,1,Female
1550,1,Male
1551,1,Female
1552,1,Male
1553,1,Female
1554,1,Female
1555,1,Male
1556,1,Female
1557,1,Male
1558,1,Male
1559,1,Female
1560,1,Male
1561,1,Male
1562,1,Male
1563,1,Female
1564,1,Female
1565,1,Male
1566,1,Female
1567,1,Male
1568,1,Male
1569,1,Male
1570,1,Male
1571,1,Female
1572,1,Male
1573,1,Male
1574,1,Male
1575,1,Female
1576,1,Female
1577,1,Male
1578,1,Male
1579,1,Male
1580,1,Female
1581,1,Male
1582,1,Male
1583,1,Male
1584,1,Female
1585,1,Male
1586,1,Male
1587,1,Male
1588,1,Female
1589,1,Male
1590,1,Male
1591,1,Male
1592,1,Male
1593,1,Male
1594,1,Male
1595,1,Male
1596,1,Male
1597,1,Female
1598,1,Male
1599,1,Male
1600,1,Female
1601,1,Female
1602,1,Female
1603,1,Male
1604,1,Female
1605,1,Male
1606,1,Female
1607,1,Female
1608,1,Female
1609,1,Female
1610,1,Male
1611,1,Female
1612,1,Female
1613,1,Male
1614,1,Female
1615,1,Male
1616,1,Male
1617,1,Female
1618,1,Female
1619,1,Female
1620,1,Male
1621,1,Female
1622,1,Female
1623,1,Male
1624,1,Male
1625,1,Male
1626,1,Male
1627,1,Male
1628,1,Male
1629,1,Male
1630,1,Female
1631,1,Male
1632,1,Male
1633,1,Male
1634,1,Male
1635,1,Male
1636,1,Male
1637,1,Male
1638,1,Male
1639,1,Male
1640,1,Female
1641,1,Female
1642,1,Male
1643,1,Female
1644,1,Female
1645,1,Male
1646,1,Male
1647,1,Female
1648,1,Female
1649,1,Male
1650,1,Male
1651,1,Male
1652,1,Male
1653,1,Male
1654,1,Female
1655,1,Male
1656,1,Female
1657,1,Female
1658,1,Male
1659,1,Male
1660,1,Male
1661,1,Male
1662,1,Male
1663,1,Male
1664,1,Male
1665,1,Male
1666,1,Male
1667,1,Male
1668,1,Female
1669,1,Male
1670,1,Male
1671,1,Male
1672,1,Female
1673,1,Male
1674,1,Male
1675,1,Male
1676,1,Male
1677,1,Male
1678,1,Male
1679,1,Female
1680,1,Female
1681,1,Female
1682,1,Female
1683,1,Male
1684,1,Female
1685,1,Male
1686,1,Female
1687,1,Male
1688,1,Female
1689,1,Male
1690,1,Male
1691,1,Male
1692,1,Male
1693,1,Male
1694,1,Male
1695,1,Female
1696,1,Male
1697,1,Male
1698,1,Male
1699,1,Female
1700,1,Female
1701,1,Male
1702,1,Male
1703,1,Male
1704,1,Male
1705,1,Male
1706,1,Female
1707,1,Female
1708,1,Female
1709,1,Male
1710,1,Female
1711,1,Male
1712,1,Male
1713,1,Male
1714,1,Male
1715,1,Male
1716,1,Male
1717,1,Female
1718,1,Male
1719,1,Male
1720,1,Male
1721,1,Male
1722,1,Male
1723,1,Male
1724,1,Male
1725,1,Male
1726,1,Male
1727,1,Male
1728,1,Female
1729,1,Male
1730,1,Male
1731,1,Female
1732,1,Male
1733,1,Male
1734,1,Female
1735,1,Female
1736,1,Male
1737,1,Male
1738,1,Female
1739,1,Male
1740,1,Female
1741,1,Male
1742,1,Male
1743,1,Male
1744,1,Male
1745,1,Male
1746,1,Male
1747,1,Male
1748,1,Male
1749,1,Female
1750,1,Male
1751,1,Female
1752,1,Male
1753,1,Male
1754,1,Female
1755,1,Female
1756,1,Male
1757,1,Male
1758,1,Male
1759,1,Male
1760,1,Male
1761,1,Male
1762,1,Male
1763,1,Male
1764,1,Male
1765,1,Male
1766,1,Male
1767,1,Female
1768,1,Female
1769,1,Male
1770,1,Male
1771,1,Female
1772,1,Male
1773,1,Male
1774,1,Male
1775,1,Male
1776,1,Male
1777,1,Male
1778,1,Female
1779,1,Female
1780,1,Male
1781,1,Male
1782,1,Male
1783,1,Female
1784,1,Male
1785,1,Female
1786,1,Male
1787,1,Male
1788,1,Female
1789,1,Female
1790,1,Female
1791,1,Male
1792,1,Female
1793,1,Female
1794,1,Male
1795,1,Male
1796,1,Male
1797,1,Male
1798,1,Male
1799,1,Male
1800,1,Male
1801,1,Male
1802,1,Male
1803,1,Female
1804,1,Female
1805,1,Male
1806,1,Male
1807,1,Male
1808,1,Male
1809,1,Male
1810,1,Male
1811,1,Female
1812,1,Male
1813,1,Female
1814,1,Male
1815,1,Male
1816,1,Male
1817,1,Male
1818,1,Male
1819,1,Male
1820,1,Male
1821,1,Male
1822,1,Female
1823,1,Male
1824,1,Male
1825,1,Female
1826,1,Male
1827,1,Female
1828,1,Male
1829,1,Male
1830,1,Male
1831,1,Male
1832,1,Male
1833,1,Female
1834,1,Male
1835,1,Male
1836,1,Male
1837,1,Female
1838,1,Male
1839,1,Male
1840,1,Female
1841,1,Male
1842,1,Male
1843,1,Male
1844,1,Female
1845,1,Male
1846,1,Female
1847,1,Male
1848,1,Male
1849,1,Female
1850,1,Male
1851,1,Male
1852,1,Female
1853,1,Female
1854,1,Female
1855,1,Female
1856,1,Female
1857,1,Male
1858,1,Male
1859,1,Male
1860,1,Male
1861,1,Male
1862,1,Female
1863,1,Male
1864,1,Male
1865,1,Female
1866,1,Male
1867,1,Male
1868,1,Male
1869,1,Male
1870,1,Male
1871,1,Female
1872,1,Female
1873,1,Male
1874,1,Male
1875,1,Male
1876,1,Female
1877,1,Male
1878,1,Male
1879,1,Male
1880,1,Male
1881,1,Female
1882,1,Male
1883,1,Male
1884,1,Male
1885,1,Male
1886,1,Male
1887,1,Male
1888,1,Female
1889,1,Female
1890,1,Male
1891,1,Male
1892,1,Male
1893,1,Female
1894,1,Male
1895,1,Male
1896,1,Male
1897,1,Male
1898,1,Female
1899,1,Female
1900,1,Female
1901,1,Male
1902,1,Female
1903,1,Female
1904,1,Male
1905,1,Female
1906,1,Female
1907,1,Male
1908,1,Male
1909,1,Male
1910,1,Male
1911,1,Male
1912,1,Male
1913,1,Female
1914,1,Male
1915,1,Male
1916,1,Male
1917,1,Female
1918,1,Male
1919,1,Female
1920,1,Male
1921,1,Male
1922,1,Male
1923,1,Male
1924,1,Female
1925,1,Male
1926,1,Male
1927,1,Male
1928,1,Male
1929,1,Male
1930,1,Male
1931,1,Female
1932,1,Male
1933,1,Female
1934,1,Male
1935,1,Female
1936,1,Male
1937,1,Male
1938,1,Female
1939,1,Male
1940,1,Male
1941,1,Male
1942,1,Female
1943,1,Female
1944,1,Female
1945,1,Male
1946,1,Female
1947,1,Male
1948,1,Female
1949,1,Male
1950,1,Female
1951,1,Female
1952,1,Male
1953,1,Male
1954,1,Female
1955,1,Male
1956,1,Male
1957,1,Female
1958,1,Male
1959,1,Female
1960,1,Female
1961,1,Female
1962,1,Female
1963,1,Male
1964,1,Female
1965,1,Female
1966,1,Female
1967,1,Female
1968,1,Male
1969,1,Female
1970,1,Male
1971,1,Female
1972,1,Female
1973,1,Male
1974,1,Male
1975,1,Female
1976,1,Male
1977,1,Male
1978,1,Male
1979,1,Male
1980,1,Male
1981,1,Male
1982,1,Female
1983,1,Male
1984,1,Male
1985,1,Male
1986,1,Male
1987,1,Male
1988,1,Female
1989,1,Male
1990,1,Female
1991,1,Male
1992,1,Male
1993,1,Male
1994,1,Female
1995,1,Male
1996,1,Female
1997,1,Male
1998,1,Male
1999,1,Male
2000,1,Female
2001,1,Male
2002,1,Female
2003,1,Male
2004,1,Male
2005,1,Female
2006,1,Male
2007,1,Male
2008,1,Male
2009,1,Male
2010,1,Male
2011,1,Male
2012,1,Male
2013,1,Female
2014,1,Male
2015,1,Female
2016,1,Female
2017,1,Male
2018,1,Male
2019,1,Male
2020,1,Male
2021,1,Female
2022,1,Female
2023,1,Male
2024,1,Male
2025,1,Male
2026,1,Female
2027,1,Female
2028,1,Female
2029,1,Female
2030,1,Male
2031,1,Female
2032,1,Male
2033,1,Male
2034,1,Female
2035,1,Male
2036,1,Male
2037,1,Male
2038,1,Female
2039,1,Male
2040,1,Female
2041,1,Female
2042,1,Male
2043,1,Female
2044,1,Male
2045,1,Male
2046,1,Male
2047,1,Female
2048,1,Female
2049,1,Female
2050,1,Male
2051,1,Male
2052,1,Female
2053,1,Male
2054,1,Male
2055,1,Male
2056,1,Female
2057,1,Female
2058,1,Male
2059,1,Female
2060,1,Male
2061,1,Male
2062,1,Male
2063,1,Male
2064,1,Male
2065,1,Female
2066,1,Male
2067,1,Male
2068,1,Female
2069,1,Male
2070,1,Male
2071,1,Female
2072,1,Female
2073,1,Male
2074,1,Female
2075,1,Male
2076,1,Male
2077,1,Male
2078,1,Female
2079,1,Male
2080,1,Male
2081,1,Male
2082,1,Male
2083,1,Female
2084,1,Male
2085,1,Male
2086,1,Male
2087,1,Male
2088,1,Female
2089,1,Male
2090,1,Male
2091,1,Male
2092,1,Male
2093,1,Female
2094,1,Male
2095,1,Male
2096,1,Male
2097,1,Female
2098,1,Male
2099,1,Female
2100,1,Female
2101,1,Female
2102,1,Male
2103,1,Female
2104,1,Male
2105,1,Female
2106,1,Male
2107,1,Male
2108,1,Female
2109,1,Male
2110,1,Female
2111,1,Male
2112,1,Male
2113,1,Female
2114,1,Male
2115,1,Male
2116,1,Female
2117,1,Male
2118,1,Female
2119,1,Male
2120,1,Female
2121,1,Male
2122,1,Male
2123,1,Male
2124,1,Female
2125,1,Male
2126,1,Male
2127,1,Male
2128,1,Female
2129,1,Male
2130,1,Male
2131,1,Female
2132,1,Female
2133,1,Female
2134,1,Male
2135,1,Male
2136,1,Male
2137,1,Male
2138,1,Male
2139,1,Male
2140,1,Male
2141,1,Male
2142,1,Male
2143,1,Male
2144,1,Male
2145,1,Male
2146,1,Male
2147,1,Female
2148,1,Male
2149,1,Male
2150,1,Male
2151,1,Male
2152,1,Female
2153,1,Male
2154,1,Male
2155,1,Female
2156,1,Male
2157,1,Male
2158,1,Male
2159,1,Female
2160,1,Male
2161,1,Male
2162,1,Male
2163,1,Male
2164,1,Male
2165,1,Male
2166,1,Female
2167,1,Female
2168,1,Male
2169,1,Male
2170,1,Male
2171,1,Male
2172,1,Male
2173,1,Male
2174,1,Male
2175,1,Male
2176,1,Male
2177,1,Female
2178,1,Male
2179,1,Female
2180,1,Male
2181,1,Male
2182,1,Male
2183,1,Male
2184,1,Male
2185,1,Female
2186,1,Female
2187,1,Male
2188,1,Female
2189,1,Male
2190,1,Male
2191,1,Female
2192,1,Female
2193,1,Male
2194,1,Male
2195,1,Male
2196,1,Male
2197,1,Male
2198,1,Male
2199,1,Male
2200,1,Male
2201,1,Male
2202,1,Female
2203,1,Male
2204,1,Female
2205,1,Female
2206,1,Male
2207,1,Female
2208,1,Male
2209,1,Male
2210,1,Male
2211,1,Male
2212,1,Male
2213,1,Male
2214,1,Female
2215,1,Male
2216,1,Male
2217,1,Male
2218,1,Female
2219,1,Male
2220,1,Male
2221,1,Male
2222,1,Male
2223,1,Male
2224,1,Female
2225,1,Male
2226,1,Male
2227,1,Female
2228,1,Male
2229,1,Male
2230,1,Male
2231,1,Male
2232,1,Male
2233,1,Female
2234,1,Male
2235,1,Male
2236,1,Male
2237,1,Male
2238,1,Male
2239,1,Male
2240,1,Female
2241,1,Male
2242,1,Male
2243,1,Female
2244,1,Male
2245,1,Male
2246,1,Male
2247,1,Female
2248,1,Male
2249,1,Male
2250,1,Male
2251,1,Male
2252,1,Female
2253,1,Female
2254,1,Female
2255,1,Female
2256,1,Female
2257,1,Male
2258,1,Female
2259,1,Female
2260,1,Female
2261,1,Male
2262,1,Male
2263,1,Female
2264,1,Male
2265,1,Male
2266,1,Male
2267,1,Male
2268,1,Male
2269,1,Male
2270,1,Female
2271,1,Female
2272,1,Male
2273,1,Female
2274,1,Male
2275,1,Female
2276,1,Female
2277,1,Male
2278,1,Male
2279,1,Female
2280,1,Male
2281,1,Male
2282,1,Male
2283,1,Male
2284,1,Male
2285,1,Male
2286,1,Male
2287,1,Male
2288,1,Male
2289,1,Female
2290,1,Male
2291,1,Female
2292,1,Male
2293,1,Female
2294,1,Male
2295,1,Male
2296,1,Male
2297,1,Male
2298,1,Male
2299,1,Male
2300,1,Female
2301,1,Male
2302,1,Female
2303,1,Female
2304,1,Male
2305,1,Male
2306,1,Male
2307,1,Male
2308,1,Male
2309,1,Male
2310,1,Female
2311,1,Male
2312,1,Male
2313,1,Female
2314,1,Male
2315,1,Male
2316,1,Male
2317,1,Male
2318,1,Female
2319,1,Male
2320,1,Male
2321,1,Female
2322,1,Female
2323,1,Male
2324,1,Male
2325,1,Female
2326,1,Female
2327,1,Male
2328,1,Male
2329,1,Male
2330,1,Female
2331,1,Male
2332,1,Male
2333,1,Male
2334,1,Female
2335,1,Female
2336,1,Male
2337,1,Male
2338,1,Male
2339,1,Female
2340,1,Male
2341,1,Female
2342,1,Female
2343,1,Female
2344,1,Male
2345,1,Male
2346,1,Female
2347,1,Male
2348,1,Male
2349,1,Male
2350,1,Female
2351,1,Male
2352,1,Female
2353,1,Female
2354,1,Female
2355,1,Male
2356,1,Female
2357,1,Male
2358,1,Male
2359,1,Male
2360,1,Male
2361,1,Male
2362,1,Female
2363,1,Male
2364,1,Female
2365,1,Male
2366,1,Female
2367,1,Male
2368,1,Male
2369,1,Female
2370,1,Male
2371,1,Male
2372,1,Male
2373,1,Female
2374,1,Male
2375,1,Male
2376,1,Female
2377,1,Male
2378,1,Male
2379,1,Female
2380,1,Female
2381,1,Female
2382,1,Male
2383,1,Male
2384,1,Male
2385,1,Male
2386,1,Female
2387,1,Female
2388,1,Male
2389,1,Male
2390,1,Male
2391,1,Female
2392,1,Male
2393,1,Female
2394,1,Male
2395,1,Male
2396,1,Male
2397,1,Male
2398,1,Female
2399,1,Male
2400,1,Female
2401,1,Male
2402,1,Male
2403,1,Male
2404,1,Male
2405,1,Male
2406,1,Female
2407,1,Male
2408,1,Male
2409,1,Male
2410,1,Male
2411,1,Male
2412,1,Male
2413,1,Male
2414,1,Male
2415,1,Male
2416,1,Male
2417,1,Female
2418,1,Female
2419,1,Male
2420,1,Female
2421,1,Female
2422,1,Male
2423,1,Female
2424,1,Male
2425,1,Female
2426,1,Male
2427,1,Female
2428,1,Female
2429,1,Female
2430,1,Male
2431,1,Male
2432,1,Male
2433,1,Male
2434,1,Female
2435,1,Female
2436,1,Female
2437,1,Male
2438,1,Male
2439,1,Male
2440,1,Male
2441,1,Female
2442,1,Female
2443,1,Female
2444,1,Male
2445,1,Male
2446,1,Male
2447,1,Female
2448,1,Female
2449,1,Male
2450,1,Male
2451,1,Male
2452,1,Male
2453,1,Male
2454,1,Male
2455,1,Female
2456,1,Female
2457,1,Male
2458,1,Male
2459,1,Male
2460,1,Male
2461,1,Male
2462,1,Female
2463,1,Male
2464,1,Male
2465,1,Male
2466,1,Male
2467,1,Male
2468,1,Male
2469,1,Male
2470,1,Male
2471,1,Male
2472,1,Male
2473,1,Male
2474,1,Male
2475,1,Female
2476,1,Male
2477,1,Female
2478,1,Male
2479,1,Male
2480,1,Female
2481,1,Female
2482,1,Male
2483,1,Male
2484,1,Female
2485,1,Female
2486,1,Male
2487,1,Male
2488,1,Male
2489,1,Female
2490,1,Male
2491,1,Female
2492,1,Female
2493,1,Male
2494,1,Male
2495,1,Female
2496,1,Male
2497,1,Male
2498,1,Female
2499,1,Female
2500,1,Female
2501,1,Male
2502,1,Female
2503,1,Female
2504,1,Male
2505,1,Female
2506,1,Male
2507,1,Male
2508,1,Female
2509,1,Male
2510,1,Male
2511,1,Female
2512,1,Female
2513,1,Female
2514,1,Male
2515,1,Male
2516,1,Male
2517,1,Male
2518,1,Male
2519,1,Male
2520,1,Female
2521,1,Male
2522,1,Male
2523,1,Female
2524,1,Male
2525,1,Male
2526,1,Male
2527,1,Male
2528,1,Female
2529,1,Male
2530,1,Male
2531,1,Male
2532,1,Male
2533,1,Male
2534,1,Female
2535,1,Female
2536,1,Female
2537,1,Male
2538,1,Male
2539,1,Female
2540,1,Male
2541,1,Female
2542,1,Female
2543,1,Male
2544,1,Male
2545,1,Male
2546,1,Male
2547,1,Male
2548,1,Female
2549,1,Male
2550,1,Male
2551,1,Male
2552,1,Female
2553,1,Male
2554,1,Male
2555,1,Female
2556,1,Male
2557,1,Female
2558,1,Female
2559,1,Male
2560,1,Female
2561,1,Female
2562,1,Male
2563,1,Female
2564,1,Female
2565,1,Male
2566,1,Male
2567,1,Male
2568,1,Male
2569,1,Male
2570,1,Female
2571,1,Male
2572,1,Male
2573,1,Female
2574,1,Male
2575,1,Male
2576,1,Female
2577,1,Female
2578,1,Female
2579,1,Male
2580,1,Female
2581,1,Female
2582,1,Male
2583,1,Male
2584,1,Male
2585,1,Male
2586,1,Male
2587,1,Female
2588,1,Female
2589,1,Male
2590,1,Male
2591,1,Male
2592,1,Male
2593,1,Male
2594,1,Female
2595,1,Male
2596,1,Male
2597,1,Male
2598,1,Male
2599,1,Male
2600,1,Male
2601,1,Male
2602,1,Male
2603,1,Female
2604,1,Female
2605,1,Male
2606,1,Female
2607,1,Female
2608,1,Male
2609,1,Male
2610,1,Female
2611,1,Male
2612,1,Male
2613,1,Male
2614,1,Male
2615,1,Male
2616,1,Male
2617,1,Female
2618,1,Male
2619,1,Female
2620,1,Female
2621,1,Female
2622,1,Male
2623,1,Female
2624,1,Male
2625,1,Male
2626,1,Female
2627,1,Male
2628,1,Male
2629,1,Female
2630,1,Male
2631,1,Male
2632,1,Female
2633,1,Male
2634,1,Male
2635,1,Male
2636,1,Male
2637,1,Male
2638,1,Female
2639,1,Female
2640,1,Male
2641,1,Male
2642,1,Male
2643,1,Male
2644,1,Male
2645,1,Male
2646,1,Female
2647,1,Male
2648,1,Female
2649,1,Male
2650,1,Male
2651,1,Female
2652,1,Female
2653,1,Male
2654,1,Female
2655,1,Female
2656,1,Male
2657,1,Female
2658,1,Male
2659,1,Female
2660,1,Male
2661,1,Female
2662,1,Male
2663,1,Female
2664,1,Male
2665,1,Male
2666,1,Male
2667,1,Male
2668,1,Male
2669,1,Female
2670,1,Female
2671,1,Female
2672,1,Female
2673,1,Male
2674,1,Female
2675,1,Female
2676,1,Female
2677,1,Female
2678,1,Female
2679,1,Female
2680,1,Male
2681,1,Male
2682,1,Male
2683,1,Male
2684,1,Male
2685,1,Male
2686,1,Male
2687,1,Male
2688,1,Female
2689,1,Female
2690,1,Female
2691,1,Male
2692,1,Male
2693,1,Male
2694,1,Male
2695,1,Male
2696,1,Male
2697,1,Male
2698,1,Female
2699,1,Male
2700,1,Female
2701,1,Male
2702,1,Male
2703,1,Male
2704,1,Female
2705,1,Male
2706,1,Female
2707,1,Male
2708,1,Male
2709,1,Male
2710,1,Female
2711,1,Male
2712,1,Female
2713,1,Male
2714,1,Male
2715,1,Female
2716,1,Female
2717,1,Male
2718,1,Male
2719,1,Male
2720,1,Male
2721,1,Female
2722,1,Male
2723,1,Male
2724,1,Female
2725,1,Male
2726,1,Male
2727,1,Male
2728,1,Male
2729,1,Male
2730,1,Male
2731,1,Male
2732,1,Female
2733,1,Male
2734,1,Male
2735,1,Male
2736,1,Female
2737,1,Male
2738,1,Male
2739,1,Male
2740,1,Male
2741,1,Female
2742,1,Female
2743,1,Male
2744,1,Male
2745,1,Male
2746,1,Male
2747,1,Male
2748,1,Male
2749,1,Female
2750,1,Female
2751,1,Male
2752,1,Male
2753,1,Male
2754,1,Female
2755,1,Male
2756,1,Male
2757,1,Male
2758,1,Female
2759,1,Female
2760,1,Female
2761,1,Female
2762,1,Male
2763,1,Male
2764,1,Male
2765,1,Female
2766,1,Male
2767,1,Male
2768,1,Female
2769,1,Male
2770,1,Male
2771,1,Male
2772,1,Male
2773,1,Male
2774,1,Female
2775,1,Male
2776,1,Male
2777,1,Male
2778,1,Female
2779,1,Male
2780,1,Male
2781,1,Male
2782,1,Male
2783,1,Male
2784,1,Female
2785,1,Female
2786,1,Male
2787,1,Male
2788,1,Male
2789,1,Female
2790,1,Female
2791,1,Male
2792,1,Male
2793,1,Female
2794,1,Male
2795,1,Female
2796,1,Male
2797,1,Male
2798,1,Male
2799,1,Male
2800,1,Male
2801,1,Male
2802,1,Male
2803,1,Female
2804,1,Male
2805,1,Male
2806,1,Male
2807,1,Male
2808,1,Male
2809,1,Male
2810,1,Female
2811,1,Male
2812,1,Male
2813,1,Female
2814,1,Male
2815,1,Male
2816,1,Male
2817,1,Male
2818,1,Female
2819,1,Male
2820,1,Female
2821,1,Female
2822,1,Male
2823,1,Male
2824,1,Male
2825,1,Female
2826,1,Male
2827,1,Male
2828,1,Male
2829,1,Male
2830,1,Male
2831,1,Female
2832,1,Male
2833,1,Male
2834,1,Male
2835,1,Male
2836,1,Female
2837,1,Female
2838,1,Male
2839,1,Female
2840,1,Male
2841,1,Male
2842,1,Male
2843,1,Female
2844,1,Male
2845,1,Female
2846,1,Female
2847,1,Female
2848,1,Male
2849,1,Male
2850,1,Female
2851,1,Female
2852,1,Male
2853,1,Male
2854,1,Male
2855,1,Male
2856,1,Female
2857,1,Male
2858,1,Male
2859,1,Male
2860,1,Male
2861,1,Male
2862,1,Male
2863,1,Male
2864,1,Male
2865,1,Male
2866,1,Female
2867,1,Male
2868,1,Female
2869,1,Female
2870,1,Female
2871,1,Male
2872,1,Male
2873,1,Male
2874,1,Male
2875,1,Female
2876,1,Female
2877,1,Male
2878,1,Male
2879,1,Male
2880,1,Male
2881,1,Male
2882,1,Male
2883,1,Female
2884,1,Male
2885,1,Male
2886,1,Male
2887,1,Male
2888,1,Male
2889,1,Male
2890,1,Male
2891,1,Female
2892,1,Male
2893,1,Male
2894,1,Male
2895,1,Male
2896,1,Male
2897,1,Male
2898,1,Male
2899,1,Male
2900,1,Male
2901,1,Male
2902,1,Male
2903,1,Male
2904,1,Male
2905,1,Male
2906,1,Male
2907,1,Female
2908,1,Female
2909,1,Male
2910,1,Male
2911,1,Male
2912,1,Female
2913,1,Male
2914,1,Male
2915,1,Female
2916,1,Male
2917,1,Male
2918,1,Female
2919,1,Male
2920,1,Female
2921,1,Female
2922,1,Male
2923,1,Male
2924,1,Male
2925,1,Female
2926,1,Female
2927,1,Male
2928,1,Male
2929,1,Female
2930,1,Male
2931,1,Male
2932,1,Female
2933,1,Female
2934,1,Female
2935,1,Male
2936,1,Male
2937,1,Male
2938,1,Male
2939,1,Female
2940,1,Male
2941,1,Male
2942,1,Male
2943,1,Female
2944,1,Male
2945,1,Male
2946,1,Male
2947,1,Male
2948,1,Female
2949,1,Male
2950,1,Male
2951,1,Male
2952,1,Male
2953,1,Male
2954,1,Male
2955,1,Male
2956,1,Male
2957,1,Female
2958,1,Male
2959,1,Male
2960,1,Male
2961,1,Male
2962,1,Female
2963,1,Male
2964,1,Male
2965,1,Male
2966,1,Male
2967,1,Female
2968,1,Female
2969,1,Female
2970,1,Male
2971,1,Male
2972,1,Male
2973,1,Male
2974,1,Female
2975,1,Male
2976,1,Male
2977,1,Male
2978,1,Male
2979,1,Male
2980,1,Male
2981,1,Male
2982,1,Male
2983,1,Male
2984,1,Female
2985,1,Female
2986,1,Male
2987,1,Male
2988,1,Male
2989,1,Male
2990,1,Female
2991,1,Male
2992,1,Male
2993,1,Male
2994,1,Female
2995,1,Male
2996,1,Male
2997,1,Male
2998,1,Male
2999,1,Male
3000,1,Female
3001,1,Male
3002,1,Male
3003,1,Male
3004,1,Male
3005,1,Female
3006,1,Female
3007,1,Male
3008,1,Male
3009,1,Female
3010,1,Male
3011,1,Male
3012,1,Male
3013,1,Female
3014,1,Male
3015,1,Male
3016,1,Male
3017,1,Male
3018,1,Male
3019,1,Male
3020,1,Female
3021,1,Male
3022,1,Male
3023,1,Female
3024,1,Female
3025,1,Male
3026,1,Female
3027,1,Female
3028,1,Female
3029,1,Female
3030,1,Male
3031,1,Male
3032,1,Female
3033,1,Male
3034,1,Male
3035,1,Female
3036,1,Male
3037,1,Male
3038,1,Female
3039,1,Male
3040,1,Male
3041,1,Female
3042,1,Male
3043,1,Female
3044,1,Male
3045,1,Male
3046,1,Male
3047,1,Male
3048,1,Female
3049,1,Male
3050,1,Male
3051,1,Male
3052,1,Female
3053,1,Female
3054,1,Female
3055,1,Male
3056,1,Male
3057,1,Female
3058,1,Male
3059,1,Female
3060,1,Male
3061,1,Male
3062,1,Female
3063,1,Female
3064,1,Male
3065,1,Female
3066,1,Male
3067,1,Female
3068,1,Female
3069,1,Male
3070,1,Male
3071,1,Female
3072,1,Female
3073,1,Male
3074,1,Male
3075,1,Female
3076,1,Male
3077,1,Female
3078,1,Male
3079,1,Male
3080,1,Male
3081,1,Female
3082,1,Female
3083,1,Male
3084,1,Male
3085,1,Female
3086,1,Female
3087,1,Female
3088,1,Male
3089,1,Female
3090,1,Male
3091,1,Male
3092,1,Male
3093,1,Male
3094,1,Male
3095,1,Male
3096,1,Female
3097,1,Female
3098,1,Male
3099,1,Male
3100,1,Male
3101,1,Male
3102,1,Male
3103,1,Female
3104,1,Male
3105,1,Male
3106,1,Male
3107,1,Male
3108,1,Female
3109,1,Male
3110,1,Male
3111,1,Male
3112,1,Male
3113,1,Male
3114,1,Female
3115,1,Male
3116,1,Male
3117,1,Female
3118,1,Male
3119,1,Female
3120,1,Male
3121,1,Male
3122,1,Male
3123,1,Male
3124,1,Male
3125,1,Male
3126,1,Male
3127,1,Male
3128,1,Male
3129,1,Male
3130,1,Male
3131,1,Female
3132,1,Male
3133,1,Female
3134,1,Male
3135,1,Male
3136,1,Male
3137,1,Male
3138,1,Male
3139,1,Female
3140,1,Male
3141,1,Male
3142,1,Male
3143,1,Female
3144,1,Female
3145,1,Male
3146,1,Male
3147,1,Male
3148,1,Male
3149,1,Male
3150,1,Male
3151,1,Female
3152,1,Female
3153,1,Female
3154,1,Male
3155,1,Male
3156,1,Female
3157,1,Male
3158,1,Male
3159,1,Male
3160,1,Male
3161,1,Male
3162,1,Male
3163,1,Male
3164,1,Male
3165,1,Male
3166,1,Male
3167,1,Male
3168,1,Male
3169,1,Male
3170,1,Female
3171,1,Male
3172,1,Female
3173,1,Female
3174,1,Female
3175,1,Male
3176,1,Female
3177,1,Male
3178,1,Male
3179,1,Male
3180,1,Male
3181,1,Male
3182,1,Male
3183,1,Male
3184,1,Male
3185,1,Female
3186,1,Male
3187,1,Male
3188,1,Male
3189,1,Female
3190,1,Male
3191,1,Female
3192,1,Male
3193,1,Male
3194,1,Male
3195,1,Female
3196,1,Female
3197,1,Male
3198,1,Female
3199,1,Female
3200,1,Male
3201,1,Male
3202,1,Female
3203,1,Female
3204,1,Female
3205,1,Male
3206,1,Female
3207,1,Male
3208,1,Female
3209,1,Female
3210,1,Male
3211,1,Male
3212,1,Male
3213,1,Male
3214,1,Male
3215,1,Female
3216,1,Male
3217,1,Female
3218,1,Female
3219,1,Male
3220,1,Male
3221,1,Male
3222,1,Male
3223,1,Female
3224,1,Female
3225,1,Female
3226,1,Female
3227,1,Male
3228,1,Female
3229,1,Female
3230,1,Male
3231,1,Male
3232,1,Female
3233,1,Male
3234,1,Male
3235,1,Male
3236,1,Male
3237,1,Male
3238,1,Male
3239,1,Male
3240,1,Male
3241,1,Male
3242,1,Female
3243,1,Male
3244,1,Male
3245,1,Male
3246,1,Male
3247,1,Male
3248,1,Female
3249,1,Male
3250,1,Male
3251,1,Male
3252,1,Male
3253,1,Female
3254,1,Female
3255,1,Female
3256,1,Female
3257,1,Female
3258,1,Male
3259,1,Female
3260,1,Female
3261,1,Male
3262,1,Male
3263,1,Male
3264,1,Female
3265,1,Female
3266,1,Female
3267,1,Male
3268,1,Female
3269,1,Male
3270,1,Female
3271,1,Male
3272,1,Male
3273,1,Male
3274,1,Male
3275,1,Female
3276,1,Male
3277,1,Male
3278,1,Male
3279,1,Female
3280,1,Male
3281,1,Male
3282,1,Male
3283,1,Male
3284,1,Female
3285,1,Male
3286,1,Male
3287,1,Male
3288,1,Male
3289,1,Male
3290,1,Male
3291,1,Female
3292,1,Male
3293,1,Female
3294,1,Female
3295,1,Female
3296,1,Male
3297,1,Female
3298,1,Female
3299,1,Female
3300,1,Female
3301,1,Female
3302,1,Male
3303,1,Female
3304,1,Male
3305,1,Male
3306,1,Male
3307,1,Male
3308,1,Female
3309,1,Male
3310,1,Male
3311,1,Female
3312,1,Female
3313,1,Male
3314,1,Female
3315,1,Male
3316,1,Female
3317,1,Male
3318,1,Female
3319,1,Male
3320,1,Male
3321,1,Male
3322,1,Male
3323,1,Female
3324,1,Male
3325,1,Female
3326,1,Male
3327,1,Female
3328,1,Male
3329,1,Female
3330,1,Male
3331,1,Female
3332,1,Male
3333,1,Female
3334,1,Female
3335,1,Female
3336,1,Male
3337,1,Male
3338,1,Female
3339,1,Male
3340,1,Male
3341,1,Male
3342,1,Female
3343,1,Male
3344,1,Male
3345,1,Male
3346,1,Female
3347,1,Female
3348,1,Female
3349,1,Female
3350,1,Male
3351,1,Male
3352,1,Male
3353,1,Male
3354,1,Male
3355,1,Male
3356,1,Male
3357,1,Male
3358,1,Male
3359,1,Female
3360,1,Male
3361,1,Male
3362,1,Female
3363,1,Male
3364,1,Male
3365,1,Male
3366,1,Male
3367,1,Male
3368,1,Female
3369,1,Male
3370,1,Male
3371,1,Male
3372,1,Male
3373,1,Male
3374,1,Male
3375,1,Male
3376,1,Male
3377,1,Female
3378,1,Male
3379,1,Female
3380,1,Male
3381,1,Male
3382,1,Male
3383,1,Female
3384,1,Male
3385,1,Male
3386,1,Female
3387,1,Male
3388,1,Male
3389,1,Male
3390,1,Male
3391,1,Male
3392,1,Male
3393,1,Female
3394,1,Male
3395,1,Female
3396,1,Female
3397,1,Male
3398,1,Male
3399,1,Male
3400,1,Male
3401,1,Male
3402,1,Male
3403,1,Female
3404,1,Male
3405,1,Male
3406,1,Male
3407,1,Male
3408,1,Female
3409,1,Male
3410,1,Male
3411,1,Female
3412,1,Male
3413,1,Female
3414,1,Male
3415,1,Male
3416,1,Male
3417,1,Female
3418,1,Male
3419,1,Male
3420,1,Male
3421,1,Male
3422,1,Male
3423,1,Male
3424,1,Female
3425,1,Female
3426,1,Male
3427,1,Female
3428,1,Female
3429,1,Male
3430,1,Male
3431,1,Female
3432,1,Female
3433,1,Male
3434,1,Male
3435,1,Male
3436,1,Male
3437,1,Male
3438,1,Male
3439,1,Male
3440,1,Female
3441,1,Male
3442,1,Female
3443,1,Male
3444,1,Male
3445,1,Female
3446,1,Male
3447,1,Male
3448,1,Female
3449,1,Male
3450,1,Male
3451,1,Female
3452,1,Female
3453,1,Male
3454,1,Male
3455,1,Female
3456,1,Female
3457,1,Male
3458,1,Male
3459,1,Female
3460,1,Male
3461,1,Female
3462,1,Male
3463,1,Female
3464,1,Female
3465,1,Female
3466,1,Male
3467,1,Male
3468,1,Female
3469,1,Male
3470,1,Male
3471,1,Male
3472,1,Female
3473,1,Female
3474,1,Male
3475,1,Male
3476,1,Male
3477,1,Male
3478,1,Male
3479,1,Male
3480,1,Male
3481,1,Male
3482,1,Male
3483,1,Male
3484,1,Male
3485,1,Male
3486,1,Male
3487,1,Male
3488,1,Male
3489,1,Male
3490,1,Male
3491,1,Male
3492,1,Male
3493,1,Male
3494,1,Male
3495,1,Male
3496,1,Male
3497,1,Male
3498,1,Female
3499,1,Male
3500,1,Male
3501,1,Female
3502,1,Female
3503,1,Male
3504,1,Female
3505,1,Female
3506,1,Female
3507,1,Male
3508,1,Male
3509,1,Male
3510,1,Female
3511,1,Male
3512,1,Female
3513,1,Male
3514,1,Male
3515,1,Male
3516,1,Male
3517,1,Male
3518,1,Male
3519,1,Male
3520,1,Male
3521,1,Male
3522,1,Male
3523,1,Male
3524,1,Female
3525,1,Male
3526,1,Male
3527,1,Male
3528,1,Male
3529,1,Male
3530,1,Female
3531,1,Female
3532,1,Male
3533,1,Male
3534,1,Female
3535,1,Female
3536,1,Male
3537,1,Female
3538,1,Male
3539,1,Female
3540,1,Male
3541,1,Male
3542,1,Female
3543,1,Female
3544,1,Female
3545,1,Male
3546,1,Male
3547,1,Male
3548,1,Male
3549,1,Female
3550,1,Male
3551,1,Male
3552,1,Male
3553,1,Female
3554,1,Male
3555,1,Male
3556,1,Male
3557,1,Female
3558,1,Male
3559,1,Male
3560,1,Male
3561,1,Male
3562,1,Male
3563,1,Female
3564,1,Male
3565,1,Female
3566,1,Male
3567,1,Male
3568,1,Male
3569,1,Female
3570,1,Male
3571,1,Male
3572,1,Male
3573,1,Male
3574,1,Male
3575,1,Male
3576,1,Male
3577,1,Male
3578,1,Female
3579,1,Male
3580,1,Male
3581,1,Male
3582,1,Male
3583,1,Male
3584,1,Male
3585,1,Male
3586,1,Male
3587,1,Male
3588,1,Male
3589,1,Female
3590,1,Male
3591,1,Male
3592,1,Male
3593,1,Male
3594,1,Male
3595,1,Male
3596,1,Male
3597,1,Male
3598,1,Male
3599,1,Male
3600,1,Female
3601,1,Male
3602,1,Male
3603,1,Male
3604,1,Male
3605,1,Male
3606,1,Male
3607,1,Male
3608,1,Female
3609,1,Male
3610,1,Male
3611,1,Male
3612,1,Female
3613,1,Female
3614,1,Female
3615,1,Female
3616,1,Male
3617,1,Male
3618,1,Female
3619,1,Male
3620,1,Female
3621,1,Male
3622,1,Male
3623,1,Male
3624,1,Male
3625,1,Male
3626,1,Male
3627,1,Male
3628,1,Male
3629,1,Female
3630,1,Female
3631,1,Female
3632,1,Male
3633,1,Male
3634,1,Male
3635,1,Male
3636,1,Male
3637,1,Male
3638,1,Female
3639,1,Female
3640,1,Male
3641,1,Male
3642,1,Male
3643,1,Male
3644,1,Male
3645,1,Female
3646,1,Female
3647,1,Female
3648,1,Male
3649,1,Male
3650,1,Male
3651,1,Male
3652,1,Male
3653,1,Female
3654,1,Male
3655,1,Male
3656,1,Male
3657,1,Female
3658,1,Male
3659,1,Male
3660,1,Male
3661,1,Male
3662,1,Male
3663,1,Female
3664,1,Female
3665,1,Female
3666,1,Female
3667,1,Male
3668,1,Male
3669,1,Male
3670,1,Male
3671,1,Male
3672,1,Female
3673,1,Female
3674,1,Male
3675,1,Female
3676,1,Male
3677,1,Female
3678,1,Female
3679,1,Female
3680,1,Male
3681,1,Female
3682,1,Male
3683,1,Male
3684,1,Male
3685,1,Male
3686,1,Female
3687,1,Female
3688,1,Female
3689,1,Male
3690,1,Male
3691,1,Male
3692,1,Male
3693,1,Female
3694,1,Male
3695,1,Male
3696,1,Male
3697,1,Male
3698,1,Male
3699,1,Male
3700,1,Male
3701,1,Female
3702,1,Female
3703,1,Male
3704,1,Male
3705,1,Female
3706,1,Female
3707,1,Female
3708,1,Female
3709,1,Female
3710,1,Male
3711,1,Male
3712,1,Female
3713,1,Male
3714,1,Male
3715,1,Male
3716,1,Male
3717,1,Male
3718,1,Male
3719,1,Male
3720,1,Male
3721,1,Male
3722,1,Female
3723,1,Male
3724,1,Female
3725,1,Male
3726,1,Male
3727,1,Female
3728,1,Female
3729,1,Male
3730,1,Male
3731,1,Female
3732,1,Female
3733,1,Male
3734,1,Female
3735,1,Male
3736,1,Female
3737,1,Female
3738,1,Female
3739,1,Male
3740,1,Female
3741,1,Male
3742,1,Male
3743,1,Male
3744,1,Female
3745,1,Male
3746,1,Female
3747,1,Female
3748,1,Female
3749,1,Male
3750,1,Male
3751,1,Male
3752,1,Male
3753,1,Male
3754,1,Male
3755,1,Male
3756,1,Male
3757,1,Male
3758,1,Male
3759,1,Male
3760,1,Male
3761,1,Male
3762,1,Male
3763,1,Male
3764,1,Male
3765,1,Male
3766,1,Male
3767,1,Female
3768,1,Male
3769,1,Male
3770,1,Female
3771,1,Male
3772,1,Female
3773,1,Female
3774,1,Female
3775,1,Male
3776,1,Male
3777,1,Male
3778,1,Male
3779,1,Male
3780,1,Female
3781,1,Male
3782,1,Male
3783,1,Female
3784,1,Male
3785,1,Male
3786,1,Male
3787,1,Male
3788,1,Female
3789,1,Female
3790,1,Male
3791,1,Male
3792,1,Male
3793,1,Male
3794,1,Female
3795,1,Female
3796,1,Male
3797,1,Male
3798,1,Female
3799,1,Male
3800,1,Male
3801,1,Male
3802,1,Female
3803,1,Male
3804,1,Female
3805,1,Female
3806,1,Male
3807,1,Male
3808,1,Male
3809,1,Male
3810,1,Female
3811,1,Male
3812,1,Male
3813,1,Male
3814,1,Female
3815,1,Male
3816,1,Male
3817,1,Male
3818,1,Male
3819,1,Male
3820,1,Female
3821,1,Female
3822,1,Female
3823,1,Male
3824,1,Female
3825,1,Male
3826,1,Female
3827,1,Female
3828,1,Male
3829,1,Male
3830,1,Male
3831,1,Male
3832,1,Female
3833,1,Male
3834,1,Female
3835,1,Male
3836,1,Male
3837,1,Male
3838,1,Male
3839,1,Male
3840,1,Female
3841,1,Male
3842,1,Male
3843,1,Male
3844,1,Female
3845,1,Male
3846,1,Male
3847,1,Male
3848,1,Male
3849,1,Male
3850,1,Female
3851,1,Female
3852,1,Male
3853,1,Female
3854,1,Male
3855,1,Male
3856,1,Female
3857,1,Female
3858,1,Female
3859,1,Female
3860,1,Female
3861,1,Male
3862,1,Male
3863,1,Male
3864,1,Male
3865,1,Male
3866,1,Male
3867,1,Female
3868,1,Female
3869,1,Female
3870,1,Male
3871,1,Male
3872,1,Female
3873,1,Male
3874,1,Female
3875,1,Male
3876,1,Female
3877,1,Female
3878,1,Male
3879,1,Male
3880,1,Male
3881,1,Female
3882,1,Female
3883,1,Male
3884,1,Male
3885,1,Male
3886,1,Male
3887,1,Female
3888,1,Male
3889,1,Male
3890,1,Male
3891,1,Male
3892,1,Female
3893,1,Male
3894,1,Female
3895,1,Male
3896,1,Male
3897,1,Female
3898,1,Male
3899,1,Female
3900,1,Male
3901,1,Male
3902,1,Female
3903,1,Male
3904,1,Male
3905,1,Male
3906,1,Male
3907,1,Male
3908,1,Female
3909,1,Female
3910,1,Male
3911,1,Male
3912,1,Male
3913,1,Male
3914,1,Male
3915,1,Male
3916,1,Female
3917,1,Male
3918,1,Female
3919,1,Female
3920,1,Male
3921,1,Female
3922,1,Male
3923,1,Male
3924,1,Female
3925,1,Male
3926,1,Female
3927,1,Female
3928,1,Male
3929,1,Female
3930,1,Male
3931,1,Female
3932,1,Male
3933,1,Male
3934,1,Male
3935,1,Male
3936,1,Female
3937,1,Male
3938,1,Female
3939,1,Male
3940,1,Male
3941,1,Male
3942,1,Female
3943,1,Female
3944,1,Male
3945,1,Male
3946,1,Male
3947,1,Male
3948,1,Male
3949,1,Male
3950,1,Male
3951,1,Female
3952,1,Male
3953,1,Male
3954,1,Male
3955,1,Female
3956,1,Female
3957,1,Male
3958,1,Female
3959,1,Male
3960,1,Male
3961,1,Male
3962,1,Male
3963,1,Male
3964,1,Female
3965,1,Male
3966,1,Male
3967,1,Male
3968,1,Male
3969,1,Male
3970,1,Male
3971,1,Male
3972,1,Male
3973,1,Male
3974,1,Male
3975,1,Female
3976,1,Male
3977,1,Male
3978,1,Female
3979,1,Male
3980,1,Female
3981,1,Male
3982,1,Male
3983,1,Male
3984,1,Female
3985,1,Female
3986,1,Female
3987,1,Male
3988,1,Male
3989,1,Male
3990,1,Male
3991,1,Female
3992,1,Male
3993,1,Male
3994,1,Male
3995,1,Male
3996,1,Female
3997,1,Female
3998,1,Male
3999,1,Male
4000,1,Female
4001,1,Male
4002,1,Female
4003,1,Male
4004,1,Male
4005,1,Male
4006,1,Female
4007,1,Male
4008,1,Male
4009,1,Female
4010,1,Male
4011,1,Male
4012,1,Male
4013,1,Male
4014,1,Male
4015,1,Female
4016,1,Male
4017,1,Male
4018,1,Male
4019,1,Female
4020,1,Female
4021,1,Male
4022,1,Male
4023,1,Male
4024,1,Female
4025,1,Male
4026,1,Male
4027,1,Female
4028,1,Male
4029,1,Male
4030,1,Male
4031,1,Male
4032,1,Female
4033,1,Male
4034,1,Female
4035,1,Female
4036,1,Female
4037,1,Female
4038,1,Male
4039,1,Male
4040,1,Female
4041,1,Male
4042,1,Male
4043,1,Male
4044,1,Male
4045,1,Female
4046,1,Female
4047,1,Male
4048,1,Female
4049,1,Male
4050,1,Female
4051,1,Male
4052,1,Male
4053,1,Male
4054,1,Male
4055,1,Female
4056,1,Male
4057,1,Male
4058,1,Female
4059,1,Male
4060,1,Male
4061,1,Female
4062,1,Female
4063,1,Male
4064,1,Male
4065,1,Male
4066,1,Male
4067,1,Male
4068,1,Male
4069,1,Male
4070,1,Male
4071,1,Female
4072,1,Male
4073,1,Male
4074,1,Male
4075,1,Female
4076,1,Female
4077,1,Male
4078,1,Male
4079,1,Male
4080,1,Female
4081,1,Female
4082,1,Female
4083,1,Male
4084,1,Male
4085,1,Male
4086,1,Male
4087,1,Male
4088,1,Male
4089,1,Male
4090,1,Female
4091,1,Male
4092,1,Female
4093,1,Male
4094,1,Female
4095,1,Male
4096,1,Male
4097,1,Male
4098,1,Female
4099,1,Male
4100,1,Male
4101,1,Male
4102,1,Male
4103,1,Male
4104,1,Female
4105,1,Male
4106,1,Male
4107,1,Male
4108,1,Female
4109,1,Male
4110,1,Female
4111,1,Female
4112,1,Male
4113,1,Male
4114,1,Female
4115,1,Male
4116,1,Male
4117,1,Male
4118,1,Female
4119,1,Female
4120,1,Male
4121,1,Male
4122,1,Male
4123,1,Male
4124,1,Female
4125,1,Male
4126,1,Male
4127,1,Female
4128,1,Female
4129,1,Male
4130,1,Male
4131,1,Male
4132,1,Male
4133,1,Female
4134,1,Male
4135,1,Male
4136,1,Male
4137,1,Female
4138,1,Male
4139,1,Female
4140,1,Male
4141,1,Male
4142,1,Male
4143,1,Male
4144,1,Female
4145,1,Male
4146,1,Male
4147,1,Female
4148,1,Female
4149,1,Male
4150,1,Female
4151,1,Male
4152,1,Female
4153,1,Female
4154,1,Male
4155,1,Female
4156,1,Male
4157,1,Female
4158,1,Male
4159,1,Female
4160,1,Male
4161,1,Female
4162,1,Female
4163,1,Male
4164,1,Male
4165,1,Male
4166,1,Female
4167,1,Male
4168,1,Male
4169,1,Male
4170,1,Male
4171,1,Male
4172,1,Male
4173,1,Male
4174,1,Male
4175,1,Female
4176,1,Female
4177,1,Male
4178,1,Male
4179,1,Male
4180,1,Male
4181,1,Female
4182,1,Male
4183,1,Female
4184,1,Male
4185,1,Male
4186,1,Male
4187,1,Male
4188,1,Female
4189,1,Female
4190,1,Male
4191,1,Male
4192,1,Female
4193,1,Male
4194,1,Female
4195,1,Female
4196,1,Male
4197,1,Female
4198,1,Male
4199,1,Male
4200,1,Female
4201,1,Female
4202,1,Male
4203,1,Male
4204,1,Female
4205,1,Female
4206,1,Female
4207,1,Female
4208,1,Male
4209,1,Male
4210,1,Male
4211,1,Male
4212,1,Male
4213,1,Male
4214,1,Male
4215,1,Female
4216,1,Male
4217,1,Female
4218,1,Female
4219,1,Male
4220,1,Female
4221,1,Female
4222,1,Female
4223,1,Female
4224,1,Male
4225,1,Male
4226,1,Male
4227,1,Male
4228,1,Male
4229,1,Female
4230,1,Male
4231,1,Male
4232,1,Male
4233,1,Male
4234,1,Male
4235,1,Female
4236,1,Female
4237,1,Male
4238,1,Male
4239,1,Male
4240,1,Female
4241,1,Male
4242,1,Male
4243,1,Male
4244,1,Female
4245,1,Male
4246,1,Male
4247,1,Male
4248,1,Male
4249,1,Female
4250,1,Male
4251,1,Male
4252,1,Male
4253,1,Female
4254,1,Male
4255,1,Male
4256,1,Male
4257,1,Male
4258,1,Female
4259,1,Female
4260,1,Female
4261,1,Male
4262,1,Female
4263,1,Male
4264,1,Male
4265,1,Male
4266,1,Male
4267,1,Male
4268,1,Male
4269,1,Male
4270,1,Female
4271,1,Male
4272,1,Female
4273,1,Male
4274,1,Male
4275,1,Male
4276,1,Male
4277,1,Male
4278,1,Female
4279,1,Male
4280,1,Male
4281,1,Male
4282,1,Male
4283,1,Male
4284,1,Female
4285,1,Female
4286,1,Male
4287,1,Male
4288,1,Male
4289,1,Male
4290,1,Female
4291,1,Male
4292,1,Female
4293,1,Male
4294,1,Male
4295,1,Male
4296,1,Female
4297,1,Male
4298,1,Male
4299,1,Male
4300,1,Male
4301,1,Male
4302,1,Male
4303,1,Male
4304,1,Male
4305,1,Male
4306,1,Female
4307,1,Male
4308,1,Female
4309,1,Female
4310,1,Male
4311,1,Male
4312,1,Male
4313,1,Male
4314,1,Male
4315,1,Male
4316,1,Female
4317,1,Male
4318,1,Female
4319,1,Male
4320,1,Female
4321,1,Male
4322,1,Female
4323,1,Female
4324,1,Female
4325,1,Male
4326,1,Male
4327,1,Male
4328,1,Male
4329,1,Male
4330,1,Male
4331,1,Female
4332,1,Female
4333,1,Male
4334,1,Male
4335,1,Male
4336,1,Female
4337,1,Male
4338,1,Male
4339,1,Male
4340,1,Male
4341,1,Female
4342,1,Male
4343,1,Female
4344,1,Male
4345,1,Male
4346,1,Male
4347,1,Male
4348,1,Male
4349,1,Male
4350,1,Female
4351,1,Male
4352,1,Male
4353,1,Male
4354,1,Female
4355,1,Male
4356,1,Male
4357,1,Male
4358,1,Female
4359,1,Female
4360,1,Male
4361,1,Female
4362,1,Male
4363,1,Male
4364,1,Male
4365,1,Female
4366,1,Male
4367,1,Female
4368,1,Female
4369,1,Male
4370,1,Male
4371,1,Female
4372,1,Male
4373,1,Male
4374,1,Male
4375,1,Male
4376,1,Male
4377,1,Male
4378,1,Male
4379,1,Male
4380,1,Female
4381,1,Male
4382,1,Male
4383,1,Male
4384,1,Male
4385,1,Female
4386,1,Male
4387,1,Male
4388,1,Male
4389,1,Male
4390,1,Female
4391,1,Male
4392,1,Male
4393,1,Male
4394,1,Male
4395,1,Male
4396,1,Female
4397,1,Male
4398,1,Female
4399,1,Male
4400,1,Male
4401,1,Male
4402,1,Male
4403,1,Male
4404,1,Female
4405,1,Male
4406,1,Female
4407,1,Female
4408,1,Male
4409,1,Female
4410,1,Female
4411,1,Male
4412,1,Female
4413,1,Male
4414,1,Male
4415,1,Male
4416,1,Male
4417,1,Female
4418,1,Female
4419,1,Female
4420,1,Male
4421,1,Female
4422,1,Male
4423,1,Male
4424,1,Female
4425,1,Male
4426,1,Female
4427,1,Female
4428,1,Male
4429,1,Female
4430,1,Female
4431,1,Male
4432,1,Male
4433,1,Male
4434,1,Male
4435,1,Male
4436,1,Female
4437,1,Male
4438,1,Male
4439,1,Male
4440,1,Male
4441,1,Male
4442,1,Female
4443,1,Female
4444,1,Female
4445,1,Male
4446,1,Male
4447,1,Male
4448,1,Female
4449,1,Male
4450,1,Male
4451,1,Male
4452,1,Female
4453,1,Male
4454,1,Male
4455,1,Male
4456,1,Male
4457,1,Female
4458,1,Male
4459,1,Female
4460,1,Male
4461,1,Male
4462,1,Female
4463,1,Male
4464,1,Male
4465,1,Female
4466,1,Female
4467,1,Male
4468,1,Male
4469,1,Male
4470,1,Male
4471,1,Male
4472,1,Male
4473,1,Female
4474,1,Female
4475,1,Male
4476,1,Male
4477,1,Male
4478,1,Female
4479,1,Female
4480,1,Female
4481,1,Male
4482,1,Male
4483,1,Male
4484,1,Male
4485,1,Male
4486,1,Male
4487,1,Male
4488,1,Male
4489,1,Male
4490,1,Male
4491,1,Male
4492,1,Female
4493,1,Female
4494,1,Female
4495,1,Male
4496,1,Female
4497,1,Male
4498,1,Female
4499,1,Female
4500,1,Female
4501,1,Male
4502,1,Male
4503,1,Male
4504,1,Female
4505,1,Male
4506,1,Female
4507,1,Female
4508,1,Male
4509,1,Male
4510,1,Male
4511,1,Female
4512,1,Female
4513,1,Female
4514,1,Male
4515,1,Male
4516,1,Male
4517,1,Female
4518,1,Male
4519,1,Female
4520,1,Male
4521,1,Male
4522,1,Female
4523,1,Male
4524,1,Female
4525,1,Female
4526,1,Male
4527,1,Male
4528,1,Male
4529,1,Male
4530,1,Male
4531,1,Male
4532,1,Male
4533,1,Female
4534,1,Male
4535,1,Male
4536,1,Male
4537,1,Male
4538,1,Male
4539,1,Female
4540,1,Male
4541,1,Male
4542,1,Female
4543,1,Male
4544,1,Female
4545,1,Female
4546,1,Male
4547,1,Female
4548,1,Male
4549,1,Male
4550,1,Male
4551,1,Female
4552,1,Male
4553,1,Male
4554,1,Male
4555,1,Male
4556,1,Male
4557,1,Male
4558,1,Male
4559,1,Male
4560,1,Male
4561,1,Male
4562,1,Male
4563,1,Male
4564,1,Male
4565,1,Male
4566,1,Male
4567,1,Female
4568,1,Male
4569,1,Male
4570,1,Female
4571,1,Male
4572,1,Male
4573,1,Male
4574,1,Male
4575,1,Male
4576,1,Female
4577,1,Male
4578,1,Male
4579,1,Male
4580,1,Female
4581,1,Male
4582,1,Female
4583,1,Female
4584,1,Female
4585,1,Male
4586,1,Male
4587,1,Male
4588,1,Male
4589,1,Male
4590,1,Male
4591,1,Female
4592,1,Male
4593,1,Male
4594,1,Male
4595,1,Male
4596,1,Male
4597,1,Female
4598,1,Female
4599,1,Male
4600,1,Male
4601,1,Male
4602,1,Male
4603,1,Female
4604,1,Male
4605,1,Male
4606,1,Male
4607,1,Female
4608,1,Male
4609,1,Female
4610,1,Male
4611,1,Male
4612,1,Male
4613,1,Male
4614,1,Male
4615,1,Female
4616,1,Female
4617,1,Male
4618,1,Male
4619,1,Male
4620,1,Female
4621,1,Male
4622,1,Female
4623,1,Female
4624,1,Male
4625,1,Male
4626,1,Male
4627,1,Male
4628,1,Male
4629,1,Male
4630,1,Male
4631,1,Male
4632,1,Female
4633,1,Male
4634,1,Male
4635,1,Male
4636,1,Male
4637,1,Male
4638,1,Male
4639,1,Female
4640,1,Male
4641,1,Male
4642,1,Male
4643,1,Male
4644,1,Male
4645,1,Male
4646,1,Male
4647,1,Male
4648,1,Female
4649,1,Male
4650,1,Male
4651,1,Male
4652,1,Male
4653,1,Male
4654,1,Female
4655,1,Female
4656,1,Female
4657,1,Male
4658,1,Male
4659,1,Female
4660,1,Male
4661,1,Female
4662,1,Female
4663,1,Male
4664,1,Male
4665,1,Male
4666,1,Male
4667,1,Male
4668,1,Male
4669,1,Female
4670,1,Male
4671,1,Male
4672,1,Female
4673,1,Female
4674,1,Female
4675,1,Male
4676,1,Male
4677,1,Male
4678,1,Male
4679,1,Male
4680,1,Male
4681,1,Male
4682,1,Male
4683,1,Male
4684,1,Male
4685,1,Male
4686,1,Male
4687,1,Male
4688,1,Male
4689,1,Male
4690,1,Male
4691,1,Female
4692,1,Male
4693,1,Male
4694,1,Male
4695,1,Male
4696,1,Male
4697,1,Female
4698,1,Male
4699,1,Male
4700,1,Male
4701,1,Female
4702,1,Female
4703,1,Male
4704,1,Female
4705,1,Female
4706,1,Female
4707,1,Male
4708,1,Male
4709,1,Female
4710,1,Female
4711,1,Female
4712,1,Male
4713,1,Male
4714,1,Male
4715,1,Female
4716,1,Male
4717,1,Male
4718,1,Male
4719,1,Male
4720,1,Female
4721,1,Female
4722,1,Male
4723,1,Female
4724,1,Male
4725,1,Male
4726,1,Male
4727,1,Male
4728,1,Female
4729,1,Female
4730,1,Female
4731,1,Male
4732,1,Female
4733,1,Female
4734,1,Male
4735,1,Male
4736,1,Female
4737,1,Female
4738,1,Male
4739,1,Male
4740,1,Male
4741,1,Male
4742,1,Male
4743,1,Male
4744,1,Male
4745,1,Male
4746,1,Male
4747,1,Male
4748,1,Male
4749,1,Male
4750,1,Male
4751,1,Male
4752,1,Female
4753,1,Female
4754,1,Female
4755,1,Male
4756,1,Male
4757,1,Male
4758,1,Female
4759,1,Male
4760,1,Female
4761,1,Male
4762,1,Female
4763,1,Male
4764,1,Female
4765,1,Male
4766,1,Male
4767,1,Female
4768,1,Male
4769,1,Male
4770,1,Female
4771,1,Male
4772,1,Male
4773,1,Male
4774,1,Male
4775,1,Male
4776,1,Male
4777,1,Female
4778,1,Female
4779,1,Male
4780,1,Male
4781,1,Female
4782,1,Male
4783,1,Male
4784,1,Female
4785,1,Male
4786,1,Female
4787,1,Male
4788,1,Male
4789,1,Male
4790,1,Female
4791,1,Male
4792,1,Male
4793,1,Male
4794,1,Female
4795,1,Male
4796,1,Male
4797,1,Male
4798,1,Male
4799,1,Male
4800,1,Female
4801,1,Male
4802,1,Female
4803,1,Male
4804,1,Female
4805,1,Female
4806,1,Female
4807,1,Male
4808,1,Female
4809,1,Male
4810,1,Male
4811,1,Female
4812,1,Male
4813,1,Male
4814,1,Male
4815,1,Male
4816,1,Female
4817,1,Female
4818,1,Male
4819,1,Male
4820,1,Female
4821,1,Male
4822,1,Male
4823,1,Male
4824,1,Female
4825,1,Male
4826,1,Female
4827,1,Female
4828,1,Male
4829,1,Female
4830,1,Male
4831,1,Male
4832,1,Female
4833,1,Male
4834,1,Male
4835,1,Male
4836,1,Female
4837,1,Male
4838,1,Male
4839,1,Male
4840,1,Male
4841,1,Male
4842,1,Male
4843,1,Female
4844,1,Male
4845,1,Male
4846,1,Male
4847,1,Male
4848,1,Male
4849,1,Female
4850,1,Male
4851,1,Female
4852,1,Male
4853,1,Male
4854,1,Male
4855,1,Female
4856,1,Female
4857,1,Male
4858,1,Male
4859,1,Male
4860,1,Female
4861,1,Male
4862,1,Male
4863,1,Male
4864,1,Female
4865,1,Female
4866,1,Male
4867,1,Male
4868,1,Male
4869,1,Female
4870,1,Male
4871,1,Male
4872,1,Female
4873,1,Male
4874,1,Male
4875,1,Male
4876,1,Male
4877,1,Male
4878,1,Male
4879,1,Female
4880,1,Male
4881,1,Female
4882,1,Male
4883,1,Male
4884,1,Male
4885,1,Male
4886,1,Male
4887,1,Male
4888,1,Male
4889,1,Male
4890,1,Male
4891,1,Male
4892,1,Female
4893,1,Male
4894,1,Female
4895,1,Female
4896,1,Female
4897,1,Male
4898,1,Male
4899,1,Female
4900,1,Male
4901,1,Male
4902,1,Female
4903,1,Male
4904,1,Male
4905,1,Male
4906,1,Male
4907,1,Female
4908,1,Male
4909,1,Female
4910,1,Male
4911,1,Male
4912,1,Female
4913,1,Male
4914,1,Male
4915,1,Male
4916,1,Male
4917,1,Male
4918,1,Male
4919,1,Male
4920,1,Male
4921,1,Male
4922,1,Male
4923,1,Male
4924,1,Male
4925,1,Male
4926,1,Female
4927,1,Male
4928,1,Female
4929,1,Male
4930,1,Male
4931,1,Female
4932,1,Female
4933,1,Male
4934,1,Male
4935,1,Male
4936,1,Female
4937,1,Male
4938,1,Male
4939,1,Female
4940,1,Female
4941,1,Female
4942,1,Female
4943,1,Male
4944,1,Female
4945,1,Male
4946,1,Male
4947,1,Male
4948,1,Female
4949,1,Male
4950,1,Female
4951,1,Male
4952,1,Male
4953,1,Male
4954,1,Male
4955,1,Female
4956,1,Male
4957,1,Female
4958,1,Female
4959,1,Female
4960,1,Male
4961,1,Female
4962,1,Male
4963,1,Female
4964,1,Male
4965,1,Male
4966,1,Male
4967,1,Male
4968,1,Male
4969,1,Male
4970,1,Female
4971,1,Female
4972,1,Male
4973,1,Male
4974,1,Male
4975,1,Male
4976,1,Male
4977,1,Female
4978,1,Male
4979,1,Female
4980,1,Female
4981,1,Female
4982,1,Female
4983,1,Female
4984,1,Male
4985,1,Male
4986,1,Male
4987,1,Male
4988,1,Female
4989,1,Female
4990,1,Male
4991,1,Male
4992,1,Male
4993,1,Female
4994,1,Male
4995,1,Female
4996,1,Female
4997,1,Female
4998,1,Female
4999,1,Female
5000,1,Male
5001,1,Male
5002,1,Male
5003,1,Male
5004,1,Male
5005,1,Female
5006,1,Male
5007,1,Male
5008,1,Female
5009,1,Female
5010,1,Male
5011,1,Male
5012,1,Male
5013,1,Male
5014,1,Male
5015,1,Male
5016,1,Male
5017,1,Male
5018,1,Female
5019,1,Male
5020,1,Female
5021,1,Male
5022,1,Male
5023,1,Male
5024,1,Male
5025,1,Female
5026,1,Male
5027,1,Female
5028,1,Male
5029,1,Male
5030,1,Male
5031,1,Male
5032,1,Male
5033,1,Female
5034,1,Male
5035,1,Male
5036,1,Male
5037,1,Male
5038,1,Female
5039,1,Male
5040,1,Male
5041,1,Female
5042,1,Male
5043,1,Male
5044,1,Male
5045,1,Female
5046,1,Male
5047,1,Female
5048,1,Male
5049,1,Female
5050,1,Male
5051,1,Female
5052,1,Male
5053,1,Male
5054,1,Female
5055,1,Female
5056,1,Female
5057,1,Female
5058,1,Female
5059,1,Male
5060,1,Male
5061,1,Male
5062,1,Female
5063,1,Female
5064,1,Male
5065,1,Male
5066,1,Female
5067,1,Male
5068,1,Female
5069,1,Female
5070,1,Female
5071,1,Female
5072,1,Male
5073,1,Female
5074,1,Female
5075,1,Female
5076,1,Male
5077,1,Male
5078,1,Male
5079,1,Male
5080,1,Male
5081,1,Male
5082,1,Female
5083,1,Male
5084,1,Male
5085,1,Male
5086,1,Female
5087,1,Male
5088,1,Male
5089,1,Male
5090,1,Male
5091,1,Male
5092,1,Male
5093,1,Male
5094,1,Male
5095,1,Female
5096,1,Female
5097,1,Male
5098,1,Female
5099,1,Male
5100,1,Male
5101,1,Male
5102,1,Male
5103,1,Male
5104,1,Male
5105,1,Male
5106,1,Female
5107,1,Male
5108,1,Female
5109,1,Male
5110,1,Male
5111,1,Male
5112,1,Male
5113,1,Male
5114,1,Male
5115,1,Female
5116,1,Female
5117,1,Male
5118,1,Male
5119,1,Male
5120,1,Male
5121,1,Male
5122,1,Female
5123,1,Male
5124,1,Male
5125,1,Male
5126,1,Male
5127,1,Female
5128,1,Male
5129,1,Male
5130,1,Female
5131,1,Male
5132,1,Male
5133,1,Male
5134,1,Male
5135,1,Male
5136,1,Male
5137,1,Male
5138,1,Male
5139,1,Male
5140,1,Male
5141,1,Female
5142,1,Male
5143,1,Male
5144,1,Male
5145,1,Female
5146,1,Male
5147,1,Female
5148,1,Male
5149,1,Male
5150,1,Male
5151,1,Female
5152,1,Female
5153,1,Female
5154,1,Male
5155,1,Male
5156,1,Male
5157,1,Male
5158,1,Female
5159,1,Female
5160,1,Male
5161,1,Female
5162,1,Female
5163,1,Male
5164,1,Male
5165,1,Female
5166,1,Male
5167,1,Male
5168,1,Male
5169,1,Male
5170,1,Male
5171,1,Female
5172,1,Male
5173,1,Male
5174,1,Male
5175,1,Male
5176,1,Male
5177,1,Male
5178,1,Female
5179,1,Female
5180,1,Male
5181,1,Male
5182,1,Male
5183,1,Male
5184,1,Female
5185,1,Male
5186,1,Male
5187,1,Male
5188,1,Female
5189,1,Male
5190,1,Female
5191,1,Male
5192,1,Male
5193,1,Male
5194,1,Female
5195,1,Male
5196,1,Male
5197,1,Male
5198,1,Female
5199,1,Male
5200,1,Male
5201,1,Male
5202,1,Male
5203,1,Male
5204,1,Male
5205,1,Female
5206,1,Female
5207,1,Female
5208,1,Male
5209,1,Female
5210,1,Male
5211,1,Male
5212,1,Male
5213,1,Male
5214,1,Male
5215,1,Female
5216,1,Female
5217,1,Female
5218,1,Male
5219,1,Male
5220,1,Female
5221,1,Female
5222,1,Male
5223,1,Female
5224,1,Male
5225,1,Male
5226,1,Male
5227,1,Male
5228,1,Male
5229,1,Male
5230,1,Male
5231,1,Male
5232,1,Female
5233,1,Male
5234,1,Male
5235,1,Male
5236,1,Male
5237,1,Male
5238,1,Male
5239,1,Male
5240,1,Male
5241,1,Male
5242,1,Female
5243,1,Male
5244,1,Male
5245,1,Male
5246,1,Female
5247,1,Male
5248,1,Female
5249,1,Female
5250,1,Male
5251,1,Female
5252,1,Male
5253,1,Male
5254,1,Male
5255,1,Female
5256,1,Male
5257,1,Male
5258,1,Female
5259,1,Male
5260,1,Male
5261,1,Male
5262,1,Male
5263,1,Male
5264,1,Male
5265,1,Male
5266,1,Male
5267,1,Male
5268,1,Female
5269,1,Male
5270,1,Male
5271,1,Male
5272,1,Female
5273,1,Male
5274,1,Male
5275,1,Male
5276,1,Female
5277,1,Male
5278,1,Male
5279,1,Male
5280,1,Male
5281,1,Male
5282,1,Male
5283,1,Female
5284,1,Female
5285,1,Female
5286,1,Male
5287,1,Male
5288,1,Female
5289,1,Male
5290,1,Female
5291,1,Male
5292,1,Female
5293,1,Male
5294,1,Female
5295,1,Male
5296,1,Female
5297,1,Male
5298,1,Female
5299,1,Female
5300,1,Male
5301,1,Male
5302,1,Female
5303,1,Male
5304,1,Female
5305,1,Female
5306,1,Female
5307,1,Female
5308,1,Female
5309,1,Female
5310,1,Male
5311,1,Female
5312,1,Female
5313,1,Male
5314,1,Male
5315,1,Male
5316,1,Male
5317,1,Male
5318,1,Male
5319,1,Male
5320,1,Male
5321,1,Male
5322,1,Male
5323,1,Female
5324,1,Male
5325,1,Female
5326,1,Male
5327,1,Female
5328,1,Male
5329,1,Male
5330,1,Female
5331,1,Male
5332,1,Female
5333,1,Male
5334,1,Male
5335,1,Male
5336,1,Male
5337,1,Male
5338,1,Male
5339,1,Male
5340,1,Female
5341,1,Male
5342,1,Male
5343,1,Female
5344,1,Male
5345,1,Male
5346,1,Male
5347,1,Male
5348,1,Female
5349,1,Male
5350,1,Female
5351,1,Male
5352,1,Female
5353,1,Male
5354,1,Male
5355,1,Male
5356,1,Male
5357,1,Female
5358,1,Male
5359,1,Female
5360,1,Female
5361,1,Male
5362,1,Male
5363,1,Male
5364,1,Female
5365,1,Male
5366,1,Male
5367,1,Male
5368,1,Male
5369,1,Male
5370,1,Male
5371,1,Male
5372,1,Male
5373,1,Male
5374,1,Male
5375,1,Female
5376,1,Male
5377,1,Male
5378,1,Male
5379,1,Female
5380,1,Male
5381,1,Female
5382,1,Male
5383,1,Male
5384,1,Female
5385,1,Male
5386,1,Male
5387,1,Male
5388,1,Female
5389,1,Male
5390,1,Male
5391,1,Male
5392,1,Male
5393,1,Male
5394,1,Male
5395,1,Male
5396,1,Male
5397,1,Male
5398,1,Male
5399,1,Male
5400,1,Male
5401,1,Male
5402,1,Male
5403,1,Male
5404,1,Male
5405,1,Female
5406,1,Female
5407,1,Male
5408,1,Female
5409,1,Female
5410,1,Male
5411,1,Female
5412,1,Female
5413,1,Male
5414,1,Male
5415,1,Male
5416,1,Male
5417,1,Female
5418,1,Male
5419,1,Female
5420,1,Male
5421,1,Male
5422,1,Male
5423,1,Male
5424,1,Female
5425,1,Male
5426,1,Female
5427,1,Male
5428,1,Male
5429,1,Female
5430,1,Female
5431,1,Female
5432,1,Male
5433,1,Male
5434,1,Female
5435,1,Female
5436,1,Male
5437,1,Male
5438,1,Male
5439,1,Male
5440,1,Male
5441,1,Male
5442,1,Male
5443,1,Male
5444,1,Female
5445,1,Male
5446,1,Male
5447,1,Female
5448,1,Female
5449,1,Female
5450,1,Male
5451,1,Male
5452,1,Male
5453,1,Male
5454,1,Female
5455,1,Male
5456,1,Male
5457,1,Male
5458,1,Female
5459,1,Male
5460,1,Male
5461,1,Female
5462,1,Female
5463,1,Female
5464,1,Male
5465,1,Male
5466,1,Female
5467,1,Female
5468,1,Female
5469,1,Male
5470,1,Male
5471,1,Male
5472,1,Female
5473,1,Female
5474,1,Female
5475,1,Male
5476,1,Male
5477,1,Male
5478,1,Male
5479,1,Male
5480,1,Male
5481,1,Male
5482,1,Male
5483,1,Male
5484,1,Male
5485,1,Female
5486,1,Male
5487,1,Male
5488,1,Male
5489,1,Male
5490,1,Male
5491,1,Male
5492,1,Male
5493,1,Male
5494,1,Female
5495,1,Male
5496,1,Female
5497,1,Female
5498,1,Male
5499,1,Male
5500,1,Female
5501,1,Female
5502,1,Male
5503,1,Female
5504,1,Male
5505,1,Female
5506,1,Male
5507,1,Male
5508,1,Male
5509,1,Male
5510,1,Male
5511,1,Female
5512,1,Female
5513,1,Male
5514,1,Male
5515,1,Male
5516,1,Male
5517,1,Male
5518,1,Male
5519,1,Female
5520,1,Male
5521,1,Male
5522,1,Male
5523,1,Male
5524,1,Male
5525,1,Male
5526,1,Male
5527,1,Male
5528,1,Male
5529,1,Female
5530,1,Male
5531,1,Male
5532,1,Male
5533,1,Male
5534,1,Male
5535,1,Male
5536,1,Female
5537,1,Female
5538,1,Male
5539,1,Female
5540,1,Female
5541,1,Male
5542,1,Male
5543,1,Male
5544,1,Male
5545,1,Male
5546,1,Male
5547,1,Male
5548,1,Female
5549,1,Male
5550,1,Male
5551,1,Female
5552,1,Male
5553,1,Female
5554,1,Male
5555,1,Female
5556,1,Male
5557,1,Male
5558,1,Male
5559,1,Female
5560,1,Female
5561,1,Male
5562,1,Female
5563,1,Male
5564,1,Male
5565,1,Female
5566,1,Male
5567,1,Male
5568,1,Male
5569,1,Male
5570,1,Male
5571,1,Male
5572,1,Male
5573,1,Male
5574,1,Male
5575,1,Male
5576,1,Male
5577,1,Female
5578,1,Male
5579,1,Female
5580,1,Male
5581,1,Male
5582,1,Female
5583,1,Male
5584,1,Female
5585,1,Male
5586,1,Male
5587,1,Female
5588,1,Female
5589,1,Male
5590,1,Male
5591,1,Male
5592,1,Male
5593,1,Female
5594,1,Male
5595,1,Female
5596,1,Male
5597,1,Female
5598,1,Male
5599,1,Female
5600,1,Male
5601,1,Male
5602,1,Male
5603,1,Female
5604,1,Male
5605,1,Male
5606,1,Male
5607,1,Male
5608,1,Male
5609,1,Female
5610,1,Male
5611,1,Female
5612,1,Female
5613,1,Female
5614,1,Male
5615,1,Male
5616,1,Male
5617,1,Male
5618,1,Female
5619,1,Male
5620,1,Male
5621,1,Male
5622,1,Male
5623,1,Male
5624,1,Male
5625,1,Female
5626,1,Male
5627,1,Female
5628,1,Female
5629,1,Male
5630,1,Female
5631,1,Male
5632,1,Female
5633,1,Male
5634,1,Male
5635,1,Male
5636,1,Male
5637,1,Male
5638,1,Male
5639,1,Male
5640,1,Male
5641,1,Female
5642,1,Male
5643,1,Female
5644,1,Male
5645,1,Male
5646,1,Female
5647,1,Female
5648,1,Male
5649,1,Male
5650,1,Male
5651,1,Female
5652,1,Male
5653,1,Female
5654,1,Male
5655,1,Female
5656,1,Male
5657,1,Female
5658,1,Male
5659,1,Male
5660,1,Male
5661,1,Female
5662,1,Female
5663,1,Female
5664,1,Male
5665,1,Female
5666,1,Male
5667,1,Male
5668,1,Male
5669,1,Male
5670,1,Female
5671,1,Male
5672,1,Female
5673,1,Male
5674,1,Male
5675,1,Female
5676,1,Male
5677,1,Female
5678,1,Male
5679,1,Male
5680,1,Male
5681,1,Male
5682,1,Male
5683,1,Male
5684,1,Female
5685,1,Male
5686,1,Male
5687,1,Male
5688,1,Female
5689,1,Male
5690,1,Female
5691,1,Female
5692,1,Female
5693,1,Female
5694,1,Female
5695,1,Male
5696,1,Male
5697,1,Female
5698,1,Female
5699,1,Female
5700,1,Male
5701,1,Male
5702,1,Male
5703,1,Female
5704,1,Male
5705,1,Male
5706,1,Male
5707,1,Male
5708,1,Male
5709,1,Male
5710,1,Male
5711,1,Female
5712,1,Male
5713,1,Male
5714,1,Male
5715,1,Male
5716,1,Male
5717,1,Male
5718,1,Male
5719,1,Male
5720,1,Male
5721,1,Male
5722,1,Male
5723,1,Male
5724,1,Female
5725,1,Female
5726,1,Male
5727,1,Male
5728,1,Female
5729,1,Female
5730,1,Male
5731,1,Male
5732,1,Male
5733,1,Male
5734,1,Female
5735,1,Male
5736,1,Male
5737,1,Female
5738,1,Female
5739,1,Male
5740,1,Female
5741,1,Female
5742,1,Female
5743,1,Male
5744,1,Male
5745,1,Female
5746,1,Male
5747,1,Male
5748,1,Male
5749,1,Female
5750,1,Male
5751,1,Male
5752,1,Female
5753,1,Male
5754,1,Male
5755,1,Male
5756,1,Male
5757,1,Male
5758,1,Female
5759,1,Female
5760,1,Male
5761,1,Male
5762,1,Male
5763,1,Male
5764,1,Male
5765,1,Female
5766,1,Male
5767,1,Female
5768,1,Male
5769,1,Female
5770,1,Female
5771,1,Female
5772,1,Male
5773,1,Male
5774,1,Female
5775,1,Male
5776,1,Male
5777,1,Male
5778,1,Male
5779,1,Male
5780,1,Male
5781,1,Female
5782,1,Female
5783,1,Female
5784,1,Male
5785,1,Male
5786,1,Female
5787,1,Male
5788,1,Male
5789,1,Male
5790,1,Female
5791,1,Female
5792,1,Female
5793,1,Female
5794,1,Female
5795,1,Male
5796,1,Male
5797,1,Male
5798,1,Male
5799,1,Male
5800,1,Male
5801,1,Male
5802,1,Male
5803,1,Male
5804,1,Male
5805,1,Female
5806,1,Female
5807,1,Male
5808,1,Male
5809,1,Male
5810,1,Female
5811,1,Male
5812,1,Female
5813,1,Male
5814,1,Male
5815,1,Male
5816,1,Male
5817,1,Male
5818,1,Male
5819,1,Male
5820,1,Female
5821,1,Male
5822,1,Male
5823,1,Female
5824,1,Male
5825,1,Female
5826,1,Male
5827,1,Female
5828,1,Male
5829,1,Female
5830,1,Female
5831,1,Male
5832,1,Male
5833,1,Female
5834,1,Female
5835,1,Male
5836,1,Male
5837,1,Male
5838,1,Male
5839,1,Male
5840,1,Female
5841,1,Male
5842,1,Male
5843,1,Female
5844,1,Male
5845,1,Male
5846,1,Female
5847,1,Male
5848,1,Male
5849,1,Male
5850,1,Female
5851,1,Male
5852,1,Female
5853,1,Male
5854,1,Male
5855,1,Male
5856,1,Male
5857,1,Female
5858,1,Male
5859,1,Male
5860,1,Female
5861,1,Male
5862,1,Male
5863,1,Male
5864,1,Female
5865,1,Male
5866,1,Male
5867,1,Male
5868,1,Male
5869,1,Male
5870,1,Male
5871,1,Male
5872,1,Male
5873,1,Male
5874,1,Female
5875,1,Female
5876,1,Male
5877,1,Male
5878,1,Male
5879,1,Male
5880,1,Female
5881,1,Male
5882,1,Female
5883,1,Female
5884,1,Male
5885,1,Male
5886,1,Female
5887,1,Male
5888,1,Male
5889,1,Female
5890,1,Male
5891,1,Female
5892,1,Male
5893,1,Female
5894,1,Male
5895,1,Female
5896,1,Male
5897,1,Male
5898,1,Male
5899,1,Male
5900,1,Male
5901,1,Male
5902,1,Male
5903,1,Female
5904,1,Male
5905,1,Male
5906,1,Female
5907,1,Male
5908,1,Male
5909,1,Female
5910,1,Female
5911,1,Female
5912,1,Male
5913,1,Male
5914,1,Male
5915,1,Male
5916,1,Male
5917,1,Male
5918,1,Male
5919,1,Male
5920,1,Female
5921,1,Female
5922,1,Female
5923,1,Male
5924,1,Male
5925,1,Female
5926,1,Male
5927,1,Male
5928,1,Female
5929,1,Male
5930,1,Female
5931,1,Female
5932,1,Female
5933,1,Male
5934,1,Female
5935,1,Female
5936,1,Male
5937,1,Male
5938,1,Female
5939,1,Male
5940,1,Male
5941,1,Male
5942,1,Male
5943,1,Female
5944,1,Male
5945,1,Female
5946,1,Female
5947,1,Female
5948,1,Male
5949,1,Female
5950,1,Male
5951,1,Male
5952,1,Male
5953,1,Male
5954,1,Female
5955,1,Female
5956,1,Male
5957,1,Male
5958,1,Male
5959,1,Female
5960,1,Male
5961,1,Female
5962,1,Male
5963,1,Male
5964,1,Male
5965,1,Male
5966,1,Female
5967,1,Male
5968,1,Male
5969,1,Male
5970,1,Male
5971,1,Male
5972,1,Male
5973,1,Male
5974,1,Male
5975,1,Male
5976,1,Male
5977,1,Male
5978,1,Female
5979,1,Female
5980,1,Male
5981,1,Female
5982,1,Male
5983,1,Male
5984,1,Male
5985,1,Male
5986,1,Male
5987,1,Male
5988,1,Female
5989,1,Male
5990,1,Female
5991,1,Male
5992,1,Male
5993,1,Male
5994,1,Male
5995,1,Female
5996,1,Male
5997,1,Male
5998,1,Male
5999,1,Male
6000,1,Female
6001,1,Female
6002,1,Male
6003,1,Male
6004,1,Male
6005,1,Male
6006,1,Female
6007,1,Male
6008,1,Male
6009,1,Male
6010,1,Male
6011,1,Male
6012,1,Female
6013,1,Male
6014,1,Female
6015,1,Male
6016,1,Female
6017,1,Male
6018,1,Male
6019,1,Male
6020,1,Male
6021,1,Male
6022,1,Male
6023,1,Male
6024,1,Female
6025,1,Female
6026,1,Male
6027,1,Male
6028,1,Male
6029,1,Male
6030,1,Female
6031,1,Male
6032,1,Female
6033,1,Male
6034,1,Male
6035,1,Male
6036,1,Male
6037,1,Male
6038,1,Male
6039,1,Male
6040,1,Male
6041,1,Male
6042,1,Female
6043,1,Male
6044,1,Female
6045,1,Male
6046,1,Male
6047,1,Male
6048,1,Male
6049,1,Female
6050,1,Male
6051,1,Male
6052,1,Male
6053,1,Male
6054,1,Male
6055,1,Female
6056,1,Female
6057,1,Male
6058,1,Male
6059,1,Male
6060,1,Female
6061,1,Female
6062,1,Male
6063,1,Male
6064,1,Male
6065,1,Female
6066,1,Female
6067,1,Male
6068,1,Female
6069,1,Male
6070,1,Female
6071,1,Female
6072,1,Male
6073,1,Male
6074,1,Male
6075,1,Male
6076,1,Male
6077,1,Female
6078,1,Female
6079,1,Male
6080,1,Male
6081,1,Male
6082,1,Male
6083,1,Male
6084,1,Male
6085,1,Male
6086,1,Male
6087,1,Female
6088,1,Female
6089,1,Male
6090,1,Male
6091,1,Female
6092,1,Male
6093,1,Female
6094,1,Male
6095,1,Male
6096,1,Male
6097,1,Male
6098,1,Male
6099,1,Female
6100,1,Male
6101,1,Male
6102,1,Female
6103,1,Male
6104,1,Male
6105,1,Female
6106,1,Female
6107,1,Male
6108,1,Female
6109,1,Male
6110,1,Male
6111,1,Male
6112,1,Male
6113,1,Female
6114,1,Male
6115,1,Male
6116,1,Male
6117,1,Male
6118,1,Male
6119,1,Male
6120,1,Male
6121,1,Male
6122,1,Male
6123,1,Male
6124,1,Female
6125,1,Male
6126,1,Male
6127,1,Male
6128,1,Female
6129,1,Male
6130,1,Female
6131,1,Male
6132,1,Male
6133,1,Male
6134,1,Male
6135,1,Male
6136,1,Female
6137,1,Female
6138,1,Male
6139,1,Male
6140,1,Female
6141,1,Female
6142,1,Female
6143,1,Male
6144,1,Female
6145,1,Female
6146,1,Female
6147,1,Male
6148,1,Male
6149,1,Female
6150,1,Male
6151,1,Male
6152,1,Male
6153,1,Male
6154,1,Male
6155,1,Male
6156,1,Male
6157,1,Female
6158,1,Female
6159,1,Female
6160,1,Male
6161,1,Male
6162,1,Male
6163,1,Female
6164,1,Male
6165,1,Female
6166,1,Female
6167,1,Female
6168,1,Male
6169,1,Male
6170,1,Male
6171,1,Male
6172,1,Male
6173,1,Male
6174,1,Male
6175,1,Male
6176,1,Male
6177,1,Female
6178,1,Female
6179,1,Male
6180,1,Female
6181,1,Female
6182,1,Male
6183,1,Male
6184,1,Male
6185,1,Male
6186,1,Male
6187,1,Female
6188,1,Male
6189,1,Male
6190,1,Male
6191,1,Male
6192,1,Male
6193,1,Male
6194,1,Male
6195,1,Male
6196,1,Male
6197,1,Female
6198,1,Male
6199,1,Male
6200,1,Male
6201,1,Male
6202,1,Male
6203,1,Female
6204,1,Male
6205,1,Male
6206,1,Male
6207,1,Male
6208,1,Male
6209,1,Male
6210,1,Female
6211,1,Male
6212,1,Male
6213,1,Male
6214,1,Male
6215,1,Male
6216,1,Male
6217,1,Male
6218,1,Male
6219,1,Male
6220,1,Male
6221,1,Male
6222,1,Male
6223,1,Female
6224,1,Female
6225,1,Male
6226,1,Male
6227,1,Male
6228,1,Male
6229,1,Female
6230,1,Male
6231,1,Male
6232,1,Male
6233,1,Female
6234,1,Male
6235,1,Male
6236,1,Female
6237,1,Male
6238,1,Female
6239,1,Female
6240,1,Male
6241,1,Male
6242,1,Male
6243,1,Female
6244,1,Female
6245,1,Female
6246,1,Female
6247,1,Male
6248,1,Female
6249,1,Male
6250,1,Male
6251,1,Male
6252,1,Male
6253,1,Male
6254,1,Female
6255,1,Female
6256,1,Female
6257,1,Female
6258,1,Male
6259,1,Female
6260,1,Female
6261,1,Female
6262,1,Male
6263,1,Female
6264,1,Female
6265,1,Female
6266,1,Female
6267,1,Female
6268,1,Male
6269,1,Male
6270,1,Male
6271,1,Female
6272,1,Female
6273,1,Male
6274,1,Female
6275,1,Female
6276,1,Male
6277,1,Female
6278,1,Male
6279,1,Female
6280,1,Female
6281,1,Female
6282,1,Male
6283,1,Male
6284,1,Male
6285,1,Male
6286,1,Male
6287,1,Male
6288,1,Male
6289,1,Male
6290,1,Male
6291,1,Male
6292,1,Female
6293,1,Female
6294,1,Male
6295,1,Male
6296,1,Female
6297,1,Female
6298,1,Male
6299,1,Female
6300,1,Male
6301,1,Male
6302,1,Female
6303,1,Female
6304,1,Male
6305,1,Male
6306,1,Male
6307,1,Female
6308,1,Female
6309,1,Female
6310,1,Female
6311,1,Male
6312,1,Male
6313,1,Male
6314,1,Male
6315,1,Male
6316,1,Male
6317,1,Female
6318,1,Female
6319,1,Male
6320,1,Female
6321,1,Male
6322,1,Male
6323,1,Female
6324,1,Female
6325,1,Male
6326,1,Female
6327,1,Male
6328,1,Male
6329,1,Female
6330,1,Male
6331,1,Female
6332,1,Male
6333,1,Male
6334,1,Male
6335,1,Male
6336,1,Female
6337,1,Male
6338,1,Female
6339,1,Male
6340,1,Male
6341,1,Male
6342,1,Female
6343,1,Male
6344,1,Female
6345,1,Male
6346,1,Male
6347,1,Male
6348,1,Male
6349,1,Female
6350,1,Male
6351,1,Female
6352,1,Male
6353,1,Male
6354,1,Male
6355,1,Female
6356,1,Male
6357,1,Male
6358,1,Male
6359,1,Male
6360,1,Male
6361,1,Female
6362,1,Male
6363,1,Male
6364,1,Male
6365,1,Male
6366,1,Male
6367,1,Female
6368,1,Female
6369,1,Male
6370,1,Male
6371,1,Male
6372,1,Male
6373,1,Male
6374,1,Female
6375,1,Female
6376,1,Female
6377,1,Female
6378,1,Female
6379,1,Female
6380,1,Male
6381,1,Female
6382,1,Male
6383,1,Male
6384,1,Male
6385,1,Female
6386,1,Male
6387,1,Male
6388,1,Female
6389,1,Male
6390,1,Female
6391,1,Male
6392,1,Male
6393,1,Male
6394,1,Male
6395,1,Female
6396,1,Male
6397,1,Male
6398,1,Male
6399,1,Male
6400,1,Female
6401,1,Female
6402,1,Male
6403,1,Male
6404,1,Male
6405,1,Male
6406,1,Male
6407,1,Female
6408,1,Female
6409,1,Female
6410,1,Male
6411,1,Female
6412,1,Male
6413,1,Male
6414,1,Male
6415,1,Male
6416,1,Male
6417,1,Male
6418,1,Male
6419,1,Female
6420,1,Male
6421,1,Male
6422,1,Male
6423,1,Female
6424,1,Male
6425,1,Male
6426,1,Female
6427,1,Male
6428,1,Male
6429,1,Male
6430,1,Female
6431,1,Female
6432,1,Female
6433,1,Male
6434,1,Male
6435,1,Male
6436,1,Male
6437,1,Male
6438,1,Male
6439,1,Male
6440,1,Female
6441,1,Male
6442,1,Female
6443,1,Male
6444,1,Female
6445,1,Male
6446,1,Female
6447,1,Female
6448,1,Male
6449,1,Male
6450,1,Male
6451,1,Female
6452,1,Male
6453,1,Male
6454,1,Male
6455,1,Male
6456,1,Female
6457,1,Male
6458,1,Female
6459,1,Male
6460,1,Male
6461,1,Female
6462,1,Male
6463,1,Female
6464,1,Male
6465,1,Male
6466,1,Male
6467,1,Female
6468,1,Male
6469,1,Male
6470,1,Male
6471,1,Male
6472,1,Male
6473,1,Male
6474,1,Male
6475,1,Male
6476,1,Male
6477,1,Male
6478,1,Male
6479,1,Female
6480,1,Female
6481,1,Male
6482,1,Male
6483,1,Male
6484,1,Male
6485,1,Male
6486,1,Male
6487,1,Female
6488,1,Female
6489,1,Male
6490,1,Female
6491,1,Male
6492,1,Female
6493,1,Male
6494,1,Female
6495,1,Female
6496,1,Male
6497,1,Male
6498,1,Female
6499,1,Male
6500,1,Female
6501,1,Male
6502,1,Male
6503,1,Male
6504,1,Male
6505,1,Female
6506,1,Male
6507,1,Female
6508,1,Male
6509,1,Female
6510,1,Male
6511,1,Female
6512,1,Female
6513,1,Female
6514,1,Male
6515,1,Male
6516,1,Male
6517,1,Male
6518,1,Male
6519,1,Male
6520,1,Male
6521,1,Male
6522,1,Male
6523,1,Male
6524,1,Female
6525,1,Male
6526,1,Female
6527,1,Male
6528,1,Female
6529,1,Female
6530,1,Female
6531,1,Male
6532,1,Male
6533,1,Male
6534,1,Female
6535,1,Male
6536,1,Male
6537,1,Male
6538,1,Female
6539,1,Female
6540,1,Female
6541,1,Female
6542,1,Male
6543,1,Male
6544,1,Female
6545,1,Male
6546,1,Female
6547,1,Male
6548,1,Male
6549,1,Female
6550,1,Female
6551,1,Female
6552,1,Female
6553,1,Male
6554,1,Male
6555,1,Female
6556,1,Male
6557,1,Male
6558,1,Female
6559,1,Male
6560,1,Male
6561,1,Male
6562,1,Female
6563,1,Male
6564,1,Female
6565,1,Male
6566,1,Male
6567,1,Male
6568,1,Female
6569,1,Male
6570,1,Male
6571,1,Male
6572,1,Male
6573,1,Male
6574,1,Female
6575,1,Female
6576,1,Male
6577,1,Male
6578,1,Male
6579,1,Female
6580,1,Male
6581,1,Male
6582,1,Male
6583,1,Female
6584,1,Male
6585,1,Male
6586,1,Female
6587,1,Male
6588,1,Male
6589,1,Male
6590,1,Male
6591,1,Male
6592,1,Female
6593,1,Male
6594,1,Male
6595,1,Male
6596,1,Male
6597,1,Male
6598,1,Female
6599,1,Male
6600,1,Female
6601,1,Male
6602,1,Male
6603,1,Female
6604,1,Female
6605,1,Female
6606,1,Male
6607,1,Male
6608,1,Female
6609,1,Female
6610,1,Female
6611,1,Male
6612,1,Male
6613,1,Female
6614,1,Male
6615,1,Male
6616,1,Female
6617,1,Female
6618,1,Female
6619,1,Male
6620,1,Female
6621,1,Female
6622,1,Male
6623,1,Female
6624,1,Male
6625,1,Female
6626,1,Female
6627,1,Male
6628,1,Male
6629,1,Male
6630,1,Female
6631,1,Female
6632,1,Male
6633,1,Female
6634,1,Female
6635,1,Male
6636,1,Male
6637,1,Male
6638,1,Male
6639,1,Male
6640,1,Male
6641,1,Male
6642,1,Male
6643,1,Female
6644,1,Male
6645,1,Male
6646,1,Male
6647,1,Male
6648,1,Male
6649,1,Male
6650,1,Male
6651,1,Male
6652,1,Male
6653,1,Male
6654,1,Female
6655,1,Female
6656,1,Female
6657,1,Female
6658,1,Male
6659,1,Male
6660,1,Male
6661,1,Female
6662,1,Male
6663,1,Female
6664,1,Female
6665,1,Male
6666,1,Female
6667,1,Female
6668,1,Female
6669,1,Female
6670,1,Male
6671,1,Female
6672,1,Female
6673,1,Female
6674,1,Male
6675,1,Female
6676,1,Male
6677,1,Female
6678,1,Male
6679,1,Male
6680,1,Male
6681,1,Male
6682,1,Male
6683,1,Male
6684,1,Female
6685,1,Male
6686,1,Male
6687,1,Female
6688,1,Male
6689,1,Female
6690,1,Male
6691,1,Male
6692,1,Male
6693,1,Female
6694,1,Male
6695,1,Female
6696,1,Male
6697,1,Male
6698,1,Male
6699,1,Male
6700,1,Female
6701,1,Male
6702,1,Female
6703,1,Female
6704,1,Male
6705,1,Male
6706,1,Female
6707,1,Male
6708,1,Female
6709,1,Male
6710,1,Male
6711,1,Female
6712,1,Female
6713,1,Male
6714,1,Female
6715,1,Male
6716,1,Male
6717,1,Male
6718,1,Male
6719,1,Male
6720,1,Male
6721,1,Male
6722,1,Female
6723,1,Male
6724,1,Female
6725,1,Male
6726,1,Male
6727,1,Male
6728,1,Male
6729,1,Male
6730,1,Male
6731,1,Female
6732,1,Male
6733,1,Male
6734,1,Female
6735,1,Female
6736,1,Male
6737,1,Male
6738,1,Female
6739,1,Male
6740,1,Female
6741,1,Female
6742,1,Male
6743,1,Female
6744,1,Male
6745,1,Female
6746,1,Male
6747,1,Male
6748,1,Female
6749,1,Female
6750,1,Male
6751,1,Male
6752,1,Male
6753,1,Male
6754,1,Male
6755,1,Male
6756,1,Female
6757,1,Female
6758,1,Male
6759,1,Male
6760,1,Male
6761,1,Female
6762,1,Male
6763,1,Female
6764,1,Female
6765,1,Male
6766,1,Male
6767,1,Male
6768,1,Male
6769,1,Male
6770,1,Male
6771,1,Male
6772,1,Male
6773,1,Female
6774,1,Female
6775,1,Male
6776,1,Male
6777,1,Male
6778,1,Male
6779,1,Male
6780,1,Male
6781,1,Male
6782,1,Male
6783,1,Female
6784,1,Male
6785,1,Male
6786,1,Female
6787,1,Female
6788,1,Female
6789,1,Male
6790,1,Male
6791,1,Male
6792,1,Male
6793,1,Female
6794,1,Male
6795,1,Male
6796,1,Male
6797,1,Male
6798,1,Male
6799,1,Male
6800,1,Male
6801,1,Male
6802,1,Female
6803,1,Female
6804,1,Male
6805,1,Male
6806,1,Female
6807,1,Male
6808,1,Male
6809,1,Male
6810,1,Male
6811,1,Female
6812,1,Female
6813,1,Female
6814,1,Male
6815,1,Male
6816,1,Male
6817,1,Male
6818,1,Male
6819,1,Male
6820,1,Male
6821,1,Male
6822,1,Male
6823,1,Male
6824,1,Female
6825,1,Female
6826,1,Male
6827,1,Male
6828,1,Male
6829,1,Female
6830,1,Female
6831,1,Male
6832,1,Female
6833,1,Male
6834,1,Male
6835,1,Male
6836,1,Male
6837,1,Male
6838,1,Female
6839,1,Male
6840,1,Male
6841,1,Female
6842,1,Male
6843,1,Female
6844,1,Male
6845,1,Female
6846,1,Male
6847,1,Male
6848,1,Male
6849,1,Female
6850,1,Female
6851,1,Male
6852,1,Male
6853,1,Male
6854,1,Male
6855,1,Female
6856,1,Male
6857,1,Female
6858,1,Female
6859,1,Male
6860,1,Female
6861,1,Male
6862,1,Female
6863,1,Male
6864,1,Male
6865,1,Male
6866,1,Female
6867,1,Female
6868,1,Male
6869,1,Female
6870,1,Male
6871,1,Female
6872,1,Female
6873,1,Female
6874,1,Female
6875,1,Male
6876,1,Female
6877,1,Male
6878,1,Male
6879,1,Male
6880,1,Female
6881,1,Female
6882,1,Male
6883,1,Male
6884,1,Female
6885,1,Male
6886,1,Male
6887,1,Female
6888,1,Male
6889,1,Female
6890,1,Male
6891,1,Male
6892,1,Female
6893,1,Female
6894,1,Female
6895,1,Male
6896,1,Female
6897,1,Female
6898,1,Male
6899,1,Male
6900,1,Male
6901,1,Female
6902,1,Male
6903,1,Male
6904,1,Female
6905,1,Female
6906,1,Male
6907,1,Female
6908,1,Male
6909,1,Male
6910,1,Female
6911,1,Male
6912,1,Male
6913,1,Male
6914,1,Male
6915,1,Male
6916,1,Male
6917,1,Male
6918,1,Male
6919,1,Male
6920,1,Male
6921,1,Female
6922,1,Male
6923,1,Female
6924,1,Female
6925,1,Male
6926,1,Male
6927,1,Male
6928,1,Male
6929,1,Female
6930,1,Male
6931,1,Male
6932,1,Male
6933,1,Male
6934,1,Male
6935,1,Male
6936,1,Male
6937,1,Female
6938,1,Male
6939,1,Male
6940,1,Male
6941,1,Male
6942,1,Female
6943,1,Female
6944,1,Male
6945,1,Male
6946,1,Female
6947,1,Male
6948,1,Female
6949,1,Male
6950,1,Male
6951,1,Male
6952,1,Male
6953,1,Female
6954,1,Male
6955,1,Female
6956,1,Male
6957,1,Male
6958,1,Male
6959,1,Male
6960,1,Male
6961,1,Female
6962,1,Male
6963,1,Male
6964,1,Female
6965,1,Female
6966,1,Male
6967,1,Male
6968,1,Female
6969,1,Female
6970,1,Female
6971,1,Male
6972,1,Male
6973,1,Male
6974,1,Male
6975,1,Male
6976,1,Male
6977,1,Female
6978,1,Female
6979,1,Male
6980,1,Male
6981,1,Male
6982,1,Male
6983,1,Female
6984,1,Female
6985,1,Male
6986,1,Male
6987,1,Male
6988,1,Male
6989,1,Female
6990,1,Male
6991,1,Male
6992,1,Female
6993,1,Male
6994,1,Female
6995,1,Male
6996,1,Male
6997,1,Female
6998,1,Male
6999,1,Male
7000,1,Female
7001,1,Female
7002,1,Female
7003,1,Male
7004,1,Male
7005,1,Female
7006,1,Male
7007,1,Female
7008,1,Male
7009,1,Female
7010,1,Female
7011,1,Male
7012,1,Male
7013,1,Male
7014,1,Male
7015,1,Male
7016,1,Female
7017,1,Male
7018,1,Female
7019,1,Male
7020,1,Female
7021,1,Male
7022,1,Male
7023,1,Male
7024,1,Male
7025,1,Male
7026,1,Male
7027,1,Female
7028,1,Female
7029,1,Male
7030,1,Male
7031,1,Male
7032,1,Female
7033,1,Male
7034,1,Male
7035,1,Female
7036,1,Male
7037,1,Female
7038,1,Female
7039,1,Male
7040,1,Male
7041,1,Female
7042,1,Female
7043,1,Male
7044,1,Male
7045,1,Female
7046,1,Female
7047,1,Male
7048,1,Female
7049,1,Male
7050,1,Male
7051,1,Female
7052,1,Male
7053,1,Male
7054,1,Male
7055,1,Male
7056,1,Female
7057,1,Male
7058,1,Male
7059,1,Male
7060,1,Male
7061,1,Female
7062,1,Female
7063,1,Male
7064,1,Female
7065,1,Female
7066,1,Male
7067,1,Female
7068,1,Male
7069,1,Male
7070,1,Female
7071,1,Male
7072,1,Male
7073,1,Female
7074,1,Female
7075,1,Male
7076,1,Male
7077,1,Male
7078,1,Female
7079,1,Male
7080,1,Male
7081,1,Male
7082,1,Male
7083,1,Male
7084,1,Male
7085,1,Female
7086,1,Male
7087,1,Male
7088,1,Female
7089,1,Male
7090,1,Male
7091,1,Male
7092,1,Male
7093,1,Male
7094,1,Male
7095,1,Male
7096,1,Male
7097,1,Male
7098,1,Female
7099,1,Male
7100,1,Male
7101,1,Female
7102,1,Male
7103,1,Male
7104,1,Male
7105,1,Male
7106,1,Male
7107,1,Male
7108,1,Male
7109,1,Female
7110,1,Female
7111,1,Male
7112,1,Male
7113,1,Male
7114,1,Female
7115,1,Male
7116,1,Male
7117,1,Female
7118,1,Male
7119,1,Female
7120,1,Male
7121,1,Female
7122,1,Male
7123,1,Female
7124,1,Male
7125,1,Female
7126,1,Male
7127,1,Male
7128,1,Male
7129,1,Male
7130,1,Male
7131,1,Male
7132,1,Male
7133,1,Male
7134,1,Female
7135,1,Female
7136,1,Male
7137,1,Male
7138,1,Female
7139,1,Male
7140,1,Male
7141,1,Male
7142,1,Female
7143,1,Male
7144,1,Male
7145,1,Male
7146,1,Male
7147,1,Male
7148,1,Female
7149,1,Male
7150,1,Male
7151,1,Female
7152,1,Female
7153,1,Male
7154,1,Male
7155,1,Female
7156,1,Female
7157,1,Male
7158,1,Male
7159,1,Male
7160,1,Female
7161,1,Female
7162,1,Female
7163,1,Male
7164,1,Male
7165,1,Male
7166,1,Male
7167,1,Female
7168,1,Male
7169,1,Male
7170,1,Male
7171,1,Male
7172,1,Male
7173,1,Male
7174,1,Female
7175,1,Male
7176,1,Female
7177,1,Male
7178,1,Male
7179,1,Female
7180,1,Male
7181,1,Male
7182,1,Female
7183,1,Male
7184,1,Male
7185,1,Male
7186,1,Male
7187,1,Male
7188,1,Male
7189,1,Male
7190,1,Male
7191,1,Female
7192,1,Male
7193,1,Female
7194,1,Male
7195,1,Male
7196,1,Male
7197,1,Male
7198,1,Male
7199,1,Male
7200,1,Male
7201,1,Male
7202,1,Female
7203,1,Male
7204,1,Male
7205,1,Male
7206,1,Male
7207,1,Male
7208,1,Female
7209,1,Male
7210,1,Female
7211,1,Male
7212,1,Female
7213,1,Male
7214,1,Female
7215,1,Male
7216,1,Male
7217,1,Female
7218,1,Female
7219,1,Male
7220,1,Male
7221,1,Male
7222,1,Female
7223,1,Male
7224,1,Female
7225,1,Female
7226,1,Male
7227,1,Male
7228,1,Male
7229,1,Male
7230,1,Male
7231,1,Female
7232,1,Female
7233,1,Male
7234,1,Male
7235,1,Male
7236,1,Female
7237,1,Male
7238,1,Male
7239,1,Male
7240,1,Female
7241,1,Male
7242,1,Female
7243,1,Male
7244,1,Female
7245,1,Male
7246,1,Female
7247,1,Female
7248,1,Female
7249,1,Male
7250,1,Male
7251,1,Female
7252,1,Male
7253,1,Male
7254,1,Male
7255,1,Male
7256,1,Male
7257,1,Male
7258,1,Male
7259,1,Male
7260,1,Male
7261,1,Male
7262,1,Male
7263,1,Male
7264,1,Female
7265,1,Male
7266,1,Male
7267,1,Male
7268,1,Female
7269,1,Male
7270,1,Male
7271,1,Female
7272,1,Male
7273,1,Male
7274,1,Male
7275,1,Male
7276,1,Male
7277,1,Female
7278,1,Male
7279,1,Female
7280,1,Female
7281,1,Female
7282,1,Male
7283,1,Male
7284,1,Male
7285,1,Female
7286,1,Male
7287,1,Male
7288,1,Male
7289,1,Male
7290,1,Male
7291,1,Female
7292,1,Male
7293,1,Male
7294,1,Male
7295,1,Female
7296,1,Female
7297,1,Male
7298,1,Male
7299,1,Female
7300,1,Female
7301,1,Male
7302,1,Male
7303,1,Male
7304,1,Female
7305,1,Male
7306,1,Male
7307,1,Male
7308,1,Male
7309,1,Female
7310,1,Female
7311,1,Male
7312,1,Male
7313,1,Female
7314,1,Male
7315,1,Female
7316,1,Male
7317,1,Male
7318,1,Male
7319,1,Female
7320,1,Female
7321,1,Male
7322,1,Female
7323,1,Male
7324,1,Female
7325,1,Male
7326,1,Male
7327,1,Female
7328,1,Male
7329,1,Male
7330,1,Male
7331,1,Female
7332,1,Male
7333,1,Male
7334,1,Female
7335,1,Female
7336,1,Male
7337,1,Female
7338,1,Female
7339,1,Male
7340,1,Female
7341,1,Male
7342,1,Male
7343,1,Male
7344,1,Female
7345,1,Male
7346,1,Male
7347,1,Male
7348,1,Male
7349,1,Male
7350,1,Male
7351,1,Male
7352,1,Male
7353,1,Female
7354,1,Female
7355,1,Female
7356,1,Female
7357,1,Male
7358,1,Male
7359,1,Male
7360,1,Male
7361,1,Male
7362,1,Male
7363,1,Male
7364,1,Female
7365,1,Male
7366,1,Male
7367,1,Male
7368,1,Male
7369,1,Male
7370,1,Male
7371,1,Male
7372,1,Female
7373,1,Male
7374,1,Male
7375,1,Male
7376,1,Male
7377,1,Male
7378,1,Female
7379,1,Female
7380,1,Male
7381,1,Female
7382,1,Female
7383,1,Male
7384,1,Male
7385,1,Female
7386,1,Male
7387,1,Male
7388,1,Male
7389,1,Female
7390,1,Female
7391,1,Male
7392,1,Male
7393,1,Male
7394,1,Female
7395,1,Female
7396,1,Female
7397,1,Male
7398,1,Female
7399,1,Male
7400,1,Male
7401,1,Male
7402,1,Male
7403,1,Male
7404,1,Female
7405,1,Female
7406,1,Female
7407,1,Male
7408,1,Female
7409,1,Male
7410,1,Female
7411,1,Male
7412,1,Female
7413,1,Male
7414,1,Female
7415,1,Male
7416,1,Male
7417,1,Female
7418,1,Female
7419,1,Male
7420,1,Female
7421,1,Male
7422,1,Male
7423,1,Male
7424,1,Male
7425,1,Female
7426,1,Male
7427,1,Male
7428,1,Male
7429,1,Female
7430,1,Female
7431,1,Male
7432,1,Female
7433,1,Male
7434,1,Male
7435,1,Male
7436,1,Male
7437,1,Male
7438,1,Male
7439,1,Male
7440,1,Male
7441,1,Male
7442,1,Male
7443,1,Male
7444,1,Male
7445,1,Female
7446,1,Male
7447,1,Male
7448,1,Male
7449,1,Male
7450,1,Male
7451,1,Male
7452,1,Male
7453,1,Male
7454,1,Female
7455,1,Male
7456,1,Male
7457,1,Male
7458,1,Male
7459,1,Male
7460,1,Female
7461,1,Female
7462,1,Male
7463,1,Female
7464,1,Male
7465,1,Male
7466,1,Female
7467,1,Female
7468,1,Male
7469,1,Female
7470,1,Male
7471,1,Female
7472,1,Female
7473,1,Male
7474,1,Female
7475,1,Male
7476,1,Male
7477,1,Female
7478,1,Male
7479,1,Female
7480,1,Male
7481,1,Male
7482,1,Male
7483,1,Male
7484,1,Male
7485,1,Male
7486,1,Female
7487,1,Male
7488,1,Male
7489,1,Male
7490,1,Male
7491,1,Male
7492,1,Male
7493,1,Male
7494,1,Male
7495,1,Female
7496,1,Female
7497,1,Female
7498,1,Female
7499,1,Female
7500,1,Male
7501,1,Female
7502,1,Male
7503,1,Male
7504,1,Male
7505,1,Male
7506,1,Male
7507,1,Female
7508,1,Female
7509,1,Female
7510,1,Male
7511,1,Female
7512,1,Female
7513,1,Female
7514,1,Male
7515,1,Male
7516,1,Male
7517,1,Male
7518,1,Male
7519,1,Male
7520,1,Female
7521,1,Female
7522,1,Male
7523,1,Male
7524,1,Male
7525,1,Female
7526,1,Male
7527,1,Male
7528,1,Male
7529,1,Female
7530,1,Male
7531,1,Female
7532,1,Male
7533,1,Male
7534,1,Male
7535,1,Male
7536,1,Female
7537,1,Male
7538,1,Male
7539,1,Male
7540,1,Male
7541,1,Male
7542,1,Male
7543,1,Female
7544,1,Female
7545,1,Male
7546,1,Male
7547,1,Male
7548,1,Male
7549,1,Male
7550,1,Female
7551,1,Male
7552,1,Female
7553,1,Female
7554,1,Female
7555,1,Male
7556,1,Male
7557,1,Male
7558,1,Female
7559,1,Male
7560,1,Male
7561,1,Male
7562,1,Male
7563,1,Male
7564,1,Female
7565,1,Male
7566,1,Male
7567,1,Male
7568,1,Male
7569,1,Male
7570,1,Female
7571,1,Male
7572,1,Female
7573,1,Male
7574,1,Male
7575,1,Female
7576,1,Male
7577,1,Male
7578,1,Female
7579,1,Female
7580,1,Female
7581,1,Female
7582,1,Male
7583,1,Male
7584,1,Male
7585,1,Male
7586,1,Male
7587,1,Male
7588,1,Male
7589,1,Male
7590,1,Female
7591,1,Female
7592,1,Male
7593,1,Female
7594,1,Male
7595,1,Male
7596,1,Male
7597,1,Male
7598,1,Male
7599,1,Female
7600,1,Male
7601,1,Male
7602,1,Male
7603,1,Female
7604,1,Female
7605,1,Male
7606,1,Male
7607,1,Male
7608,1,Female
7609,1,Male
7610,1,Male
7611,1,Female
7612,1,Male
7613,1,Male
7614,1,Female
7615,1,Male
7616,1,Male
7617,1,Male
7618,1,Female
7619,1,Male
7620,1,Male
7621,1,Male
7622,1,Female
7623,1,Male
7624,1,Male
7625,1,Male
7626,1,Female
7627,1,Male
7628,1,Female
7629,1,Male
7630,1,Male
7631,1,Female
7632,1,Female
7633,1,Male
7634,1,Female
7635,1,Male
7636,1,Male
7637,1,Female
7638,1,Female
7639,1,Male
7640,1,Male
7641,1,Male
7642,1,Male
7643,1,Male
7644,1,Male
7645,1,Male
7646,1,Male
7647,1,Male
7648,1,Female
7649,1,Female
7650,1,Male
7651,1,Male
7652,1,Male
7653,1,Male
7654,1,Male
7655,1,Female
7656,1,Male
7657,1,Female
7658,1,Male
7659,1,Male
7660,1,Female
7661,1,Female
7662,1,Female
7663,1,Male
7664,1,Female
7665,1,Female
7666,1,Female
7667,1,Female
7668,1,Male
7669,1,Female
7670,1,Male
7671,1,Male
7672,1,Female
7673,1,Male
7674,1,Male
7675,1,Female
7676,1,Male
7677,1,Male
7678,1,Male
7679,1,Male
7680,1,Female
7681,1,Male
7682,1,Female
7683,1,Female
7684,1,Female
7685,1,Male
7686,1,Male
7687,1,Male
7688,1,Female
7689,1,Female
7690,1,Female
7691,1,Male
7692,1,Male
7693,1,Female
7694,1,Male
7695,1,Female
7696,1,Male
7697,1,Female
7698,1,Female
7699,1,Male
7700,1,Male
7701,1,Female
7702,1,Male
7703,1,Female
7704,1,Male
7705,1,Male
7706,1,Female
7707,1,Male
7708,1,Male
7709,1,Male
7710,1,Female
7711,1,Female
7712,1,Male
7713,1,Female
7714,1,Male
7715,1,Male
7716,1,Female
7717,1,Male
7718,1,Male
7719,1,Male
7720,1,Male
7721,1,Male
7722,1,Female
7723,1,Male
7724,1,Male
7725,1,Male
7726,1,Male
7727,1,Female
7728,1,Male
7729,1,Male
7730,1,Male
7731,1,Female
7732,1,Male
7733,1,Female
7734,1,Female
7735,1,Female
7736,1,Female
7737,1,Female
7738,1,Female
7739,1,Male
7740,1,Male
7741,1,Male
7742,1,Female
7743,1,Male
7744,1,Male
7745,1,Female
7746,1,Male
7747,1,Male
7748,1,Male
7749,1,Male
7750,1,Male
7751,1,Male
7752,1,Male
7753,1,Female
7754,1,Female
7755,1,Male
7756,1,Female
7757,1,Male
7758,1,Female
7759,1,Male
7760,1,Female
7761,1,Male
7762,1,Male
7763,1,Male
7764,1,Male
7765,1,Female
7766,1,Male
7767,1,Female
7768,1,Male
7769,1,Male
7770,1,Male
7771,1,Female
7772,1,Male
7773,1,Female
7774,1,Female
7775,1,Male
7776,1,Male
7777,1,Male
7778,1,Female
7779,1,Female
7780,1,Male
7781,1,Male
7782,1,Male
7783,1,Male
7784,1,Male
7785,1,Male
7786,1,Male
7787,1,Female
7788,1,Female
7789,1,Male
7790,1,Male
7791,1,Male
7792,1,Male
7793,1,Female
7794,1,Female
7795,1,Male
7796,1,Male
7797,1,Female
7798,1,Male
7799,1,Female
7800,1,Male
7801,1,Female
7802,1,Male
7803,1,Female
7804,1,Male
7805,1,Male
7806,1,Male
7807,1,Male
7808,1,Male
7809,1,Male
7810,1,Male
7811,1,Female
7812,1,Female
7813,1,Female
7814,1,Male
7815,1,Female
7816,1,Male
7817,1,Male
7818,1,Male
7819,1,Male
7820,1,Male
7821,1,Female
7822,1,Male
7823,1,Male
7824,1,Male
7825,1,Male
7826,1,Female
7827,1,Male
7828,1,Male
7829,1,Female
7830,1,Male
7831,1,Male
7832,1,Female
7833,1,Male
7834,1,Male
7835,1,Male
7836,1,Male
7837,1,Male
7838,1,Female
7839,1,Male
7840,1,Male
7841,1,Male
7842,1,Female
7843,1,Male
7844,1,Male
7845,1,Female
7846,1,Male
7847,1,Male
7848,1,Female
7849,1,Male
7850,1,Male
7851,1,Female
7852,1,Female
7853,1,Male
7854,1,Male
7855,1,Male
7856,1,Female
7857,1,Male
7858,1,Female
7859,1,Female
7860,1,Female
7861,1,Male
7862,1,Male
7863,1,Female
7864,1,Male
7865,1,Female
7866,1,Male
7867,1,Male
7868,1,Male
7869,1,Male
7870,1,Male
7871,1,Female
7872,1,Female
7873,1,Female
7874,1,Female
7875,1,Male
7876,1,Male
7877,1,Male
7878,1,Male
7879,1,Male
7880,1,Female
7881,1,Female
7882,1,Female
7883,1,Male
7884,1,Male
7885,1,Male
7886,1,Male
7887,1,Female
7888,1,Female
7889,1,Male
7890,1,Male
7891,1,Female
7892,1,Male
7893,1,Male
7894,1,Male
7895,1,Female
7896,1,Male
7897,1,Male
7898,1,Male
7899,1,Male
7900,1,Male
7901,1,Male
7902,1,Male
7903,1,Male
7904,1,Male
7905,1,Male
7906,1,Male
7907,1,Male
7908,1,Female
7909,1,Male
7910,1,Male
7911,1,Male
7912,1,Female
7913,1,Male
7914,1,Male
7915,1,Male
7916,1,Male
7917,1,Female
7918,1,Male
7919,1,Male
7920,1,Male
7921,1,Female
7922,1,Male
7923,1,Male
7924,1,Female
7925,1,Male
7926,1,Female
7927,1,Male
7928,1,Female
7929,1,Female
7930,1,Female
7931,1,Female
7932,1,Male
7933,1,Female
7934,1,Male
7935,1,Male
7936,1,Female
7937,1,Female
7938,1,Male
7939,1,Male
7940,1,Male
7941,1,Male
7942,1,Male
7943,1,Male
7944,1,Female
7945,1,Male
7946,1,Male
7947,1,Male
7948,1,Male
7949,1,Female
7950,1,Male
7951,1,Male
7952,1,Male
7953,1,Male
7954,1,Male
7955,1,Female
7956,1,Male
7957,1,Female
7958,1,Male
7959,1,Male
7960,1,Male
7961,1,Male
7962,1,Female
7963,1,Female
7964,1,Female
7965,1,Male
7966,1,Male
7967,1,Female
7968,1,Male
7969,1,Female
7970,1,Male
7971,1,Male
7972,1,Male
7973,1,Male
7974,1,Male
7975,1,Male
7976,1,Male
7977,1,Male
7978,1,Female
7979,1,Male
7980,1,Male
7981,1,Male
7982,1,Female
7983,1,Male
7984,1,Male
7985,1,Female
7986,1,Female
7987,1,Female
7988,1,Female
7989,1,Male
7990,1,Female
7991,1,Male
7992,1,Male
7993,1,Male
7994,1,Male
7995,1,Male
7996,1,Male
7997,1,Male
7998,1,Male
7999,1,Female
8000,1,Male
8001,1,Female
8002,1,Female
8003,1,Male
8004,1,Male
8005,1,Male
8006,1,Male
8007,1,Male
8008,1,Female
8009,1,Male
8010,1,Female
8011,1,Male
8012,1,Male
8013,1,Female
8014,1,Male
8015,1,Female
8016,1,Male
8017,1,Male
8018,1,Male
8019,1,Female
8020,1,Female
8021,1,Male
8022,1,Female
8023,1,Male
8024,1,Female
8025,1,Male
8026,1,Male
8027,1,Male
8028,1,Male
8029,1,Male
8030,1,Female
8031,1,Male
8032,1,Male
8033,1,Male
8034,1,Female
8035,1,Male
8036,1,Female
8037,1,Female
8038,1,Female
8039,1,Male
8040,1,Male
8041,1,Female
8042,1,Female
8043,1,Female
8044,1,Male
8045,1,Male
8046,1,Male
8047,1,Male
8048,1,Female
8049,1,Female
8050,1,Male
8051,1,Female
8052,1,Male
8053,1,Male
8054,1,Male
8055,1,Male
8056,1,Male
8057,1,Male
8058,1,Male
8059,1,Male
8060,1,Female
8061,1,Male
8062,1,Female
8063,1,Male
8064,1,Male
8065,1,Male
8066,1,Female
8067,1,Male
8068,1,Female
8069,1,Male
8070,1,Male
8071,1,Male
8072,1,Male
8073,1,Female
8074,1,Male
8075,1,Male
8076,1,Male
8077,1,Male
8078,1,Male
8079,1,Male
8080,1,Male
8081,1,Female
8082,1,Male
8083,1,Male
8084,1,Female
8085,1,Male
8086,1,Female
8087,1,Male
8088,1,Male
8089,1,Male
8090,1,Female
8091,1,Male
8092,1,Male
8093,1,Female
8094,1,Male
8095,1,Female
8096,1,Male
8097,1,Male
8098,1,Male
8099,1,Male
8100,1,Male
8101,1,Female
8102,1,Female
8103,1,Female
8104,1,Male
8105,1,Male
8106,1,Male
8107,1,Male
8108,1,Male
8109,1,Male
8110,1,Male
8111,1,Female
8112,1,Male
8113,1,Male
8114,1,Male
8115,1,Male
8116,1,Female
8117,1,Male
8118,1,Female
8119,1,Female
8120,1,Male
8121,1,Male
8122,1,Male
8123,1,Male
8124,1,Male
8125,1,Male
8126,1,Male
8127,1,Female
8128,1,Male
8129,1,Female
8130,1,Male
8131,1,Female
8132,1,Male
8133,1,Male
8134,1,Female
8135,1,Male
8136,1,Male
8137,1,Female
8138,1,Female
8139,1,Female
8140,1,Male
8141,1,Male
8142,1,Male
8143,1,Male
8144,1,Male
8145,1,Male
8146,1,Female
8147,1,Male
8148,1,Male
8149,1,Male
8150,1,Female
8151,1,Male
8152,1,Male
8153,1,Male
8154,1,Male
8155,1,Male
8156,1,Male
8157,1,Female
8158,1,Female
8159,1,Male
8160,1,Male
8161,1,Female
8162,1,Male
8163,1,Female
8164,1,Male
8165,1,Female
8166,1,Male
8167,1,Male
8168,1,Female
8169,1,Female
8170,1,Male
8171,1,Female
8172,1,Female
8173,1,Male
8174,1,Male
8175,1,Male
8176,1,Male
8177,1,Male
8178,1,Male
8179,1,Female
8180,1,Male
8181,1,Male
8182,1,Male
8183,1,Male
8184,1,Male
8185,1,Female
8186,1,Male
8187,1,Male
8188,1,Male
8189,1,Female
8190,1,Male
8191,1,Male
8192,1,Male
8193,1,Male
8194,1,Male
8195,1,Female
8196,1,Female
8197,1,Male
8198,1,Female
8199,1,Male
8200,1,Female
8201,1,Male
8202,1,Male
8203,1,Male
8204,1,Male
8205,1,Male
8206,1,Male
8207,1,Female
8208,1,Male
8209,1,Male
8210,1,Male
8211,1,Male
8212,1,Male
8213,1,Male
8214,1,Female
8215,1,Female
8216,1,Female
8217,1,Female
8218,1,Male
8219,1,Male
8220,1,Female
8221,1,Male
8222,1,Female
8223,1,Male
8224,1,Female
8225,1,Male
8226,1,Female
8227,1,Female
8228,1,Male
8229,1,Female
8230,1,Male
8231,1,Male
8232,1,Male
8233,1,Male
8234,1,Male
8235,1,Male
8236,1,Female
8237,1,Male
8238,1,Male
8239,1,Male
8240,1,Male
8241,1,Female
8242,1,Male
8243,1,Male
8244,1,Male
8245,1,Male
8246,1,Male
8247,1,Female
8248,1,Male
8249,1,Male
8250,1,Female
8251,1,Male
8252,1,Male
8253,1,Male
8254,1,Male
8255,1,Male
8256,1,Male
8257,1,Male
8258,1,Male
8259,1,Female
8260,1,Male
8261,1,Female
8262,1,Male
8263,1,Male
8264,1,Male
8265,1,Female
8266,1,Female
8267,1,Female
8268,1,Female
8269,1,Male
8270,1,Male
8271,1,Female
8272,1,Male
8273,1,Male
8274,1,Male
8275,1,Male
8276,1,Female
8277,1,Male
8278,1,Female
8279,1,Female
8280,1,Female
8281,1,Male
8282,1,Male
8283,1,Male
8284,1,Male
8285,1,Male
8286,1,Male
8287,1,Female
8288,1,Male
8289,1,Female
8290,1,Male
8291,1,Male
8292,1,Male
8293,1,Male
8294,1,Female
8295,1,Male
8296,1,Male
8297,1,Male
8298,1,Male
8299,1,Female
8300,1,Male
8301,1,Male
8302,1,Male
8303,1,Male
8304,1,Male
8305,1,Male
8306,1,Male
8307,1,Male
8308,1,Male
8309,1,Female
8310,1,Male
8311,1,Male
8312,1,Male
8313,1,Male
8314,1,Male
8315,1,Female
8316,1,Male
8317,1,Male
8318,1,Male
8319,1,Male
8320,1,Male
8321,1,Male
8322,1,Female
8323,1,Male
8324,1,Female
8325,1,Female
8326,1,Male
8327,1,Male
8328,1,Female
8329,1,Male
8330,1,Male
8331,1,Male
8332,1,Male
8333,1,Male
8334,1,Male
8335,1,Male
8336,1,Male
8337,1,Male
8338,1,Male
8339,1,Male
8340,1,Male
8341,1,Male
8342,1,Male
8343,1,Female
8344,1,Male
8345,1,Male
8346,1,Male
8347,1,Male
8348,1,Female
8349,1,Male
8350,1,Female
8351,1,Female
8352,1,Male
8353,1,Female
8354,1,Male
8355,1,Female
8356,1,Male
8357,1,Female
8358,1,Male
8359,1,Male
8360,1,Female
8361,1,Female
8362,1,Male
8363,1,Female
8364,1,Male
8365,1,Male
8366,1,Female
8367,1,Male
8368,1,Male
8369,1,Female
8370,1,Male
8371,1,Male
8372,1,Male
8373,1,Male
8374,1,Male
8375,1,Female
8376,1,Male
8377,1,Female
8378,1,Male
8379,1,Male
8380,1,Male
8381,1,Female
8382,1,Male
8383,1,Male
8384,1,Female
8385,1,Female
8386,1,Male
8387,1,Male
8388,1,Male
8389,1,Male
8390,1,Female
8391,1,Male
8392,1,Male
8393,1,Male
8394,1,Male
8395,1,Male
8396,1,Male
8397,1,Male
8398,1,Female
8399,1,Male
8400,1,Male
8401,1,Male
8402,1,Male
8403,1,Male
8404,1,Male
8405,1,Female
8406,1,Male
8407,1,Male
8408,1,Male
8409,1,Female
8410,1,Female
8411,1,Female
8412,1,Male
8413,1,Male
8414,1,Male
8415,1,Male
8416,1,Male
8417,1,Female
8418,1,Male
8419,1,Male
8420,1,Male
8421,1,Male
8422,1,Male
8423,1,Male
8424,1,Female
8425,1,Male
8426,1,Female
8427,1,Male
8428,1,Male
8429,1,Female
8430,1,Male
8431,1,Male
8432,1,Male
8433,1,Male
8434,1,Male
8435,1,Female
8436,1,Male
8437,1,Male
8438,1,Male
8439,1,Male
8440,1,Female
8441,1,Male
8442,1,Male
8443,1,Male
8444,1,Male
8445,1,Female
8446,1,Male
8447,1,Male
8448,1,Male
8449,1,Male
8450,1,Male
8451,1,Female
8452,1,Male
8453,1,Female
8454,1,Male
8455,1,Female
8456,1,Male
8457,1,Female
8458,1,Female
8459,1,Male
8460,1,Male
8461,1,Male
8462,1,Female
8463,1,Female
8464,1,Female
8465,1,Male
8466,1,Female
8467,1,Male
8468,1,Male
8469,1,Female
8470,1,Male
8471,1,Female
8472,1,Male
8473,1,Male
8474,1,Female
8475,1,Female
8476,1,Female
8477,1,Male
8478,1,Male
8479,1,Male
8480,1,Female
8481,1,Male
8482,1,Male
8483,1,Male
8484,1,Male
8485,1,Male
8486,1,Male
8487,1,Male
8488,1,Male
8489,1,Male
8490,1,Male
8491,1,Male
8492,1,Male
8493,1,Male
8494,1,Male
8495,1,Male
8496,1,Male
8497,1,Male
8498,1,Male
8499,1,Female
8500,1,Female
8501,1,Female
8502,1,Male
8503,1,Male
8504,1,Female
8505,1,Female
8506,1,Male
8507,1,Female
8508,1,Female
8509,1,Male
8510,1,Male
8511,1,Male
8512,1,Male
8513,1,Male
8514,1,Male
8515,1,Female
8516,1,Female
8517,1,Male
8518,1,Female
8519,1,Male
8520,1,Male
8521,1,Male
8522,1,Female
8523,1,Female
8524,1,Male
8525,1,Male
8526,1,Female
8527,1,Male
8528,1,Male
8529,1,Male
8530,1,Female
8531,1,Male
8532,1,Male
8533,1,Female
8534,1,Female
8535,1,Female
8536,1,Male
8537,1,Male
8538,1,Female
8539,1,Female
8540,1,Male
8541,1,Male
8542,1,Female
8543,1,Female
8544,1,Male
8545,1,Male
8546,1,Male
8547,1,Female
8548,1,Male
8549,1,Male
8550,1,Male
8551,1,Male
8552,1,Female
8553,1,Male
8554,1,Male
8555,1,Female
8556,1,Female
8557,1,Male
8558,1,Male
8559,1,Male
8560,1,Male
8561,1,Male
8562,1,Male
8563,1,Male
8564,1,Male
8565,1,Male
8566,1,Female
8567,1,Male
8568,1,Male
8569,1,Male
8570,1,Male
8571,1,Female
8572,1,Female
8573,1,Female
8574,1,Male
8575,1,Female
8576,1,Male
8577,1,Male
8578,1,Male
8579,1,Male
8580,1,Female
8581,1,Female
8582,1,Male
8583,1,Female
8584,1,Female
8585,1,Female
8586,1,Male
8587,1,Female
8588,1,Male
8589,1,Male
8590,1,Female
8591,1,Male
8592,1,Male
8593,1,Female
8594,1,Male
8595,1,Male
8596,1,Male
8597,1,Male
8598,1,Male
8599,1,Male
8600,1,Male
8601,1,Male
8602,1,Male
8603,1,Male
8604,1,Male
8605,1,Male
8606,1,Male
8607,1,Female
8608,1,Female
8609,1,Male
8610,1,Male
8611,1,Male
8612,1,Male
8613,1,Male
8614,1,Male
8615,1,Male
8616,1,Male
8617,1,Male
8618,1,Male
8619,1,Male
8620,1,Female
8621,1,Male
8622,1,Female
8623,1,Male
8624,1,Male
8625,1,Female
8626,1,Male
8627,1,Male
8628,1,Male
8629,1,Male
8630,1,Male
8631,1,Female
8632,1,Male
8633,1,Male
8634,1,Male
8635,1,Male
8636,1,Male
8637,1,Female
8638,1,Male
8639,1,Female
8640,1,Female
8641,1,Male
8642,1,Male
8643,1,Male
8644,1,Female
8645,1,Male
8646,1,Male
8647,1,Female
8648,1,Male
8649,1,Male
8650,1,Male
8651,1,Male
8652,1,Male
8653,1,Female
8654,1,Female
8655,1,Male
8656,1,Male
8657,1,Male
8658,1,Male
8659,1,Female
8660,1,Male
8661,1,Male
8662,1,Female
8663,1,Male
8664,1,Male
8665,1,Female
8666,1,Male
8667,1,Male
8668,1,Male
8669,1,Female
8670,1,Male
8671,1,Male
8672,1,Male
8673,1,Male
8674,1,Male
8675,1,Male
8676,1,Male
8677,1,Male
8678,1,Male
8679,1,Female
8680,1,Female
8681,1,Male
8682,1,Male
8683,1,Male
8684,1,Male
8685,1,Male
8686,1,Female
8687,1,Male
8688,1,Male
8689,1,Male
8690,1,Male
8691,1,Male
8692,1,Male
8693,1,Male
8694,1,Male
8695,1,Male
8696,1,Female
8697,1,Male
8698,1,Male
8699,1,Male
8700,1,Male
8701,1,Male
8702,1,Female
8703,1,Male
8704,1,Female
8705,1,Female
8706,1,Male
8707,1,Female
8708,1,Male
8709,1,Male
8710,1,Male
8711,1,Male
8712,1,Male
8713,1,Male
8714,1,Male
8715,1,Male
8716,1,Female
8717,1,Female
8718,1,Male
8719,1,Male
8720,1,Male
8721,1,Female
8722,1,Male
8723,1,Male
8724,1,Female
8725,1,Male
8726,1,Male
8727,1,Male
8728,1,Female
8729,1,Male
8730,1,Female
8731,1,Female
8732,1,Male
8733,1,Male
8734,1,Male
8735,1,Male
8736,1,Male
8737,1,Male
8738,1,Male
8739,1,Female
8740,1,Male
8741,1,Male
8742,1,Female
8743,1,Male
8744,1,Male
8745,1,Male
8746,1,Female
8747,1,Male
8748,1,Male
8749,1,Male
8750,1,Female
8751,1,Female
8752,1,Male
8753,1,Female
8754,1,Male
8755,1,Female
8756,1,Male
8757,1,Female
8758,1,Male
8759,1,Male
8760,1,Male
8761,1,Male
8762,1,Male
8763,1,Male
8764,1,Female
8765,1,Male
8766,1,Male
8767,1,Male
8768,1,Male
8769,1,Male
8770,1,Male
8771,1,Female
8772,1,Male
8773,1,Male
8774,1,Male
8775,1,Female
8776,1,Female
8777,1,Female
8778,1,Female
8779,1,Male
8780,1,Male
8781,1,Female
8782,1,Male
8783,1,Male
8784,1,Male
8785,1,Male
8786,1,Female
8787,1,Female
8788,1,Male
8789,1,Female
8790,1,Male
8791,1,Female
8792,1,Female
8793,1,Male
8794,1,Female
8795,1,Female
8796,1,Male
8797,1,Male
8798,1,Female
8799,1,Female
8800,1,Male
8801,1,Male
8802,1,Female
8803,1,Male
8804,1,Male
8805,1,Male
8806,1,Male
8807,1,Female
8808,1,Female
8809,1,Male
8810,1,Male
8811,1,Female
8812,1,Male
8813,1,Female
8814,1,Male
8815,1,Female
8816,1,Female
8817,1,Male
8818,1,Male
8819,1,Female
8820,1,Male
8821,1,Male
8822,1,Female
8823,1,Male
8824,1,Female
8825,1,Male
8826,1,Male
8827,1,Female
8828,1,Male
8829,1,Female
8830,1,Female
8831,1,Male
8832,1,Female
8833,1,Male
8834,1,Male
8835,1,Male
8836,1,Female
8837,1,Male
8838,1,Male
8839,1,Female
8840,1,Male
8841,1,Female
8842,1,Female
8843,1,Female
8844,1,Male
8845,1,Male
8846,1,Female
8847,1,Female
8848,1,Male
8849,1,Female
8850,1,Female
8851,1,Male
8852,1,Female
8853,1,Female
8854,1,Male
8855,1,Female
8856,1,Female
8857,1,Male
8858,1,Female
8859,1,Female
8860,1,Female
8861,1,Female
8862,1,Male
8863,1,Female
8864,1,Male
8865,1,Female
8866,1,Male
8867,1,Female
8868,1,Male
8869,1,Male
8870,1,Male
8871,1,Male
8872,1,Male
8873,1,Male
8874,1,Male
8875,1,Female
8876,1,Female
8877,1,Female
8878,1,Male
8879,1,Female
8880,1,Male
8881,1,Male
8882,1,Male
8883,1,Male
8884,1,Male
8885,1,Female
8886,1,Male
8887,1,Male
8888,1,Female
8889,1,Female
8890,1,Female
8891,1,Female
8892,1,Female
8893,1,Female
8894,1,Male
8895,1,Male
8896,1,Male
8897,1,Male
8898,1,Male
8899,1,Female
8900,1,Female
8901,1,Male
8902,1,Male
8903,1,Male
8904,1,Male
8905,1,Male
8906,1,Male
8907,1,Male
8908,1,Male
8909,1,Female
8910,1,Male
8911,1,Female
8912,1,Male
8913,1,Male
8914,1,Male
8915,1,Female
8916,1,Male
8917,1,Male
8918,1,Male
8919,1,Male
8920,1,Male
8921,1,Male
8922,1,Male
8923,1,Male
8924,1,Male
8925,1,Male
8926,1,Male
8927,1,Male
8928,1,Male
8929,1,Female
8930,1,Female
8931,1,Female
8932,1,Male
8933,1,Male
8934,1,Female
8935,1,Male
8936,1,Female
8937,1,Male
8938,1,Female
8939,1,Female
8940,1,Male
8941,1,Male
8942,1,Male
8943,1,Male
8944,1,Male
8945,1,Male
8946,1,Male
8947,1,Male
8948,1,Female
8949,1,Male
8950,1,Male
8951,1,Male
8952,1,Male
8953,1,Male
8954,1,Female
8955,1,Female
8956,1,Female
8957,1,Female
8958,1,Male
8959,1,Male
8960,1,Female
8961,1,Male
8962,1,Female
8963,1,Female
8964,1,Male
8965,1,Male
8966,1,Female
8967,1,Female
8968,1,Male
8969,1,Female
8970,1,Male
8971,1,Male
8972,1,Male
8973,1,Female
8974,1,Male
8975,1,Female
8976,1,Female
8977,1,Male
8978,1,Male
8979,1,Male
8980,1,Male
8981,1,Female
8982,1,Female
8983,1,Male
8984,1,Male
8985,1,Male
8986,1,Male
8987,1,Male
8988,1,Male
8989,1,Male
8990,1,Female
8991,1,Male
8992,1,Female
8993,1,Male
8994,1,Female
8995,1,Male
8996,1,Male
8997,1,Male
8998,1,Female
8999,1,Female
9000,1,Male
9001,1,Male
9002,1,Male
9003,1,Male
9004,1,Male
9005,1,Female
9006,1,Male
9007,1,Female
9008,1,Male
9009,1,Male
9010,1,Male
9011,1,Male
9012,1,Female
9013,1,Female
9014,1,Male
9015,1,Male
9016,1,Female
9017,1,Male
9018,1,Female
9019,1,Male
9020,1,Male
9021,1,Male
9022,1,Male
9023,1,Female
9024,1,Male
9025,1,Male
9026,1,Male
9027,1,Male
9028,1,Female
9029,1,Male
9030,1,Female
9031,1,Male
9032,1,Female
9033,1,Male
9034,1,Male
9035,1,Female
9036,1,Female
9037,1,Male
9038,1,Female
9039,1,Male
9040,1,Male
9041,1,Male
9042,1,Male
9043,1,Female
9044,1,Male
9045,1,Male
9046,1,Male
9047,1,Female
9048,1,Male
9049,1,Male
9050,1,Male
9051,1,Male
9052,1,Male
9053,1,Male
9054,1,Male
9055,1,Male
9056,1,Male
9057,1,Male
9058,1,Female
9059,1,Female
9060,1,Female
9061,1,Female
9062,1,Female
9063,1,Male
9064,1,Male
9065,1,Male
9066,1,Female
9067,1,Male
9068,1,Female
9069,1,Male
9070,1,Male
9071,1,Male
9072,1,Female
9073,1,Male
9074,1,Male
9075,1,Male
9076,1,Male
9077,1,Male
9078,1,Female
9079,1,Male
9080,1,Female
9081,1,Female
9082,1,Male
9083,1,Female
9084,1,Male
9085,1,Male
9086,1,Male
9087,1,Male
9088,1,Male
9089,1,Male
9090,1,Female
9091,1,Female
9092,1,Male
9093,1,Female
9094,1,Female
9095,1,Female
9096,1,Female
9097,1,Male
9098,1,Male
9099,1,Male
9100,1,Male
9101,1,Female
9102,1,Male
9103,1,Male
9104,1,Female
9105,1,Male
9106,1,Female
9107,1,Male
9108,1,Female
9109,1,Male
9110,1,Female
9111,1,Female
9112,1,Male
9113,1,Male
9114,1,Male
9115,1,Male
9116,1,Female
9117,1,Male
9118,1,Male
9119,1,Male
9120,1,Male
9121,1,Male
9122,1,Male
9123,1,Female
9124,1,Male
9125,1,Male
9126,1,Female
9127,1,Male
9128,1,Male
9129,1,Female
9130,1,Male
9131,1,Female
9132,1,Male
9133,1,Female
9134,1,Female
9135,1,Male
9136,1,Male
9137,1,Male
9138,1,Male
9139,1,Female
9140,1,Male
9141,1,Male
9142,1,Male
9143,1,Female
9144,1,Male
9145,1,Male
9146,1,Male
9147,1,Male
9148,1,Male
9149,1,Male
9150,1,Female
9151,1,Male
9152,1,Female
9153,1,Male
9154,1,Male
9155,1,Male
9156,1,Male
9157,1,Male
9158,1,Male
9159,1,Male
9160,1,Female
9161,1,Male
9162,1,Female
9163,1,Male
9164,1,Male
9165,1,Male
9166,1,Male
9167,1,Female
9168,1,Female
9169,1,Male
9170,1,Male
9171,1,Male
9172,1,Male
9173,1,Male
9174,1,Male
9175,1,Male
9176,1,Male
9177,1,Female
9178,1,Female
9179,1,Female
9180,1,Male
9181,1,Female
9182,1,Male
9183,1,Male
9184,1,Male
9185,1,Male
9186,1,Male
9187,1,Female
9188,1,Female
9189,1,Male
9190,1,Male
9191,1,Female
9192,1,Male
9193,1,Female
9194,1,Male
9195,1,Male
9196,1,Male
9197,1,Female
9198,1,Female
9199,1,Male
9200,1,Female
9201,1,Male
9202,1,Male
9203,1,Female
9204,1,Male
9205,1,Male
9206,1,Male
9207,1,Male
9208,1,Female
9209,1,Male
9210,1,Female
9211,1,Male
9212,1,Female
9213,1,Male
9214,1,Female
9215,1,Male
9216,1,Male
9217,1,Female
9218,1,Male
9219,1,Female
9220,1,Male
9221,1,Female
9222,1,Male
9223,1,Male
9224,1,Male
9225,1,Male
9226,1,Male
9227,1,Male
9228,1,Female
9229,1,Male
9230,1,Male
9231,1,Female
9232,1,Male
9233,1,Male
9234,1,Male
9235,1,Female
9236,1,Male
9237,1,Female
9238,1,Female
9239,1,Male
9240,1,Male
9241,1,Female
9242,1,Male
9243,1,Male
9244,1,Female
9245,1,Female
9246,1,Female
9247,1,Male
9248,1,Male
9249,1,Female
9250,1,Male
9251,1,Male
9252,1,Female
9253,1,Female
9254,1,Male
9255,1,Male
9256,1,Female
9257,1,Female
9258,1,Male
9259,1,Female
9260,1,Male
9261,1,Male
9262,1,Female
9263,1,Female
9264,1,Male
9265,1,Female
9266,1,Male
9267,1,Male
9268,1,Male
9269,1,Male
9270,1,Male
9271,1,Male
9272,1,Male
9273,1,Female
9274,1,Male
9275,1,Female
9276,1,Male
9277,1,Female
9278,1,Male
9279,1,Male
9280,1,Male
9281,1,Male
9282,1,Male
9283,1,Male
9284,1,Male
9285,1,Male
9286,1,Male
9287,1,Male
9288,1,Female
9289,1,Male
9290,1,Male
9291,1,Male
9292,1,Female
9293,1,Male
9294,1,Female
9295,1,Male
9296,1,Male
9297,1,Female
9298,1,Male
9299,1,Male
9300,1,Male
9301,1,Female
9302,1,Male
9303,1,Female
9304,1,Male
9305,1,Male
9306,1,Male
9307,1,Female
9308,1,Male
9309,1,Female
9310,1,Male
9311,1,Female
9312,1,Male
9313,1,Male
9314,1,Male
9315,1,Male
9316,1,Male
9317,1,Male
9318,1,Male
9319,1,Female
9320,1,Male
9321,1,Female
9322,1,Female
9323,1,Male
9324,1,Female
9325,1,Female
9326,1,Female
9327,1,Male
9328,1,Male
9329,1,Male
9330,1,Male
9331,1,Female
9332,1,Male
9333,1,Male
9334,1,Male
9335,1,Male
9336,1,Male
9337,1,Male
9338,1,Male
9339,1,Male
9340,1,Male
9341,1,Male
9342,1,Female
9343,1,Male
9344,1,Male
9345,1,Female
9346,1,Male
9347,1,Male
9348,1,Male
9349,1,Female
9350,1,Male
9351,1,Male
9352,1,Female
9353,1,Female
9354,1,Female
9355,1,Male
9356,1,Male
9357,1,Female
9358,1,Male
9359,1,Male
9360,1,Male
9361,1,Female
9362,1,Male
9363,1,Male
9364,1,Male
9365,1,Female
9366,1,Female
9367,1,Male
9368,1,Male
9369,1,Male
9370,1,Male
9371,1,Male
9372,1,Male
9373,1,Male
9374,1,Male
9375,1,Male
9376,1,Male
9377,1,Male
9378,1,Female
9379,1,Female
9380,1,Female
9381,1,Female
9382,1,Male
9383,1,Female
9384,1,Male
9385,1,Male
9386,1,Male
9387,1,Male
9388,1,Male
9389,1,Male
9390,1,Male
9391,1,Male
9392,1,Female
9393,1,Male
9394,1,Male
9395,1,Male
9396,1,Female
9397,1,Female
9398,1,Male
9399,1,Male
9400,1,Male
9401,1,Male
9402,1,Male
9403,1,Female
9404,1,Female
9405,1,Male
9406,1,Male
9407,1,Female
9408,1,Female
9409,1,Female
9410,1,Female
9411,1,Male
9412,1,Male
9413,1,Female
9414,1,Male
9415,1,Male
9416,1,Male
9417,1,Male
9418,1,Male
9419,1,Male
9420,1,Male
9421,1,Female
9422,1,Female
9423,1,Male
9424,1,Male
9425,1,Male
9426,1,Male
9427,1,Male
9428,1,Male
9429,1,Male
9430,1,Female
9431,1,Male
9432,1,Female
9433,1,Male
9434,1,Male
9435,1,Female
9436,1,Male
9437,1,Male
9438,1,Male
9439,1,Female
9440,1,Male
9441,1,Male
9442,1,Female
9443,1,Male
9444,1,Male
9445,1,Male
9446,1,Female
9447,1,Male
9448,1,Male
9449,1,Male
9450,1,Female
9451,1,Male
9452,1,Female
9453,1,Female
9454,1,Male
9455,1,Male
9456,1,Male
9457,1,Female
9458,1,Male
9459,1,Male
9460,1,Male
9461,1,Male
9462,1,Female
9463,1,Female
9464,1,Male
9465,1,Male
9466,1,Male
9467,1,Female
9468,1,Male
9469,1,Female
9470,1,Male
9471,1,Male
9472,1,Male
9473,1,Male
9474,1,Female
9475,1,Female
9476,1,Male
9477,1,Male
9478,1,Female
9479,1,Female
9480,1,Male
9481,1,Male
9482,1,Male
9483,1,Female
9484,1,Female
9485,1,Male
9486,1,Male
9487,1,Male
9488,1,Male
9489,1,Male
9490,1,Male
9491,1,Male
9492,1,Male
9493,1,Female
9494,1,Female
9495,1,Male
9496,1,Male
9497,1,Female
9498,1,Male
9499,1,Male
9500,1,Male
9501,1,Female
9502,1,Male
9503,1,Male
9504,1,Male
9505,1,Male
9506,1,Male
9507,1,Female
9508,1,Male
9509,1,Male
9510,1,Female
9511,1,Male
9512,1,Male
9513,1,Female
9514,1,Male
9515,1,Male
9516,1,Female
9517,1,Male
9518,1,Female
9519,1,Male
9520,1,Female
9521,1,Male
9522,1,Male
9523,1,Male
9524,1,Female
9525,1,Male
9526,1,Male
9527,1,Male
9528,1,Male
9529,1,Male
9530,1,Male
9531,1,Male
9532,1,Female
9533,1,Female
9534,1,Male
9535,1,Male
9536,1,Male
9537,1,Female
9538,1,Male
9539,1,Male
9540,1,Female
9541,1,Male
9542,1,Female
9543,1,Male
9544,1,Male
9545,1,Female
9546,1,Male
9547,1,Female
9548,1,Male
9549,1,Female
9550,1,Female
9551,1,Male
9552,1,Male
9553,1,Female
9554,1,Male
9555,1,Male
9556,1,Male
9557,1,Male
9558,1,Female
9559,1,Male
9560,1,Male
9561,1,Male
9562,1,Male
9563,1,Female
9564,1,Male
9565,1,Male
9566,1,Male
9567,1,Male
9568,1,Male
9569,1,Female
9570,1,Male
9571,1,Female
9572,1,Male
9573,1,Male
9574,1,Female
9575,1,Female
9576,1,Male
9577,1,Male
9578,1,Male
9579,1,Female
9580,1,Female
9581,1,Male
9582,1,Male
9583,1,Male
9584,1,Female
9585,1,Male
9586,1,Male
9587,1,Male
9588,1,Male
9589,1,Male
9590,1,Female
9591,1,Male
9592,1,Male
9593,1,Male
9594,1,Female
9595,1,Male
9596,1,Male
9597,1,Male
9598,1,Male
9599,1,Male
9600,1,Male
9601,1,Male
9602,1,Female
9603,1,Male
9604,1,Male
9605,1,Male
9606,1,Male
9607,1,Male
9608,1,Male
9609,1,Male
9610,1,Male
9611,1,Male
9612,1,Female
9613,1,Male
9614,1,Male
9615,1,Female
9616,1,Female
9617,1,Female
9618,1,Male
9619,1,Female
9620,1,Male
9621,1,Male
9622,1,Female
9623,1,Male
9624,1,Male
9625,1,Female
9626,1,Male
9627,1,Male
9628,1,Female
9629,1,Female
9630,1,Male
9631,1,Male
9632,1,Female
9633,1,Male
9634,1,Male
9635,1,Male
9636,1,Male
9637,1,Male
9638,1,Male
9639,1,Female
9640,1,Male
9641,1,Male
9642,1,Female
9643,1,Male
9644,1,Male
9645,1,Female
9646,1,Female
9647,1,Female
9648,1,Female
9649,1,Male
9650,1,Female
9651,1,Male
9652,1,Male
9653,1,Female
9654,1,Male
9655,1,Male
9656,1,Male
9657,1,Female
9658,1,Female
9659,1,Male
9660,1,Female
9661,1,Male
9662,1,Female
9663,1,Male
9664,1,Female
9665,1,Male
9666,1,Male
9667,1,Male
9668,1,Male
9669,1,Male
9670,1,Male
9671,1,Female
9672,1,Female
9673,1,Female
9674,1,Male
9675,1,Female
9676,1,Male
9677,1,Male
9678,1,Male
9679,1,Male
9680,1,Female
9681,1,Male
9682,1,Male
9683,1,Male
9684,1,Male
9685,1,Male
9686,1,Male
9687,1,Male
9688,1,Male
9689,1,Female
9690,1,Male
9691,1,Male
9692,1,Female
9693,1,Male
9694,1,Male
9695,1,Male
9696,1,Male
9697,1,Male
9698,1,Female
9699,1,Male
9700,1,Male
9701,1,Male
9702,1,Male
9703,1,Male
9704,1,Male
9705,1,Male
9706,1,Male
9707,1,Male
9708,1,Female
9709,1,Male
9710,1,Female
9711,1,Female
9712,1,Male
9713,1,Male
9714,1,Male
9715,1,Male
9716,1,Female
9717,1,Male
9718,1,Male
9719,1,Male
9720,1,Male
9721,1,Male
9722,1,Female
9723,1,Female
9724,1,Male
9725,1,Female
9726,1,Female
9727,1,Male
9728,1,Male
9729,1,Male
9730,1,Female
9731,1,Female
9732,1,Female
9733,1,Male
9734,1,Male
9735,1,Male
9736,1,Male
9737,1,Female
9738,1,Female
9739,1,Male
9740,1,Male
9741,1,Male
9742,1,Female
9743,1,Male
9744,1,Female
9745,1,Male
9746,1,Male
9747,1,Female
9748,1,Male
9749,1,Male
9750,1,Male
9751,1,Female
9752,1,Male
9753,1,Male
9754,1,Male
9755,1,Male
9756,1,Male
9757,1,Female
9758,1,Male
9759,1,Male
9760,1,Female
9761,1,Male
9762,1,Male
9763,1,Male
9764,1,Male
9765,1,Male
9766,1,Male
9767,1,Male
9768,1,Male
9769,1,Male
9770,1,Male
9771,1,Male
9772,1,Female
9773,1,Male
9774,1,Female
9775,1,Male
9776,1,Male
9777,1,Female
9778,1,Male
9779,1,Female
9780,1,Male
9781,1,Male
9782,1,Male
9783,1,Female
9784,1,Male
9785,1,Male
9786,1,Female
9787,1,Female
9788,1,Female
9789,1,Male
9790,1,Male
9791,1,Male
9792,1,Male
9793,1,Female
9794,1,Female
9795,1,Male
9796,1,Male
9797,1,Female
9798,1,Female
9799,1,Female
9800,1,Female
9801,1,Male
9802,1,Male
9803,1,Male
9804,1,Male
9805,1,Male
9806,1,Male
9807,1,Male
9808,1,Female
9809,1,Male
9810,1,Male
9811,1,Male
9812,1,Male
9813,1,Male
9814,1,Male
9815,1,Female
9816,1,Male
9817,1,Male
9818,1,Male
9819,1,Male
9820,1,Male
9821,1,Male
9822,1,Male
9823,1,Female
9824,1,Female
9825,1,Male
9826,1,Male
9827,1,Male
9828,1,Male
9829,1,Male
9830,1,Female
9831,1,Female
9832,1,Male
9833,1,Male
9834,1,Male
9835,1,Female
9836,1,Female
9837,1,Male
9838,1,Female
9839,1,Male
9840,1,Male
9841,1,Male
9842,1,Female
9843,1,Female
9844,1,Male
9845,1,Female
9846,1,Male
9847,1,Male
9848,1,Male
9849,1,Male
9850,1,Male
9851,1,Male
9852,1,Male
9853,1,Male
9854,1,Female
9855,1,Male
9856,1,Male
9857,1,Male
9858,1,Male
9859,1,Male
9860,1,Male
9861,1,Male
9862,1,Male
9863,1,Male
9864,1,Male
9865,1,Male
9866,1,Male
9867,1,Male
9868,1,Male
9869,1,Male
9870,1,Male
9871,1,Male
9872,1,Male
9873,1,Male
9874,1,Female
9875,1,Male
9876,1,Male
9877,1,Female
9878,1,Male
9879,1,Male
9880,1,Male
9881,1,Male
9882,1,Male
9883,1,Female
9884,1,Male
9885,1,Female
9886,1,Female
9887,1,Male
9888,1,Female
9889,1,Male
9890,1,Male
9891,1,Male
9892,1,Female
9893,1,Male
9894,1,Male
9895,1,Male
9896,1,Female
9897,1,Male
9898,1,Male
9899,1,Female
9900,1,Female
9901,1,Female
9902,1,Male
9903,1,Male
9904,1,Female
9905,1,Male
9906,1,Male
9907,1,Male
9908,1,Female
9909,1,Male
9910,1,Male
9911,1,Male
9912,1,Female
9913,1,Male
9914,1,Male
9915,1,Male
9916,1,Female
9917,1,Male
9918,1,Female
9919,1,Male
9920,1,Male
9921,1,Male
9922,1,Male
9923,1,Female
9924,1,Male
9925,1,Male
9926,1,Male
9927,1,Male
9928,1,Male
9929,1,Male
9930,1,Male
9931,1,Male
9932,1,Male
9933,1,Female
9934,1,Male
9935,1,Male
9936,1,Male
9937,1,Female
9938,1,Male
9939,1,Male
9940,1,Female
9941,1,Female
9942,1,Male
9943,1,Male
9944,1,Female
9945,1,Male
9946,1,Male
9947,1,Male
9948,1,Female
9949,1,Female
9950,1,Female
9951,1,Male
9952,1,Male
9953,1,Male
9954,1,Male
9955,1,Male
9956,1,Male
9957,1,Female
9958,1,Female
9959,1,Female
9960,1,Female
9961,1,Male
9962,1,Male
9963,1,Male
9964,1,Female
9965,1,Male
9966,1,Female
9967,1,Male
9968,1,Male
9969,1,Female
9970,1,Female
9971,1,Male
9972,1,Female
9973,1,Female
9974,1,Female
9975,1,Male
9976,1,Female
9977,1,Female
9978,1,Male
9979,1,Male
9980,1,Male
9981,1,Male
9982,1,Female
9983,1,Male
9984,1,Male
9985,1,Male
9986,1,Female
9987,1,Male
9988,1,Female
9989,1,Male
9990,1,Male
9991,1,Female
9992,1,Male
9993,1,Male
9994,1,Male
9995,1,Male
9996,1,Male
9997,1,Female
9998,1,Male
9999,1,Male
10000,1,Male
10001,1,Female
10002,1,Male
10003,1,Female
10004,1,Male
10005,1,Female
10006,1,Male
10007,1,Male
10008,1,Male
10009,1,Female
10010,1,Male
10011,1,Male
10012,1,Male
10013,1,Female
10014,1,Female
10015,1,Male
10016,1,Male
10017,1,Female
10018,1,Female
10019,1,Male
10020,1,Male
10021,1,Male
10022,1,Female
10023,1,Female
10024,1,Male
10025,1,Male
10026,1,Male
10027,1,Female
10028,1,Male
10029,1,Female
10030,1,Female
10031,1,Female
10032,1,Male
10033,1,Male
10034,1,Female
10035,1,Female
10036,1,Male
10037,1,Female
10038,1,Male
10039,1,Male
10040,1,Female
10041,1,Male
10042,1,Male
10043,1,Male
10044,1,Male
10045,1,Female
10046,1,Male
10047,1,Male
10048,1,Male
10049,1,Female
10050,1,Female
10051,1,Female
10052,1,Male
10053,1,Male
10054,1,Male
10055,1,Male
10056,1,Male
10057,1,Male
10058,1,Female
10059,1,Female
10060,1,Female
10061,1,Female
10062,1,Female
10063,1,Male
10064,1,Male
10065,1,Female
10066,1,Female
10067,1,Female
10068,1,Female
10069,1,Female
10070,1,Female
10071,1,Male
10072,1,Male
10073,1,Female
10074,1,Male
10075,1,Male
10076,1,Male
10077,1,Male
10078,1,Female
10079,1,Male
10080,1,Male
10081,1,Male
10082,1,Male
10083,1,Female
10084,1,Male
10085,1,Female
10086,1,Male
10087,1,Male
10088,1,Female
10089,1,Male
10090,1,Male
10091,1,Female
10092,1,Male
10093,1,Female
10094,1,Male
10095,1,Male
10096,1,Male
10097,1,Male
10098,1,Male
10099,1,Female
10100,1,Male
10101,1,Male
10102,1,Male
10103,1,Male
10104,1,Male
10105,1,Male
10106,1,Male
10107,1,Male
10108,1,Male
10109,1,Male
10110,1,Male
10111,1,Female
10112,1,Male
10113,1,Female
10114,1,Male
10115,1,Male
10116,1,Female
10117,1,Male
10118,1,Male
10119,1,Female
10120,1,Male
10121,1,Male
10122,1,Male
10123,1,Female
10124,1,Female
10125,1,Male
10126,1,Male
10127,1,Female
10128,1,Male
10129,1,Male
10130,1,Male
10131,1,Male
10132,1,Female
10133,1,Female
10134,1,Male
10135,1,Male
10136,1,Female
10137,1,Male
10138,1,Male
10139,1,Male
10140,1,Male
10141,1,Female
10142,1,Male
10143,1,Male
10144,1,Female
10145,1,Male
10146,1,Male
10147,1,Male
10148,1,Male
10149,1,Female
10150,1,Male
10151,1,Male
10152,1,Female
10153,1,Male
10154,1,Male
10155,1,Female
10156,1,Male
10157,1,Male
10158,1,Female
10159,1,Male
10160,1,Male
10161,1,Male
10162,1,Male
10163,1,Female
10164,1,Male
10165,1,Male
10166,1,Male
10167,1,Male
10168,1,Male
10169,1,Male
10170,1,Female
10171,1,Male
10172,1,Female
10173,1,Male
10174,1,Male
10175,1,Female
10176,1,Male
10177,1,Female
10178,1,Male
10179,1,Male
10180,1,Male
10181,1,Male
10182,1,Male
10183,1,Male
10184,1,Male
10185,1,Male
10186,1,Male
10187,1,Male
10188,1,Male
10189,1,Male
10190,1,Male
10191,1,Female
10192,1,Male
10193,1,Male
10194,1,Male
10195,1,Male
10196,1,Male
10197,1,Male
10198,1,Male
10199,1,Male
10200,1,Male
10201,1,Female
10202,1,Male
10203,1,Male
10204,1,Female
10205,1,Male
10206,1,Male
10207,1,Male
10208,1,Male
10209,1,Male
10210,1,Female
10211,1,Male
10212,1,Male
10213,1,Female
10214,1,Male
10215,1,Male
10216,1,Male
10217,1,Male
10218,1,Female
10219,1,Male
10220,1,Male
10221,1,Male
10222,1,Male
10223,1,Male
10224,1,Male
10225,1,Male
10226,1,Female
10227,1,Male
10228,1,Male
10229,1,Male
10230,1,Male
10231,1,Female
10232,1,Female
10233,1,Male
10234,1,Female
10235,1,Male
10236,1,Female
10237,1,Female
10238,1,Male
10239,1,Male
10240,1,Female
10241,1,Male
10242,1,Male
10243,1,Male
10244,1,Male
10245,1,Male
10246,1,Male
10247,1,Male
10248,1,Male
10249,1,Male
10250,1,Male
10251,1,Male
10252,1,Male
10253,1,Male
10254,1,Male
10255,1,Male
10256,1,Male
10257,1,Male
10258,1,Male
10259,1,Male
10260,1,Male
10261,1,Male
10262,1,Male
10263,1,Male
10264,1,Male
10265,1,Female
10266,1,Male
10267,1,Male
10268,1,Male
10269,1,Male
10270,1,Male
10271,1,Male
10272,1,Male
10273,1,Male
10274,1,Female
10275,1,Male
10276,1,Female
10277,1,Male
10278,1,Female
10279,1,Male
10280,1,Male
10281,1,Female
10282,1,Male
10283,1,Male
10284,1,Female
10285,1,Male
10286,1,Female
10287,1,Male
10288,1,Female
10289,1,Male
10290,1,Male
10291,1,Male
10292,1,Female
10293,1,Male
10294,1,Male
10295,1,Female
10296,1,Female
10297,1,Female
10298,1,Female
10299,1,Male
10300,1,Male
10301,1,Male
10302,1,Female
10303,1,Male
10304,1,Female
10305,1,Male
10306,1,Female
10307,1,Male
10308,1,Male
10309,1,Male
10310,1,Female
10311,1,Male
10312,1,Male
10313,1,Male
10314,1,Female
10315,1,Male
10316,1,Male
10317,1,Male
10318,1,Male
10319,1,Female
10320,1,Female
10321,1,Male
10322,1,Male
10323,1,Female
10324,1,Male
10325,1,Male
10326,1,Female
10327,1,Male
10328,1,Male
10329,1,Female
10330,1,Male
10331,1,Male
10332,1,Female
10333,1,Male
10334,1,Male
10335,1,Female
10336,1,Male
10337,1,Female
10338,1,Male
10339,1,Female
10340,1,Male
10341,1,Female
10342,1,Male
10343,1,Female
10344,1,Female
10345,1,Male
10346,1,Female
10347,1,Male
10348,1,Male
10349,1,Female
10350,1,Male
10351,1,Male
10352,1,Male
10353,1,Male
10354,1,Male
10355,1,Male
10356,1,Male
10357,1,Female
10358,1,Male
10359,1,Female
10360,1,Female
10361,1,Male
10362,1,Male
10363,1,Male
10364,1,Female
10365,1,Male
10366,1,Male
10367,1,Female
10368,1,Female
10369,1,Female
10370,1,Male
10371,1,Male
10372,1,Male
10373,1,Male
10374,1,Male
10375,1,Male
10376,1,Male
10377,1,Male
10378,1,Male
10379,1,Male
10380,1,Male
10381,1,Male
10382,1,Male
10383,1,Male
10384,1,Male
10385,1,Female
10386,1,Female
10387,1,Male
10388,1,Male
10389,1,Male
10390,1,Male
10391,1,Male
10392,1,Male
10393,1,Male
10394,1,Female
10395,1,Male
10396,1,Male
10397,1,Male
10398,1,Male
10399,1,Male
10400,1,Female
10401,1,Male
10402,1,Male
10403,1,Female
10404,1,Male
10405,1,Male
10406,1,Male
10407,1,Male
10408,1,Female
10409,1,Female
10410,1,Male
10411,1,Female
10412,1,Female
10413,1,Male
10414,1,Male
10415,1,Male
10416,1,Female
10417,1,Female
10418,1,Male
10419,1,Female
10420,1,Male
10421,1,Male
10422,1,Male
10423,1,Male
10424,1,Male
10425,1,Male
10426,1,Female
10427,1,Male
10428,1,Female
10429,1,Female
10430,1,Female
10431,1,Male
10432,1,Male
10433,1,Male
10434,1,Female
10435,1,Male
10436,1,Male
10437,1,Male
10438,1,Female
10439,1,Male
10440,1,Female
10441,1,Male
10442,1,Male
10443,1,Male
10444,1,Male
10445,1,Male
10446,1,Male
10447,1,Male
10448,1,Male
10449,1,Male
10450,1,Male
10451,1,Male
10452,1,Male
10453,1,Female
10454,1,Male
10455,1,Female
10456,1,Female
10457,1,Female
10458,1,Female
10459,1,Male
10460,1,Male
10461,1,Male
10462,1,Female
10463,1,Male
10464,1,Male
10465,1,Male
10466,1,Female
10467,1,Female
10468,1,Male
10469,1,Male
10470,1,Male
10471,1,Male
10472,1,Male
10473,1,Female
10474,1,Female
10475,1,Male
10476,1,Female
10477,1,Male
10478,1,Male
10479,1,Female
10480,1,Male
10481,1,Male
10482,1,Male
10483,1,Female
10484,1,Male
10485,1,Female
10486,1,Male
10487,1,Male
10488,1,Male
10489,1,Male
10490,1,Male
10491,1,Male
10492,1,Male
10493,1,Male
10494,1,Female
10495,1,Female
10496,1,Female
10497,1,Female
10498,1,Male
10499,1,Male
10500,1,Male
10501,1,Male
10502,1,Male
10503,1,Male
10504,1,Female
10505,1,Female
10506,1,Female
10507,1,Female
10508,1,Male
10509,1,Female
10510,1,Female
10511,1,Male
10512,1,Male
10513,1,Female
10514,1,Male
10515,1,Male
10516,1,Male
10517,1,Male
10518,1,Female
10519,1,Female
10520,1,Male
10521,1,Male
10522,1,Male
10523,1,Male
10524,1,Male
10525,1,Male
10526,1,Male
10527,1,Male
10528,1,Male
10529,1,Female
10530,1,Male
10531,1,Female
10532,1,Male
10533,1,Male
10534,1,Female
10535,1,Male
10536,1,Male
10537,1,Male
10538,1,Male
10539,1,Male
10540,1,Female
10541,1,Female
10542,1,Male
10543,1,Male
10544,1,Male
10545,1,Male
10546,1,Male
10547,1,Male
10548,1,Male
10549,1,Female
10550,1,Female
10551,1,Male
10552,1,Female
10553,1,Male
10554,1,Male
10555,1,Female
10556,1,Male
10557,1,Female
10558,1,Female
10559,1,Male
10560,1,Male
10561,1,Male
10562,1,Female
10563,1,Male
10564,1,Male
10565,1,Female
10566,1,Male
10567,1,Male
10568,1,Male
10569,1,Male
10570,1,Female
10571,1,Female
10572,1,Female
10573,1,Male
10574,1,Female
10575,1,Female
10576,1,Female
10577,1,Male
10578,1,Male
10579,1,Male
10580,1,Male
10581,1,Male
10582,1,Female
10583,1,Male
10584,1,Male
10585,1,Male
10586,1,Male
10587,1,Male
10588,1,Female
10589,1,Male
10590,1,Female
10591,1,Female
10592,1,Male
10593,1,Male
10594,1,Female
10595,1,Male
10596,1,Male
10597,1,Male
10598,1,Female
10599,1,Male
10600,1,Male
10601,1,Male
10602,1,Male
10603,1,Female
10604,1,Male
10605,1,Male
10606,1,Male
10607,1,Male
10608,1,Male
10609,1,Male
10610,1,Female
10611,1,Female
10612,1,Male
10613,1,Male
10614,1,Male
10615,1,Male
10616,1,Female
10617,1,Female
10618,1,Male
10619,1,Female
10620,1,Male
10621,1,Male
10622,1,Male
10623,1,Male
10624,1,Female
10625,1,Male
10626,1,Male
10627,1,Male
10628,1,Female
10629,1,Male
10630,1,Male
10631,1,Male
10632,1,Male
10633,1,Male
10634,1,Male
10635,1,Female
10636,1,Male
10637,1,Female
10638,1,Male
10639,1,Male
10640,1,Female
10641,1,Male
10642,1,Male
10643,1,Male
10644,1,Female
10645,1,Male
10646,1,Male
10647,1,Male
10648,1,Male
10649,1,Male
10650,1,Female
10651,1,Male
10652,1,Female
10653,1,Female
10654,1,Female
10655,1,Male
10656,1,Male
10657,1,Female
10658,1,Male
10659,1,Female
10660,1,Male
10661,1,Male
10662,1,Female
10663,1,Male
10664,1,Male
10665,1,Female
10666,1,Male
10667,1,Female
10668,1,Male
10669,1,Male
10670,1,Male
10671,1,Female
10672,1,Female
10673,1,Male
10674,1,Male
10675,1,Male
10676,1,Female
10677,1,Male
10678,1,Male
10679,1,Female
10680,1,Female
10681,1,Female
10682,1,Female
10683,1,Female
10684,1,Male
10685,1,Male
10686,1,Male
10687,1,Male
10688,1,Male
10689,1,Male
10690,1,Male
10691,1,Male
10692,1,Male
10693,1,Female
10694,1,Male
10695,1,Female
10696,1,Male
10697,1,Female
10698,1,Female
10699,1,Male
10700,1,Female
10701,1,Female
10702,1,Male
10703,1,Female
10704,1,Male
10705,1,Female
10706,1,Female
10707,1,Male
10708,1,Female
10709,1,Male
10710,1,Male
10711,1,Male
10712,1,Male
10713,1,Female
10714,1,Male
10715,1,Female
10716,1,Male
10717,1,Male
10718,1,Male
10719,1,Male
10720,1,Male
10721,1,Male
10722,1,Male
10723,1,Female
10724,1,Male
10725,1,Male
10726,1,Female
10727,1,Female
10728,1,Male
10729,1,Male
10730,1,Male
10731,1,Female
10732,1,Male
10733,1,Male
10734,1,Male
10735,1,Female
10736,1,Male
10737,1,Male
10738,1,Female
10739,1,Female
10740,1,Male
10741,1,Male
10742,1,Male
10743,1,Female
10744,1,Male
10745,1,Male
10746,1,Male
10747,1,Female
10748,1,Female
10749,1,Female
10750,1,Male
10751,1,Male
10752,1,Female
10753,1,Male
10754,1,Male
10755,1,Male
10756,1,Male
10757,1,Male
10758,1,Male
10759,1,Male
10760,1,Female
10761,1,Male
10762,1,Male
10763,1,Male
10764,1,Male
10765,1,Male
10766,1,Female
10767,1,Female
10768,1,Male
10769,1,Female
10770,1,Male
10771,1,Male
10772,1,Male
10773,1,Male
10774,1,Female
10775,1,Male
10776,1,Female
10777,1,Male
10778,1,Female
10779,1,Female
10780,1,Male
10781,1,Male
10782,1,Male
10783,1,Male
10784,1,Female
10785,1,Female
10786,1,Male
10787,1,Male
10788,1,Male
10789,1,Female
10790,1,Male
10791,1,Male
10792,1,Female
10793,1,Male
10794,1,Male
10795,1,Female
10796,1,Male
10797,1,Female
10798,1,Male
10799,1,Male
10800,1,Male
10801,1,Male
10802,1,Male
10803,1,Male
10804,1,Male
10805,1,Male
10806,1,Female
10807,1,Male
10808,1,Female
10809,1,Female
10810,1,Female
10811,1,Male
10812,1,Female
10813,1,Male
10814,1,Male
10815,1,Female
10816,1,Female
10817,1,Male
10818,1,Male
10819,1,Male
10820,1,Male
10821,1,Female
10822,1,Male
10823,1,Male
10824,1,Female
10825,1,Female
10826,1,Male
10827,1,Male
10828,1,Male
10829,1,Female
10830,1,Male
10831,1,Female
10832,1,Female
10833,1,Male
10834,1,Female
10835,1,Male
10836,1,Male
10837,1,Male
10838,1,Female
10839,1,Female
10840,1,Male
10841,1,Female
10842,1,Male
10843,1,Female
10844,1,Male
10845,1,Female
10846,1,Male
10847,1,Female
10848,1,Male
10849,1,Male
10850,1,Male
10851,1,Male
10852,1,Male
10853,1,Female
10854,1,Male
10855,1,Male
10856,1,Male
10857,1,Male
10858,1,Female
10859,1,Male
10860,1,Male
10861,1,Male
10862,1,Male
10863,1,Male
10864,1,Female
10865,1,Male
10866,1,Male
10867,1,Male
10868,1,Male
10869,1,Female
10870,1,Female
10871,1,Male
10872,1,Female
10873,1,Male
10874,1,Female
10875,1,Female
10876,1,Female
10877,1,Male
10878,1,Female
10879,1,Male
10880,1,Female
10881,1,Male
10882,1,Male
10883,1,Male
10884,1,Male
10885,1,Male
10886,1,Male
10887,1,Female
10888,1,Male
10889,1,Female
10890,1,Male
10891,1,Male
10892,1,Male
10893,1,Male
10894,1,Male
10895,1,Female
10896,1,Male
10897,1,Female
10898,1,Male
10899,1,Female
10900,1,Male
10901,1,Male
10902,1,Female
10903,1,Male
10904,1,Female
10905,1,Male
10906,1,Male
10907,1,Male
10908,1,Male
10909,1,Male
10910,1,Female
10911,1,Female
10912,1,Male
10913,1,Male
10914,1,Female
10915,1,Female
10916,1,Male
10917,1,Male
10918,1,Male
10919,1,Female
10920,1,Female
10921,1,Male
10922,1,Female
10923,1,Male
10924,1,Male
10925,1,Male
10926,1,Female
10927,1,Male
10928,1,Male
10929,1,Male
10930,1,Male
10931,1,Male
10932,1,Male
10933,1,Male
10934,1,Female
10935,1,Female
10936,1,Male
10937,1,Male
10938,1,Male
10939,1,Male
10940,1,Female
10941,1,Female
10942,1,Male
10943,1,Female
10944,1,Male
10945,1,Male
10946,1,Male
10947,1,Male
10948,1,Male
10949,1,Male
10950,1,Male
10951,1,Male
10952,1,Female
10953,1,Male
10954,1,Female
10955,1,Male
10956,1,Male
10957,1,Male
10958,1,Male
10959,1,Male
10960,1,Male
10961,1,Female
10962,1,Male
10963,1,Female
10964,1,Male
10965,1,Female
10966,1,Male
10967,1,Female
10968,1,Male
10969,1,Male
10970,1,Female
10971,1,Male
10972,1,Male
10973,1,Female
10974,1,Male
10975,1,Male
10976,1,Male
10977,1,Male
10978,1,Male
10979,1,Male
10980,1,Male
10981,1,Male
10982,1,Male
10983,1,Female
10984,1,Male
10985,1,Male
10986,1,Female
10987,1,Male
10988,1,Female
10989,1,Male
10990,1,Male
10991,1,Female
10992,1,Female
10993,1,Male
10994,1,Female
10995,1,Male
10996,1,Male
10997,1,Male
10998,1,Male
10999,1,Female
11000,1,Male
11001,1,Male
11002,1,Male
11003,1,Female
11004,1,Male
11005,1,Male
11006,1,Male
11007,1,Male
11008,1,Male
11009,1,Female
11010,1,Female
11011,1,Male
11012,1,Female
11013,1,Male
11014,1,Male
11015,1,Male
11016,1,Male
11017,1,Female
11018,1,Female
11019,1,Male
11020,1,Male
11021,1,Male
11022,1,Female
11023,1,Male
11024,1,Female
11025,1,Male
11026,1,Female
11027,1,Female
11028,1,Female
11029,1,Male
11030,1,Male
11031,1,Male
11032,1,Male
11033,1,Female
11034,1,Male
11035,1,Male
11036,1,Male
11037,1,Male
11038,1,Female
11039,1,Female
11040,1,Male
11041,1,Male
11042,1,Male
11043,1,Male
11044,1,Male
11045,1,Female
11046,1,Female
11047,1,Female
11048,1,Female
11049,1,Female
11050,1,Male
11051,1,Male
11052,1,Female
11053,1,Female
11054,1,Male
11055,1,Male
11056,1,Male
11057,1,Female
11058,1,Female
11059,1,Male
11060,1,Male
11061,1,Male
11062,1,Male
11063,1,Male
11064,1,Male
11065,1,Female
11066,1,Female
11067,1,Female
11068,1,Female
11069,1,Male
11070,1,Male
11071,1,Male
11072,1,Female
11073,1,Female
11074,1,Male
11075,1,Female
11076,1,Male
11077,1,Male
11078,1,Female
11079,1,Male
11080,1,Female
11081,1,Male
11082,1,Male
11083,1,Male
11084,1,Female
11085,1,Male
11086,1,Female
11087,1,Male
11088,1,Male
11089,1,Male
11090,1,Male
11091,1,Male
11092,1,Female
11093,1,Male
11094,1,Male
11095,1,Male
11096,1,Female
11097,1,Male
11098,1,Male
11099,1,Female
11100,1,Male
11101,1,Male
11102,1,Male
11103,1,Male
11104,1,Female
11105,1,Male
11106,1,Female
11107,1,Female
11108,1,Male
11109,1,Female
11110,1,Female
11111,1,Male
11112,1,Male
11113,1,Male
11114,1,Female
11115,1,Male
11116,1,Male
11117,1,Female
11118,1,Female
11119,1,Female
11120,1,Male
11121,1,Male
11122,1,Female
11123,1,Male
11124,1,Male
11125,1,Male
11126,1,Female
11127,1,Male
11128,1,Male
11129,1,Female
11130,1,Female
11131,1,Female
11132,1,Male
11133,1,Male
11134,1,Female
11135,1,Female
11136,1,Male
11137,1,Male
11138,1,Male
11139,1,Male
11140,1,Female
11141,1,Female
11142,1,Male
11143,1,Female
11144,1,Male
11145,1,Male
11146,1,Male
11147,1,Female
11148,1,Female
11149,1,Female
11150,1,Male
11151,1,Male
11152,1,Male
11153,1,Male
11154,1,Male
11155,1,Male
11156,1,Male
11157,1,Male
11158,1,Male
11159,1,Male
11160,1,Male
11161,1,Male
11162,1,Male
11163,1,Male
11164,1,Female
11165,1,Male
11166,1,Male
11167,1,Male
11168,1,Male
11169,1,Female
11170,1,Male
11171,1,Male
11172,1,Female
11173,1,Male
11174,1,Male
11175,1,Male
11176,1,Female
11177,1,Female
11178,1,Female
11179,1,Male
11180,1,Female
11181,1,Male
11182,1,Female
11183,1,Male
11184,1,Female
11185,1,Female
11186,1,Female
11187,1,Male
11188,1,Male
11189,1,Male
11190,1,Male
11191,1,Female
11192,1,Female
11193,1,Female
11194,1,Female
11195,1,Male
11196,1,Male
11197,1,Male
11198,1,Male
11199,1,Male
11200,1,Male
11201,1,Male
11202,1,Male
11203,1,Female
11204,1,Male
11205,1,Female
11206,1,Male
11207,1,Male
11208,1,Male
11209,1,Female
11210,1,Female
11211,1,Male
11212,1,Female
11213,1,Male
11214,1,Male
11215,1,Female
11216,1,Male
11217,1,Male
11218,1,Female
11219,1,Female
11220,1,Male
11221,1,Male
11222,1,Female
11223,1,Male
11224,1,Female
11225,1,Female
11226,1,Male
11227,1,Male
11228,1,Male
11229,1,Male
11230,1,Male
11231,1,Female
11232,1,Male
11233,1,Male
11234,1,Male
11235,1,Female
11236,1,Female
11237,1,Female
11238,1,Male
11239,1,Male
11240,1,Female
11241,1,Female
11242,1,Male
11243,1,Female
11244,1,Male
11245,1,Male
11246,1,Female
11247,1,Female
11248,1,Male
11249,1,Male
11250,1,Male
11251,1,Male
11252,1,Female
11253,1,Female
11254,1,Male
11255,1,Female
11256,1,Female
11257,1,Female
11258,1,Female
11259,1,Female
11260,1,Female
11261,1,Male
11262,1,Male
11263,1,Female
11264,1,Male
11265,1,Male
11266,1,Female
11267,1,Male
11268,1,Female
11269,1,Male
11270,1,Female
11271,1,Male
11272,1,Male
11273,1,Female
11274,1,Male
11275,1,Male
11276,1,Male
11277,1,Male
11278,1,Male
11279,1,Male
11280,1,Male
11281,1,Male
11282,1,Female
11283,1,Male
11284,1,Male
11285,1,Female
11286,1,Male
11287,1,Male
11288,1,Male
11289,1,Male
11290,1,Male
11291,1,Male
11292,1,Male
11293,1,Male
11294,1,Male
11295,1,Male
11296,1,Male
11297,1,Female
11298,1,Female
11299,1,Female
11300,1,Female
11301,1,Male
11302,1,Female
11303,1,Male
11304,1,Female
11305,1,Male
11306,1,Female
11307,1,Male
11308,1,Male
11309,1,Male
11310,1,Male
11311,1,Male
11312,1,Female
11313,1,Female
11314,1,Male
11315,1,Female
11316,1,Male
11317,1,Male
11318,1,Male
11319,1,Male
11320,1,Male
11321,1,Male
11322,1,Female
11323,1,Female
11324,1,Male
11325,1,Male
11326,1,Male
11327,1,Male
11328,1,Female
11329,1,Male
11330,1,Male
11331,1,Male
11332,1,Male
11333,1,Male
11334,1,Male
11335,1,Male
11336,1,Male
11337,1,Male
11338,1,Male
11339,1,Male
11340,1,Male
11341,1,Female
11342,1,Male
11343,1,Female
11344,1,Male
11345,1,Female
11346,1,Male
11347,1,Female
11348,1,Male
11349,1,Female
11350,1,Female
11351,1,Male
11352,1,Male
11353,1,Female
11354,1,Male
11355,1,Male
11356,1,Female
11357,1,Female
11358,1,Male
11359,1,Male
11360,1,Male
11361,1,Female
11362,1,Male
11363,1,Male
11364,1,Male
11365,1,Male
11366,1,Female
11367,1,Female
11368,1,Male
11369,1,Male
11370,1,Male
11371,1,Female
11372,1,Male
11373,1,Female
11374,1,Male
11375,1,Male
11376,1,Male
11377,1,Male
11378,1,Male
11379,1,Male
11380,1,Male
11381,1,Female
11382,1,Female
11383,1,Female
11384,1,Female
11385,1,Male
11386,1,Male
11387,1,Female
11388,1,Female
11389,1,Female
11390,1,Male
11391,1,Male
11392,1,Female
11393,1,Male
11394,1,Male
11395,1,Female
11396,1,Female
11397,1,Male
11398,1,Male
11399,1,Male
11400,1,Male
11401,1,Female
11402,1,Male
11403,1,Male
11404,1,Male
11405,1,Female
11406,1,Female
11407,1,Female
11408,1,Female
11409,1,Male
11410,1,Male
11411,1,Male
11412,1,Male
11413,1,Female
11414,1,Female
11415,1,Male
11416,1,Female
11417,1,Female
11418,1,Male
11419,1,Male
11420,1,Female
11421,1,Female
11422,1,Female
11423,1,Male
11424,1,Male
11425,1,Female
11426,1,Male
11427,1,Male
11428,1,Female
11429,1,Female
11430,1,Female
11431,1,Male
11432,1,Male
11433,1,Male
11434,1,Male
11435,1,Female
11436,1,Male
11437,1,Male
11438,1,Male
11439,1,Male
11440,1,Male
11441,1,Male
11442,1,Male
11443,1,Female
11444,1,Male
11445,1,Male
11446,1,Female
11447,1,Female
11448,1,Male
11449,1,Female
11450,1,Male
11451,1,Female
11452,1,Male
11453,1,Male
11454,1,Male
11455,1,Female
11456,1,Female
11457,1,Male
11458,1,Female
11459,1,Male
11460,1,Male
11461,1,Male
11462,1,Male
11463,1,Male
11464,1,Male
11465,1,Female
11466,1,Male
11467,1,Female
11468,1,Male
11469,1,Female
11470,1,Female
11471,1,Male
11472,1,Male
11473,1,Male
11474,1,Female
11475,1,Female
11476,1,Female
11477,1,Male
11478,1,Male
11479,1,Female
11480,1,Male
11481,1,Male
11482,1,Male
11483,1,Female
11484,1,Male
11485,1,Male
11486,1,Female
11487,1,Female
11488,1,Female
11489,1,Male
11490,1,Male
11491,1,Female
11492,1,Female
11493,1,Male
11494,1,Male
11495,1,Male
11496,1,Male
11497,1,Male
11498,1,Male
11499,1,Male
11500,1,Male
11501,1,Male
11502,1,Male
11503,1,Male
11504,1,Male
11505,1,Male
11506,1,Male
11507,1,Male
11508,1,Male
11509,1,Male
11510,1,Male
11511,1,Male
11512,1,Male
11513,1,Male
11514,1,Male
11515,1,Male
11516,1,Female
11517,1,Female
11518,1,Male
11519,1,Male
11520,1,Male
11521,1,Male
11522,1,Male
11523,1,Female
11524,1,Male
11525,1,Male
11526,1,Male
11527,1,Male
11528,1,Female
11529,1,Male
11530,1,Male
11531,1,Male
11532,1,Male
11533,1,Male
11534,1,Male
11535,1,Female
11536,1,Male
11537,1,Male
11538,1,Male
11539,1,Male
11540,1,Male
11541,1,Female
11542,1,Male
11543,1,Female
11544,1,Male
11545,1,Male
11546,1,Male
11547,1,Male
11548,1,Male
11549,1,Male
11550,1,Female
11551,1,Male
11552,1,Male
11553,1,Male
11554,1,Female
11555,1,Female
11556,1,Male
11557,1,Female
11558,1,Female
11559,1,Male
11560,1,Female
11561,1,Female
11562,1,Male
11563,1,Male
11564,1,Female
11565,1,Female
11566,1,Male
11567,1,Male
11568,1,Male
11569,1,Male
11570,1,Male
11571,1,Male
11572,1,Male
11573,1,Female
11574,1,Female
11575,1,Male
11576,1,Female
11577,1,Male
11578,1,Male
11579,1,Male
11580,1,Male
11581,1,Male
11582,1,Male
11583,1,Male
11584,1,Male
11585,1,Male
11586,1,Female
11587,1,Female
11588,1,Female
11589,1,Female
11590,1,Female
11591,1,Male
11592,1,Female
11593,1,Male
11594,1,Male
11595,1,Male
11596,1,Male
11597,1,Male
11598,1,Male
11599,1,Male
11600,1,Female
11601,1,Male
11602,1,Female
11603,1,Male
11604,1,Male
11605,1,Male
11606,1,Male
11607,1,Male
11608,1,Female
11609,1,Female
11610,1,Male
11611,1,Male
11612,1,Male
11613,1,Male
11614,1,Male
11615,1,Male
11616,1,Female
11617,1,Female
11618,1,Male
11619,1,Male
11620,1,Male
11621,1,Male
11622,1,Male
11623,1,Male
11624,1,Male
11625,1,Male
11626,1,Female
11627,1,Female
11628,1,Male
11629,1,Female
11630,1,Female
11631,1,Male
11632,1,Male
11633,1,Male
11634,1,Male
11635,1,Male
11636,1,Male
11637,1,Male
11638,1,Male
11639,1,Male
11640,1,Male
11641,1,Female
11642,1,Female
11643,1,Male
11644,1,Male
11645,1,Female
11646,1,Male
11647,1,Male
11648,1,Male
11649,1,Female
11650,1,Male
11651,1,Male
11652,1,Male
11653,1,Male
11654,1,Male
11655,1,Female
11656,1,Male
11657,1,Male
11658,1,Female
11659,1,Male
11660,1,Male
11661,1,Male
11662,1,Female
11663,1,Female
11664,1,Female
11665,1,Female
11666,1,Male
11667,1,Male
11668,1,Female
11669,1,Female
11670,1,Male
11671,1,Male
11672,1,Female
11673,1,Male
11674,1,Male
11675,1,Male
11676,1,Female
11677,1,Female
11678,1,Male
11679,1,Male
11680,1,Female
11681,1,Female
11682,1,Male
11683,1,Male
11684,1,Male
11685,1,Male
11686,1,Female
11687,1,Male
11688,1,Male
11689,1,Male
11690,1,Female
11691,1,Female
11692,1,Female
11693,1,Male
11694,1,Male
11695,1,Female
11696,1,Female
11697,1,Male
11698,1,Male
11699,1,Male
11700,1,Male
11701,1,Male
11702,1,Male
11703,1,Female
11704,1,Male
11705,1,Male
11706,1,Female
11707,1,Male
11708,1,Female
11709,1,Male
11710,1,Female
11711,1,Female
11712,1,Male
11713,1,Female
11714,1,Male
11715,1,Male
11716,1,Male
11717,1,Male
11718,1,Male
11719,1,Male
11720,1,Male
11721,1,Female
11722,1,Female
11723,1,Female
11724,1,Female
11725,1,Male
11726,1,Male
11727,1,Male
11728,1,Male
11729,1,Male
11730,1,Male
11731,1,Female
11732,1,Female
11733,1,Male
11734,1,Male
11735,1,Male
11736,1,Female
11737,1,Male
11738,1,Male
11739,1,Female
11740,1,Female
11741,1,Male
11742,1,Male
11743,1,Male
11744,1,Female
11745,1,Male
11746,1,Female
11747,1,Male
11748,1,Male
11749,1,Male
11750,1,Male
11751,1,Male
11752,1,Male
11753,1,Male
11754,1,Male
11755,1,Female
11756,1,Male
11757,1,Female
11758,1,Male
11759,1,Male
11760,1,Male
11761,1,Male
11762,1,Male
11763,1,Female
11764,1,Male
11765,1,Male
11766,1,Female
11767,1,Male
11768,1,Male
11769,1,Male
11770,1,Male
11771,1,Male
11772,1,Female
11773,1,Female
11774,1,Male
11775,1,Male
11776,1,Male
11777,1,Male
11778,1,Male
11779,1,Female
11780,1,Female
11781,1,Female
11782,1,Female
11783,1,Male
11784,1,Female
11785,1,Male
11786,1,Female
11787,1,Male
11788,1,Male
11789,1,Female
11790,1,Female
11791,1,Male
11792,1,Male
11793,1,Female
11794,1,Male
11795,1,Female
11796,1,Male
11797,1,Male
11798,1,Female
11799,1,Male
11800,1,Male
11801,1,Male
11802,1,Male
11803,1,Female
11804,1,Female
11805,1,Female
11806,1,Male
11807,1,Male
11808,1,Male
11809,1,Female
11810,1,Male
11811,1,Male
11812,1,Female
11813,1,Male
11814,1,Female
11815,1,Male
11816,1,Male
11817,1,Female
11818,1,Female
11819,1,Female
11820,1,Female
11821,1,Female
11822,1,Male
11823,1,Male
11824,1,Male
11825,1,Male
11826,1,Male
11827,1,Male
11828,1,Male
11829,1,Male
11830,1,Female
11831,1,Female
11832,1,Female
11833,1,Female
11834,1,Male
11835,1,Female
11836,1,Male
11837,1,Male
11838,1,Male
11839,1,Female
11840,1,Male
11841,1,Male
11842,1,Female
11843,1,Male
11844,1,Female
11845,1,Female
11846,1,Male
11847,1,Male
11848,1,Male
11849,1,Female
11850,1,Male
11851,1,Female
11852,1,Female
11853,1,Male
11854,1,Female
11855,1,Female
11856,1,Female
11857,1,Male
11858,1,Male
11859,1,Male
11860,1,Male
11861,1,Male
11862,1,Female
11863,1,Female
11864,1,Male
11865,1,Male
11866,1,Female
11867,1,Female
11868,1,Female
11869,1,Female
11870,1,Male
11871,1,Male
11872,1,Female
11873,1,Female
11874,1,Male
11875,1,Female
11876,1,Female
11877,1,Male
11878,1,Female
11879,1,Male
11880,1,Male
11881,1,Male
11882,1,Male
11883,1,Male
11884,1,Male
11885,1,Female
11886,1,Female
11887,1,Male
11888,1,Female
11889,1,Male
11890,1,Female
11891,1,Male
11892,1,Male
11893,1,Female
11894,1,Male
11895,1,Male
11896,1,Male
11897,1,Male
11898,1,Male
11899,1,Male
11900,1,Female
11901,1,Male
11902,1,Female
11903,1,Female
11904,1,Female
11905,1,Male
11906,1,Male
11907,1,Male
11908,1,Male
11909,1,Male
11910,1,Female
11911,1,Male
11912,1,Female
11913,1,Male
11914,1,Male
11915,1,Male
11916,1,Female
11917,1,Male
11918,1,Male
11919,1,Male
11920,1,Male
11921,1,Male
11922,1,Female
11923,1,Male
11924,1,Male
11925,1,Female
11926,1,Male
11927,1,Male
11928,1,Male
11929,1,Male
11930,1,Male
11931,1,Male
11932,1,Female
11933,1,Female
11934,1,Male
11935,1,Male
11936,1,Female
11937,1,Male
11938,1,Male
11939,1,Male
11940,1,Female
11941,1,Male
11942,1,Male
11943,1,Male
11944,1,Male
11945,1,Female
11946,1,Female
11947,1,Male
11948,1,Male
11949,1,Male
11950,1,Female
11951,1,Male
11952,1,Male
11953,1,Female
11954,1,Female
11955,1,Male
11956,1,Male
11957,1,Male
11958,1,Female
11959,1,Male
11960,1,Male
11961,1,Female
11962,1,Male
11963,1,Male
11964,1,Male
11965,1,Male
11966,1,Male
11967,1,Male
11968,1,Male
11969,1,Male
11970,1,Female
11971,1,Male
11972,1,Female
11973,1,Female
11974,1,Female
11975,1,Female
11976,1,Male
11977,1,Male
11978,1,Male
11979,1,Male
11980,1,Female
11981,1,Male
11982,1,Male
11983,1,Male
11984,1,Male
11985,1,Male
11986,1,Male
11987,1,Female
11988,1,Male
11989,1,Male
11990,1,Female
11991,1,Female
11992,1,Female
11993,1,Male
11994,1,Male
11995,1,Female
11996,1,Male
11997,1,Male
11998,1,Female
11999,1,Female
12000,1,Male
12001,1,Female
12002,1,Male
12003,1,Male
12004,1,Female
12005,1,Female
12006,1,Male
12007,1,Male
12008,1,Female
12009,1,Male
12010,1,Male
12011,1,Male
12012,1,Male
12013,1,Male
12014,1,Male
12015,1,Female
12016,1,Female
12017,1,Male
12018,1,Male
12019,1,Male
12020,1,Male
12021,1,Male
12022,1,Female
12023,1,Female
12024,1,Male
12025,1,Female
12026,1,Male
12027,1,Male
12028,1,Male
12029,1,Male
12030,1,Male
12031,1,Male
12032,1,Female
12033,1,Male
12034,1,Male
12035,1,Female
12036,1,Female
12037,1,Female
12038,1,Male
12039,1,Female
12040,1,Male
12041,1,Male
12042,1,Female
12043,1,Female
12044,1,Male
12045,1,Female
12046,1,Female
12047,1,Male
12048,1,Female
12049,1,Female
12050,1,Male
12051,1,Male
12052,1,Male
12053,1,Female
12054,1,Male
12055,1,Male
12056,1,Male
12057,1,Female
12058,1,Male
12059,1,Female
12060,1,Male
12061,1,Female
12062,1,Male
12063,1,Male
12064,1,Male
12065,1,Male
12066,1,Male
12067,1,Male
12068,1,Male
12069,1,Female
12070,1,Female
12071,1,Male
12072,1,Male
12073,1,Female
12074,1,Male
12075,1,Male
12076,1,Male
12077,1,Male
12078,1,Female
12079,1,Male
12080,1,Female
12081,1,Male
12082,1,Female
12083,1,Male
12084,1,Male
12085,1,Male
12086,1,Male
12087,1,Male
12088,1,Male
12089,1,Female
12090,1,Male
12091,1,Male
12092,1,Male
12093,1,Male
12094,1,Female
12095,1,Male
12096,1,Male
12097,1,Female
12098,1,Male
12099,1,Male
12100,1,Male
12101,1,Male
12102,1,Male
12103,1,Male
12104,1,Male
12105,1,Female
12106,1,Female
12107,1,Male
12108,1,Male
12109,1,Male
12110,1,Male
12111,1,Female
12112,1,Female
12113,1,Male
12114,1,Male
12115,1,Female
12116,1,Male
12117,1,Male
12118,1,Male
12119,1,Male
12120,1,Male
12121,1,Female
12122,1,Male
12123,1,Male
12124,1,Male
12125,1,Male
12126,1,Female
12127,1,Female
12128,1,Male
12129,1,Male
12130,1,Male
12131,1,Male
12132,1,Female
12133,1,Male
12134,1,Female
12135,1,Male
12136,1,Female
12137,1,Female
12138,1,Male
12139,1,Male
12140,1,Male
12141,1,Female
12142,1,Male
12143,1,Male
12144,1,Male
12145,1,Female
12146,1,Female
12147,1,Male
12148,1,Female
12149,1,Female
12150,1,Male
12151,1,Female
12152,1,Female
12153,1,Female
12154,1,Female
12155,1,Female
12156,1,Male
12157,1,Male
12158,1,Male
12159,1,Female
12160,1,Male
12161,1,Male
12162,1,Male
12163,1,Male
12164,1,Male
12165,1,Male
12166,1,Male
12167,1,Male
12168,1,Female
12169,1,Male
12170,1,Female
12171,1,Female
12172,1,Male
12173,1,Female
12174,1,Male
12175,1,Female
12176,1,Female
12177,1,Male
12178,1,Male
12179,1,Male
12180,1,Male
12181,1,Male
12182,1,Male
12183,1,Male
12184,1,Male
12185,1,Male
12186,1,Male
12187,1,Male
12188,1,Female
12189,1,Male
12190,1,Female
12191,1,Male
12192,1,Female
12193,1,Male
12194,1,Male
12195,1,Female
12196,1,Male
12197,1,Female
12198,1,Female
12199,1,Male
12200,1,Female
12201,1,Male
12202,1,Male
12203,1,Male
12204,1,Male
12205,1,Female
12206,1,Male
12207,1,Male
12208,1,Male
12209,1,Female
12210,1,Female
12211,1,Male
12212,1,Male
12213,1,Male
12214,1,Male
12215,1,Male
12216,1,Male
12217,1,Female
12218,1,Male
12219,1,Male
12220,1,Male
12221,1,Male
12222,1,Female
12223,1,Male
12224,1,Male
12225,1,Male
12226,1,Female
12227,1,Female
12228,1,Female
12229,1,Male
12230,1,Female
12231,1,Male
12232,1,Female
12233,1,Male
12234,1,Male
12235,1,Female
12236,1,Male
12237,1,Female
12238,1,Female
12239,1,Male
12240,1,Female
12241,1,Female
12242,1,Male
12243,1,Male
12244,1,Male
12245,1,Female
12246,1,Male
12247,1,Male
12248,1,Female
12249,1,Male
12250,1,Male
12251,1,Male
12252,1,Female
12253,1,Male
12254,1,Male
12255,1,Male
12256,1,Female
12257,1,Female
12258,1,Male
12259,1,Male
12260,1,Female
12261,1,Male
12262,1,Male
12263,1,Female
12264,1,Female
12265,1,Female
12266,1,Female
12267,1,Male
12268,1,Female
12269,1,Male
12270,1,Male
12271,1,Male
12272,1,Male
12273,1,Male
12274,1,Male
12275,1,Male
12276,1,Male
12277,1,Male
12278,1,Female
12279,1,Male
12280,1,Male
12281,1,Male
12282,1,Male
12283,1,Male
12284,1,Male
12285,1,Male
12286,1,Female
12287,1,Male
12288,1,Female
12289,1,Female
12290,1,Female
12291,1,Male
12292,1,Male
12293,1,Female
12294,1,Male
12295,1,Male
12296,1,Male
12297,1,Female
12298,1,Male
12299,1,Male
12300,1,Female
12301,1,Female
12302,1,Female
12303,1,Male
12304,1,Female
12305,1,Male
12306,1,Male
12307,1,Male
12308,1,Male
12309,1,Male
12310,1,Male
12311,1,Male
12312,1,Male
12313,1,Female
12314,1,Male
12315,1,Female
12316,1,Male
12317,1,Male
12318,1,Male
12319,1,Male
12320,1,Female
12321,1,Female
12322,1,Male
12323,1,Female
12324,1,Male
12325,1,Male
12326,1,Female
12327,1,Male
12328,1,Male
12329,1,Female
12330,1,Male
12331,1,Female
12332,1,Female
12333,1,Male
12334,1,Male
12335,1,Female
12336,1,Male
12337,1,Female
12338,1,Female
12339,1,Female
12340,1,Male
12341,1,Male
12342,1,Female
12343,1,Male
12344,1,Female
12345,1,Male
12346,1,Female
12347,1,Male
12348,1,Male
12349,1,Female
12350,1,Female
12351,1,Male
12352,1,Male
12353,1,Male
12354,1,Female
12355,1,Male
12356,1,Male
12357,1,Male
12358,1,Female
12359,1,Female
12360,1,Female
12361,1,Female
12362,1,Female
12363,1,Male
12364,1,Male
12365,1,Female
12366,1,Male
12367,1,Male
12368,1,Male
12369,1,Male
12370,1,Female
12371,1,Female
12372,1,Male
12373,1,Male
12374,1,Female
12375,1,Male
12376,1,Male
12377,1,Male
12378,1,Female
12379,1,Male
12380,1,Female
12381,1,Female
12382,1,Male
12383,1,Female
12384,1,Female
12385,1,Male
12386,1,Male
12387,1,Male
12388,1,Male
12389,1,Male
12390,1,Male
12391,1,Male
12392,1,Male
12393,1,Male
12394,1,Male
12395,1,Male
12396,1,Male
12397,1,Male
12398,1,Female
12399,1,Male
12400,1,Female
12401,1,Male
12402,1,Male
12403,1,Female
12404,1,Male
12405,1,Male
12406,1,Female
12407,1,Male
12408,1,Male
12409,1,Female
12410,1,Male
12411,1,Female
12412,1,Male
12413,1,Male
12414,1,Male
12415,1,Male
12416,1,Male
12417,1,Male
12418,1,Female
12419,1,Male
12420,1,Male
12421,1,Female
12422,1,Female
12423,1,Male
12424,1,Male
12425,1,Female
12426,1,Male
12427,1,Female
12428,1,Male
12429,1,Female
12430,1,Female
12431,1,Male
12432,1,Male
12433,1,Male
12434,1,Male
12435,1,Male
12436,1,Female
12437,1,Female
12438,1,Male
12439,1,Male
12440,1,Male
12441,1,Female
12442,1,Male
12443,1,Male
12444,1,Male
12445,1,Male
12446,1,Female
12447,1,Female
12448,1,Male
12449,1,Male
12450,1,Male
12451,1,Male
12452,1,Female
12453,1,Female
12454,1,Male
12455,1,Male
12456,1,Male
12457,1,Female
12458,1,Male
12459,1,Male
12460,1,Male
12461,1,Female
12462,1,Male
12463,1,Male
12464,1,Male
12465,1,Male
12466,1,Male
12467,1,Female
12468,1,Male
12469,1,Male
12470,1,Male
12471,1,Female
12472,1,Female
12473,1,Male
12474,1,Female
12475,1,Female
12476,1,Male
12477,1,Female
12478,1,Female
12479,1,Male
12480,1,Male
12481,1,Male
12482,1,Female
12483,1,Male
12484,1,Female
12485,1,Male
12486,1,Male
12487,1,Male
12488,1,Female
12489,1,Female
12490,1,Female
12491,1,Male
12492,1,Male
12493,1,Female
12494,1,Male
12495,1,Male
12496,1,Male
12497,1,Female
12498,1,Male
12499,1,Male
12500,1,Male
12501,1,Male
12502,1,Male
12503,1,Male
12504,1,Female
12505,1,Male
12506,1,Male
12507,1,Male
12508,1,Female
12509,1,Male
12510,1,Male
12511,1,Male
12512,1,Male
12513,1,Male
12514,1,Male
12515,1,Male
12516,1,Male
12517,1,Female
12518,1,Female
12519,1,Female
12520,1,Female
12521,1,Male
12522,1,Male
12523,1,Male
12524,1,Male
12525,1,Male
12526,1,Female
12527,1,Female
12528,1,Male
12529,1,Male
12530,1,Male
12531,1,Female
12532,1,Male
12533,1,Male
12534,1,Male
12535,1,Female
12536,1,Male
12537,1,Male
12538,1,Female
12539,1,Female
12540,1,Male
12541,1,Male
12542,1,Male
12543,1,Female
12544,1,Male
12545,1,Male
12546,1,Male
12547,1,Male
12548,1,Female
12549,1,Male
12550,1,Female
12551,1,Female
12552,1,Male
12553,1,Male
12554,1,Female
12555,1,Male
12556,1,Male
12557,1,Male
12558,1,Female
12559,1,Male
12560,1,Female
12561,1,Male
12562,1,Female
12563,1,Male
12564,1,Male
12565,1,Male
12566,1,Male
12567,1,Male
12568,1,Female
12569,1,Male
12570,1,Male
12571,1,Female
12572,1,Male
12573,1,Male
12574,1,Female
12575,1,Female
12576,1,Male
12577,1,Female
12578,1,Male
12579,1,Male
12580,1,Female
12581,1,Male
12582,1,Male
12583,1,Female
12584,1,Male
12585,1,Female
12586,1,Male
12587,1,Male
12588,1,Male
12589,1,Male
12590,1,Male
12591,1,Female
12592,1,Male
12593,1,Male
12594,1,Female
12595,1,Male
12596,1,Male
12597,1,Male
12598,1,Male
12599,1,Female
12600,1,Male
12601,1,Female
12602,1,Female
12603,1,Male
12604,1,Male
12605,1,Male
12606,1,Male
12607,1,Male
12608,1,Male
12609,1,Male
12610,1,Male
12611,1,Female
12612,1,Male
12613,1,Female
12614,1,Male
12615,1,Female
12616,1,Female
12617,1,Male
12618,1,Male
12619,1,Male
12620,1,Male
12621,1,Male
12622,1,Male
12623,1,Male
12624,1,Male
12625,1,Male
12626,1,Female
12627,1,Male
12628,1,Male
12629,1,Male
12630,1,Male
12631,1,Female
12632,1,Male
12633,1,Female
12634,1,Male
12635,1,Male
12636,1,Male
12637,1,Female
12638,1,Male
12639,1,Male
12640,1,Male
12641,1,Female
12642,1,Male
12643,1,Male
12644,1,Female
12645,1,Male
12646,1,Female
12647,1,Female
12648,1,Female
12649,1,Male
12650,1,Female
12651,1,Male
12652,1,Female
12653,1,Female
12654,1,Male
12655,1,Male
12656,1,Female
12657,1,Female
12658,1,Male
12659,1,Male
12660,1,Male
12661,1,Male
12662,1,Male
12663,1,Male
12664,1,Male
12665,1,Male
12666,1,Male
12667,1,Male
12668,1,Male
12669,1,Male
12670,1,Female
12671,1,Male
12672,1,Male
12673,1,Male
12674,1,Female
12675,1,Male
12676,1,Male
12677,1,Male
12678,1,Female
12679,1,Male
12680,1,Male
12681,1,Male
12682,1,Male
12683,1,Male
12684,1,Female
12685,1,Female
12686,1,Male
12687,1,Male
12688,1,Male
12689,1,Female
12690,1,Male
12691,1,Male
12692,1,Male
12693,1,Male
12694,1,Male
12695,1,Female
12696,1,Female
12697,1,Female
12698,1,Female
12699,1,Male
12700,1,Male
12701,1,Male
12702,1,Female
12703,1,Male
12704,1,Female
12705,1,Male
12706,1,Male
12707,1,Female
12708,1,Female
12709,1,Female
12710,1,Male
12711,1,Female
12712,1,Male
12713,1,Male
12714,1,Male
12715,1,Female
12716,1,Male
12717,1,Female
12718,1,Male
12719,1,Male
12720,1,Male
12721,1,Female
12722,1,Female
12723,1,Male
12724,1,Female
12725,1,Female
12726,1,Male
12727,1,Male
12728,1,Male
12729,1,Male
12730,1,Female
12731,1,Male
12732,1,Male
12733,1,Male
12734,1,Female
12735,1,Female
12736,1,Female
12737,1,Male
12738,1,Male
12739,1,Male
12740,1,Female
12741,1,Female
12742,1,Female
12743,1,Male
12744,1,Male
12745,1,Female
12746,1,Male
12747,1,Male
12748,1,Male
12749,1,Male
12750,1,Female
12751,1,Male
12752,1,Male
12753,1,Female
12754,1,Male
12755,1,Male
12756,1,Female
12757,1,Male
12758,1,Female
12759,1,Male
12760,1,Female
12761,1,Male
12762,1,Male
12763,1,Female
12764,1,Male
12765,1,Male
12766,1,Male
12767,1,Male
12768,1,Female
12769,1,Male
12770,1,Female
12771,1,Male
12772,1,Female
12773,1,Male
12774,1,Male
12775,1,Male
12776,1,Male
12777,1,Male
12778,1,Female
12779,1,Female
12780,1,Male
12781,1,Female
12782,1,Male
12783,1,Female
12784,1,Male
12785,1,Male
12786,1,Female
12787,1,Female
12788,1,Male
12789,1,Female
12790,1,Male
12791,1,Male
12792,1,Female
12793,1,Female
12794,1,Male
12795,1,Female
12796,1,Male
12797,1,Male
12798,1,Male
12799,1,Male
12800,1,Male
12801,1,Male
12802,1,Female
12803,1,Male
12804,1,Male
12805,1,Male
12806,1,Male
12807,1,Female
12808,1,Male
12809,1,Male
12810,1,Male
12811,1,Female
12812,1,Female
12813,1,Male
12814,1,Male
12815,1,Male
12816,1,Female
12817,1,Male
12818,1,Female
12819,1,Male
12820,1,Male
12821,1,Female
12822,1,Female
12823,1,Male
12824,1,Male
12825,1,Male
12826,1,Male
12827,1,Male
12828,1,Male
12829,1,Male
12830,1,Male
12831,1,Male
12832,1,Male
12833,1,Male
12834,1,Male
12835,1,Male
12836,1,Male
12837,1,Female
12838,1,Male
12839,1,Male
12840,1,Male
12841,1,Male
12842,1,Male
12843,1,Male
12844,1,Female
12845,1,Female
12846,1,Male
12847,1,Female
12848,1,Male
12849,1,Male
12850,1,Female
12851,1,Male
12852,1,Male
12853,1,Male
12854,1,Female
12855,1,Female
12856,1,Male
12857,1,Male
12858,1,Male
12859,1,Female
12860,1,Male
12861,1,Male
12862,1,Male
12863,1,Male
12864,1,Female
12865,1,Female
12866,1,Male
12867,1,Male
12868,1,Female
12869,1,Female
12870,1,Female
12871,1,Male
12872,1,Male
12873,1,Female
12874,1,Male
12875,1,Male
12876,1,Female
12877,1,Female
12878,1,Male
12879,1,Male
12880,1,Male
12881,1,Male
12882,1,Male
12883,1,Male
12884,1,Male
12885,1,Male
12886,1,Male
12887,1,Female
12888,1,Female
12889,1,Male
12890,1,Male
12891,1,Male
12892,1,Male
12893,1,Male
12894,1,Female
12895,1,Male
12896,1,Female
12897,1,Male
12898,1,Male
12899,1,Male
12900,1,Male
12901,1,Male
12902,1,Male
12903,1,Male
12904,1,Female
12905,1,Male
12906,1,Male
12907,1,Female
12908,1,Male
12909,1,Male
12910,1,Male
12911,1,Male
12912,1,Female
12913,1,Female
12914,1,Male
12915,1,Female
12916,1,Female
12917,1,Male
12918,1,Female
12919,1,Female
12920,1,Female
12921,1,Male
12922,1,Female
12923,1,Male
12924,1,Female
12925,1,Female
12926,1,Male
12927,1,Male
12928,1,Female
12929,1,Male
12930,1,Female
12931,1,Male
12932,1,Female
12933,1,Male
12934,1,Male
12935,1,Male
12936,1,Female
12937,1,Male
12938,1,Male
12939,1,Male
12940,1,Male
12941,1,Male
12942,1,Male
12943,1,Male
12944,1,Male
12945,1,Male
12946,1,Male
12947,1,Male
12948,1,Male
12949,1,Female
12950,1,Female
12951,1,Male
12952,1,Female
12953,1,Male
12954,1,Male
12955,1,Male
12956,1,Male
12957,1,Male
12958,1,Female
12959,1,Male
12960,1,Male
12961,1,Male
12962,1,Male
12963,1,Male
12964,1,Male
12965,1,Male
12966,1,Male
12967,1,Female
12968,1,Male
12969,1,Female
12970,1,Female
12971,1,Male
12972,1,Male
12973,1,Male
12974,1,Female
12975,1,Female
12976,1,Male
12977,1,Female
12978,1,Male
12979,1,Male
12980,1,Male
12981,1,Male
12982,1,Female
12983,1,Male
12984,1,Male
12985,1,Female
12986,1,Male
12987,1,Male
12988,1,Female
12989,1,Male
12990,1,Male
12991,1,Male
12992,1,Male
12993,1,Male
12994,1,Male
12995,1,Male
12996,1,Female
12997,1,Female
12998,1,Male
12999,1,Male
13000,1,Female
13001,1,Male
13002,1,Male
13003,1,Male
13004,1,Female
13005,1,Male
13006,1,Male
13007,1,Male
13008,1,Male
13009,1,Female
13010,1,Female
13011,1,Male
13012,1,Female
13013,1,Male
13014,1,Male
13015,1,Female
13016,1,Female
13017,1,Male
13018,1,Female
13019,1,Female
13020,1,Male
13021,1,Male
13022,1,Female
13023,1,Male
13024,1,Female
13025,1,Male
13026,1,Male
13027,1,Female
13028,1,Female
13029,1,Female
13030,1,Female
13031,1,Female
13032,1,Male
13033,1,Male
13034,1,Male
13035,1,Male
13036,1,Male
13037,1,Male
13038,1,Male
13039,1,Male
13040,1,Female
13041,1,Female
13042,1,Female
13043,1,Male
13044,1,Female
13045,1,Male
13046,1,Male
13047,1,Male
13048,1,Male
13049,1,Female
13050,1,Male
13051,1,Male
13052,1,Male
13053,1,Male
13054,1,Male
13055,1,Male
13056,1,Male
13057,1,Female
13058,1,Female
13059,1,Male
13060,1,Male
13061,1,Male
13062,1,Male
13063,1,Male
13064,1,Male
13065,1,Male
13066,1,Male
13067,1,Male
13068,1,Male
13069,1,Male
13070,1,Male
13071,1,Female
13072,1,Male
13073,1,Female
13074,1,Female
13075,1,Male
13076,1,Male
13077,1,Female
13078,1,Female
13079,1,Male
13080,1,Male
13081,1,Female
13082,1,Male
13083,1,Male
13084,1,Male
13085,1,Male
13086,1,Male
13087,1,Male
13088,1,Male
13089,1,Male
13090,1,Male
13091,1,Male
13092,1,Male
13093,1,Female
13094,1,Female
13095,1,Male
13096,1,Male
13097,1,Male
13098,1,Male
13099,1,Male
13100,1,Male
13101,1,Male
13102,1,Male
13103,1,Male
13104,1,Male
13105,1,Male
13106,1,Male
13107,1,Male
13108,1,Male
13109,1,Male
13110,1,Male
13111,1,Male
13112,1,Male
13113,1,Male
13114,1,Male
13115,1,Female
13116,1,Female
13117,1,Male
13118,1,Female
13119,1,Female
13120,1,Male
13121,1,Female
13122,1,Female
13123,1,Male
13124,1,Female
13125,1,Female
13126,1,Male
13127,1,Male
13128,1,Male
13129,1,Male
13130,1,Male
13131,1,Male
13132,1,Male
13133,1,Female
13134,1,Male
13135,1,Female
13136,1,Female
13137,1,Male
13138,1,Male
13139,1,Male
13140,1,Male
13141,1,Male
13142,1,Male
13143,1,Female
13144,1,Male
13145,1,Male
13146,1,Male
13147,1,Female
13148,1,Male
13149,1,Male
13150,1,Male
13151,1,Male
13152,1,Female
13153,1,Male
13154,1,Male
13155,1,Male
13156,1,Male
13157,1,Male
13158,1,Male
13159,1,Male
13160,1,Male
13161,1,Female
13162,1,Male
13163,1,Female
13164,1,Male
13165,1,Male
13166,1,Female
13167,1,Male
13168,1,Male
13169,1,Female
13170,1,Male
13171,1,Female
13172,1,Male
13173,1,Female
13174,1,Female
13175,1,Male
13176,1,Female
13177,1,Female
13178,1,Male
13179,1,Male
13180,1,Female
13181,1,Male
13182,1,Male
13183,1,Male
13184,1,Male
13185,1,Male
13186,1,Male
13187,1,Male
13188,1,Male
13189,1,Male
13190,1,Male
13191,1,Male
13192,1,Male
13193,1,Male
13194,1,Male
13195,1,Male
13196,1,Female
13197,1,Male
13198,1,Male
13199,1,Male
13200,1,Female
13201,1,Male
13202,1,Male
13203,1,Female
13204,1,Female
13205,1,Male
13206,1,Female
13207,1,Female
13208,1,Female
13209,1,Male
13210,1,Male
13211,1,Male
13212,1,Male
13213,1,Male
13214,1,Female
13215,1,Male
13216,1,Male
13217,1,Male
13218,1,Male
13219,1,Female
13220,1,Female
13221,1,Male
13222,1,Male
13223,1,Male
13224,1,Female
13225,1,Male
13226,1,Male
13227,1,Male
13228,1,Male
13229,1,Male
13230,1,Male
13231,1,Female
13232,1,Male
13233,1,Male
13234,1,Male
13235,1,Female
13236,1,Female
13237,1,Female
13238,1,Female
13239,1,Male
13240,1,Male
13241,1,Male
13242,1,Male
13243,1,Male
13244,1,Male
13245,1,Male
13246,1,Female
13247,1,Male
13248,1,Female
13249,1,Female
13250,1,Male
13251,1,Female
13252,1,Female
13253,1,Male
13254,1,Male
13255,1,Male
13256,1,Male
13257,1,Male
13258,1,Male
13259,1,Male
13260,1,Male
13261,1,Female
13262,1,Female
13263,1,Female
13264,1,Male
13265,1,Male
13266,1,Female
13267,1,Male
13268,1,Male
13269,1,Male
13270,1,Male
13271,1,Male
13272,1,Female
13273,1,Male
13274,1,Female
13275,1,Female
13276,1,Male
13277,1,Male
13278,1,Female
13279,1,Female
13280,1,Male
13281,1,Male
13282,1,Male
13283,1,Male
13284,1,Female
13285,1,Male
13286,1,Male
13287,1,Male
13288,1,Female
13289,1,Female
13290,1,Female
13291,1,Male
13292,1,Female
13293,1,Female
13294,1,Male
13295,1,Female
13296,1,Male
13297,1,Male
13298,1,Male
13299,1,Male
13300,1,Male
13301,1,Female
13302,1,Male
13303,1,Male
13304,1,Female
13305,1,Male
13306,1,Male
13307,1,Male
13308,1,Male
13309,1,Male
13310,1,Male
13311,1,Male
13312,1,Male
13313,1,Male
13314,1,Female
13315,1,Female
13316,1,Female
13317,1,Female
13318,1,Male
13319,1,Male
13320,1,Female
13321,1,Male
13322,1,Male
13323,1,Female
13324,1,Female
13325,1,Female
13326,1,Male
13327,1,Male
13328,1,Male
13329,1,Male
13330,1,Female
13331,1,Female
13332,1,Male
13333,1,Male
13334,1,Male
13335,1,Female
13336,1,Female
13337,1,Female
13338,1,Male
13339,1,Male
13340,1,Male
13341,1,Male
13342,1,Male
13343,1,Male
13344,1,Male
13345,1,Female
13346,1,Male
13347,1,Male
13348,1,Male
13349,1,Male
13350,1,Male
13351,1,Female
13352,1,Male
13353,1,Male
13354,1,Male
13355,1,Male
13356,1,Male
13357,1,Male
13358,1,Male
13359,1,Male
13360,1,Male
13361,1,Male
13362,1,Female
13363,1,Male
13364,1,Male
13365,1,Male
13366,1,Male
13367,1,Male
13368,1,Male
13369,1,Male
13370,1,Male
13371,1,Male
13372,1,Male
13373,1,Male
13374,1,Female
13375,1,Male
13376,1,Male
13377,1,Male
13378,1,Male
13379,1,Male
13380,1,Female
13381,1,Female
13382,1,Female
13383,1,Male
13384,1,Male
13385,1,Male
13386,1,Male
13387,1,Female
13388,1,Male
13389,1,Male
13390,1,Male
13391,1,Female
13392,1,Female
13393,1,Female
13394,1,Male
13395,1,Male
13396,1,Female
13397,1,Male
13398,1,Male
13399,1,Female
13400,1,Female
13401,1,Male
13402,1,Male
13403,1,Male
13404,1,Male
13405,1,Female
13406,1,Female
13407,1,Male
13408,1,Male
13409,1,Male
13410,1,Male
13411,1,Female
13412,1,Male
13413,1,Female
13414,1,Male
13415,1,Female
13416,1,Female
13417,1,Female
13418,1,Male
13419,1,Female
13420,1,Male
13421,1,Female
13422,1,Male
13423,1,Female
13424,1,Female
13425,1,Male
13426,1,Female
13427,1,Male
13428,1,Male
13429,1,Male
13430,1,Male
13431,1,Female
13432,1,Female
13433,1,Male
13434,1,Female
13435,1,Female
13436,1,Male
13437,1,Male
13438,1,Male
13439,1,Male
13440,1,Female
13441,1,Male
13442,1,Male
13443,1,Female
13444,1,Male
13445,1,Female
13446,1,Male
13447,1,Male
13448,1,Male
13449,1,Male
13450,1,Male
13451,1,Female
13452,1,Male
13453,1,Male
13454,1,Female
13455,1,Male
13456,1,Male
13457,1,Male
13458,1,Female
13459,1,Male
13460,1,Female
13461,1,Male
13462,1,Male
13463,1,Male
13464,1,Male
13465,1,Male
13466,1,Male
13467,1,Female
13468,1,Male
13469,1,Male
13470,1,Female
13471,1,Male
13472,1,Male
13473,1,Female
13474,1,Male
13475,1,Male
13476,1,Female
13477,1,Male
13478,1,Female
13479,1,Male
13480,1,Male
13481,1,Male
13482,1,Male
13483,1,Female
13484,1,Male
13485,1,Male
13486,1,Male
13487,1,Male
13488,1,Male
13489,1,Male
13490,1,Female
13491,1,Female
13492,1,Female
13493,1,Male
13494,1,Male
13495,1,Male
13496,1,Male
13497,1,Male
13498,1,Female
13499,1,Male
13500,1,Female
13501,1,Male
13502,1,Male
13503,1,Male
13504,1,Male
13505,1,Female
13506,1,Male
13507,1,Male
13508,1,Female
13509,1,Female
13510,1,Female
13511,1,Male
13512,1,Male
13513,1,Male
13514,1,Male
13515,1,Female
13516,1,Male
13517,1,Female
13518,1,Male
13519,1,Male
13520,1,Female
13521,1,Male
13522,1,Male
13523,1,Female
13524,1,Male
13525,1,Male
13526,1,Female
13527,1,Male
13528,1,Female
13529,1,Male
13530,1,Female
13531,1,Female
13532,1,Female
13533,1,Male
13534,1,Female
13535,1,Female
13536,1,Female
13537,1,Male
13538,1,Male
13539,1,Male
13540,1,Female
13541,1,Male
13542,1,Male
13543,1,Male
13544,1,Male
13545,1,Male
13546,1,Female
13547,1,Female
13548,1,Female
13549,1,Female
13550,1,Male
13551,1,Male
13552,1,Male
13553,1,Male
13554,1,Male
13555,1,Male
13556,1,Male
13557,1,Male
13558,1,Female
13559,1,Female
13560,1,Female
13561,1,Female
13562,1,Male
13563,1,Female
13564,1,Male
13565,1,Female
13566,1,Female
13567,1,Female
13568,1,Male
13569,1,Female
13570,1,Male
13571,1,Female
13572,1,Male
13573,1,Male
13574,1,Male
13575,1,Male
13576,1,Male
13577,1,Male
13578,1,Female
13579,1,Male
13580,1,Female
13581,1,Female
13582,1,Male
13583,1,Female
13584,1,Male
13585,1,Male
13586,1,Female
13587,1,Male
13588,1,Female
13589,1,Male
13590,1,Male
13591,1,Female
13592,1,Female
13593,1,Male
13594,1,Male
13595,1,Male
13596,1,Female
13597,1,Male
13598,1,Female
13599,1,Male
13600,1,Male
13601,1,Female
13602,1,Female
13603,1,Female
13604,1,Male
13605,1,Female
13606,1,Male
13607,1,Male
13608,1,Male
13609,1,Male
13610,1,Male
13611,1,Male
13612,1,Male
13613,1,Male
13614,1,Female
13615,1,Female
13616,1,Female
13617,1,Male
13618,1,Male
13619,1,Female
13620,1,Male
13621,1,Female
13622,1,Female
13623,1,Male
13624,1,Female
13625,1,Male
13626,1,Male
13627,1,Male
13628,1,Female
13629,1,Female
13630,1,Male
13631,1,Male
13632,1,Male
13633,1,Male
13634,1,Male
13635,1,Female
13636,1,Male
13637,1,Female
13638,1,Male
13639,1,Female
13640,1,Male
13641,1,Male
13642,1,Male
13643,1,Male
13644,1,Male
13645,1,Male
13646,1,Female
13647,1,Female
13648,1,Female
13649,1,Male
13650,1,Male
13651,1,Female
13652,1,Male
13653,1,Male
13654,1,Male
13655,1,Male
13656,1,Female
13657,1,Male
13658,1,Female
13659,1,Female
13660,1,Female
13661,1,Female
13662,1,Female
13663,1,Male
13664,1,Male
13665,1,Female
13666,1,Male
13667,1,Male
13668,1,Male
13669,1,Male
13670,1,Female
13671,1,Male
13672,1,Male
13673,1,Female
13674,1,Male
13675,1,Male
13676,1,Female
13677,1,Male
13678,1,Male
13679,1,Male
13680,1,Male
13681,1,Male
13682,1,Male
13683,1,Male
13684,1,Female
13685,1,Male
13686,1,Female
13687,1,Female
13688,1,Male
13689,1,Female
13690,1,Male
13691,1,Male
13692,1,Female
13693,1,Female
13694,1,Female
13695,1,Male
13696,1,Male
13697,1,Female
13698,1,Male
13699,1,Female
13700,1,Male
13701,1,Male
13702,1,Male
13703,1,Male
13704,1,Male
13705,1,Male
13706,1,Male
13707,1,Male
13708,1,Female
13709,1,Male
13710,1,Female
13711,1,Male
13712,1,Male
13713,1,Female
13714,1,Female
13715,1,Female
13716,1,Male
13717,1,Male
13718,1,Female
13719,1,Male
13720,1,Male
13721,1,Female
13722,1,Female
13723,1,Male
13724,1,Male
13725,1,Male
13726,1,Female
13727,1,Male
13728,1,Female
13729,1,Female
13730,1,Male
13731,1,Male
13732,1,Male
13733,1,Male
13734,1,Female
13735,1,Female
13736,1,Male
13737,1,Male
13738,1,Male
13739,1,Male
13740,1,Male
13741,1,Male
13742,1,Female
13743,1,Male
13744,1,Male
13745,1,Male
13746,1,Male
13747,1,Male
13748,1,Female
13749,1,Female
13750,1,Female
13751,1,Male
13752,1,Male
13753,1,Male
13754,1,Female
13755,1,Male
13756,1,Female
13757,1,Female
13758,1,Male
13759,1,Female
13760,1,Male
13761,1,Male
13762,1,Female
13763,1,Male
13764,1,Male
13765,1,Male
13766,1,Male
13767,1,Male
13768,1,Male
13769,1,Male
13770,1,Female
13771,1,Male
13772,1,Male
13773,1,Male
13774,1,Male
13775,1,Female
13776,1,Male
13777,1,Male
13778,1,Male
13779,1,Female
13780,1,Male
13781,1,Female
13782,1,Male
13783,1,Male
13784,1,Male
13785,1,Male
13786,1,Male
13787,1,Male
13788,1,Male
13789,1,Male
13790,1,Female
13791,1,Female
13792,1,Female
13793,1,Male
13794,1,Female
13795,1,Male
13796,1,Male
13797,1,Male
13798,1,Male
13799,1,Male
13800,1,Male
13801,1,Male
13802,1,Female
13803,1,Male
13804,1,Male
13805,1,Female
13806,1,Male
13807,1,Female
13808,1,Female
13809,1,Male
13810,1,Male
13811,1,Female
13812,1,Female
13813,1,Female
13814,1,Male
13815,1,Male
13816,1,Male
13817,1,Male
13818,1,Male
13819,1,Male
13820,1,Male
13821,1,Male
13822,1,Female
13823,1,Female
13824,1,Male
13825,1,Female
13826,1,Male
13827,1,Male
13828,1,Male
13829,1,Male
13830,1,Male
13831,1,Male
13832,1,Male
13833,1,Male
13834,1,Male
13835,1,Male
13836,1,Female
13837,1,Male
13838,1,Male
13839,1,Male
13840,1,Male
13841,1,Male
13842,1,Male
13843,1,Female
13844,1,Female
13845,1,Male
13846,1,Female
13847,1,Male
13848,1,Male
13849,1,Male
13850,1,Female
13851,1,Male
13852,1,Female
13853,1,Male
13854,1,Male
13855,1,Male
13856,1,Male
13857,1,Male
13858,1,Male
13859,1,Female
13860,1,Female
13861,1,Female
13862,1,Male
13863,1,Male
13864,1,Male
13865,1,Male
13866,1,Male
13867,1,Female
13868,1,Male
13869,1,Male
13870,1,Male
13871,1,Female
13872,1,Male
13873,1,Male
13874,1,Male
13875,1,Female
13876,1,Female
13877,1,Male
13878,1,Male
13879,1,Female
13880,1,Female
13881,1,Male
13882,1,Female
13883,1,Female
13884,1,Female
13885,1,Male
13886,1,Male
13887,1,Male
13888,1,Female
13889,1,Female
13890,1,Female
13891,1,Male
13892,1,Male
13893,1,Male
13894,1,Male
13895,1,Male
13896,1,Male
13897,1,Male
13898,1,Male
13899,1,Male
13900,1,Female
13901,1,Male
13902,1,Female
13903,1,Male
13904,1,Male
13905,1,Female
13906,1,Male
13907,1,Male
13908,1,Female
13909,1,Male
13910,1,Female
13911,1,Male
13912,1,Male
13913,1,Male
13914,1,Male
13915,1,Female
13916,1,Female
13917,1,Male
13918,1,Male
13919,1,Male
13920,1,Male
13921,1,Female
13922,1,Male
13923,1,Female
13924,1,Female
13925,1,Male
13926,1,Male
13927,1,Female
13928,1,Female
13929,1,Female
13930,1,Male
13931,1,Female
13932,1,Male
13933,1,Male
13934,1,Female
13935,1,Female
13936,1,Male
13937,1,Female
13938,1,Female
13939,1,Male
13940,1,Female
13941,1,Male
13942,1,Male
13943,1,Male
13944,1,Female
13945,1,Female
13946,1,Male
13947,1,Female
13948,1,Male
13949,1,Male
13950,1,Female
13951,1,Female
13952,1,Male
13953,1,Male
13954,1,Female
13955,1,Female
13956,1,Female
13957,1,Female
13958,1,Male
13959,1,Male
13960,1,Male
13961,1,Male
13962,1,Male
13963,1,Male
13964,1,Female
13965,1,Male
13966,1,Male
13967,1,Male
13968,1,Female
13969,1,Female
13970,1,Male
13971,1,Female
13972,1,Male
13973,1,Male
13974,1,Male
13975,1,Male
13976,1,Female
13977,1,Male
13978,1,Male
13979,1,Male
13980,1,Male
13981,1,Male
13982,1,Male
13983,1,Male
13984,1,Male
13985,1,Female
13986,1,Male
13987,1,Male
13988,1,Male
13989,1,Male
13990,1,Female
13991,1,Male
13992,1,Male
13993,1,Male
13994,1,Male
13995,1,Male
13996,1,Male
13997,1,Male
13998,1,Male
13999,1,Male
14000,1,Male
14001,1,Female
14002,1,Male
14003,1,Male
14004,1,Female
14005,1,Male
14006,1,Male
14007,1,Male
14008,1,Male
14009,1,Male
14010,1,Male
14011,1,Male
14012,1,Male
14013,1,Male
14014,1,Male
14015,1,Male
14016,1,Male
14017,1,Male
14018,1,Male
14019,1,Female
14020,1,Male
14021,1,Female
14022,1,Male
14023,1,Male
14024,1,Male
14025,1,Male
14026,1,Male
14027,1,Male
14028,1,Male
14029,1,Female
14030,1,Female
14031,1,Male
14032,1,Female
14033,1,Female
14034,1,Male
14035,1,Female
14036,1,Male
14037,1,Male
14038,1,Male
14039,1,Female
14040,1,Female
14041,1,Female
14042,1,Female
14043,1,Female
14044,1,Male
14045,1,Male
14046,1,Male
14047,1,Male
14048,1,Male
14049,1,Male
14050,1,Male
14051,1,Female
14052,1,Male
14053,1,Male
14054,1,Male
14055,1,Female
14056,1,Female
14057,1,Male
14058,1,Female
14059,1,Female
14060,1,Male
14061,1,Male
14062,1,Male
14063,1,Male
14064,1,Female
14065,1,Male
14066,1,Male
14067,1,Male
14068,1,Female
14069,1,Female
14070,1,Male
14071,1,Male
14072,1,Male
14073,1,Male
14074,1,Male
14075,1,Female
14076,1,Male
14077,1,Female
14078,1,Male
14079,1,Male
14080,1,Female
14081,1,Female
14082,1,Male
14083,1,Male
14084,1,Male
14085,1,Female
14086,1,Male
14087,1,Male
14088,1,Male
14089,1,Male
14090,1,Male
14091,1,Male
14092,1,Male
14093,1,Male
14094,1,Female
14095,1,Female
14096,1,Female
14097,1,Male
14098,1,Male
14099,1,Male
14100,1,Female
14101,1,Male
14102,1,Female
14103,1,Male
14104,1,Male
14105,1,Female
14106,1,Male
14107,1,Female
14108,1,Male
14109,1,Male
14110,1,Male
14111,1,Male
14112,1,Male
14113,1,Female
14114,1,Female
14115,1,Male
14116,1,Female
14117,1,Male
14118,1,Male
14119,1,Male
14120,1,Female
14121,1,Male
14122,1,Male
14123,1,Male
14124,1,Female
14125,1,Male
14126,1,Male
14127,1,Female
14128,1,Male
14129,1,Male
14130,1,Female
14131,1,Male
14132,1,Male
14133,1,Male
14134,1,Female
14135,1,Male
14136,1,Female
14137,1,Female
14138,1,Male
14139,1,Male
14140,1,Male
14141,1,Female
14142,1,Female
14143,1,Male
14144,1,Female
14145,1,Female
14146,1,Female
14147,1,Male
14148,1,Male
14149,1,Male
14150,1,Female
14151,1,Male
14152,1,Male
14153,1,Female
14154,1,Male
14155,1,Male
14156,1,Male
14157,1,Male
14158,1,Male
14159,1,Male
14160,1,Male
14161,1,Male
14162,1,Female
14163,1,Female
14164,1,Female
14165,1,Male
14166,1,Male
14167,1,Male
14168,1,Male
14169,1,Male
14170,1,Male
14171,1,Male
14172,1,Male
14173,1,Male
14174,1,Female
14175,1,Male
14176,1,Male
14177,1,Female
14178,1,Female
14179,1,Female
14180,1,Female
14181,1,Male
14182,1,Male
14183,1,Male
14184,1,Male
14185,1,Male
14186,1,Female
14187,1,Male
14188,1,Female
14189,1,Female
14190,1,Male
14191,1,Male
14192,1,Female
14193,1,Male
14194,1,Male
14195,1,Male
14196,1,Male
14197,1,Male
14198,1,Male
14199,1,Female
14200,1,Male
14201,1,Female
14202,1,Male
14203,1,Male
14204,1,Male
14205,1,Female
14206,1,Male
14207,1,Male
14208,1,Female
14209,1,Male
14210,1,Female
14211,1,Male
14212,1,Male
14213,1,Male
14214,1,Male
14215,1,Male
14216,1,Female
14217,1,Male
14218,1,Female
14219,1,Male
14220,1,Male
14221,1,Male
14222,1,Male
14223,1,Female
14224,1,Female
14225,1,Female
14226,1,Male
14227,1,Male
14228,1,Male
14229,1,Female
14230,1,Male
14231,1,Male
14232,1,Male
14233,1,Female
14234,1,Male
14235,1,Male
14236,1,Female
14237,1,Male
14238,1,Female
14239,1,Male
14240,1,Male
14241,1,Male
14242,1,Male
14243,1,Male
14244,1,Female
14245,1,Male
14246,1,Male
14247,1,Male
14248,1,Male
14249,1,Female
14250,1,Male
14251,1,Male
14252,1,Male
14253,1,Male
14254,1,Male
14255,1,Male
14256,1,Male
14257,1,Female
14258,1,Male
14259,1,Male
14260,1,Male
14261,1,Male
14262,1,Female
14263,1,Female
14264,1,Male
14265,1,Male
14266,1,Male
14267,1,Male
14268,1,Male
14269,1,Male
14270,1,Male
14271,1,Male
14272,1,Male
14273,1,Female
14274,1,Male
14275,1,Male
14276,1,Male
14277,1,Male
14278,1,Female
14279,1,Male
14280,1,Male
14281,1,Male
14282,1,Male
14283,1,Female
14284,1,Male
14285,1,Male
14286,1,Male
14287,1,Female
14288,1,Male
14289,1,Female
14290,1,Male
14291,1,Male
14292,1,Male
14293,1,Male
14294,1,Male
14295,1,Male
14296,1,Male
14297,1,Female
14298,1,Female
14299,1,Male
14300,1,Male
14301,1,Female
14302,1,Female
14303,1,Male
14304,1,Male
14305,1,Male
14306,1,Female
14307,1,Male
14308,1,Female
14309,1,Male
14310,1,Male
14311,1,Male
14312,1,Male
14313,1,Male
14314,1,Male
14315,1,Male
14316,1,Female
14317,1,Female
14318,1,Female
14319,1,Female
14320,1,Female
14321,1,Female
14322,1,Male
14323,1,Female
14324,1,Female
14325,1,Male
14326,1,Male
14327,1,Male
14328,1,Female
14329,1,Male
14330,1,Female
14331,1,Female
14332,1,Male
14333,1,Male
14334,1,Female
14335,1,Male
14336,1,Female
14337,1,Female
14338,1,Male
14339,1,Male
14340,1,Male
14341,1,Female
14342,1,Female
14343,1,Male
14344,1,Female
14345,1,Male
14346,1,Female
14347,1,Male
14348,1,Female
14349,1,Male
14350,1,Male
14351,1,Male
14352,1,Male
14353,1,Female
14354,1,Male
14355,1,Male
14356,1,Male
14357,1,Male
14358,1,Female
14359,1,Male
14360,1,Female
14361,1,Male
14362,1,Female
14363,1,Female
14364,1,Female
14365,1,Male
14366,1,Male
14367,1,Female
14368,1,Male
14369,1,Male
14370,1,Male
14371,1,Male
14372,1,Female
14373,1,Male
14374,1,Male
14375,1,Male
14376,1,Male
14377,1,Female
14378,1,Male
14379,1,Male
14380,1,Male
14381,1,Female
14382,1,Male
14383,1,Male
14384,1,Female
14385,1,Male
14386,1,Male
14387,1,Male
14388,1,Male
14389,1,Male
14390,1,Male
14391,1,Male
14392,1,Female
14393,1,Male
14394,1,Male
14395,1,Male
14396,1,Female
14397,1,Female
14398,1,Male
14399,1,Male
14400,1,Male
14401,1,Male
14402,1,Female
14403,1,Male
14404,1,Male
14405,1,Male
14406,1,Male
14407,1,Male
14408,1,Female
14409,1,Male
14410,1,Male
14411,1,Male
14412,1,Male
14413,1,Female
14414,1,Male
14415,1,Male
14416,1,Male
14417,1,Male
14418,1,Male
14419,1,Female
14420,1,Female
14421,1,Male
14422,1,Male
14423,1,Female
14424,1,Male
14425,1,Male
14426,1,Male
14427,1,Male
14428,1,Female
14429,1,Male
14430,1,Male
14431,1,Male
14432,1,Male
14433,1,Female
14434,1,Male
14435,1,Female
14436,1,Female
14437,1,Female
14438,1,Female
14439,1,Female
14440,1,Female
14441,1,Male
14442,1,Male
14443,1,Male
14444,1,Female
14445,1,Male
14446,1,Male
14447,1,Male
14448,1,Female
14449,1,Female
14450,1,Female
14451,1,Male
14452,1,Male
14453,1,Male
14454,1,Male
14455,1,Male
14456,1,Male
14457,1,Female
14458,1,Female
14459,1,Female
14460,1,Male
14461,1,Male
14462,1,Male
14463,1,Male
14464,1,Female
14465,1,Male
14466,1,Male
14467,1,Male
14468,1,Male
14469,1,Male
14470,1,Female
14471,1,Female
14472,1,Male
14473,1,Male
14474,1,Male
14475,1,Male
14476,1,Male
14477,1,Male
14478,1,Male
14479,1,Male
14480,1,Male
14481,1,Male
14482,1,Female
14483,1,Male
14484,1,Male
14485,1,Male
14486,1,Male
14487,1,Male
14488,1,Male
14489,1,Male
14490,1,Male
14491,1,Male
14492,1,Female
14493,1,Male
14494,1,Male
14495,1,Male
14496,1,Female
14497,1,Male
14498,1,Male
14499,1,Female
14500,1,Male
14501,1,Male
14502,1,Male
14503,1,Female
14504,1,Male
14505,1,Male
14506,1,Male
14507,1,Male
14508,1,Female
14509,1,Female
14510,1,Male
14511,1,Female
14512,1,Male
14513,1,Female
14514,1,Male
14515,1,Male
14516,1,Male
14517,1,Male
14518,1,Female
14519,1,Female
14520,1,Male
14521,1,Female
14522,1,Male
14523,1,Male
14524,1,Male
14525,1,Male
14526,1,Female
14527,1,Male
14528,1,Male
14529,1,Male
14530,1,Male
14531,1,Male
14532,1,Male
14533,1,Male
14534,1,Male
14535,1,Male
14536,1,Male
14537,1,Male
14538,1,Male
14539,1,Male
14540,1,Male
14541,1,Male
14542,1,Female
14543,1,Male
14544,1,Female
14545,1,Male
14546,1,Male
14547,1,Male
14548,1,Male
14549,1,Male
14550,1,Male
14551,1,Male
14552,1,Male
14553,1,Male
14554,1,Male
14555,1,Male
14556,1,Female
14557,1,Female
14558,1,Male
14559,1,Male
14560,1,Male
14561,1,Female
14562,1,Male
14563,1,Male
14564,1,Female
14565,1,Male
14566,1,Male
14567,1,Male
14568,1,Male
14569,1,Female
14570,1,Female
14571,1,Male
14572,1,Female
14573,1,Male
14574,1,Male
14575,1,Male
14576,1,Male
14577,1,Male
14578,1,Male
14579,1,Female
14580,1,Male
14581,1,Male
14582,1,Male
14583,1,Male
14584,1,Male
14585,1,Male
14586,1,Male
14587,1,Male
14588,1,Male
14589,1,Male
14590,1,Male
14591,1,Male
14592,1,Male
14593,1,Male
14594,1,Male
14595,1,Male
14596,1,Male
14597,1,Male
14598,1,Male
14599,1,Male
14600,1,Female
14601,1,Male
14602,1,Male
14603,1,Male
14604,1,Male
14605,1,Male
14606,1,Female
14607,1,Female
14608,1,Female
14609,1,Male
14610,1,Male
14611,1,Male
14612,1,Male
14613,1,Female
14614,1,Male
14615,1,Male
14616,1,Male
14617,1,Male
14618,1,Female
14619,1,Female
14620,1,Male
14621,1,Male
14622,1,Male
14623,1,Male
14624,1,Male
14625,1,Male
14626,1,Male
14627,1,Male
14628,1,Male
14629,1,Male
14630,1,Female
14631,1,Female
14632,1,Male
14633,1,Female
14634,1,Female
14635,1,Male
14636,1,Male
14637,1,Female
14638,1,Male
14639,1,Female
14640,1,Male
14641,1,Male
14642,1,Male
14643,1,Male
14644,1,Male
14645,1,Male
14646,1,Female
14647,1,Male
14648,1,Male
14649,1,Male
14650,1,Male
14651,1,Male
14652,1,Male
14653,1,Male
14654,1,Female
14655,1,Male
14656,1,Female
14657,1,Male
14658,1,Female
14659,1,Male
14660,1,Female
14661,1,Male
14662,1,Male
14663,1,Female
14664,1,Male
14665,1,Male
14666,1,Male
14667,1,Female
14668,1,Male
14669,1,Female
14670,1,Female
14671,1,Male
14672,1,Female
14673,1,Male
14674,1,Male
14675,1,Female
14676,1,Female
14677,1,Male
14678,1,Male
14679,1,Female
14680,1,Male
14681,1,Female
14682,1,Female
14683,1,Male
14684,1,Male
14685,1,Male
14686,1,Male
14687,1,Male
14688,1,Female
14689,1,Male
14690,1,Male
14691,1,Male
14692,1,Female
14693,1,Female
14694,1,Male
14695,1,Male
14696,1,Female
14697,1,Female
14698,1,Male
14699,1,Male
14700,1,Male
14701,1,Male
14702,1,Male
14703,1,Male
14704,1,Male
14705,1,Male
14706,1,Female
14707,1,Male
14708,1,Male
14709,1,Male
14710,1,Male
14711,1,Female
14712,1,Female
14713,1,Male
14714,1,Female
14715,1,Female
14716,1,Male
14717,1,Female
14718,1,Female
14719,1,Male
14720,1,Male
14721,1,Male
14722,1,Female
14723,1,Male
14724,1,Male
14725,1,Male
14726,1,Male
14727,1,Male
14728,1,Female
14729,1,Male
14730,1,Male
14731,1,Female
14732,1,Male
14733,1,Female
14734,1,Male
14735,1,Male
14736,1,Male
14737,1,Male
14738,1,Female
14739,1,Male
14740,1,Male
14741,1,Male
14742,1,Female
14743,1,Male
14744,1,Female
14745,1,Female
14746,1,Male
14747,1,Male
14748,1,Female
14749,1,Male
14750,1,Male
14751,1,Male
14752,1,Male
14753,1,Female
14754,1,Male
14755,1,Male
14756,1,Female
14757,1,Female
14758,1,Male
14759,1,Female
14760,1,Female
14761,1,Female
14762,1,Male
14763,1,Female
14764,1,Male
14765,1,Male
14766,1,Male
14767,1,Female
14768,1,Male
14769,1,Male
14770,1,Male
14771,1,Male
14772,1,Male
14773,1,Female
14774,1,Male
14775,1,Female
14776,1,Male
14777,1,Male
14778,1,Female
14779,1,Female
14780,1,Male
14781,1,Male
14782,1,Male
14783,1,Female
14784,1,Male
14785,1,Female
14786,1,Male
14787,1,Male
14788,1,Male
14789,1,Female
14790,1,Female
14791,1,Female
14792,1,Male
14793,1,Male
14794,1,Male
14795,1,Male
14796,1,Male
14797,1,Female
14798,1,Male
14799,1,Male
14800,1,Male
14801,1,Male
14802,1,Female
14803,1,Male
14804,1,Male
14805,1,Female
14806,1,Male
14807,1,Female
14808,1,Female
14809,1,Male
14810,1,Male
14811,1,Female
14812,1,Female
14813,1,Male
14814,1,Male
14815,1,Male
14816,1,Male
14817,1,Male
14818,1,Male
14819,1,Female
14820,1,Male
14821,1,Female
14822,1,Male
14823,1,Male
14824,1,Male
14825,1,Female
14826,1,Female
14827,1,Female
14828,1,Female
14829,1,Female
14830,1,Male
14831,1,Male
14832,1,Female
14833,1,Female
14834,1,Male
14835,1,Female
14836,1,Male
14837,1,Male
14838,1,Male
14839,1,Male
14840,1,Male
14841,1,Female
14842,1,Female
14843,1,Male
14844,1,Male
14845,1,Female
14846,1,Male
14847,1,Male
14848,1,Female
14849,1,Female
14850,1,Female
14851,1,Male
14852,1,Female
14853,1,Male
14854,1,Male
14855,1,Female
14856,1,Female
14857,1,Male
14858,1,Female
14859,1,Male
14860,1,Male
14861,1,Female
14862,1,Male
14863,1,Female
14864,1,Female
14865,1,Male
14866,1,Female
14867,1,Male
14868,1,Male
14869,1,Female
14870,1,Male
14871,1,Female
14872,1,Male
14873,1,Male
14874,1,Male
14875,1,Female
14876,1,Female
14877,1,Male
14878,1,Male
14879,1,Female
14880,1,Female
14881,1,Male
14882,1,Male
14883,1,Female
14884,1,Male
14885,1,Female
14886,1,Male
14887,1,Male
14888,1,Male
14889,1,Male
14890,1,Male
14891,1,Male
14892,1,Female
14893,1,Male
14894,1,Male
14895,1,Male
14896,1,Male
14897,1,Male
14898,1,Female
14899,1,Male
14900,1,Male
14901,1,Female
14902,1,Female
14903,1,Male
14904,1,Male
14905,1,Female
14906,1,Female
14907,1,Female
14908,1,Female
14909,1,Female
14910,1,Male
14911,1,Male
14912,1,Female
14913,1,Female
14914,1,Male
14915,1,Male
14916,1,Male
14917,1,Male
14918,1,Male
14919,1,Male
14920,1,Female
14921,1,Male
14922,1,Male
14923,1,Male
14924,1,Male
14925,1,Male
14926,1,Female
14927,1,Male
14928,1,Male
14929,1,Male
14930,1,Male
14931,1,Male
14932,1,Female
14933,1,Male
14934,1,Male
14935,1,Male
14936,1,Male
14937,1,Male
14938,1,Male
14939,1,Male
14940,1,Male
14941,1,Female
14942,1,Female
14943,1,Male
14944,1,Female
14945,1,Female
14946,1,Female
14947,1,Male
14948,1,Female
14949,1,Male
14950,1,Female
14951,1,Male
14952,1,Male
14953,1,Male
14954,1,Female
14955,1,Female
14956,1,Female
14957,1,Male
14958,1,Male
14959,1,Male
14960,1,Female
14961,1,Female
14962,1,Male
14963,1,Female
14964,1,Male
14965,1,Female
14966,1,Male
14967,1,Male
14968,1,Male
14969,1,Male
14970,1,Male
14971,1,Male
14972,1,Male
14973,1,Male
14974,1,Male
14975,1,Female
14976,1,Male
14977,1,Female
14978,1,Male
14979,1,Male
14980,1,Male
14981,1,Male
14982,1,Female
14983,1,Male
14984,1,Male
14985,1,Male
14986,1,Male
14987,1,Female
14988,1,Male
14989,1,Female
14990,1,Male
14991,1,Female
14992,1,Male
14993,1,Female
14994,1,Female
14995,1,Female
14996,1,Male
14997,1,Male
14998,1,Female
14999,1,Male
15000,1,Male
15001,1,Female
15002,1,Male
15003,1,Male
15004,1,Male
15005,1,Male
15006,1,Male
15007,1,Male
15008,1,Male
15009,1,Male
15010,1,Male
15011,1,Male
15012,1,Male
15013,1,Male
15014,1,Female
15015,1,Male
15016,1,Male
15017,1,Female
15018,1,Male
15019,1,Male
15020,1,Male
15021,1,Male
15022,1,Male
15023,1,Male
15024,1,Male
15025,1,Male
15026,1,Male
15027,1,Male
15028,1,Male
15029,1,Female
15030,1,Male
15031,1,Male
15032,1,Male
15033,1,Male
15034,1,Male
15035,1,Male
15036,1,Male
15037,1,Male
15038,1,Male
15039,1,Male
15040,1,Female
15041,1,Male
15042,1,Male
15043,1,Male
15044,1,Male
15045,1,Male
15046,1,Male
15047,1,Male
15048,1,Male
15049,1,Male
15050,1,Female
15051,1,Male
15052,1,Male
15053,1,Female
15054,1,Male
15055,1,Female
15056,1,Male
15057,1,Male
15058,1,Male
15059,1,Male
15060,1,Male
15061,1,Male
15062,1,Female
15063,1,Female
15064,1,Male
15065,1,Male
15066,1,Female
15067,1,Male
15068,1,Male
15069,1,Male
15070,1,Male
15071,1,Female
15072,1,Male
15073,1,Male
15074,1,Female
15075,1,Male
15076,1,Male
15077,1,Male
15078,1,Male
15079,1,Female
15080,1,Male
15081,1,Male
15082,1,Male
15083,1,Male
15084,1,Male
15085,1,Male
15086,1,Male
15087,1,Male
15088,1,Female
15089,1,Male
15090,1,Male
15091,1,Male
15092,1,Female
15093,1,Female
15094,1,Male
15095,1,Female
15096,1,Male
15097,1,Male
15098,1,Male
15099,1,Female
15100,1,Female
15101,1,Male
15102,1,Male
15103,1,Male
15104,1,Male
15105,1,Male
15106,1,Female
15107,1,Female
15108,1,Female
15109,1,Male
15110,1,Female
15111,1,Male
15112,1,Male
15113,1,Male
15114,1,Male
15115,1,Female
15116,1,Female
15117,1,Female
15118,1,Male
15119,1,Male
15120,1,Male
15121,1,Male
15122,1,Male
15123,1,Male
15124,1,Male
15125,1,Male
15126,1,Female
15127,1,Male
15128,1,Male
15129,1,Male
15130,1,Female
15131,1,Male
15132,1,Male
15133,1,Female
15134,1,Female
15135,1,Female
15136,1,Male
15137,1,Male
15138,1,Female
15139,1,Male
15140,1,Female
15141,1,Female
15142,1,Male
15143,1,Female
15144,1,Male
15145,1,Male
15146,1,Female
15147,1,Female
15148,1,Female
15149,1,Male
15150,1,Male
15151,1,Male
15152,1,Female
15153,1,Female
15154,1,Female
15155,1,Male
15156,1,Female
15157,1,Female
15158,1,Female
15159,1,Male
15160,1,Male
15161,1,Male
15162,1,Male
15163,1,Male
15164,1,Male
15165,1,Female
15166,1,Female
15167,1,Male
15168,1,Male
15169,1,Male
15170,1,Male
15171,1,Female
15172,1,Female
15173,1,Male
15174,1,Male
15175,1,Male
15176,1,Female
15177,1,Female
15178,1,Male
15179,1,Male
15180,1,Male
15181,1,Male
15182,1,Female
15183,1,Male
15184,1,Female
15185,1,Male
15186,1,Female
15187,1,Female
15188,1,Male
15189,1,Female
15190,1,Male
15191,1,Male
15192,1,Male
15193,1,Male
15194,1,Male
15195,1,Male
15196,1,Male
15197,1,Male
15198,1,Male
15199,1,Male
15200,1,Male
15201,1,Male
15202,1,Male
15203,1,Male
15204,1,Male
15205,1,Female
15206,1,Female
15207,1,Male
15208,1,Female
15209,1,Male
15210,1,Female
15211,1,Male
15212,1,Male
15213,1,Male
15214,1,Male
15215,1,Male
15216,1,Female
15217,1,Female
15218,1,Male
15219,1,Male
15220,1,Male
15221,1,Male
15222,1,Female
15223,1,Male
15224,1,Male
15225,1,Male
15226,1,Male
15227,1,Female
15228,1,Female
15229,1,Female
15230,1,Male
15231,1,Female
15232,1,Female
15233,1,Male
15234,1,Female
15235,1,Male
15236,1,Male
15237,1,Female
15238,1,Female
15239,1,Male
15240,1,Female
15241,1,Female
15242,1,Male
15243,1,Male
15244,1,Male
15245,1,Male
15246,1,Female
15247,1,Male
15248,1,Female
15249,1,Male
15250,1,Male
15251,1,Female
15252,1,Male
15253,1,Male
15254,1,Male
15255,1,Female
15256,1,Male
15257,1,Male
15258,1,Male
15259,1,Female
15260,1,Male
15261,1,Female
15262,1,Male
15263,1,Female
15264,1,Male
15265,1,Male
15266,1,Male
15267,1,Male
15268,1,Male
15269,1,Male
15270,1,Male
15271,1,Male
15272,1,Male
15273,1,Male
15274,1,Female
15275,1,Male
15276,1,Male
15277,1,Female
15278,1,Female
15279,1,Male
15280,1,Female
15281,1,Male
15282,1,Female
15283,1,Female
15284,1,Male
15285,1,Female
15286,1,Male
15287,1,Female
15288,1,Female
15289,1,Male
15290,1,Male
15291,1,Male
15292,1,Male
15293,1,Female
15294,1,Male
15295,1,Male
15296,1,Male
15297,1,Female
15298,1,Male
15299,1,Male
15300,1,Female
15301,1,Female
15302,1,Male
15303,1,Male
15304,1,Male
15305,1,Female
15306,1,Female
15307,1,Male
15308,1,Male
15309,1,Female
15310,1,Male
15311,1,Male
15312,1,Male
15313,1,Female
15314,1,Female
15315,1,Male
15316,1,Male
15317,1,Male
15318,1,Male
15319,1,Male
15320,1,Female
15321,1,Female
15322,1,Male
15323,1,Female
15324,1,Male
15325,1,Female
15326,1,Female
15327,1,Female
15328,1,Female
15329,1,Male
15330,1,Male
15331,1,Male
15332,1,Male
15333,1,Female
15334,1,Male
15335,1,Male
15336,1,Female
15337,1,Male
15338,1,Female
15339,1,Male
15340,1,Male
15341,1,Male
15342,1,Male
15343,1,Male
15344,1,Male
15345,1,Female
15346,1,Male
15347,1,Female
15348,1,Female
15349,1,Female
15350,1,Female
15351,1,Male
15352,1,Male
15353,1,Female
15354,1,Female
15355,1,Male
15356,1,Male
15357,1,Male
15358,1,Female
15359,1,Male
15360,1,Male
15361,1,Male
15362,1,Male
15363,1,Female
15364,1,Male
15365,1,Male
15366,1,Male
15367,1,Male
15368,1,Male
15369,1,Male
15370,1,Male
15371,1,Male
15372,1,Male
15373,1,Male
15374,1,Male
15375,1,Female
15376,1,Male
15377,1,Male
15378,1,Male
15379,1,Male
15380,1,Male
15381,1,Male
15382,1,Male
15383,1,Male
15384,1,Male
15385,1,Male
15386,1,Male
15387,1,Male
15388,1,Male
15389,1,Male
15390,1,Female
15391,1,Male
15392,1,Female
15393,1,Female
15394,1,Male
15395,1,Female
15396,1,Female
15397,1,Male
15398,1,Male
15399,1,Male
15400,1,Male
15401,1,Male
15402,1,Female
15403,1,Male
15404,1,Male
15405,1,Male
15406,1,Male
15407,1,Female
15408,1,Male
15409,1,Female
15410,1,Male
15411,1,Female
15412,1,Male
15413,1,Male
15414,1,Female
15415,1,Female
15416,1,Male
15417,1,Male
15418,1,Male
15419,1,Male
15420,1,Male
15421,1,Female
15422,1,Female
15423,1,Male
15424,1,Male
15425,1,Male
15426,1,Male
15427,1,Female
15428,1,Male
15429,1,Female
15430,1,Male
15431,1,Male
15432,1,Male
15433,1,Male
15434,1,Male
15435,1,Male
15436,1,Male
15437,1,Male
15438,1,Male
15439,1,Male
15440,1,Male
15441,1,Male
15442,1,Male
15443,1,Male
15444,1,Male
15445,1,Male
15446,1,Male
15447,1,Male
15448,1,Male
15449,1,Male
15450,1,Male
15451,1,Male
15452,1,Male
15453,1,Male
15454,1,Male
15455,1,Male
15456,1,Male
15457,1,Male
15458,1,Female
15459,1,Male
15460,1,Male
15461,1,Male
15462,1,Female
15463,1,Male
15464,1,Male
15465,1,Male
15466,1,Male
15467,1,Male
15468,1,Male
15469,1,Male
15470,1,Male
15471,1,Female
15472,1,Male
15473,1,Male
15474,1,Male
15475,1,Male
15476,1,Male
15477,1,Male
15478,1,Female
15479,1,Female
15480,1,Female
15481,1,Female
15482,1,Male
15483,1,Male
15484,1,Female
15485,1,Male
15486,1,Male
15487,1,Male
15488,1,Male
15489,1,Female
15490,1,Female
15491,1,Male
15492,1,Female
15493,1,Male
15494,1,Male
15495,1,Male
15496,1,Male
15497,1,Female
15498,1,Male
15499,1,Male
15500,1,Female
15501,1,Female
15502,1,Male
15503,1,Female
15504,1,Female
15505,1,Male
15506,1,Female
15507,1,Male
15508,1,Female
15509,1,Male
15510,1,Female
15511,1,Male
15512,1,Female
15513,1,Male
15514,1,Male
15515,1,Male
15516,1,Female
15517,1,Male
15518,1,Male
15519,1,Male
15520,1,Male
15521,1,Male
15522,1,Male
15523,1,Female
15524,1,Male
15525,1,Female
15526,1,Female
15527,1,Male
15528,1,Male
15529,1,Male
15530,1,Male
15531,1,Female
15532,1,Male
15533,1,Female
15534,1,Male
15535,1,Female
15536,1,Female
15537,1,Male
15538,1,Female
15539,1,Male
15540,1,Male
15541,1,Male
15542,1,Male
15543,1,Male
15544,1,Male
15545,1,Male
15546,1,Male
15547,1,Male
15548,1,Male
15549,1,Male
15550,1,Male
15551,1,Female
15552,1,Male
15553,1,Female
15554,1,Male
15555,1,Male
15556,1,Female
15557,1,Male
15558,1,Male
15559,1,Male
15560,1,Female
15561,1,Male
15562,1,Male
15563,1,Male
15564,1,Male
15565,1,Male
15566,1,Female
15567,1,Female
15568,1,Female
15569,1,Male
15570,1,Female
15571,1,Female
15572,1,Female
15573,1,Male
15574,1,Female
15575,1,Female
15576,1,Female
15577,1,Male
15578,1,Female
15579,1,Female
15580,1,Female
15581,1,Male
15582,1,Male
15583,1,Male
15584,1,Female
15585,1,Male
15586,1,Male
15587,1,Female
15588,1,Male
15589,1,Female
15590,1,Male
15591,1,Female
15592,1,Male
15593,1,Male
15594,1,Male
15595,1,Female
15596,1,Male
15597,1,Female
15598,1,Male
15599,1,Female
15600,1,Male
15601,1,Male
15602,1,Male
15603,1,Female
15604,1,Female
15605,1,Female
15606,1,Male
15607,1,Male
15608,1,Male
15609,1,Female
15610,1,Female
15611,1,Male
15612,1,Male
15613,1,Male
15614,1,Male
15615,1,Male
15616,1,Male
15617,1,Male
15618,1,Male
15619,1,Male
15620,1,Male
15621,1,Male
15622,1,Female
15623,1,Female
15624,1,Male
15625,1,Female
15626,1,Male
15627,1,Female
15628,1,Male
15629,1,Female
15630,1,Male
15631,1,Male
15632,1,Female
15633,1,Female
15634,1,Male
15635,1,Female
15636,1,Male
15637,1,Male
15638,1,Male
15639,1,Female
15640,1,Male
15641,1,Male
15642,1,Male
15643,1,Male
15644,1,Male
15645,1,Male
15646,1,Male
15647,1,Male
15648,1,Female
15649,1,Male
15650,1,Male
15651,1,Male
15652,1,Male
15653,1,Female
15654,1,Male
15655,1,Male
15656,1,Male
15657,1,Male
15658,1,Male
15659,1,Male
15660,1,Male
15661,1,Male
15662,1,Male
15663,1,Male
15664,1,Female
15665,1,Male
15666,1,Male
15667,1,Female
15668,1,Male
15669,1,Male
15670,1,Male
15671,1,Male
15672,1,Male
15673,1,Male
15674,1,Female
15675,1,Female
15676,1,Female
15677,1,Male
15678,1,Male
15679,1,Male
15680,1,Male
15681,1,Male
15682,1,Male
15683,1,Male
15684,1,Male
15685,1,Male
15686,1,Male
15687,1,Male
15688,1,Female
15689,1,Male
15690,1,Male
15691,1,Male
15692,1,Male
15693,1,Female
15694,1,Male
15695,1,Male
15696,1,Female
15697,1,Male
15698,1,Female
15699,1,Male
15700,1,Female
15701,1,Male
15702,1,Male
15703,1,Male
15704,1,Female
15705,1,Male
15706,1,Male
15707,1,Male
15708,1,Male
15709,1,Male
15710,1,Male
15711,1,Male
15712,1,Female
15713,1,Male
15714,1,Male
15715,1,Male
15716,1,Male
15717,1,Male
15718,1,Male
15719,1,Female
15720,1,Male
15721,1,Male
15722,1,Female
15723,1,Female
15724,1,Male
15725,1,Male
15726,1,Female
15727,1,Male
15728,1,Male
15729,1,Male
15730,1,Male
15731,1,Male
15732,1,Female
15733,1,Male
15734,1,Male
15735,1,Female
15736,1,Male
15737,1,Female
15738,1,Male
15739,1,Male
15740,1,Male
15741,1,Male
15742,1,Male
15743,1,Male
15744,1,Male
15745,1,Male
15746,1,Male
15747,1,Female
15748,1,Male
15749,1,Male
15750,1,Male
15751,1,Female
15752,1,Male
15753,1,Male
15754,1,Male
15755,1,Female
15756,1,Female
15757,1,Male
15758,1,Male
15759,1,Female
15760,1,Male
15761,1,Male
15762,1,Female
15763,1,Male
15764,1,Male
15765,1,Male
15766,1,Male
15767,1,Male
15768,1,Male
15769,1,Male
15770,1,Female
15771,1,Female
15772,1,Male
15773,1,Male
15774,1,Male
15775,1,Male
15776,1,Female
15777,1,Male
15778,1,Male
15779,1,Female
15780,1,Male
15781,1,Male
15782,1,Male
15783,1,Male
15784,1,Female
15785,1,Male
15786,1,Female
15787,1,Male
15788,1,Female
15789,1,Male
15790,1,Male
15791,1,Male
15792,1,Male
15793,1,Male
15794,1,Male
15795,1,Male
15796,1,Female
15797,1,Female
15798,1,Male
15799,1,Male
15800,1,Male
15801,1,Female
15802,1,Female
15803,1,Male
15804,1,Female
15805,1,Male
15806,1,Male
15807,1,Female
15808,1,Male
15809,1,Female
15810,1,Female
15811,1,Male
15812,1,Female
15813,1,Male
15814,1,Male
15815,1,Female
15816,1,Male
15817,1,Male
15818,1,Male
15819,1,Male
15820,1,Female
15821,1,Male
15822,1,Female
15823,1,Female
15824,1,Male
15825,1,Male
15826,1,Female
15827,1,Male
15828,1,Male
15829,1,Female
15830,1,Male
15831,1,Male
15832,1,Male
15833,1,Male
15834,1,Male
15835,1,Female
15836,1,Female
15837,1,Male
15838,1,Male
15839,1,Male
15840,1,Male
15841,1,Female
15842,1,Female
15843,1,Male
15844,1,Female
15845,1,Female
15846,1,Female
15847,1,Male
15848,1,Female
15849,1,Female
15850,1,Female
15851,1,Female
15852,1,Male
15853,1,Male
15854,1,Male
15855,1,Male
15856,1,Female
15857,1,Male
15858,1,Male
15859,1,Female
15860,1,Female
15861,1,Male
15862,1,Male
15863,1,Male
15864,1,Male
15865,1,Male
15866,1,Male
15867,1,Male
15868,1,Female
15869,1,Female
15870,1,Female
15871,1,Female
15872,1,Male
15873,1,Male
15874,1,Male
15875,1,Male
15876,1,Female
15877,1,Female
15878,1,Male
15879,1,Male
15880,1,Male
15881,1,Female
15882,1,Female
15883,1,Female
15884,1,Female
15885,1,Female
15886,1,Female
15887,1,Male
15888,1,Male
15889,1,Male
15890,1,Male
15891,1,Male
15892,1,Male
15893,1,Female
15894,1,Female
15895,1,Female
15896,1,Male
15897,1,Female
15898,1,Male
15899,1,Male
15900,1,Male
15901,1,Male
15902,1,Male
15903,1,Male
15904,1,Male
15905,1,Male
15906,1,Female
15907,1,Male
15908,1,Male
15909,1,Female
15910,1,Male
15911,1,Female
15912,1,Male
15913,1,Male
15914,1,Male
15915,1,Male
15916,1,Male
15917,1,Male
15918,1,Male
15919,1,Male
15920,1,Male
15921,1,Female
15922,1,Female
15923,1,Male
15924,1,Female
15925,1,Female
15926,1,Male
15927,1,Male
15928,1,Male
15929,1,Female
15930,1,Male
15931,1,Male
15932,1,Male
15933,1,Male
15934,1,Male
15935,1,Female
15936,1,Female
15937,1,Male
15938,1,Male
15939,1,Female
15940,1,Male
15941,1,Male
15942,1,Male
15943,1,Female
15944,1,Male
15945,1,Male
15946,1,Male
15947,1,Female
15948,1,Male
15949,1,Male
15950,1,Male
15951,1,Male
15952,1,Male
15953,1,Female
15954,1,Male
15955,1,Male
15956,1,Male
15957,1,Male
15958,1,Female
15959,1,Male
15960,1,Male
15961,1,Male
15962,1,Male
15963,1,Male
15964,1,Male
15965,1,Female
15966,1,Female
15967,1,Female
15968,1,Male
15969,1,Male
15970,1,Male
15971,1,Female
15972,1,Male
15973,1,Male
15974,1,Female
15975,1,Male
15976,1,Male
15977,1,Male
15978,1,Male
15979,1,Male
15980,1,Male
15981,1,Male
15982,1,Male
15983,1,Female
15984,1,Male
15985,1,Female
15986,1,Female
15987,1,Female
15988,1,Male
15989,1,Male
15990,1,Male
15991,1,Male
15992,1,Male
15993,1,Male
15994,1,Male
15995,1,Male
15996,1,Male
15997,1,Female
15998,1,Male
15999,1,Male
16000,1,Male
16001,1,Male
16002,1,Male
16003,1,Male
16004,1,Female
16005,1,Female
16006,1,Male
16007,1,Male
16008,1,Male
16009,1,Female
16010,1,Male
16011,1,Female
16012,1,Male
16013,1,Female
16014,1,Male
16015,1,Male
16016,1,Male
16017,1,Male
16018,1,Female
16019,1,Male
16020,1,Male
16021,1,Male
16022,1,Male
16023,1,Male
16024,1,Female
16025,1,Female
16026,1,Male
16027,1,Female
16028,1,Female
16029,1,Male
16030,1,Male
16031,1,Male
16032,1,Male
16033,1,Female
16034,1,Female
16035,1,Male
16036,1,Female
16037,1,Female
16038,1,Female
16039,1,Male
16040,1,Male
16041,1,Male
16042,1,Male
16043,1,Female
16044,1,Female
16045,1,Male
16046,1,Male
16047,1,Female
16048,1,Male
16049,1,Male
16050,1,Male
16051,1,Male
16052,1,Male
16053,1,Male
16054,1,Male
16055,1,Male
16056,1,Male
16057,1,Male
16058,1,Male
16059,1,Male
16060,1,Male
16061,1,Male
16062,1,Male
16063,1,Male
16064,1,Male
16065,1,Male
16066,1,Female
16067,1,Female
16068,1,Female
16069,1,Male
16070,1,Female
16071,1,Male
16072,1,Female
16073,1,Male
16074,1,Female
16075,1,Male
16076,1,Female
16077,1,Male
16078,1,Female
16079,1,Male
16080,1,Male
16081,1,Male
16082,1,Male
16083,1,Male
16084,1,Male
16085,1,Male
16086,1,Male
16087,1,Male
16088,1,Male
16089,1,Female
16090,1,Male
16091,1,Male
16092,1,Male
16093,1,Female
16094,1,Male
16095,1,Male
16096,1,Male
16097,1,Male
16098,1,Male
16099,1,Male
16100,1,Male
16101,1,Female
16102,1,Male
16103,1,Female
16104,1,Male
16105,1,Male
16106,1,Male
16107,1,Female
16108,1,Female
16109,1,Female
16110,1,Male
16111,1,Male
16112,1,Male
16113,1,Male
16114,1,Female
16115,1,Male
16116,1,Female
16117,1,Male
16118,1,Male
16119,1,Male
16120,1,Male
16121,1,Male
16122,1,Male
16123,1,Female
16124,1,Female
16125,1,Female
16126,1,Male
16127,1,Female
16128,1,Male
16129,1,Female
16130,1,Female
16131,1,Female
16132,1,Male
16133,1,Male
16134,1,Male
16135,1,Female
16136,1,Female
16137,1,Male
16138,1,Male
16139,1,Male
16140,1,Female
16141,1,Male
16142,1,Male
16143,1,Male
16144,1,Male
16145,1,Female
16146,1,Female
16147,1,Male
16148,1,Female
16149,1,Male
16150,1,Male
16151,1,Male
16152,1,Male
16153,1,Male
16154,1,Male
16155,1,Male
16156,1,Male
16157,1,Male
16158,1,Male
16159,1,Male
16160,1,Female
16161,1,Male
16162,1,Female
16163,1,Female
16164,1,Female
16165,1,Male
16166,1,Male
16167,1,Male
16168,1,Male
16169,1,Female
16170,1,Male
16171,1,Male
16172,1,Male
16173,1,Female
16174,1,Male
16175,1,Male
16176,1,Female
16177,1,Male
16178,1,Female
16179,1,Male
16180,1,Male
16181,1,Male
16182,1,Male
16183,1,Female
16184,1,Female
16185,1,Male
16186,1,Female
16187,1,Female
16188,1,Female
16189,1,Female
16190,1,Male
16191,1,Male
16192,1,Female
16193,1,Male
16194,1,Female
16195,1,Female
16196,1,Female
16197,1,Male
16198,1,Male
16199,1,Male
16200,1,Male
16201,1,Male
16202,1,Male
16203,1,Male
16204,1,Male
16205,1,Male
16206,1,Female
16207,1,Male
16208,1,Male
16209,1,Female
16210,1,Female
16211,1,Male
16212,1,Male
16213,1,Male
16214,1,Female
16215,1,Male
16216,1,Male
16217,1,Male
16218,1,Female
16219,1,Male
16220,1,Female
16221,1,Female
16222,1,Male
16223,1,Male
16224,1,Male
16225,1,Female
16226,1,Female
16227,1,Male
16228,1,Male
16229,1,Male
16230,1,Male
16231,1,Male
16232,1,Male
16233,1,Male
16234,1,Female
16235,1,Male
16236,1,Female
16237,1,Female
16238,1,Male
16239,1,Female
16240,1,Male
16241,1,Female
16242,1,Female
16243,1,Male
16244,1,Female
16245,1,Male
16246,1,Male
16247,1,Male
16248,1,Male
16249,1,Female
16250,1,Female
16251,1,Male
16252,1,Male
16253,1,Male
16254,1,Female
16255,1,Male
16256,1,Male
16257,1,Female
16258,1,Male
16259,1,Male
16260,1,Male
16261,1,Female
16262,1,Male
16263,1,Male
16264,1,Female
16265,1,Male
16266,1,Female
16267,1,Male
16268,1,Female
16269,1,Male
16270,1,Male
16271,1,Female
16272,1,Female
16273,1,Male
16274,1,Female
16275,1,Male
16276,1,Female
16277,1,Female
16278,1,Male
16279,1,Male
16280,1,Female
16281,1,Male
16282,1,Female
16283,1,Male
16284,1,Female
16285,1,Male
16286,1,Female
16287,1,Male
16288,1,Male
16289,1,Male
16290,1,Female
16291,1,Male
16292,1,Male
16293,1,Female
16294,1,Male
16295,1,Female
16296,1,Male
16297,1,Female
16298,1,Female
16299,1,Female
16300,1,Male
16301,1,Male
16302,1,Male
16303,1,Female
16304,1,Male
16305,1,Female
16306,1,Male
16307,1,Male
16308,1,Female
16309,1,Female
16310,1,Female
16311,1,Male
16312,1,Female
16313,1,Male
16314,1,Male
16315,1,Male
16316,1,Male
16317,1,Female
16318,1,Male
16319,1,Male
16320,1,Male
16321,1,Female
16322,1,Male
16323,1,Male
16324,1,Male
16325,1,Male
16326,1,Male
16327,1,Female
16328,1,Female
16329,1,Female
16330,1,Male
16331,1,Male
16332,1,Male
16333,1,Male
16334,1,Male
16335,1,Male
16336,1,Male
16337,1,Male
16338,1,Female
16339,1,Male
16340,1,Male
16341,1,Female
16342,1,Male
16343,1,Female
16344,1,Female
16345,1,Female
16346,1,Male
16347,1,Female
16348,1,Male
16349,1,Female
16350,1,Male
16351,1,Male
16352,1,Female
16353,1,Female
16354,1,Male
16355,1,Male
16356,1,Male
16357,1,Male
16358,1,Male
16359,1,Female
16360,1,Male
16361,1,Male
16362,1,Female
16363,1,Male
16364,1,Male
16365,1,Male
16366,1,Male
16367,1,Female
16368,1,Male
16369,1,Male
16370,1,Female
16371,1,Male
16372,1,Male
16373,1,Male
16374,1,Male
16375,1,Female
16376,1,Male
16377,1,Male
16378,1,Male
16379,1,Male
16380,1,Female
16381,1,Male
16382,1,Female
16383,1,Female
16384,1,Male
16385,1,Male
16386,1,Male
16387,1,Female
16388,1,Male
16389,1,Male
16390,1,Female
16391,1,Female
16392,1,Female
16393,1,Male
16394,1,Female
16395,1,Male
16396,1,Male
16397,1,Female
16398,1,Male
16399,1,Male
16400,1,Male
16401,1,Female
16402,1,Female
16403,1,Female
16404,1,Male
16405,1,Male
16406,1,Male
16407,1,Male
16408,1,Female
16409,1,Female
16410,1,Male
16411,1,Female
16412,1,Male
16413,1,Male
16414,1,Male
16415,1,Female
16416,1,Male
16417,1,Male
16418,1,Female
16419,1,Female
16420,1,Male
16421,1,Female
16422,1,Male
16423,1,Female
16424,1,Female
16425,1,Male
16426,1,Female
16427,1,Male
16428,1,Female
16429,1,Male
16430,1,Male
16431,1,Female
16432,1,Male
16433,1,Female
16434,1,Female
16435,1,Male
16436,1,Male
16437,1,Female
16438,1,Male
16439,1,Male
16440,1,Male
16441,1,Female
16442,1,Male
16443,1,Male
16444,1,Male
16445,1,Male
16446,1,Male
16447,1,Female
16448,1,Male
16449,1,Male
16450,1,Male
16451,1,Male
16452,1,Male
16453,1,Male
16454,1,Male
16455,1,Female
16456,1,Male
16457,1,Male
16458,1,Female
16459,1,Male
16460,1,Male
16461,1,Male
16462,1,Female
16463,1,Female
16464,1,Male
16465,1,Male
16466,1,Male
16467,1,Male
16468,1,Female
16469,1,Female
16470,1,Male
16471,1,Male
16472,1,Male
16473,1,Male
16474,1,Female
16475,1,Female
16476,1,Male
16477,1,Male
16478,1,Male
16479,1,Female
16480,1,Male
16481,1,Male
16482,1,Female
16483,1,Male
16484,1,Female
16485,1,Male
16486,1,Male
16487,1,Male
16488,1,Female
16489,1,Male
16490,1,Male
16491,1,Male
16492,1,Male
16493,1,Male
16494,1,Male
16495,1,Male
16496,1,Female
16497,1,Male
16498,1,Female
16499,1,Female
16500,1,Male
16501,1,Female
16502,1,Female
16503,1,Female
16504,1,Male
16505,1,Female
16506,1,Female
16507,1,Male
16508,1,Female
16509,1,Female
16510,1,Female
16511,1,Female
16512,1,Male
16513,1,Male
16514,1,Male
16515,1,Male
16516,1,Male
16517,1,Male
16518,1,Female
16519,1,Female
16520,1,Male
16521,1,Female
16522,1,Male
16523,1,Male
16524,1,Female
16525,1,Male
16526,1,Male
16527,1,Female
16528,1,Female
16529,1,Male
16530,1,Male
16531,1,Male
16532,1,Male
16533,1,Male
16534,1,Male
16535,1,Female
16536,1,Male
16537,1,Male
16538,1,Female
16539,1,Female
16540,1,Male
16541,1,Female
16542,1,Male
16543,1,Male
16544,1,Female
16545,1,Male
16546,1,Female
16547,1,Male
16548,1,Female
16549,1,Male
16550,1,Male
16551,1,Male
16552,1,Male
16553,1,Male
16554,1,Male
16555,1,Male
16556,1,Male
16557,1,Female
16558,1,Male
16559,1,Male
16560,1,Female
16561,1,Male
16562,1,Male
16563,1,Male
16564,1,Female
16565,1,Male
16566,1,Female
16567,1,Male
16568,1,Male
16569,1,Female
16570,1,Male
16571,1,Female
16572,1,Female
16573,1,Male
16574,1,Female
16575,1,Female
16576,1,Male
16577,1,Female
16578,1,Female
16579,1,Male
16580,1,Female
16581,1,Male
16582,1,Male
16583,1,Male
16584,1,Female
16585,1,Male
16586,1,Female
16587,1,Female
16588,1,Male
16589,1,Male
16590,1,Female
16591,1,Male
16592,1,Male
16593,1,Female
16594,1,Male
16595,1,Male
16596,1,Male
16597,1,Male
16598,1,Male
16599,1,Male
16600,1,Male
16601,1,Female
16602,1,Female
16603,1,Male
16604,1,Male
16605,1,Male
16606,1,Male
16607,1,Male
16608,1,Male
16609,1,Female
16610,1,Male
16611,1,Male
16612,1,Male
16613,1,Male
16614,1,Female
16615,1,Male
16616,1,Male
16617,1,Male
16618,1,Female
16619,1,Male
16620,1,Male
16621,1,Female
16622,1,Male
16623,1,Male
16624,1,Female
16625,1,Male
16626,1,Male
16627,1,Female
16628,1,Female
16629,1,Female
16630,1,Female
16631,1,Male
16632,1,Male
16633,1,Female
16634,1,Male
16635,1,Male
16636,1,Male
16637,1,Female
16638,1,Male
16639,1,Male
16640,1,Female
16641,1,Male
16642,1,Female
16643,1,Male
16644,1,Female
16645,1,Female
16646,1,Female
16647,1,Female
16648,1,Male
16649,1,Male
16650,1,Female
16651,1,Male
16652,1,Male
16653,1,Female
16654,1,Female
16655,1,Male
16656,1,Female
16657,1,Male
16658,1,Male
16659,1,Male
16660,1,Male
16661,1,Male
16662,1,Female
16663,1,Female
16664,1,Male
16665,1,Female
16666,1,Female
16667,1,Male
16668,1,Female
16669,1,Male
16670,1,Female
16671,1,Male
16672,1,Male
16673,1,Male
16674,1,Female
16675,1,Male
16676,1,Female
16677,1,Male
16678,1,Female
16679,1,Male
16680,1,Male
16681,1,Female
16682,1,Male
16683,1,Male
16684,1,Male
16685,1,Male
16686,1,Male
16687,1,Male
16688,1,Male
16689,1,Female
16690,1,Male
16691,1,Female
16692,1,Male
16693,1,Male
16694,1,Male
16695,1,Female
16696,1,Male
16697,1,Male
16698,1,Male
16699,1,Male
16700,1,Male
16701,1,Male
16702,1,Female
16703,1,Female
16704,1,Male
16705,1,Female
16706,1,Male
16707,1,Male
16708,1,Male
16709,1,Male
16710,1,Female
16711,1,Male
16712,1,Female
16713,1,Male
16714,1,Female
16715,1,Male
16716,1,Female
16717,1,Male
16718,1,Male
16719,1,Male
16720,1,Female
16721,1,Male
16722,1,Male
16723,1,Male
16724,1,Male
16725,1,Male
16726,1,Male
16727,1,Female
16728,1,Male
16729,1,Male
16730,1,Male
16731,1,Male
16732,1,Female
16733,1,Female
16734,1,Male
16735,1,Male
16736,1,Male
16737,1,Male
16738,1,Female
16739,1,Male
16740,1,Female
16741,1,Male
16742,1,Male
16743,1,Male
16744,1,Male
16745,1,Female
16746,1,Male
16747,1,Female
16748,1,Male
16749,1,Female
16750,1,Female
16751,1,Male
16752,1,Male
16753,1,Male
16754,1,Female
16755,1,Male
16756,1,Male
16757,1,Male
16758,1,Male
16759,1,Male
16760,1,Male
16761,1,Male
16762,1,Male
16763,1,Female
16764,1,Male
16765,1,Male
16766,1,Male
16767,1,Male
16768,1,Female
16769,1,Male
16770,1,Male
16771,1,Male
16772,1,Female
16773,1,Male
16774,1,Female
16775,1,Female
16776,1,Male
16777,1,Male
16778,1,Male
16779,1,Male
16780,1,Male
16781,1,Male
16782,1,Male
16783,1,Female
16784,1,Female
16785,1,Male
16786,1,Male
16787,1,Male
16788,1,Male
16789,1,Female
16790,1,Male
16791,1,Male
16792,1,Female
16793,1,Male
16794,1,Male
16795,1,Male
16796,1,Male
16797,1,Male
16798,1,Male
16799,1,Male
16800,1,Male
16801,1,Male
16802,1,Male
16803,1,Female
16804,1,Male
16805,1,Female
16806,1,Male
16807,1,Male
16808,1,Male
16809,1,Female
16810,1,Female
16811,1,Male
16812,1,Female
16813,1,Male
16814,1,Male
16815,1,Male
16816,1,Male
16817,1,Male
16818,1,Male
16819,1,Male
16820,1,Male
16821,1,Male
16822,1,Male
16823,1,Male
16824,1,Female
16825,1,Male
16826,1,Male
16827,1,Male
16828,1,Male
16829,1,Male
16830,1,Female
16831,1,Male
16832,1,Female
16833,1,Male
16834,1,Male
16835,1,Female
16836,1,Male
16837,1,Female
16838,1,Male
16839,1,Female
16840,1,Male
16841,1,Female
16842,1,Male
16843,1,Male
16844,1,Male
16845,1,Female
16846,1,Female
16847,1,Female
16848,1,Male
16849,1,Female
16850,1,Male
16851,1,Male
16852,1,Male
16853,1,Male
16854,1,Male
16855,1,Female
16856,1,Male
16857,1,Male
16858,1,Female
16859,1,Male
16860,1,Female
16861,1,Male
16862,1,Male
16863,1,Female
16864,1,Male
16865,1,Female
16866,1,Male
16867,1,Female
16868,1,Female
16869,1,Male
16870,1,Female
16871,1,Male
16872,1,Male
16873,1,Male
16874,1,Male
16875,1,Male
16876,1,Male
16877,1,Male
16878,1,Male
16879,1,Male
16880,1,Male
16881,1,Female
16882,1,Male
16883,1,Male
16884,1,Male
16885,1,Female
16886,1,Female
16887,1,Female
16888,1,Male
16889,1,Male
16890,1,Male
16891,1,Male
16892,1,Female
16893,1,Female
16894,1,Male
16895,1,Male
16896,1,Male
16897,1,Male
16898,1,Male
16899,1,Male
16900,1,Male
16901,1,Male
16902,1,Male
16903,1,Male
16904,1,Male
16905,1,Male
16906,1,Female
16907,1,Male
16908,1,Male
16909,1,Female
16910,1,Male
16911,1,Male
16912,1,Female
16913,1,Male
16914,1,Male
16915,1,Male
16916,1,Male
16917,1,Male
16918,1,Male
16919,1,Male
16920,1,Female
16921,1,Male
16922,1,Male
16923,1,Female
16924,1,Male
16925,1,Male
16926,1,Female
16927,1,Male
16928,1,Male
16929,1,Female
16930,1,Male
16931,1,Male
16932,1,Female
16933,1,Female
16934,1,Male
16935,1,Female
16936,1,Female
16937,1,Male
16938,1,Male
16939,1,Male
16940,1,Male
16941,1,Male
16942,1,Male
16943,1,Male
16944,1,Female
16945,1,Female
16946,1,Male
16947,1,Female
16948,1,Male
16949,1,Male
16950,1,Male
16951,1,Male
16952,1,Male
16953,1,Male
16954,1,Male
16955,1,Male
16956,1,Male
16957,1,Male
16958,1,Male
16959,1,Male
16960,1,Female
16961,1,Male
16962,1,Male
16963,1,Female
16964,1,Male
16965,1,Female
16966,1,Male
16967,1,Male
16968,1,Male
16969,1,Male
16970,1,Female
16971,1,Male
16972,1,Male
16973,1,Male
16974,1,Male
16975,1,Male
16976,1,Male
16977,1,Male
16978,1,Male
16979,1,Female
16980,1,Male
16981,1,Male
16982,1,Male
16983,1,Male
16984,1,Female
16985,1,Male
16986,1,Female
16987,1,Female
16988,1,Female
16989,1,Male
16990,1,Male
16991,1,Male
16992,1,Female
16993,1,Male
16994,1,Male
16995,1,Male
16996,1,Male
16997,1,Male
16998,1,Male
16999,1,Male
17000,1,Male
17001,1,Female
17002,1,Male
17003,1,Male
17004,1,Male
17005,1,Male
17006,1,Female
17007,1,Male
17008,1,Female
17009,1,Male
17010,1,Male
17011,1,Male
17012,1,Male
17013,1,Female
17014,1,Female
17015,1,Female
17016,1,Male
17017,1,Male
17018,1,Male
17019,1,Male
17020,1,Female
17021,1,Male
17022,1,Male
17023,1,Male
17024,1,Male
17025,1,Female
17026,1,Male
17027,1,Male
17028,1,Male
17029,1,Male
17030,1,Male
17031,1,Female
17032,1,Male
17033,1,Male
17034,1,Male
17035,1,Male
17036,1,Male
17037,1,Female
17038,1,Male
17039,1,Male
17040,1,Male
17041,1,Male
17042,1,Female
17043,1,Female
17044,1,Male
17045,1,Female
17046,1,Male
17047,1,Male
17048,1,Male
17049,1,Female
17050,1,Male
17051,1,Female
17052,1,Male
17053,1,Male
17054,1,Male
17055,1,Female
17056,1,Male
17057,1,Male
17058,1,Male
17059,1,Male
17060,1,Male
17061,1,Female
17062,1,Male
17063,1,Male
17064,1,Male
17065,1,Female
17066,1,Female
17067,1,Male
17068,1,Male
17069,1,Female
17070,1,Female
17071,1,Male
17072,1,Female
17073,1,Female
17074,1,Male
17075,1,Male
17076,1,Female
17077,1,Female
17078,1,Male
17079,1,Male
17080,1,Male
17081,1,Male
17082,1,Female
17083,1,Male
17084,1,Male
17085,1,Male
17086,1,Female
17087,1,Male
17088,1,Female
17089,1,Male
17090,1,Male
17091,1,Male
17092,1,Male
17093,1,Male
17094,1,Male
17095,1,Male
17096,1,Male
17097,1,Female
17098,1,Male
17099,1,Male
17100,1,Male
17101,1,Male
17102,1,Male
17103,1,Male
17104,1,Male
17105,1,Male
17106,1,Female
17107,1,Male
17108,1,Male
17109,1,Male
17110,1,Female
17111,1,Female
17112,1,Male
17113,1,Male
17114,1,Female
17115,1,Female
17116,1,Female
17117,1,Male
17118,1,Male
17119,1,Male
17120,1,Female
17121,1,Male
17122,1,Female
17123,1,Male
17124,1,Male
17125,1,Male
17126,1,Male
17127,1,Male
17128,1,Male
17129,1,Male
17130,1,Female
17131,1,Male
17132,1,Male
17133,1,Male
17134,1,Male
17135,1,Female
17136,1,Male
17137,1,Male
17138,1,Male
17139,1,Female
17140,1,Male
17141,1,Male
17142,1,Male
17143,1,Male
17144,1,Male
17145,1,Female
17146,1,Male
17147,1,Male
17148,1,Female
17149,1,Male
17150,1,Female
17151,1,Female
17152,1,Male
17153,1,Male
17154,1,Male
17155,1,Male
17156,1,Female
17157,1,Female
17158,1,Female
17159,1,Male
17160,1,Female
17161,1,Female
17162,1,Male
17163,1,Male
17164,1,Male
17165,1,Male
17166,1,Male
17167,1,Male
17168,1,Male
17169,1,Male
17170,1,Female
17171,1,Male
17172,1,Male
17173,1,Female
17174,1,Male
17175,1,Male
17176,1,Male
17177,1,Male
17178,1,Male
17179,1,Male
17180,1,Female
17181,1,Male
17182,1,Male
17183,1,Male
17184,1,Male
17185,1,Female
17186,1,Male
17187,1,Female
17188,1,Male
17189,1,Male
17190,1,Male
17191,1,Female
17192,1,Female
17193,1,Female
17194,1,Male
17195,1,Female
17196,1,Male
17197,1,Male
17198,1,Female
17199,1,Female
17200,1,Male
17201,1,Male
17202,1,Male
17203,1,Male
17204,1,Male
17205,1,Male
17206,1,Male
17207,1,Male
17208,1,Male
17209,1,Male
17210,1,Male
17211,1,Male
17212,1,Female
17213,1,Male
17214,1,Male
17215,1,Male
17216,1,Male
17217,1,Male
17218,1,Female
17219,1,Female
17220,1,Female
17221,1,Male
17222,1,Female
17223,1,Male
17224,1,Male
17225,1,Female
17226,1,Female
17227,1,Female
17228,1,Male
17229,1,Female
17230,1,Male
17231,1,Male
17232,1,Male
17233,1,Female
17234,1,Female
17235,1,Male
17236,1,Female
17237,1,Male
17238,1,Male
17239,1,Male
17240,1,Female
17241,1,Female
17242,1,Male
17243,1,Male
17244,1,Female
17245,1,Female
17246,1,Male
17247,1,Female
17248,1,Male
17249,1,Female
17250,1,Male
17251,1,Female
17252,1,Female
17253,1,Female
17254,1,Female
17255,1,Male
17256,1,Female
17257,1,Female
17258,1,Female
17259,1,Male
17260,1,Male
17261,1,Male
17262,1,Male
17263,1,Female
17264,1,Female
17265,1,Male
17266,1,Female
17267,1,Male
17268,1,Male
17269,1,Female
17270,1,Male
17271,1,Female
17272,1,Male
17273,1,Female
17274,1,Male
17275,1,Female
17276,1,Male
17277,1,Male
17278,1,Male
17279,1,Male
17280,1,Male
17281,1,Female
17282,1,Male
17283,1,Male
17284,1,Female
17285,1,Male
17286,1,Female
17287,1,Male
17288,1,Male
17289,1,Male
17290,1,Female
17291,1,Male
17292,1,Male
17293,1,Male
17294,1,Male
17295,1,Male
17296,1,Male
17297,1,Male
17298,1,Male
17299,1,Male
17300,1,Male
17301,1,Female
17302,1,Female
17303,1,Male
17304,1,Male
17305,1,Male
17306,1,Male
17307,1,Female
17308,1,Female
17309,1,Male
17310,1,Male
17311,1,Male
17312,1,Male
17313,1,Male
17314,1,Male
17315,1,Female
17316,1,Male
17317,1,Male
17318,1,Male
17319,1,Male
17320,1,Male
17321,1,Female
17322,1,Male
17323,1,Male
17324,1,Female
17325,1,Male
17326,1,Male
17327,1,Male
17328,1,Male
17329,1,Male
17330,1,Male
17331,1,Male
17332,1,Female
17333,1,Male
17334,1,Male
17335,1,Female
17336,1,Male
17337,1,Male
17338,1,Male
17339,1,Male
17340,1,Male
17341,1,Male
17342,1,Male
17343,1,Male
17344,1,Male
17345,1,Male
17346,1,Male
17347,1,Male
17348,1,Male
17349,1,Male
17350,1,Male
17351,1,Female
17352,1,Female
17353,1,Male
17354,1,Female
17355,1,Female
17356,1,Male
17357,1,Female
17358,1,Male
17359,1,Female
17360,1,Male
17361,1,Male
17362,1,Female
17363,1,Male
17364,1,Male
17365,1,Male
17366,1,Male
17367,1,Male
17368,1,Male
17369,1,Male
17370,1,Male
17371,1,Male
17372,1,Female
17373,1,Male
17374,1,Female
17375,1,Female
17376,1,Female
17377,1,Male
17378,1,Male
17379,1,Female
17380,1,Female
17381,1,Male
17382,1,Male
17383,1,Male
17384,1,Female
17385,1,Female
17386,1,Male
17387,1,Male
17388,1,Female
17389,1,Female
17390,1,Male
17391,1,Male
17392,1,Female
17393,1,Male
17394,1,Male
17395,1,Female
17396,1,Male
17397,1,Male
17398,1,Male
17399,1,Male
17400,1,Male
17401,1,Male
17402,1,Male
17403,1,Male
17404,1,Female
17405,1,Female
17406,1,Male
17407,1,Male
17408,1,Female
17409,1,Male
17410,1,Male
17411,1,Male
17412,1,Female
17413,1,Male
17414,1,Female
17415,1,Male
17416,1,Male
17417,1,Male
17418,1,Male
17419,1,Female
17420,1,Male
17421,1,Male
17422,1,Male
17423,1,Male
17424,1,Male
17425,1,Male
17426,1,Female
17427,1,Female
17428,1,Female
17429,1,Male
17430,1,Female
17431,1,Male
17432,1,Male
17433,1,Female
17434,1,Female
17435,1,Male
17436,1,Female
17437,1,Female
17438,1,Male
17439,1,Female
17440,1,Male
17441,1,Male
17442,1,Male
17443,1,Male
17444,1,Female
17445,1,Male
17446,1,Male
17447,1,Male
17448,1,Female
17449,1,Male
17450,1,Female
17451,1,Male
17452,1,Male
17453,1,Male
17454,1,Male
17455,1,Female
17456,1,Male
17457,1,Male
17458,1,Female
17459,1,Male
17460,1,Male
17461,1,Male
17462,1,Female
17463,1,Male
17464,1,Male
17465,1,Male
17466,1,Male
17467,1,Male
17468,1,Male
17469,1,Female
17470,1,Male
17471,1,Male
17472,1,Male
17473,1,Male
17474,1,Male
17475,1,Female
17476,1,Male
17477,1,Male
17478,1,Female
17479,1,Female
17480,1,Female
17481,1,Male
17482,1,Male
17483,1,Male
17484,1,Female
17485,1,Female
17486,1,Female
17487,1,Male
17488,1,Male
17489,1,Male
17490,1,Male
17491,1,Male
17492,1,Male
17493,1,Male
17494,1,Female
17495,1,Female
17496,1,Male
17497,1,Male
17498,1,Female
17499,1,Female
17500,1,Male
17501,1,Male
17502,1,Female
17503,1,Male
17504,1,Male
17505,1,Female
17506,1,Male
17507,1,Male
17508,1,Male
17509,1,Male
17510,1,Female
17511,1,Male
17512,1,Male
17513,1,Male
17514,1,Male
17515,1,Male
17516,1,Male
17517,1,Male
17518,1,Male
17519,1,Female
17520,1,Female
17521,1,Female
17522,1,Male
17523,1,Male
17524,1,Female
17525,1,Male
17526,1,Female
17527,1,Male
17528,1,Female
17529,1,Female
17530,1,Male
17531,1,Male
17532,1,Female
17533,1,Male
17534,1,Male
17535,1,Male
17536,1,Male
17537,1,Female
17538,1,Male
17539,1,Male
17540,1,Male
17541,1,Female
17542,1,Female
17543,1,Female
17544,1,Female
17545,1,Female
17546,1,Female
17547,1,Female
17548,1,Male
17549,1,Female
17550,1,Male
17551,1,Male
17552,1,Female
17553,1,Male
17554,1,Female
17555,1,Male
17556,1,Male
17557,1,Male
17558,1,Female
17559,1,Male
17560,1,Male
17561,1,Female
17562,1,Female
17563,1,Male
17564,1,Male
17565,1,Male
17566,1,Male
17567,1,Female
17568,1,Male
17569,1,Male
17570,1,Male
17571,1,Male
17572,1,Male
17573,1,Female
17574,1,Female
17575,1,Male
17576,1,Male
17577,1,Male
17578,1,Male
17579,1,Female
17580,1,Female
17581,1,Male
17582,1,Male
17583,1,Male
17584,1,Female
17585,1,Female
17586,1,Male
17587,1,Male
17588,1,Male
17589,1,Female
17590,1,Male
17591,1,Female
17592,1,Male
17593,1,Female
17594,1,Male
17595,1,Male
17596,1,Male
17597,1,Male
17598,1,Male
17599,1,Female
17600,1,Male
17601,1,Male
17602,1,Male
17603,1,Male
17604,1,Female
17605,1,Female
17606,1,Female
17607,1,Female
17608,1,Male
17609,1,Female
17610,1,Male
17611,1,Male
17612,1,Male
17613,1,Male
17614,1,Male
17615,1,Female
17616,1,Female
17617,1,Female
17618,1,Male
17619,1,Female
17620,1,Male
17621,1,Female
17622,1,Male
17623,1,Male
17624,1,Male
17625,1,Male
17626,1,Male
17627,1,Male
17628,1,Male
17629,1,Male
17630,1,Female
17631,1,Female
17632,1,Male
17633,1,Male
17634,1,Male
17635,1,Male
17636,1,Male
17637,1,Male
17638,1,Female
17639,1,Female
17640,1,Male
17641,1,Male
17642,1,Male
17643,1,Male
17644,1,Male
17645,1,Male
17646,1,Female
17647,1,Male
17648,1,Male
17649,1,Male
17650,1,Male
17651,1,Female
17652,1,Male
17653,1,Male
17654,1,Female
17655,1,Female
17656,1,Female
17657,1,Female
17658,1,Male
17659,1,Female
17660,1,Female
17661,1,Male
17662,1,Male
17663,1,Female
17664,1,Female
17665,1,Male
17666,1,Female
17667,1,Female
17668,1,Male
17669,1,Male
17670,1,Female
17671,1,Female
17672,1,Male
17673,1,Male
17674,1,Male
17675,1,Male
17676,1,Female
17677,1,Female
17678,1,Female
17679,1,Male
17680,1,Male
17681,1,Male
17682,1,Male
17683,1,Female
17684,1,Female
17685,1,Male
17686,1,Male
17687,1,Female
17688,1,Male
17689,1,Male
17690,1,Female
17691,1,Male
17692,1,Male
17693,1,Male
17694,1,Male
17695,1,Female
17696,1,Female
17697,1,Female
17698,1,Male
17699,1,Male
17700,1,Male
17701,1,Male
17702,1,Female
17703,1,Male
17704,1,Male
17705,1,Female
17706,1,Female
17707,1,Male
17708,1,Male
17709,1,Female
17710,1,Male
17711,1,Female
17712,1,Female
17713,1,Male
17714,1,Female
17715,1,Female
17716,1,Female
17717,1,Female
17718,1,Male
17719,1,Female
17720,1,Male
17721,1,Male
17722,1,Female
17723,1,Male
17724,1,Female
17725,1,Male
17726,1,Male
17727,1,Female
17728,1,Female
17729,1,Female
17730,1,Male
17731,1,Male
17732,1,Male
17733,1,Male
17734,1,Female
17735,1,Male
17736,1,Female
17737,1,Male
17738,1,Male
17739,1,Male
17740,1,Female
17741,1,Male
17742,1,Male
17743,1,Male
17744,1,Female
17745,1,Male
17746,1,Female
17747,1,Female
17748,1,Female
17749,1,Male
17750,1,Female
17751,1,Male
17752,1,Male
17753,1,Male
17754,1,Male
17755,1,Male
17756,1,Male
17757,1,Male
17758,1,Female
17759,1,Male
17760,1,Male
17761,1,Female
17762,1,Male
17763,1,Male
17764,1,Male
17765,1,Male
17766,1,Male
17767,1,Male
17768,1,Male
17769,1,Female
17770,1,Female
17771,1,Male
17772,1,Male
17773,1,Male
17774,1,Male
17775,1,Male
17776,1,Female
17777,1,Female
17778,1,Male
17779,1,Male
17780,1,Female
17781,1,Male
17782,1,Female
17783,1,Male
17784,1,Female
17785,1,Female
17786,1,Male
17787,1,Male
17788,1,Male
17789,1,Male
17790,1,Male
17791,1,Male
17792,1,Female
17793,1,Male
17794,1,Female
17795,1,Male
17796,1,Male
17797,1,Male
17798,1,Female
17799,1,Male
17800,1,Female
17801,1,Female
17802,1,Male
17803,1,Male
17804,1,Male
17805,1,Female
17806,1,Female
17807,1,Male
17808,1,Female
17809,1,Female
17810,1,Male
17811,1,Female
17812,1,Male
17813,1,Male
17814,1,Male
17815,1,Male
17816,1,Female
17817,1,Male
17818,1,Male
17819,1,Male
17820,1,Male
17821,1,Female
17822,1,Female
17823,1,Male
17824,1,Male
17825,1,Male
17826,1,Male
17827,1,Female
17828,1,Female
17829,1,Female
17830,1,Female
17831,1,Female
17832,1,Female
17833,1,Female
17834,1,Female
17835,1,Female
17836,1,Male
17837,1,Female
17838,1,Female
17839,1,Female
17840,1,Male
17841,1,Female
17842,1,Male
17843,1,Male
17844,1,Male
17845,1,Male
17846,1,Female
17847,1,Male
17848,1,Female
17849,1,Male
17850,1,Male
17851,1,Male
17852,1,Male
17853,1,Male
17854,1,Female
17855,1,Female
17856,1,Male
17857,1,Male
17858,1,Female
17859,1,Female
17860,1,Female
17861,1,Female
17862,1,Male
17863,1,Male
17864,1,Male
17865,1,Female
17866,1,Female
17867,1,Male
17868,1,Female
17869,1,Female
17870,1,Male
17871,1,Male
17872,1,Female
17873,1,Male
17874,1,Male
17875,1,Male
17876,1,Female
17877,1,Male
17878,1,Female
17879,1,Male
17880,1,Female
17881,1,Female
17882,1,Male
17883,1,Male
17884,1,Female
17885,1,Male
17886,1,Female
17887,1,Male
17888,1,Female
17889,1,Male
17890,1,Male
17891,1,Female
17892,1,Male
17893,1,Male
17894,1,Female
17895,1,Male
17896,1,Male
17897,1,Male
17898,1,Male
17899,1,Male
17900,1,Male
17901,1,Male
17902,1,Female
17903,1,Male
17904,1,Female
17905,1,Male
17906,1,Male
17907,1,Female
17908,1,Male
17909,1,Male
17910,1,Female
17911,1,Male
17912,1,Male
17913,1,Male
17914,1,Male
17915,1,Male
17916,1,Female
17917,1,Male
17918,1,Male
17919,1,Male
17920,1,Male
17921,1,Female
17922,1,Female
17923,1,Male
17924,1,Female
17925,1,Female
17926,1,Male
17927,1,Female
17928,1,Female
17929,1,Male
17930,1,Male
17931,1,Male
17932,1,Male
17933,1,Female
17934,1,Male
17935,1,Female
17936,1,Male
17937,1,Male
17938,1,Female
17939,1,Female
17940,1,Female
17941,1,Female
17942,1,Male
17943,1,Male
17944,1,Male
17945,1,Female
17946,1,Female
17947,1,Male
17948,1,Male
17949,1,Male
17950,1,Male
17951,1,Male
17952,1,Female
17953,1,Male
17954,1,Male
17955,1,Female
17956,1,Male
17957,1,Female
17958,1,Female
17959,1,Female
17960,1,Male
17961,1,Male
17962,1,Male
17963,1,Male
17964,1,Male
17965,1,Male
17966,1,Male
17967,1,Male
17968,1,Male
17969,1,Female
17970,1,Male
17971,1,Male
17972,1,Male
17973,1,Female
17974,1,Male
17975,1,Male
17976,1,Male
17977,1,Female
17978,1,Female
17979,1,Female
17980,1,Male
17981,1,Female
17982,1,Female
17983,1,Female
17984,1,Male
17985,1,Male
17986,1,Male
17987,1,Male
17988,1,Female
17989,1,Female
17990,1,Male
17991,1,Male
17992,1,Female
17993,1,Female
17994,1,Male
17995,1,Male
17996,1,Female
17997,1,Female
17998,1,Female
17999,1,Female
18000,1,Male
18001,1,Male
18002,1,Female
18003,1,Male
18004,1,Female
18005,1,Female
18006,1,Female
18007,1,Female
18008,1,Female
18009,1,Male
18010,1,Male
18011,1,Male
18012,1,Male
18013,1,Male
18014,1,Male
18015,1,Male
18016,1,Male
18017,1,Male
18018,1,Male
18019,1,Male
18020,1,Male
18021,1,Male
18022,1,Male
18023,1,Male
18024,1,Male
18025,1,Male
18026,1,Male
18027,1,Male
18028,1,Male
18029,1,Male
18030,1,Male
18031,1,Male
18032,1,Male
18033,1,Male
18034,1,Female
18035,1,Male
18036,1,Male
18037,1,Male
18038,1,Male
18039,1,Male
18040,1,Female
18041,1,Female
18042,1,Male
18043,1,Male
18044,1,Female
18045,1,Female
18046,1,Male
18047,1,Female
18048,1,Male
18049,1,Male
18050,1,Male
18051,1,Male
18052,1,Female
18053,1,Male
18054,1,Male
18055,1,Male
18056,1,Female
18057,1,Male
18058,1,Male
18059,1,Male
18060,1,Female
18061,1,Male
18062,1,Male
18063,1,Female
18064,1,Male
18065,1,Male
18066,1,Female
18067,1,Female
18068,1,Female
18069,1,Female
18070,1,Male
18071,1,Male
18072,1,Male
18073,1,Male
18074,1,Female
18075,1,Female
18076,1,Male
18077,1,Male
18078,1,Male
18079,1,Male
18080,1,Male
18081,1,Male
18082,1,Male
18083,1,Male
18084,1,Female
18085,1,Male
18086,1,Male
18087,1,Female
18088,1,Male
18089,1,Female
18090,1,Male
18091,1,Male
18092,1,Male
18093,1,Male
18094,1,Female
18095,1,Male
18096,1,Male
18097,1,Male
18098,1,Female
18099,1,Female
18100,1,Female
18101,1,Male
18102,1,Male
18103,1,Male
18104,1,Female
18105,1,Female
18106,1,Male
18107,1,Male
18108,1,Male
18109,1,Male
18110,1,Female
18111,1,Male
18112,1,Male
18113,1,Male
18114,1,Male
18115,1,Male
18116,1,Male
18117,1,Male
18118,1,Male
18119,1,Male
18120,1,Female
18121,1,Male
18122,1,Female
18123,1,Male
18124,1,Female
18125,1,Female
18126,1,Male
18127,1,Male
18128,1,Female
18129,1,Female
18130,1,Male
18131,1,Female
18132,1,Male
18133,1,Male
18134,1,Male
18135,1,Male
18136,1,Male
18137,1,Female
18138,1,Male
18139,1,Female
18140,1,Female
18141,1,Male
18142,1,Female
18143,1,Male
18144,1,Female
18145,1,Male
18146,1,Female
18147,1,Female
18148,1,Female
18149,1,Female
18150,1,Male
18151,1,Male
18152,1,Male
18153,1,Male
18154,1,Male
18155,1,Female
18156,1,Female
18157,1,Male
18158,1,Female
18159,1,Male
18160,1,Male
18161,1,Male
18162,1,Female
18163,1,Female
18164,1,Female
18165,1,Female
18166,1,Male
18167,1,Female
18168,1,Female
18169,1,Female
18170,1,Male
18171,1,Male
18172,1,Male
18173,1,Female
18174,1,Male
18175,1,Male
18176,1,Female
18177,1,Female
18178,1,Female
18179,1,Male
18180,1,Female
18181,1,Male
18182,1,Male
18183,1,Male
18184,1,Female
18185,1,Male
18186,1,Male
18187,1,Female
18188,1,Female
18189,1,Female
18190,1,Male
18191,1,Male
18192,1,Female
18193,1,Male
18194,1,Female
18195,1,Male
18196,1,Male
18197,1,Female
18198,1,Female
18199,1,Male
18200,1,Male
18201,1,Male
18202,1,Female
18203,1,Female
18204,1,Male
18205,1,Male
18206,1,Female
18207,1,Male
18208,1,Male
18209,1,Male
18210,1,Male
18211,1,Male
18212,1,Male
18213,1,Female
18214,1,Male
18215,1,Male
18216,1,Male
18217,1,Male
18218,1,Male
18219,1,Male
18220,1,Male
18221,1,Male
18222,1,Male
18223,1,Male
18224,1,Male
18225,1,Female
18226,1,Male
18227,1,Male
18228,1,Male
18229,1,Male
18230,1,Male
18231,1,Male
18232,1,Male
18233,1,Male
18234,1,Male
18235,1,Female
18236,1,Female
18237,1,Male
18238,1,Male
18239,1,Male
18240,1,Female
18241,1,Male
18242,1,Male
18243,1,Male
18244,1,Female
18245,1,Male
18246,1,Female
18247,1,Male
18248,1,Male
18249,1,Female
18250,1,Male
18251,1,Male
18252,1,Female
18253,1,Male
18254,1,Male
18255,1,Female
18256,1,Female
18257,1,Male
18258,1,Female
18259,1,Male
18260,1,Female
18261,1,Male
18262,1,Male
18263,1,Female
18264,1,Male
18265,1,Male
18266,1,Female
18267,1,Male
18268,1,Male
18269,1,Female
18270,1,Male
18271,1,Female
18272,1,Male
18273,1,Female
18274,1,Female
18275,1,Male
18276,1,Male
18277,1,Male
18278,1,Female
18279,1,Female
18280,1,Male
18281,1,Male
18282,1,Female
18283,1,Female
18284,1,Male
18285,1,Male
18286,1,Male
18287,1,Male
18288,1,Male
18289,1,Female
18290,1,Male
18291,1,Male
18292,1,Female
18293,1,Male
18294,1,Female
18295,1,Male
18296,1,Male
18297,1,Female
18298,1,Male
18299,1,Male
18300,1,Female
18301,1,Male
18302,1,Female
18303,1,Male
18304,1,Male
18305,1,Male
18306,1,Female
18307,1,Female
18308,1,Male
18309,1,Male
18310,1,Male
18311,1,Male
18312,1,Male
18313,1,Male
18314,1,Male
18315,1,Male
18316,1,Male
18317,1,Male
18318,1,Female
18319,1,Male
18320,1,Female
18321,1,Female
18322,1,Male
18323,1,Male
18324,1,Male
18325,1,Female
18326,1,Male
18327,1,Female
18328,1,Male
18329,1,Male
18330,1,Female
18331,1,Male
18332,1,Male
18333,1,Female
18334,1,Female
18335,1,Female
18336,1,Female
18337,1,Female
18338,1,Male
18339,1,Male
18340,1,Male
18341,1,Male
18342,1,Male
18343,1,Male
18344,1,Male
18345,1,Male
18346,1,Male
18347,1,Male
18348,1,Male
18349,1,Male
18350,1,Male
18351,1,Male
18352,1,Female
18353,1,Female
18354,1,Male
18355,1,Male
18356,1,Male
18357,1,Male
18358,1,Female
18359,1,Female
18360,1,Female
18361,1,Female
18362,1,Male
18363,1,Male
18364,1,Male
18365,1,Male
18366,1,Male
18367,1,Male
18368,1,Male
18369,1,Male
18370,1,Female
18371,1,Male
18372,1,Female
18373,1,Female
18374,1,Female
18375,1,Female
18376,1,Male
18377,1,Female
18378,1,Male
18379,1,Male
18380,1,Male
18381,1,Male
18382,1,Female
18383,1,Female
18384,1,Male
18385,1,Male
18386,1,Male
18387,1,Female
18388,1,Female
18389,1,Female
18390,1,Male
18391,1,Male
18392,1,Male
18393,1,Female
18394,1,Female
18395,1,Male
18396,1,Male
18397,1,Male
18398,1,Male
18399,1,Male
18400,1,Female
18401,1,Female
18402,1,Male
18403,1,Male
18404,1,Male
18405,1,Male
18406,1,Male
18407,1,Male
18408,1,Male
18409,1,Female
18410,1,Male
18411,1,Male
18412,1,Female
18413,1,Female
18414,1,Female
18415,1,Male
18416,1,Female
18417,1,Male
18418,1,Female
18419,1,Male
18420,1,Male
18421,1,Female
18422,1,Female
18423,1,Female
18424,1,Female
18425,1,Female
18426,1,Male
18427,1,Male
18428,1,Female
18429,1,Male
18430,1,Female
18431,1,Male
18432,1,Female
18433,1,Male
18434,1,Male
18435,1,Female
18436,1,Male
18437,1,Male
18438,1,Male
18439,1,Female
18440,1,Male
18441,1,Male
18442,1,Male
18443,1,Male
18444,1,Male
18445,1,Male
18446,1,Male
18447,1,Female
18448,1,Male
18449,1,Male
18450,1,Male
18451,1,Male
18452,1,Male
18453,1,Male
18454,1,Female
18455,1,Female
18456,1,Female
18457,1,Male
18458,1,Female
18459,1,Male
18460,1,Male
18461,1,Male
18462,1,Male
18463,1,Male
18464,1,Male
18465,1,Male
18466,1,Male
18467,1,Male
18468,1,Male
18469,1,Male
18470,1,Male
18471,1,Male
18472,1,Male
18473,1,Male
18474,1,Male
18475,1,Female
18476,1,Female
18477,1,Female
18478,1,Male
18479,1,Male
18480,1,Male
18481,1,Male
18482,1,Female
18483,1,Male
18484,1,Female
18485,1,Male
18486,1,Female
18487,1,Female
18488,1,Female
18489,1,Female
18490,1,Male
18491,1,Male
18492,1,Female
18493,1,Male
18494,1,Male
18495,1,Male
18496,1,Male
18497,1,Female
18498,1,Male
18499,1,Male
18500,1,Male
18501,1,Male
18502,1,Female
18503,1,Male
18504,1,Female
18505,1,Male
18506,1,Female
18507,1,Female
18508,1,Male
18509,1,Male
18510,1,Female
18511,1,Male
18512,1,Male
18513,1,Female
18514,1,Male
18515,1,Female
18516,1,Male
18517,1,Female
18518,1,Male
18519,1,Female
18520,1,Male
18521,1,Male
18522,1,Male
18523,1,Male
18524,1,Male
18525,1,Male
18526,1,Male
18527,1,Male
18528,1,Male
18529,1,Male
18530,1,Female
18531,1,Male
18532,1,Male
18533,1,Male
18534,1,Female
18535,1,Male
18536,1,Male
18537,1,Male
18538,1,Male
18539,1,Male
18540,1,Male
18541,1,Male
18542,1,Male
18543,1,Male
18544,1,Female
18545,1,Male
18546,1,Male
18547,1,Male
18548,1,Female
18549,1,Female
18550,1,Male
18551,1,Male
18552,1,Female
18553,1,Female
18554,1,Male
18555,1,Female
18556,1,Female
18557,1,Female
18558,1,Male
18559,1,Male
18560,1,Male
18561,1,Female
18562,1,Male
18563,1,Female
18564,1,Male
18565,1,Male
18566,1,Male
18567,1,Male
18568,1,Female
18569,1,Male
18570,1,Male
18571,1,Male
18572,1,Male
18573,1,Male
18574,1,Male
18575,1,Male
18576,1,Male
18577,1,Male
18578,1,Female
18579,1,Male
18580,1,Male
18581,1,Male
18582,1,Male
18583,1,Male
18584,1,Female
18585,1,Male
18586,1,Male
18587,1,Male
18588,1,Male
18589,1,Male
18590,1,Male
18591,1,Female
18592,1,Male
18593,1,Female
18594,1,Male
18595,1,Male
18596,1,Female
18597,1,Male
18598,1,Male
18599,1,Male
18600,1,Female
18601,1,Male
18602,1,Male
18603,1,Female
18604,1,Male
18605,1,Male
18606,1,Female
18607,1,Male
18608,1,Male
18609,1,Male
18610,1,Male
18611,1,Male
18612,1,Male
18613,1,Male
18614,1,Female
18615,1,Female
18616,1,Male
18617,1,Male
18618,1,Male
18619,1,Male
18620,1,Male
18621,1,Male
18622,1,Male
18623,1,Male
18624,1,Female
18625,1,Male
18626,1,Male
18627,1,Male
18628,1,Male
18629,1,Female
18630,1,Female
18631,1,Male
18632,1,Male
18633,1,Male
18634,1,Male
18635,1,Female
18636,1,Male
18637,1,Female
18638,1,Female
18639,1,Female
18640,1,Male
18641,1,Female
18642,1,Female
18643,1,Male
18644,1,Male
18645,1,Female
18646,1,Female
18647,1,Male
18648,1,Female
18649,1,Male
18650,1,Male
18651,1,Male
18652,1,Male
18653,1,Male
18654,1,Male
18655,1,Male
18656,1,Female
18657,1,Male
18658,1,Female
18659,1,Male
18660,1,Female
18661,1,Male
18662,1,Female
18663,1,Male
18664,1,Female
18665,1,Female
18666,1,Male
18667,1,Female
18668,1,Male
18669,1,Female
18670,1,Male
18671,1,Female
18672,1,Male
18673,1,Male
18674,1,Male
18675,1,Male
18676,1,Male
18677,1,Male
18678,1,Male
18679,1,Male
18680,1,Female
18681,1,Female
18682,1,Female
18683,1,Male
18684,1,Male
18685,1,Male
18686,1,Male
18687,1,Male
18688,1,Male
18689,1,Male
18690,1,Male
18691,1,Male
18692,1,Male
18693,1,Male
18694,1,Male
18695,1,Male
18696,1,Male
18697,1,Male
18698,1,Male
18699,1,Male
18700,1,Female
18701,1,Male
18702,1,Male
18703,1,Female
18704,1,Male
18705,1,Male
18706,1,Female
18707,1,Female
18708,1,Female
18709,1,Male
18710,1,Female
18711,1,Male
18712,1,Female
18713,1,Male
18714,1,Male
18715,1,Male
18716,1,Male
18717,1,Female
18718,1,Female
18719,1,Male
18720,1,Male
18721,1,Male
18722,1,Male
18723,1,Female
18724,1,Female
18725,1,Male
18726,1,Female
18727,1,Male
18728,1,Male
18729,1,Male
18730,1,Male
18731,1,Male
18732,1,Male
18733,1,Female
18734,1,Male
18735,1,Male
18736,1,Female
18737,1,Male
18738,1,Male
18739,1,Female
18740,1,Female
18741,1,Male
18742,1,Male
18743,1,Male
18744,1,Male
18745,1,Male
18746,1,Male
18747,1,Male
18748,1,Female
18749,1,Male
18750,1,Female
18751,1,Female
18752,1,Female
18753,1,Male
18754,1,Male
18755,1,Male
18756,1,Male
18757,1,Female
18758,1,Male
18759,1,Male
18760,1,Male
18761,1,Male
18762,1,Male
18763,1,Female
18764,1,Male
18765,1,Female
18766,1,Female
18767,1,Male
18768,1,Male
18769,1,Male
18770,1,Male
18771,1,Male
18772,1,Female
18773,1,Male
18774,1,Male
18775,1,Male
18776,1,Male
18777,1,Male
18778,1,Female
18779,1,Female
18780,1,Male
18781,1,Male
18782,1,Female
18783,1,Female
18784,1,Female
18785,1,Male
18786,1,Male
18787,1,Female
18788,1,Male
18789,1,Male
18790,1,Male
18791,1,Female
18792,1,Male
18793,1,Male
18794,1,Male
18795,1,Female
18796,1,Male
18797,1,Male
18798,1,Male
18799,1,Male
18800,1,Male
18801,1,Female
18802,1,Female
18803,1,Male
18804,1,Male
18805,1,Female
18806,1,Male
18807,1,Male
18808,1,Female
18809,1,Female
18810,1,Female
18811,1,Male
18812,1,Female
18813,1,Male
18814,1,Male
18815,1,Male
18816,1,Male
18817,1,Male
18818,1,Female
18819,1,Male
18820,1,Male
18821,1,Male
18822,1,Male
18823,1,Male
18824,1,Female
18825,1,Male
18826,1,Female
18827,1,Female
18828,1,Female
18829,1,Male
18830,1,Female
18831,1,Male
18832,1,Male
18833,1,Male
18834,1,Male
18835,1,Male
18836,1,Male
18837,1,Male
18838,1,Female
18839,1,Male
18840,1,Female
18841,1,Male
18842,1,Male
18843,1,Female
18844,1,Male
18845,1,Female
18846,1,Female
18847,1,Male
18848,1,Male
18849,1,Female
18850,1,Male
18851,1,Male
18852,1,Male
18853,1,Female
18854,1,Male
18855,1,Male
18856,1,Female
18857,1,Male
18858,1,Female
18859,1,Male
18860,1,Male
18861,1,Male
18862,1,Female
18863,1,Male
18864,1,Male
18865,1,Male
18866,1,Male
18867,1,Female
18868,1,Male
18869,1,Male
18870,1,Male
18871,1,Female
18872,1,Female
18873,1,Female
18874,1,Male
18875,1,Male
18876,1,Male
18877,1,Male
18878,1,Male
18879,1,Male
18880,1,Male
18881,1,Female
18882,1,Male
18883,1,Female
18884,1,Male
18885,1,Male
18886,1,Male
18887,1,Female
18888,1,Male
18889,1,Female
18890,1,Female
18891,1,Female
18892,1,Male
18893,1,Male
18894,1,Male
18895,1,Male
18896,1,Male
18897,1,Male
18898,1,Male
18899,1,Female
18900,1,Male
18901,1,Male
18902,1,Male
18903,1,Female
18904,1,Male
18905,1,Female
18906,1,Female
18907,1,Female
18908,1,Male
18909,1,Male
18910,1,Male
18911,1,Male
18912,1,Male
18913,1,Female
18914,1,Male
18915,1,Male
18916,1,Male
18917,1,Male
18918,1,Female
18919,1,Male
18920,1,Female
18921,1,Female
18922,1,Male
18923,1,Male
18924,1,Male
18925,1,Male
18926,1,Male
18927,1,Male
18928,1,Male
18929,1,Female
18930,1,Male
18931,1,Female
18932,1,Male
18933,1,Male
18934,1,Male
18935,1,Female
18936,1,Male
18937,1,Male
18938,1,Male
18939,1,Male
18940,1,Female
18941,1,Female
18942,1,Female
18943,1,Male
18944,1,Male
18945,1,Male
18946,1,Male
18947,1,Male
18948,1,Female
18949,1,Male
18950,1,Male
18951,1,Female
18952,1,Female
18953,1,Male
18954,1,Female
18955,1,Male
18956,1,Female
18957,1,Female
18958,1,Male
18959,1,Male
18960,1,Male
18961,1,Male
18962,1,Female
18963,1,Male
18964,1,Female
18965,1,Female
18966,1,Female
18967,1,Male
18968,1,Male
18969,1,Male
18970,1,Male
18971,1,Female
18972,1,Female
18973,1,Male
18974,1,Female
18975,1,Male
18976,1,Female
18977,1,Male
18978,1,Male
18979,1,Female
18980,1,Male
18981,1,Male
18982,1,Female
18983,1,Female
18984,1,Male
18985,1,Male
18986,1,Male
18987,1,Male
18988,1,Female
18989,1,Male
18990,1,Female
18991,1,Male
18992,1,Female
18993,1,Female
18994,1,Male
18995,1,Female
18996,1,Male
18997,1,Male
18998,1,Male
18999,1,Female
19000,1,Male
19001,1,Female
19002,1,Male
19003,1,Male
19004,1,Male
19005,1,Female
19006,1,Male
19007,1,Female
19008,1,Male
19009,1,Male
19010,1,Male
19011,1,Male
19012,1,Male
19013,1,Male
19014,1,Male
19015,1,Female
19016,1,Male
19017,1,Male
19018,1,Male
19019,1,Male
19020,1,Female
19021,1,Male
19022,1,Male
19023,1,Male
19024,1,Female
19025,1,Female
19026,1,Male
19027,1,Male
19028,1,Male
19029,1,Female
19030,1,Female
19031,1,Male
19032,1,Female
19033,1,Male
19034,1,Female
19035,1,Male
19036,1,Female
19037,1,Male
19038,1,Female
19039,1,Male
19040,1,Male
19041,1,Male
19042,1,Male
19043,1,Male
19044,1,Male
19045,1,Male
19046,1,Male
19047,1,Female
19048,1,Male
19049,1,Female
19050,1,Male
19051,1,Male
19052,1,Male
19053,1,Male
19054,1,Female
19055,1,Male
19056,1,Male
19057,1,Female
19058,1,Male
19059,1,Female
19060,1,Male
19061,1,Male
19062,1,Male
19063,1,Male
19064,1,Male
19065,1,Male
19066,1,Female
19067,1,Male
19068,1,Male
19069,1,Female
19070,1,Male
19071,1,Male
19072,1,Female
19073,1,Male
19074,1,Male
19075,1,Male
19076,1,Male
19077,1,Female
19078,1,Female
19079,1,Female
19080,1,Female
19081,1,Male
19082,1,Female
19083,1,Male
19084,1,Male
19085,1,Male
19086,1,Male
19087,1,Male
19088,1,Male
19089,1,Female
19090,1,Male
19091,1,Male
19092,1,Female
19093,1,Female
19094,1,Male
19095,1,Female
19096,1,Male
19097,1,Male
19098,1,Male
19099,1,Male
19100,1,Female
19101,1,Female
19102,1,Male
19103,1,Female
19104,1,Male
19105,1,Male
19106,1,Female
19107,1,Female
19108,1,Male
19109,1,Female
19110,1,Male
19111,1,Male
19112,1,Male
19113,1,Male
19114,1,Male
19115,1,Female
19116,1,Male
19117,1,Female
19118,1,Male
19119,1,Male
19120,1,Female
19121,1,Male
19122,1,Male
19123,1,Male
19124,1,Male
19125,1,Male
19126,1,Male
19127,1,Male
19128,1,Male
19129,1,Female
19130,1,Female
19131,1,Female
19132,1,Male
19133,1,Female
19134,1,Male
19135,1,Male
19136,1,Male
19137,1,Male
19138,1,Male
19139,1,Female
19140,1,Male
19141,1,Male
19142,1,Male
19143,1,Male
19144,1,Male
19145,1,Male
19146,1,Male
19147,1,Male
19148,1,Male
19149,1,Female
19150,1,Female
19151,1,Male
19152,1,Male
19153,1,Male
19154,1,Female
19155,1,Female
19156,1,Male
19157,1,Male
19158,1,Female
19159,1,Female
19160,1,Male
19161,1,Male
19162,1,Male
19163,1,Male
19164,1,Female
19165,1,Male
19166,1,Male
19167,1,Male
19168,1,Male
19169,1,Male
19170,1,Male
19171,1,Male
19172,1,Female
19173,1,Male
19174,1,Male
19175,1,Male
19176,1,Male
19177,1,Male
19178,1,Male
19179,1,Female
19180,1,Male
19181,1,Female
19182,1,Female
19183,1,Female
19184,1,Female
19185,1,Male
19186,1,Male
19187,1,Female
19188,1,Male
19189,1,Female
19190,1,Male
19191,1,Male
19192,1,Female
19193,1,Female
19194,1,Male
19195,1,Male
19196,1,Male
19197,1,Male
19198,1,Male
19199,1,Female
19200,1,Male
19201,1,Male
19202,1,Male
19203,1,Male
19204,1,Male
19205,1,Female
19206,1,Female
19207,1,Male
19208,1,Female
19209,1,Female
19210,1,Female
19211,1,Male
19212,1,Female
19213,1,Male
19214,1,Female
19215,1,Male
19216,1,Female
19217,1,Male
19218,1,Male
19219,1,Male
19220,1,Male
19221,1,Male
19222,1,Male
19223,1,Male
19224,1,Male
19225,1,Male
19226,1,Male
19227,1,Male
19228,1,Female
19229,1,Male
19230,1,Male
19231,1,Male
19232,1,Male
19233,1,Female
19234,1,Female
19235,1,Female
19236,1,Male
19237,1,Male
19238,1,Male
19239,1,Male
19240,1,Male
19241,1,Male
19242,1,Male
19243,1,Male
19244,1,Male
19245,1,Male
19246,1,Male
19247,1,Male
19248,1,Male
19249,1,Female
19250,1,Female
19251,1,Male
19252,1,Male
19253,1,Male
19254,1,Male
19255,1,Male
19256,1,Female
19257,1,Male
19258,1,Female
19259,1,Male
19260,1,Male
19261,1,Female
19262,1,Female
19263,1,Male
19264,1,Male
19265,1,Male
19266,1,Male
19267,1,Male
19268,1,Male
19269,1,Male
19270,1,Male
19271,1,Male
19272,1,Male
19273,1,Male
19274,1,Male
19275,1,Male
19276,1,Female
19277,1,Male
19278,1,Male
19279,1,Male
19280,1,Male
19281,1,Female
19282,1,Male
19283,1,Female
19284,1,Male
19285,1,Male
19286,1,Male
19287,1,Male
19288,1,Male
19289,1,Male
19290,1,Male
19291,1,Male
19292,1,Female
19293,1,Female
19294,1,Male
19295,1,Male
19296,1,Female
19297,1,Male
19298,1,Male
19299,1,Female
19300,1,Female
19301,1,Female
19302,1,Male
19303,1,Male
19304,1,Male
19305,1,Male
19306,1,Male
19307,1,Male
19308,1,Male
19309,1,Male
19310,1,Female
19311,1,Female
19312,1,Male
19313,1,Male
19314,1,Female
19315,1,Male
19316,1,Female
19317,1,Male
19318,1,Male
19319,1,Male
19320,1,Male
19321,1,Male
19322,1,Male
19323,1,Female
19324,1,Male
19325,1,Male
19326,1,Female
19327,1,Male
19328,1,Male
19329,1,Male
19330,1,Male
19331,1,Male
19332,1,Male
19333,1,Male
19334,1,Male
19335,1,Male
19336,1,Male
19337,1,Female
19338,1,Female
19339,1,Male
19340,1,Male
19341,1,Female
19342,1,Male
19343,1,Female
19344,1,Male
19345,1,Male
19346,1,Male
19347,1,Female
19348,1,Male
19349,1,Female
19350,1,Male
19351,1,Female
19352,1,Male
19353,1,Female
19354,1,Male
19355,1,Female
19356,1,Male
19357,1,Male
19358,1,Male
19359,1,Female
19360,1,Male
19361,1,Male
19362,1,Female
19363,1,Male
19364,1,Male
19365,1,Female
19366,1,Male
19367,1,Male
19368,1,Male
19369,1,Female
19370,1,Male
19371,1,Male
19372,1,Male
19373,1,Female
19374,1,Male
19375,1,Male
19376,1,Male
19377,1,Male
19378,1,Male
19379,1,Male
19380,1,Male
19381,1,Male
19382,1,Male
19383,1,Female
19384,1,Female
19385,1,Male
19386,1,Male
19387,1,Male
19388,1,Female
19389,1,Male
19390,1,Male
19391,1,Male
19392,1,Female
19393,1,Male
19394,1,Male
19395,1,Male
19396,1,Female
19397,1,Female
19398,1,Female
19399,1,Male
19400,1,Male
19401,1,Male
19402,1,Female
19403,1,Female
19404,1,Male
19405,1,Female
19406,1,Male
19407,1,Male
19408,1,Male
19409,1,Male
19410,1,Female
19411,1,Male
19412,1,Female
19413,1,Female
19414,1,Male
19415,1,Male
19416,1,Female
19417,1,Female
19418,1,Female
19419,1,Male
19420,1,Male
19421,1,Male
19422,1,Male
19423,1,Male
19424,1,Male
19425,1,Female
19426,1,Male
19427,1,Male
19428,1,Female
19429,1,Male
19430,1,Male
19431,1,Male
19432,1,Male
19433,1,Male
19434,1,Female
19435,1,Female
19436,1,Male
19437,1,Female
19438,1,Male
19439,1,Female
19440,1,Female
19441,1,Male
19442,1,Male
19443,1,Male
19444,1,Female
19445,1,Male
19446,1,Male
19447,1,Male
19448,1,Female
19449,1,Male
19450,1,Male
19451,1,Male
19452,1,Male
19453,1,Male
19454,1,Male
19455,1,Female
19456,1,Male
19457,1,Male
19458,1,Male
19459,1,Male
19460,1,Male
19461,1,Male
19462,1,Female
19463,1,Male
19464,1,Male
19465,1,Female
19466,1,Female
19467,1,Male
19468,1,Male
19469,1,Male
19470,1,Male
19471,1,Male
19472,1,Male
19473,1,Female
19474,1,Male
19475,1,Male
19476,1,Female
19477,1,Male
19478,1,Male
19479,1,Female
19480,1,Male
19481,1,Male
19482,1,Male
19483,1,Female
19484,1,Female
19485,1,Male
19486,1,Female
19487,1,Male
19488,1,Male
19489,1,Female
19490,1,Female
19491,1,Male
19492,1,Male
19493,1,Male
19494,1,Male
19495,1,Male
19496,1,Male
19497,1,Male
19498,1,Female
19499,1,Female
19500,1,Male
19501,1,Male
19502,1,Male
19503,1,Female
19504,1,Male
19505,1,Female
19506,1,Male
19507,1,Male
19508,1,Male
19509,1,Male
19510,1,Female
19511,1,Male
19512,1,Female
19513,1,Male
19514,1,Female
19515,1,Male
19516,1,Male
19517,1,Female
19518,1,Female
19519,1,Male
19520,1,Male
19521,1,Male
19522,1,Male
19523,1,Female
19524,1,Female
19525,1,Male
19526,1,Male
19527,1,Female
19528,1,Male
19529,1,Female
19530,1,Male
19531,1,Female
19532,1,Male
19533,1,Male
19534,1,Male
19535,1,Female
19536,1,Male
19537,1,Male
19538,1,Female
19539,1,Male
19540,1,Male
19541,1,Male
19542,1,Male
19543,1,Male
19544,1,Male
19545,1,Male
19546,1,Male
19547,1,Male
19548,1,Female
19549,1,Female
19550,1,Female
19551,1,Female
19552,1,Male
19553,1,Female
19554,1,Male
19555,1,Female
19556,1,Male
19557,1,Male
19558,1,Male
19559,1,Male
19560,1,Male
19561,1,Female
19562,1,Male
19563,1,Male
19564,1,Male
19565,1,Female
19566,1,Male
19567,1,Male
19568,1,Male
19569,1,Male
19570,1,Female
19571,1,Male
19572,1,Male
19573,1,Female
19574,1,Male
19575,1,Female
19576,1,Male
19577,1,Male
19578,1,Male
19579,1,Male
19580,1,Male
19581,1,Female
19582,1,Female
19583,1,Male
19584,1,Male
19585,1,Male
19586,1,Female
19587,1,Male
19588,1,Male
19589,1,Female
19590,1,Male
19591,1,Male
19592,1,Female
19593,1,Female
19594,1,Male
19595,1,Male
19596,1,Male
19597,1,Female
19598,1,Male
19599,1,Male
19600,1,Female
19601,1,Male
19602,1,Male
19603,1,Male
19604,1,Male
19605,1,Male
19606,1,Male
19607,1,Male
19608,1,Male
19609,1,Male
19610,1,Male
19611,1,Male
19612,1,Female
19613,1,Female
19614,1,Male
19615,1,Female
19616,1,Male
19617,1,Female
19618,1,Male
19619,1,Male
19620,1,Male
19621,1,Male
19622,1,Male
19623,1,Female
19624,1,Female
19625,1,Male
19626,1,Male
19627,1,Male
19628,1,Female
19629,1,Male
19630,1,Male
19631,1,Male
19632,1,Male
19633,1,Male
19634,1,Female
19635,1,Male
19636,1,Male
19637,1,Male
19638,1,Male
19639,1,Female
19640,1,Male
19641,1,Male
19642,1,Male
19643,1,Male
19644,1,Male
19645,1,Female
19646,1,Male
19647,1,Male
19648,1,Male
19649,1,Male
19650,1,Female
19651,1,Female
19652,1,Male
19653,1,Male
19654,1,Female
19655,1,Female
19656,1,Male
19657,1,Male
19658,1,Male
19659,1,Male
19660,1,Male
19661,1,Female
19662,1,Male
19663,1,Female
19664,1,Female
19665,1,Female
19666,1,Female
19667,1,Male
19668,1,Female
19669,1,Female
19670,1,Female
19671,1,Female
19672,1,Female
19673,1,Male
19674,1,Male
19675,1,Male
19676,1,Male
19677,1,Female
19678,1,Male
19679,1,Female
19680,1,Female
19681,1,Male
19682,1,Male
19683,1,Male
19684,1,Female
19685,1,Male
19686,1,Male
19687,1,Male
19688,1,Male
19689,1,Male
19690,1,Male
19691,1,Female
19692,1,Male
19693,1,Male
19694,1,Male
19695,1,Male
19696,1,Male
19697,1,Male
19698,1,Male
19699,1,Female
19700,1,Female
19701,1,Male
19702,1,Female
19703,1,Male
19704,1,Male
19705,1,Male
19706,1,Male
19707,1,Female
19708,1,Female
19709,1,Male
19710,1,Male
19711,1,Female
19712,1,Female
19713,1,Male
19714,1,Male
19715,1,Female
19716,1,Female
19717,1,Male
19718,1,Male
19719,1,Male
19720,1,Male
19721,1,Male
19722,1,Male
19723,1,Female
19724,1,Female
19725,1,Male
19726,1,Male
19727,1,Male
19728,1,Male
19729,1,Male
19730,1,Female
19731,1,Male
19732,1,Female
19733,1,Female
19734,1,Female
19735,1,Female
19736,1,Male
19737,1,Female
19738,1,Female
19739,1,Male
19740,1,Female
19741,1,Male
19742,1,Female
19743,1,Male
19744,1,Female
19745,1,Male
19746,1,Female
19747,1,Male
19748,1,Female
19749,1,Male
19750,1,Male
19751,1,Female
19752,1,Male
19753,1,Female
19754,1,Female
19755,1,Female
19756,1,Male
19757,1,Male
19758,1,Male
19759,1,Male
19760,1,Male
19761,1,Male
19762,1,Female
19763,1,Male
19764,1,Male
19765,1,Male
19766,1,Male
19767,1,Male
19768,1,Male
19769,1,Female
19770,1,Male
19771,1,Male
19772,1,Male
19773,1,Female
19774,1,Male
19775,1,Male
19776,1,Male
19777,1,Male
19778,1,Male
19779,1,Male
19780,1,Female
19781,1,Male
19782,1,Male
19783,1,Male
19784,1,Female
19785,1,Male
19786,1,Female
19787,1,Male
19788,1,Female
19789,1,Male
19790,1,Female
19791,1,Male
19792,1,Male
19793,1,Male
19794,1,Female
19795,1,Male
19796,1,Male
19797,1,Male
19798,1,Male
19799,1,Male
19800,1,Male
19801,1,Male
19802,1,Male
19803,1,Male
19804,1,Male
19805,1,Male
19806,1,Female
19807,1,Female
19808,1,Male
19809,1,Male
19810,1,Female
19811,1,Female
19812,1,Male
19813,1,Female
19814,1,Female
19815,1,Male
19816,1,Male
19817,1,Male
19818,1,Male
19819,1,Male
19820,1,Male
19821,1,Female
19822,1,Male
19823,1,Male
19824,1,Male
19825,1,Male
19826,1,Male
19827,1,Male
19828,1,Male
19829,1,Female
19830,1,Female
19831,1,Male
19832,1,Male
19833,1,Male
19834,1,Male
19835,1,Female
19836,1,Male
19837,1,Male
19838,1,Female
19839,1,Male
19840,1,Male
19841,1,Male
19842,1,Male
19843,1,Male
19844,1,Male
19845,1,Male
19846,1,Female
19847,1,Male
19848,1,Male
19849,1,Male
19850,1,Male
19851,1,Male
19852,1,Female
19853,1,Male
19854,1,Female
19855,1,Male
19856,1,Female
19857,1,Male
19858,1,Female
19859,1,Female
19860,1,Male
19861,1,Male
19862,1,Male
19863,1,Male
19864,1,Female
19865,1,Female
19866,1,Male
19867,1,Male
19868,1,Female
19869,1,Male
19870,1,Male
19871,1,Male
19872,1,Female
19873,1,Male
19874,1,Male
19875,1,Female
19876,1,Male
19877,1,Male
19878,1,Male
19879,1,Female
19880,1,Female
19881,1,Male
19882,1,Male
19883,1,Male
19884,1,Male
19885,1,Female
19886,1,Female
19887,1,Female
19888,1,Male
19889,1,Female
19890,1,Male
19891,1,Female
19892,1,Male
19893,1,Female
19894,1,Male
19895,1,Male
19896,1,Male
19897,1,Male
19898,1,Female
19899,1,Female
19900,1,Male
19901,1,Male
19902,1,Male
19903,1,Male
19904,1,Male
19905,1,Male
19906,1,Female
19907,1,Female
19908,1,Female
19909,1,Female
19910,1,Female
19911,1,Male
19912,1,Female
19913,1,Male
19914,1,Male
19915,1,Male
19916,1,Female
19917,1,Male
19918,1,Male
19919,1,Male
19920,1,Male
19921,1,Male
19922,1,Male
19923,1,Male
19924,1,Female
19925,1,Male
19926,1,Male
19927,1,Male
19928,1,Female
19929,1,Male
19930,1,Male
19931,1,Male
19932,1,Male
19933,1,Male
19934,1,Male
19935,1,Female
19936,1,Male
19937,1,Male
19938,1,Male
19939,1,Male
19940,1,Male
19941,1,Female
19942,1,Male
19943,1,Male
19944,1,Male
19945,1,Male
19946,1,Male
19947,1,Male
19948,1,Female
19949,1,Female
19950,1,Male
19951,1,Male
19952,1,Female
19953,1,Male
19954,1,Male
19955,1,Female
19956,1,Female
19957,1,Male
19958,1,Female
19959,1,Female
19960,1,Male
19961,1,Male
19962,1,Male
19963,1,Male
19964,1,Female
19965,1,Female
19966,1,Female
19967,1,Female
19968,1,Male
19969,1,Female
19970,1,Male
19971,1,Female
19972,1,Male
19973,1,Male
19974,1,Male
19975,1,Male
19976,1,Male
19977,1,Male
19978,1,Female
19979,1,Female
19980,1,Male
19981,1,Male
19982,1,Male
19983,1,Male
19984,1,Male
19985,1,Female
19986,1,Male
19987,1,Male
19988,1,Male
19989,1,Male
19990,1,Male
19991,1,Female
19992,1,Female
19993,1,Male
19994,1,Male
19995,1,Male
19996,1,Female
19997,1,Male
19998,1,Male
19999,1,Male
20000,1,Male
20001,1,Female
20002,1,Male
20003,1,Male
20004,1,Male
20005,1,Female
20006,1,Male
20007,1,Female
20008,1,Male
20009,1,Male
20010,1,Male
20011,1,Male
20012,1,Male
20013,1,Male
20014,1,Female
20015,1,Female
20016,1,Male
20017,1,Male
20018,1,Male
20019,1,Female
20020,1,Male
20021,1,Female
20022,1,Female
20023,1,Male
20024,1,Male
20025,1,Female
20026,1,Female
20027,1,Female
20028,1,Male
20029,1,Male
20030,1,Male
20031,1,Male
20032,1,Male
20033,1,Male
20034,1,Male
20035,1,Male
20036,1,Male
20037,1,Female
20038,1,Female
20039,1,Male
20040,1,Female
20041,1,Female
20042,1,Male
20043,1,Male
20044,1,Female
20045,1,Female
20046,1,Male
20047,1,Female
20048,1,Male
20049,1,Male
20050,1,Female
20051,1,Female
20052,1,Male
20053,1,Female
20054,1,Female
20055,1,Male
20056,1,Female
20057,1,Male
20058,1,Male
20059,1,Female
20060,1,Male
20061,1,Female
20062,1,Male
20063,1,Male
20064,1,Male
20065,1,Male
20066,1,Male
20067,1,Male
20068,1,Female
20069,1,Female
20070,1,Male
20071,1,Male
20072,1,Male
20073,1,Male
20074,1,Female
20075,1,Female
20076,1,Male
20077,1,Male
20078,1,Female
20079,1,Male
20080,1,Male
20081,1,Male
20082,1,Female
20083,1,Female
20084,1,Female
20085,1,Male
20086,1,Male
20087,1,Male
20088,1,Male
20089,1,Male
20090,1,Male
20091,1,Female
20092,1,Male
20093,1,Male
20094,1,Female
20095,1,Male
20096,1,Female
20097,1,Male
20098,1,Female
20099,1,Male
20100,1,Male
20101,1,Male
20102,1,Female
20103,1,Female
20104,1,Female
20105,1,Female
20106,1,Female
20107,1,Male
20108,1,Female
20109,1,Male
20110,1,Male
20111,1,Female
20112,1,Male
20113,1,Male
20114,1,Male
20115,1,Male
20116,1,Male
20117,1,Male
20118,1,Male
20119,1,Male
20120,1,Female
20121,1,Male
20122,1,Male
20123,1,Male
20124,1,Female
20125,1,Male
20126,1,Female
20127,1,Male
20128,1,Male
20129,1,Male
20130,1,Male
20131,1,Male
20132,1,Female
20133,1,Male
20134,1,Male
20135,1,Female
20136,1,Male
20137,1,Female
20138,1,Female
20139,1,Female
20140,1,Female
20141,1,Male
20142,1,Female
20143,1,Male
20144,1,Female
20145,1,Male
20146,1,Male
20147,1,Male
20148,1,Male
20149,1,Male
20150,1,Female
20151,1,Male
20152,1,Male
20153,1,Male
20154,1,Male
20155,1,Male
20156,1,Male
20157,1,Male
20158,1,Male
20159,1,Female
20160,1,Male
20161,1,Male
20162,1,Male
20163,1,Female
20164,1,Male
20165,1,Female
20166,1,Male
20167,1,Female
20168,1,Male
20169,1,Male
20170,1,Male
20171,1,Female
20172,1,Female
20173,1,Female
20174,1,Male
20175,1,Male
20176,1,Female
20177,1,Female
20178,1,Male
20179,1,Female
20180,1,Male
20181,1,Male
20182,1,Female
20183,1,Male
20184,1,Male
20185,1,Male
20186,1,Male
20187,1,Male
20188,1,Female
20189,1,Male
20190,1,Male
20191,1,Male
20192,1,Male
20193,1,Female
20194,1,Female
20195,1,Male
20196,1,Male
20197,1,Female
20198,1,Male
20199,1,Male
20200,1,Female
20201,1,Male
20202,1,Male
20203,1,Female
20204,1,Male
20205,1,Male
20206,1,Male
20207,1,Male
20208,1,Male
20209,1,Male
20210,1,Male
20211,1,Female
20212,1,Male
20213,1,Female
20214,1,Male
20215,1,Male
20216,1,Male
20217,1,Male
20218,1,Male
20219,1,Female
20220,1,Male
20221,1,Male
20222,1,Male
20223,1,Male
20224,1,Male
20225,1,Male
20226,1,Male
20227,1,Male
20228,1,Male
20229,1,Male
20230,1,Female
20231,1,Female
20232,1,Female
20233,1,Male
20234,1,Male
20235,1,Male
20236,1,Male
20237,1,Female
20238,1,Male
20239,1,Male
20240,1,Female
20241,1,Male
20242,1,Male
20243,1,Male
20244,1,Male
20245,1,Male
20246,1,Male
20247,1,Female
20248,1,Male
20249,1,Male
20250,1,Male
20251,1,Male
20252,1,Male
20253,1,Female
20254,1,Male
20255,1,Male
20256,1,Female
20257,1,Female
20258,1,Male
20259,1,Female
20260,1,Male
20261,1,Male
20262,1,Male
20263,1,Male
20264,1,Male
20265,1,Male
20266,1,Female
20267,1,Male
20268,1,Female
20269,1,Female
20270,1,Female
20271,1,Male
20272,1,Male
20273,1,Male
20274,1,Female
20275,1,Female
20276,1,Male
20277,1,Male
20278,1,Female
20279,1,Female
20280,1,Male
20281,1,Female
20282,1,Male
20283,1,Male
20284,1,Female
20285,1,Male
20286,1,Male
20287,1,Female
20288,1,Male
20289,1,Female
20290,1,Male
20291,1,Male
20292,1,Male
20293,1,Female
20294,1,Male
20295,1,Male
20296,1,Male
20297,1,Male
20298,1,Female
20299,1,Female
20300,1,Male
20301,1,Female
20302,1,Male
20303,1,Female
20304,1,Male
20305,1,Male
20306,1,Male
20307,1,Female
20308,1,Male
20309,1,Female
20310,1,Male
20311,1,Male
20312,1,Male
20313,1,Female
20314,1,Female
20315,1,Male
20316,1,Female
20317,1,Male
20318,1,Female
20319,1,Male
20320,1,Female
20321,1,Female
20322,1,Male
20323,1,Female
20324,1,Male
20325,1,Female
20326,1,Male
20327,1,Male
20328,1,Female
20329,1,Female
20330,1,Female
20331,1,Female
20332,1,Male
20333,1,Female
20334,1,Male
20335,1,Male
20336,1,Female
20337,1,Female
20338,1,Male
20339,1,Male
20340,1,Male
20341,1,Male
20342,1,Male
20343,1,Male
20344,1,Female
20345,1,Male
20346,1,Male
20347,1,Male
20348,1,Male
20349,1,Male
20350,1,Male
20351,1,Male
20352,1,Female
20353,1,Female
20354,1,Male
20355,1,Female
20356,1,Female
20357,1,Female
20358,1,Male
20359,1,Male
20360,1,Male
20361,1,Male
20362,1,Male
20363,1,Male
20364,1,Male
20365,1,Female
20366,1,Male
20367,1,Female
20368,1,Male
20369,1,Male
20370,1,Female
20371,1,Male
20372,1,Male
20373,1,Female
20374,1,Male
20375,1,Female
20376,1,Male
20377,1,Male
20378,1,Male
20379,1,Male
20380,1,Male
20381,1,Male
20382,1,Female
20383,1,Female
20384,1,Female
20385,1,Male
20386,1,Male
20387,1,Male
20388,1,Male
20389,1,Female
20390,1,Male
20391,1,Male
20392,1,Male
20393,1,Female
20394,1,Male
20395,1,Male
20396,1,Male
20397,1,Male
20398,1,Male
20399,1,Male
20400,1,Male
20401,1,Male
20402,1,Male
20403,1,Male
20404,1,Male
20405,1,Female
20406,1,Male
20407,1,Male
20408,1,Male
20409,1,Male
20410,1,Male
20411,1,Male
20412,1,Male
20413,1,Female
20414,1,Female
20415,1,Male
20416,1,Male
20417,1,Male
20418,1,Male
20419,1,Male
20420,1,Male
20421,1,Male
20422,1,Male
20423,1,Female
20424,1,Female
20425,1,Female
20426,1,Male
20427,1,Male
20428,1,Male
20429,1,Male
20430,1,Male
20431,1,Female
20432,1,Male
20433,1,Female
20434,1,Female
20435,1,Male
20436,1,Male
20437,1,Male
20438,1,Male
20439,1,Male
20440,1,Female
20441,1,Male
20442,1,Male
20443,1,Male
20444,1,Male
20445,1,Male
20446,1,Female
20447,1,Female
20448,1,Female
20449,1,Male
20450,1,Male
20451,1,Female
20452,1,Male
20453,1,Male
20454,1,Female
20455,1,Male
20456,1,Male
20457,1,Female
20458,1,Female
20459,1,Male
20460,1,Male
20461,1,Female
20462,1,Male
20463,1,Male
20464,1,Female
20465,1,Male
20466,1,Female
20467,1,Male
20468,1,Male
20469,1,Female
20470,1,Male
20471,1,Female
20472,1,Male
20473,1,Female
20474,1,Male
20475,1,Female
20476,1,Male
20477,1,Male
20478,1,Male
20479,1,Male
20480,1,Male
20481,1,Male
20482,1,Female
20483,1,Female
20484,1,Male
20485,1,Female
20486,1,Female
20487,1,Male
20488,1,Female
20489,1,Female
20490,1,Female
20491,1,Male
20492,1,Female
20493,1,Male
20494,1,Male
20495,1,Female
20496,1,Male
20497,1,Male
20498,1,Female
20499,1,Male
20500,1,Male
20501,1,Male
20502,1,Male
20503,1,Male
20504,1,Male
20505,1,Female
20506,1,Female
20507,1,Male
20508,1,Male
20509,1,Male
20510,1,Male
20511,1,Female
20512,1,Male
20513,1,Female
20514,1,Male
20515,1,Female
20516,1,Male
20517,1,Male
20518,1,Male
20519,1,Male
20520,1,Male
20521,1,Male
20522,1,Male
20523,1,Male
20524,1,Male
20525,1,Male
20526,1,Female
20527,1,Female
20528,1,Male
20529,1,Female
20530,1,Male
20531,1,Male
20532,1,Female
20533,1,Male
20534,1,Male
20535,1,Female
20536,1,Male
20537,1,Male
20538,1,Female
20539,1,Male
20540,1,Male
20541,1,Male
20542,1,Male
20543,1,Female
20544,1,Male
20545,1,Male
20546,1,Male
20547,1,Female
20548,1,Female
20549,1,Female
20550,1,Male
20551,1,Female
20552,1,Male
20553,1,Male
20554,1,Male
20555,1,Female
20556,1,Male
20557,1,Male
20558,1,Female
20559,1,Male
20560,1,Female
20561,1,Male
20562,1,Male
20563,1,Male
20564,1,Male
20565,1,Male
20566,1,Female
20567,1,Male
20568,1,Male
20569,1,Female
20570,1,Female
20571,1,Male
20572,1,Female
20573,1,Female
20574,1,Male
20575,1,Female
20576,1,Male
20577,1,Male
20578,1,Female
20579,1,Male
20580,1,Male
20581,1,Male
20582,1,Female
20583,1,Male
20584,1,Male
20585,1,Male
20586,1,Male
20587,1,Male
20588,1,Female
20589,1,Male
20590,1,Male
20591,1,Female
20592,1,Male
20593,1,Male
20594,1,Male
20595,1,Male
20596,1,Male
20597,1,Male
20598,1,Male
20599,1,Female
20600,1,Male
20601,1,Female
20602,1,Female
20603,1,Female
20604,1,Male
20605,1,Female
20606,1,Male
20607,1,Male
20608,1,Male
20609,1,Male
20610,1,Female
20611,1,Female
20612,1,Male
20613,1,Female
20614,1,Female
20615,1,Male
20616,1,Female
20617,1,Male
20618,1,Male
20619,1,Male
20620,1,Male
20621,1,Female
20622,1,Female
20623,1,Male
20624,1,Female
20625,1,Female
20626,1,Male
20627,1,Male
20628,1,Male
20629,1,Male
20630,1,Male
20631,1,Male
20632,1,Female
20633,1,Female
20634,1,Female
20635,1,Female
20636,1,Male
20637,1,Male
20638,1,Female
20639,1,Female
20640,1,Male
20641,1,Male
20642,1,Male
20643,1,Female
20644,1,Male
20645,1,Male
20646,1,Male
20647,1,Male
20648,1,Male
20649,1,Male
20650,1,Male
20651,1,Female
20652,1,Male
20653,1,Male
20654,1,Female
20655,1,Female
20656,1,Male
20657,1,Male
20658,1,Male
20659,1,Female
20660,1,Female
20661,1,Female
20662,1,Female
20663,1,Female
20664,1,Female
20665,1,Male
20666,1,Male
20667,1,Male
20668,1,Female
20669,1,Female
20670,1,Male
20671,1,Female
20672,1,Male
20673,1,Female
20674,1,Female
20675,1,Female
20676,1,Male
20677,1,Male
20678,1,Male
20679,1,Male
20680,1,Male
20681,1,Male
20682,1,Male
20683,1,Female
20684,1,Male
20685,1,Male
20686,1,Female
20687,1,Female
20688,1,Male
20689,1,Male
20690,1,Female
20691,1,Female
20692,1,Male
20693,1,Female
20694,1,Male
20695,1,Male
20696,1,Male
20697,1,Male
20698,1,Female
20699,1,Female
20700,1,Male
20701,1,Male
20702,1,Male
20703,1,Female
20704,1,Male
20705,1,Female
20706,1,Female
20707,1,Male
20708,1,Male
20709,1,Male
20710,1,Female
20711,1,Male
20712,1,Male
20713,1,Male
20714,1,Male
20715,1,Male
20716,1,Female
20717,1,Female
20718,1,Female
20719,1,Male
20720,1,Male
20721,1,Male
20722,1,Male
20723,1,Female
20724,1,Male
20725,1,Male
20726,1,Male
20727,1,Female
20728,1,Female
20729,1,Male
20730,1,Male
20731,1,Female
20732,1,Male
20733,1,Female
20734,1,Male
20735,1,Female
20736,1,Male
20737,1,Male
20738,1,Female
20739,1,Female
20740,1,Male
20741,1,Male
20742,1,Male
20743,1,Male
20744,1,Male
20745,1,Male
20746,1,Male
20747,1,Male
20748,1,Male
20749,1,Male
20750,1,Male
20751,1,Female
20752,1,Male
20753,1,Female
20754,1,Male
20755,1,Female
20756,1,Female
20757,1,Male
20758,1,Male
20759,1,Male
20760,1,Male
20761,1,Male
20762,1,Male
20763,1,Male
20764,1,Female
20765,1,Female
20766,1,Male
20767,1,Male
20768,1,Male
20769,1,Female
20770,1,Male
20771,1,Male
20772,1,Male
20773,1,Male
20774,1,Male
20775,1,Male
20776,1,Male
20777,1,Female
20778,1,Female
20779,1,Female
20780,1,Male
20781,1,Male
20782,1,Male
20783,1,Male
20784,1,Male
20785,1,Male
20786,1,Male
20787,1,Female
20788,1,Male
20789,1,Female
20790,1,Male
20791,1,Male
20792,1,Male
20793,1,Male
20794,1,Male
20795,1,Male
20796,1,Male
20797,1,Female
20798,1,Female
20799,1,Male
20800,1,Female
20801,1,Male
20802,1,Male
20803,1,Male
20804,1,Male
20805,1,Female
20806,1,Male
20807,1,Male
20808,1,Female
20809,1,Female
20810,1,Female
20811,1,Male
20812,1,Male
20813,1,Female
20814,1,Female
20815,1,Male
20816,1,Male
20817,1,Female
20818,1,Male
20819,1,Female
20820,1,Male
20821,1,Female
20822,1,Male
20823,1,Male
20824,1,Female
20825,1,Male
20826,1,Male
20827,1,Female
20828,1,Male
20829,1,Male
20830,1,Female
20831,1,Male
20832,1,Male
20833,1,Female
20834,1,Male
20835,1,Male
20836,1,Male
20837,1,Male
20838,1,Male
20839,1,Male
20840,1,Male
20841,1,Male
20842,1,Male
20843,1,Male
20844,1,Female
20845,1,Male
20846,1,Female
20847,1,Male
20848,1,Male
20849,1,Male
20850,1,Male
20851,1,Male
20852,1,Female
20853,1,Male
20854,1,Male
20855,1,Male
20856,1,Male
20857,1,Male
20858,1,Female
20859,1,Female
20860,1,Male
20861,1,Male
20862,1,Female
20863,1,Male
20864,1,Male
20865,1,Female
20866,1,Male
20867,1,Female
20868,1,Male
20869,1,Male
20870,1,Female
20871,1,Male
20872,1,Male
20873,1,Male
20874,1,Male
20875,1,Male
20876,1,Male
20877,1,Female
20878,1,Male
20879,1,Male
20880,1,Male
20881,1,Male
20882,1,Female
20883,1,Male
20884,1,Male
20885,1,Male
20886,1,Male
20887,1,Male
20888,1,Male
20889,1,Male
20890,1,Female
20891,1,Male
20892,1,Male
20893,1,Male
20894,1,Male
20895,1,Male
20896,1,Female
20897,1,Male
20898,1,Male
20899,1,Male
20900,1,Male
20901,1,Male
20902,1,Male
20903,1,Male
20904,1,Male
20905,1,Male
20906,1,Female
20907,1,Female
20908,1,Female
20909,1,Female
20910,1,Male
20911,1,Female
20912,1,Female
20913,1,Female
20914,1,Male
20915,1,Male
20916,1,Male
20917,1,Male
20918,1,Female
20919,1,Male
20920,1,Male
20921,1,Male
20922,1,Male
20923,1,Female
20924,1,Male
20925,1,Male
20926,1,Female
20927,1,Female
20928,1,Male
20929,1,Male
20930,1,Male
20931,1,Male
20932,1,Male
20933,1,Female
20934,1,Female
20935,1,Female
20936,1,Female
20937,1,Male
20938,1,Male
20939,1,Male
20940,1,Male
20941,1,Female
20942,1,Male
20943,1,Male
20944,1,Male
20945,1,Male
20946,1,Female
20947,1,Male
20948,1,Female
20949,1,Male
20950,1,Female
20951,1,Male
20952,1,Male
20953,1,Female
20954,1,Male
20955,1,Female
20956,1,Male
20957,1,Male
20958,1,Female
20959,1,Male
20960,1,Male
20961,1,Male
20962,1,Female
20963,1,Male
20964,1,Male
20965,1,Male
20966,1,Male
20967,1,Male
20968,1,Female
20969,1,Male
20970,1,Female
20971,1,Male
20972,1,Female
20973,1,Male
20974,1,Male
20975,1,Male
20976,1,Male
20977,1,Male
20978,1,Male
20979,1,Male
20980,1,Female
20981,1,Male
20982,1,Female
20983,1,Male
20984,1,Male
20985,1,Male
20986,1,Male
20987,1,Male
20988,1,Female
20989,1,Male
20990,1,Female
20991,1,Male
20992,1,Female
20993,1,Male
20994,1,Male
20995,1,Female
20996,1,Female
20997,1,Male
20998,1,Female
20999,1,Female
21000,1,Female
21001,1,Male
21002,1,Male
21003,1,Male
21004,1,Male
21005,1,Male
21006,1,Male
21007,1,Male
21008,1,Male
21009,1,Male
21010,1,Female
21011,1,Male
21012,1,Male
21013,1,Male
21014,1,Male
21015,1,Male
21016,1,Female
21017,1,Male
21018,1,Male
21019,1,Male
21020,1,Female
21021,1,Female
21022,1,Male
21023,1,Male
21024,1,Male
21025,1,Male
21026,1,Male
21027,1,Male
21028,1,Male
21029,1,Female
21030,1,Male
21031,1,Male
21032,1,Male
21033,1,Male
21034,1,Female
21035,1,Male
21036,1,Male
21037,1,Female
21038,1,Male
21039,1,Male
21040,1,Female
21041,1,Male
21042,1,Male
21043,1,Male
21044,1,Female
21045,1,Male
21046,1,Female
21047,1,Female
21048,1,Male
21049,1,Male
21050,1,Male
21051,1,Female
21052,1,Male
21053,1,Male
21054,1,Male
21055,1,Male
21056,1,Female
21057,1,Male
21058,1,Male
21059,1,Male
21060,1,Male
21061,1,Male
21062,1,Male
21063,1,Male
21064,1,Female
21065,1,Male
21066,1,Female
21067,1,Female
21068,1,Male
21069,1,Male
21070,1,Male
21071,1,Male
21072,1,Male
21073,1,Female
21074,1,Female
21075,1,Male
21076,1,Male
21077,1,Male
21078,1,Male
21079,1,Female
21080,1,Male
21081,1,Male
21082,1,Male
21083,1,Male
21084,1,Female
21085,1,Female
21086,1,Male
21087,1,Male
21088,1,Male
21089,1,Female
21090,1,Male
21091,1,Female
21092,1,Male
21093,1,Male
21094,1,Male
21095,1,Male
21096,1,Male
21097,1,Female
21098,1,Female
21099,1,Male
21100,1,Male
21101,1,Male
21102,1,Male
21103,1,Male
21104,1,Male
21105,1,Female
21106,1,Female
21107,1,Female
21108,1,Male
21109,1,Male
21110,1,Female
21111,1,Female
21112,1,Female
21113,1,Female
21114,1,Male
21115,1,Female
21116,1,Male
21117,1,Male
21118,1,Female
21119,1,Male
21120,1,Male
21121,1,Male
21122,1,Male
21123,1,Male
21124,1,Male
21125,1,Female
21126,1,Male
21127,1,Female
21128,1,Female
21129,1,Male
21130,1,Female
21131,1,Male
21132,1,Male
21133,1,Female
21134,1,Female
21135,1,Male
21136,1,Male
21137,1,Male
21138,1,Male
21139,1,Male
21140,1,Female
21141,1,Male
21142,1,Male
21143,1,Male
21144,1,Male
21145,1,Female
21146,1,Female
21147,1,Female
21148,1,Female
21149,1,Male
21150,1,Male
21151,1,Female
21152,1,Female
21153,1,Female
21154,1,Male
21155,1,Male
21156,1,Male
21157,1,Male
21158,1,Female
21159,1,Female
21160,1,Female
21161,1,Female
21162,1,Female
21163,1,Female
21164,1,Male
21165,1,Male
21166,1,Male
21167,1,Male
21168,1,Female
21169,1,Female
21170,1,Male
21171,1,Male
21172,1,Male
21173,1,Male
21174,1,Male
21175,1,Male
21176,1,Female
21177,1,Male
21178,1,Female
21179,1,Male
21180,1,Male
21181,1,Male
21182,1,Female
21183,1,Female
21184,1,Male
21185,1,Male
21186,1,Female
21187,1,Male
21188,1,Female
21189,1,Male
21190,1,Male
21191,1,Male
21192,1,Male
21193,1,Female
21194,1,Male
21195,1,Male
21196,1,Male
21197,1,Male
21198,1,Male
21199,1,Female
21200,1,Male
21201,1,Male
21202,1,Male
21203,1,Male
21204,1,Male
21205,1,Male
21206,1,Male
21207,1,Male
21208,1,Male
21209,1,Male
21210,1,Female
21211,1,Male
21212,1,Female
21213,1,Male
21214,1,Male
21215,1,Male
21216,1,Female
21217,1,Female
21218,1,Female
21219,1,Female
21220,1,Male
21221,1,Male
21222,1,Male
21223,1,Male
21224,1,Male
21225,1,Male
21226,1,Male
21227,1,Male
21228,1,Male
21229,1,Female
21230,1,Male
21231,1,Male
21232,1,Male
21233,1,Male
21234,1,Male
21235,1,Male
21236,1,Male
21237,1,Female
21238,1,Female
21239,1,Male
21240,1,Male
21241,1,Male
21242,1,Male
21243,1,Female
21244,1,Male
21245,1,Male
21246,1,Female
21247,1,Female
21248,1,Female
21249,1,Female
21250,1,Male
21251,1,Male
21252,1,Male
21253,1,Male
21254,1,Male
21255,1,Male
21256,1,Female
21257,1,Female
21258,1,Male
21259,1,Male
21260,1,Male
21261,1,Male
21262,1,Male
21263,1,Male
21264,1,Male
21265,1,Female
21266,1,Male
21267,1,Male
21268,1,Male
21269,1,Female
21270,1,Male
21271,1,Male
21272,1,Female
21273,1,Male
21274,1,Male
21275,1,Female
21276,1,Female
21277,1,Male
21278,1,Male
21279,1,Male
21280,1,Male
21281,1,Female
21282,1,Male
21283,1,Male
21284,1,Male
21285,1,Male
21286,1,Male
21287,1,Male
21288,1,Male
21289,1,Male
21290,1,Male
21291,1,Male
21292,1,Female
21293,1,Male
21294,1,Female
21295,1,Male
21296,1,Male
21297,1,Female
21298,1,Female
21299,1,Male
21300,1,Male
21301,1,Female
21302,1,Male
21303,1,Female
21304,1,Female
21305,1,Male
21306,1,Male
21307,1,Male
21308,1,Male
21309,1,Male
21310,1,Male
21311,1,Male
21312,1,Male
21313,1,Male
21314,1,Female
21315,1,Female
21316,1,Male
21317,1,Male
21318,1,Male
21319,1,Male
21320,1,Male
21321,1,Male
21322,1,Male
21323,1,Male
21324,1,Male
21325,1,Male
21326,1,Male
21327,1,Male
21328,1,Male
21329,1,Male
21330,1,Male
21331,1,Male
21332,1,Male
21333,1,Female
21334,1,Male
21335,1,Male
21336,1,Female
21337,1,Female
21338,1,Female
21339,1,Male
21340,1,Male
21341,1,Male
21342,1,Male
21343,1,Female
21344,1,Male
21345,1,Male
21346,1,Male
21347,1,Male
21348,1,Male
21349,1,Male
21350,1,Female
21351,1,Male
21352,1,Male
21353,1,Male
21354,1,Male
21355,1,Male
21356,1,Male
21357,1,Male
21358,1,Male
21359,1,Male
21360,1,Male
21361,1,Female
21362,1,Male
21363,1,Male
21364,1,Female
21365,1,Female
21366,1,Male
21367,1,Female
21368,1,Female
21369,1,Male
21370,1,Female
21371,1,Male
21372,1,Male
21373,1,Female
21374,1,Female
21375,1,Female
21376,1,Male
21377,1,Male
21378,1,Female
21379,1,Female
21380,1,Male
21381,1,Male
21382,1,Male
21383,1,Female
21384,1,Male
21385,1,Female
21386,1,Male
21387,1,Female
21388,1,Male
21389,1,Male
21390,1,Male
21391,1,Female
21392,1,Male
21393,1,Male
21394,1,Male
21395,1,Female
21396,1,Female
21397,1,Female
21398,1,Female
21399,1,Male
21400,1,Female
21401,1,Female
21402,1,Male
21403,1,Male
21404,1,Male
21405,1,Male
21406,1,Male
21407,1,Male
21408,1,Male
21409,1,Male
21410,1,Male
21411,1,Female
21412,1,Female
21413,1,Male
21414,1,Male
21415,1,Male
21416,1,Female
21417,1,Male
21418,1,Male
21419,1,Male
21420,1,Male
21421,1,Male
21422,1,Female
21423,1,Male
21424,1,Male
21425,1,Female
21426,1,Male
21427,1,Female
21428,1,Male
21429,1,Male
21430,1,Male
21431,1,Male
21432,1,Male
21433,1,Female
21434,1,Male
21435,1,Male
21436,1,Male
21437,1,Male
21438,1,Male
21439,1,Male
21440,1,Male
21441,1,Female
21442,1,Male
21443,1,Female
21444,1,Male
21445,1,Male
21446,1,Male
21447,1,Female
21448,1,Male
21449,1,Male
21450,1,Male
21451,1,Female
21452,1,Female
21453,1,Male
21454,1,Male
21455,1,Male
21456,1,Male
21457,1,Male
21458,1,Male
21459,1,Male
21460,1,Male
21461,1,Female
21462,1,Male
21463,1,Female
21464,1,Female
21465,1,Female
21466,1,Female
21467,1,Male
21468,1,Female
21469,1,Male
21470,1,Male
21471,1,Female
21472,1,Male
21473,1,Male
21474,1,Female
21475,1,Female
21476,1,Male
21477,1,Male
21478,1,Male
21479,1,Female
21480,1,Male
21481,1,Male
21482,1,Male
21483,1,Male
21484,1,Male
21485,1,Male
21486,1,Male
21487,1,Male
21488,1,Female
21489,1,Male
21490,1,Male
21491,1,Female
21492,1,Male
21493,1,Male
21494,1,Male
21495,1,Male
21496,1,Male
21497,1,Male
21498,1,Male
21499,1,Male
21500,1,Female
21501,1,Male
21502,1,Male
21503,1,Male
21504,1,Male
21505,1,Female
21506,1,Female
21507,1,Male
21508,1,Male
21509,1,Male
21510,1,Male
21511,1,Female
21512,1,Male
21513,1,Female
21514,1,Male
21515,1,Male
21516,1,Male
21517,1,Female
21518,1,Female
21519,1,Male
21520,1,Male
21521,1,Female
21522,1,Male
21523,1,Male
21524,1,Male
21525,1,Male
21526,1,Male
21527,1,Female
21528,1,Female
21529,1,Male
21530,1,Female
21531,1,Male
21532,1,Male
21533,1,Male
21534,1,Female
21535,1,Female
21536,1,Female
21537,1,Male
21538,1,Male
21539,1,Male
21540,1,Female
21541,1,Male
21542,1,Male
21543,1,Male
21544,1,Female
21545,1,Male
21546,1,Male
21547,1,Female
21548,1,Female
21549,1,Female
21550,1,Female
21551,1,Male
21552,1,Male
21553,1,Male
21554,1,Male
21555,1,Male
21556,1,Male
21557,1,Female
21558,1,Male
21559,1,Male
21560,1,Male
21561,1,Male
21562,1,Female
21563,1,Male
21564,1,Male
21565,1,Female
21566,1,Male
21567,1,Female
21568,1,Female
21569,1,Male
21570,1,Male
21571,1,Male
21572,1,Male
21573,1,Female
21574,1,Male
21575,1,Female
21576,1,Male
21577,1,Male
21578,1,Male
21579,1,Male
21580,1,Male
21581,1,Female
21582,1,Male
21583,1,Female
21584,1,Male
21585,1,Male
21586,1,Male
21587,1,Female
21588,1,Male
21589,1,Male
21590,1,Male
21591,1,Male
21592,1,Male
21593,1,Female
21594,1,Female
21595,1,Male
21596,1,Male
21597,1,Male
21598,1,Female
21599,1,Female
21600,1,Male
21601,1,Female
21602,1,Male
21603,1,Female
21604,1,Male
21605,1,Male
21606,1,Male
21607,1,Male
21608,1,Female
21609,1,Male
21610,1,Male
21611,1,Male
21612,1,Male
21613,1,Female
21614,1,Male
21615,1,Male
21616,1,Male
21617,1,Female
21618,1,Male
21619,1,Female
21620,1,Male
21621,1,Female
21622,1,Male
21623,1,Male
21624,1,Male
21625,1,Male
21626,1,Female
21627,1,Female
21628,1,Male
21629,1,Male
21630,1,Female
21631,1,Male
21632,1,Male
21633,1,Male
21634,1,Female
21635,1,Female
21636,1,Male
21637,1,Male
21638,1,Female
21639,1,Female
21640,1,Male
21641,1,Male
21642,1,Male
21643,1,Male
21644,1,Male
21645,1,Male
21646,1,Male
21647,1,Female
21648,1,Male
21649,1,Male
21650,1,Male
21651,1,Female
21652,1,Female
21653,1,Male
21654,1,Female
21655,1,Male
21656,1,Male
21657,1,Male
21658,1,Female
21659,1,Male
21660,1,Male
21661,1,Female
21662,1,Male
21663,1,Male
21664,1,Male
21665,1,Male
21666,1,Male
21667,1,Female
21668,1,Male
21669,1,Male
21670,1,Male
21671,1,Female
21672,1,Female
21673,1,Male
21674,1,Male
21675,1,Male
21676,1,Female
21677,1,Female
21678,1,Female
21679,1,Male
21680,1,Male
21681,1,Male
21682,1,Male
21683,1,Male
21684,1,Male
21685,1,Female
21686,1,Male
21687,1,Male
21688,1,Female
21689,1,Male
21690,1,Male
21691,1,Female
21692,1,Female
21693,1,Male
21694,1,Male
21695,1,Female
21696,1,Female
21697,1,Female
21698,1,Male
21699,1,Male
21700,1,Female
21701,1,Male
21702,1,Male
21703,1,Male
21704,1,Male
21705,1,Female
21706,1,Male
21707,1,Male
21708,1,Female
21709,1,Male
21710,1,Female
21711,1,Male
21712,1,Male
21713,1,Male
21714,1,Male
21715,1,Female
21716,1,Male
21717,1,Male
21718,1,Female
21719,1,Male
21720,1,Male
21721,1,Male
21722,1,Female
21723,1,Male
21724,1,Male
21725,1,Male
21726,1,Male
21727,1,Female
21728,1,Female
21729,1,Female
21730,1,Female
21731,1,Male
21732,1,Female
21733,1,Male
21734,1,Male
21735,1,Female
21736,1,Female
21737,1,Female
21738,1,Male
21739,1,Male
21740,1,Female
21741,1,Female
21742,1,Female
21743,1,Male
21744,1,Female
21745,1,Male
21746,1,Male
21747,1,Male
21748,1,Male
21749,1,Male
21750,1,Female
21751,1,Male
21752,1,Male
21753,1,Male
21754,1,Female
21755,1,Female
21756,1,Male
21757,1,Female
21758,1,Male
21759,1,Male
21760,1,Male
21761,1,Female
21762,1,Male
21763,1,Male
21764,1,Male
21765,1,Male
21766,1,Male
21767,1,Female
21768,1,Male
21769,1,Male
21770,1,Male
21771,1,Female
21772,1,Male
21773,1,Male
21774,1,Male
21775,1,Male
21776,1,Male
21777,1,Male
21778,1,Male
21779,1,Male
21780,1,Male
21781,1,Male
21782,1,Female
21783,1,Female
21784,1,Male
21785,1,Male
21786,1,Female
21787,1,Male
21788,1,Female
21789,1,Female
21790,1,Female
21791,1,Male
21792,1,Female
21793,1,Female
21794,1,Female
21795,1,Male
21796,1,Female
21797,1,Male
21798,1,Male
21799,1,Male
21800,1,Female
21801,1,Male
21802,1,Male
21803,1,Male
21804,1,Male
21805,1,Male
21806,1,Female
21807,1,Male
21808,1,Male
21809,1,Male
21810,1,Male
21811,1,Male
21812,1,Female
21813,1,Male
21814,1,Female
21815,1,Male
21816,1,Male
21817,1,Male
21818,1,Male
21819,1,Female
21820,1,Female
21821,1,Female
21822,1,Male
21823,1,Male
21824,1,Male
21825,1,Male
21826,1,Male
21827,1,Male
21828,1,Male
21829,1,Male
21830,1,Male
21831,1,Male
21832,1,Female
21833,1,Male
21834,1,Male
21835,1,Male
21836,1,Male
21837,1,Male
21838,1,Male
21839,1,Male
21840,1,Male
21841,1,Male
21842,1,Female
21843,1,Female
21844,1,Female
21845,1,Male
21846,1,Female
21847,1,Female
21848,1,Male
21849,1,Male
21850,1,Male
21851,1,Female
21852,1,Male
21853,1,Male
21854,1,Female
21855,1,Male
21856,1,Male
21857,1,Male
21858,1,Male
21859,1,Male
21860,1,Male
21861,1,Female
21862,1,Male
21863,1,Female
21864,1,Male
21865,1,Male
21866,1,Female
21867,1,Male
21868,1,Male
21869,1,Female
21870,1,Male
21871,1,Female
21872,1,Male
21873,1,Female
21874,1,Female
21875,1,Female
21876,1,Female
21877,1,Female
21878,1,Female
21879,1,Male
21880,1,Male
21881,1,Female
21882,1,Male
21883,1,Male
21884,1,Male
21885,1,Female
21886,1,Female
21887,1,Male
21888,1,Male
21889,1,Female
21890,1,Male
21891,1,Male
21892,1,Female
21893,1,Male
21894,1,Male
21895,1,Male
21896,1,Male
21897,1,Male
21898,1,Male
21899,1,Female
21900,1,Male
21901,1,Male
21902,1,Male
21903,1,Female
21904,1,Male
21905,1,Female
21906,1,Female
21907,1,Male
21908,1,Male
21909,1,Male
21910,1,Female
21911,1,Male
21912,1,Male
21913,1,Male
21914,1,Female
21915,1,Female
21916,1,Male
21917,1,Male
21918,1,Male
21919,1,Male
21920,1,Male
21921,1,Male
21922,1,Female
21923,1,Female
21924,1,Female
21925,1,Male
21926,1,Male
21927,1,Male
21928,1,Male
21929,1,Female
21930,1,Male
21931,1,Male
21932,1,Male
21933,1,Female
21934,1,Male
21935,1,Male
21936,1,Male
21937,1,Male
21938,1,Male
21939,1,Male
21940,1,Male
21941,1,Male
21942,1,Male
21943,1,Female
21944,1,Male
21945,1,Male
21946,1,Male
21947,1,Male
21948,1,Female
21949,1,Female
21950,1,Male
21951,1,Female
21952,1,Male
21953,1,Female
21954,1,Female
21955,1,Male
21956,1,Male
21957,1,Female
21958,1,Female
21959,1,Male
21960,1,Male
21961,1,Male
21962,1,Female
21963,1,Male
21964,1,Female
21965,1,Male
21966,1,Male
21967,1,Male
21968,1,Female
21969,1,Male
21970,1,Male
21971,1,Male
21972,1,Male
21973,1,Male
21974,1,Female
21975,1,Male
21976,1,Male
21977,1,Female
21978,1,Male
21979,1,Male
21980,1,Male
21981,1,Male
21982,1,Male
21983,1,Male
21984,1,Male
21985,1,Male
21986,1,Male
21987,1,Female
21988,1,Male
21989,1,Male
21990,1,Female
21991,1,Male
21992,1,Female
21993,1,Male
21994,1,Male
21995,1,Male
21996,1,Male
21997,1,Male
21998,1,Male
21999,1,Female
22000,1,Female
22001,1,Male
22002,1,Female
22003,1,Male
22004,1,Female
22005,1,Female
22006,1,Male
22007,1,Female
22008,1,Female
22009,1,Female
22010,1,Female
22011,1,Female
22012,1,Female
22013,1,Male
22014,1,Male
22015,1,Male
22016,1,Male
22017,1,Male
22018,1,Male
22019,1,Male
22020,1,Male
22021,1,Male
22022,1,Female
22023,1,Female
22024,1,Male
22025,1,Male
22026,1,Female
22027,1,Male
22028,1,Male
22029,1,Female
22030,1,Male
22031,1,Female
22032,1,Female
22033,1,Male
22034,1,Male
22035,1,Female
22036,1,Female
22037,1,Male
22038,1,Male
22039,1,Male
22040,1,Male
22041,1,Male
22042,1,Male
22043,1,Male
22044,1,Female
22045,1,Female
22046,1,Male
22047,1,Female
22048,1,Female
22049,1,Male
22050,1,Male
22051,1,Female
22052,1,Female
22053,1,Male
22054,1,Female
22055,1,Female
22056,1,Male
22057,1,Female
22058,1,Female
22059,1,Female
22060,1,Male
22061,1,Female
22062,1,Male
22063,1,Female
22064,1,Female
22065,1,Male
22066,1,Male
22067,1,Female
22068,1,Male
22069,1,Female
22070,1,Male
22071,1,Male
22072,1,Male
22073,1,Male
22074,1,Male
22075,1,Female
22076,1,Male
22077,1,Female
22078,1,Male
22079,1,Female
22080,1,Male
22081,1,Male
22082,1,Male
22083,1,Female
22084,1,Female
22085,1,Female
22086,1,Male
22087,1,Female
22088,1,Male
22089,1,Male
22090,1,Male
22091,1,Male
22092,1,Male
22093,1,Male
22094,1,Male
22095,1,Female
22096,1,Male
22097,1,Male
22098,1,Male
22099,1,Female
22100,1,Female
22101,1,Female
22102,1,Male
22103,1,Female
22104,1,Female
22105,1,Male
22106,1,Male
22107,1,Male
22108,1,Male
22109,1,Male
22110,1,Male
22111,1,Male
22112,1,Male
22113,1,Male
22114,1,Male
22115,1,Male
22116,1,Female
22117,1,Female
22118,1,Male
22119,1,Male
22120,1,Female
22121,1,Male
22122,1,Male
22123,1,Male
22124,1,Male
22125,1,Male
22126,1,Male
22127,1,Male
22128,1,Male
22129,1,Male
22130,1,Male
22131,1,Female
22132,1,Male
22133,1,Male
22134,1,Male
22135,1,Female
22136,1,Male
22137,1,Female
22138,1,Female
22139,1,Male
22140,1,Female
22141,1,Male
22142,1,Female
22143,1,Male
22144,1,Male
22145,1,Male
22146,1,Male
22147,1,Male
22148,1,Female
22149,1,Male
22150,1,Female
22151,1,Male
22152,1,Male
22153,1,Male
22154,1,Male
22155,1,Female
22156,1,Male
22157,1,Male
22158,1,Female
22159,1,Female
22160,1,Male
22161,1,Male
22162,1,Male
22163,1,Female
22164,1,Male
22165,1,Male
22166,1,Female
22167,1,Male
22168,1,Male
22169,1,Male
22170,1,Female
22171,1,Female
22172,1,Male
22173,1,Male
22174,1,Male
22175,1,Male
22176,1,Female
22177,1,Male
22178,1,Male
22179,1,Female
22180,1,Male
22181,1,Female
22182,1,Male
22183,1,Male
22184,1,Male
22185,1,Female
22186,1,Male
22187,1,Male
22188,1,Male
22189,1,Male
22190,1,Female
22191,1,Male
22192,1,Female
22193,1,Female
22194,1,Male
22195,1,Male
22196,1,Male
22197,1,Male
22198,1,Male
22199,1,Male
22200,1,Male
22201,1,Female
22202,1,Male
22203,1,Female
22204,1,Male
22205,1,Male
22206,1,Male
22207,1,Male
22208,1,Male
22209,1,Male
22210,1,Male
22211,1,Female
22212,1,Female
22213,1,Female
22214,1,Male
22215,1,Male
22216,1,Female
22217,1,Male
22218,1,Male
22219,1,Female
22220,1,Male
22221,1,Male
22222,1,Female
22223,1,Male
22224,1,Male
22225,1,Female
22226,1,Male
22227,1,Female
22228,1,Female
22229,1,Male
22230,1,Male
22231,1,Male
22232,1,Male
22233,1,Female
22234,1,Male
22235,1,Female
22236,1,Female
22237,1,Male
22238,1,Male
22239,1,Female
22240,1,Female
22241,1,Male
22242,1,Male
22243,1,Female
22244,1,Male
22245,1,Female
22246,1,Female
22247,1,Male
22248,1,Female
22249,1,Male
22250,1,Male
22251,1,Male
22252,1,Male
22253,1,Female
22254,1,Male
22255,1,Male
22256,1,Male
22257,1,Male
22258,1,Female
22259,1,Male
22260,1,Male
22261,1,Male
22262,1,Female
22263,1,Female
22264,1,Male
22265,1,Female
22266,1,Male
22267,1,Male
22268,1,Female
22269,1,Female
22270,1,Male
22271,1,Female
22272,1,Male
22273,1,Male
22274,1,Male
22275,1,Male
22276,1,Male
22277,1,Male
22278,1,Male
22279,1,Male
22280,1,Male
22281,1,Female
22282,1,Male
22283,1,Male
22284,1,Male
22285,1,Female
22286,1,Male
22287,1,Female
22288,1,Male
22289,1,Male
22290,1,Female
22291,1,Male
22292,1,Male
22293,1,Male
22294,1,Male
22295,1,Female
22296,1,Male
22297,1,Female
22298,1,Male
22299,1,Female
22300,1,Female
22301,1,Male
22302,1,Male
22303,1,Male
22304,1,Male
22305,1,Male
22306,1,Male
22307,1,Male
22308,1,Female
22309,1,Male
22310,1,Male
22311,1,Male
22312,1,Male
22313,1,Male
22314,1,Female
22315,1,Male
22316,1,Female
22317,1,Female
22318,1,Female
22319,1,Male
22320,1,Female
22321,1,Male
22322,1,Male
22323,1,Female
22324,1,Male
22325,1,Male
22326,1,Male
22327,1,Female
22328,1,Male
22329,1,Male
22330,1,Female
22331,1,Male
22332,1,Female
22333,1,Male
22334,1,Male
22335,1,Male
22336,1,Male
22337,1,Male
22338,1,Female
22339,1,Male
22340,1,Male
22341,1,Male
22342,1,Male
22343,1,Male
22344,1,Male
22345,1,Male
22346,1,Male
22347,1,Female
22348,1,Male
22349,1,Male
22350,1,Male
22351,1,Female
22352,1,Male
22353,1,Female
22354,1,Male
22355,1,Male
22356,1,Male
22357,1,Male
22358,1,Male
22359,1,Female
22360,1,Male
22361,1,Male
22362,1,Male
22363,1,Male
22364,1,Female
22365,1,Female
22366,1,Male
22367,1,Male
22368,1,Female
22369,1,Male
22370,1,Male
22371,1,Male
22372,1,Female
22373,1,Male
22374,1,Male
22375,1,Male
22376,1,Male
22377,1,Male
22378,1,Male
22379,1,Female
22380,1,Male
22381,1,Male
22382,1,Male
22383,1,Male
22384,1,Female
22385,1,Male
22386,1,Male
22387,1,Male
22388,1,Male
22389,1,Male
22390,1,Male
22391,1,Male
22392,1,Male
22393,1,Male
22394,1,Female
22395,1,Male
22396,1,Male
22397,1,Female
22398,1,Male
22399,1,Male
22400,1,Male
22401,1,Female
22402,1,Male
22403,1,Male
22404,1,Female
22405,1,Male
22406,1,Male
22407,1,Male
22408,1,Female
22409,1,Male
22410,1,Male
22411,1,Female
22412,1,Male
22413,1,Male
22414,1,Female
22415,1,Male
22416,1,Female
22417,1,Male
22418,1,Male
22419,1,Male
22420,1,Male
22421,1,Male
22422,1,Male
22423,1,Male
22424,1,Male
22425,1,Male
22426,1,Male
22427,1,Female
22428,1,Female
22429,1,Female
22430,1,Male
22431,1,Male
22432,1,Male
22433,1,Female
22434,1,Male
22435,1,Female
22436,1,Female
22437,1,Male
22438,1,Female
22439,1,Male
22440,1,Male
22441,1,Female
22442,1,Female
22443,1,Male
22444,1,Male
22445,1,Male
22446,1,Male
22447,1,Male
22448,1,Male
22449,1,Female
22450,1,Female
22451,1,Female
22452,1,Male
22453,1,Male
22454,1,Male
22455,1,Female
22456,1,Male
22457,1,Female
22458,1,Male
22459,1,Male
22460,1,Male
22461,1,Male
22462,1,Female
22463,1,Male
22464,1,Male
22465,1,Female
22466,1,Male
22467,1,Female
22468,1,Male
22469,1,Male
22470,1,Male
22471,1,Female
22472,1,Female
22473,1,Male
22474,1,Male
22475,1,Male
22476,1,Female
22477,1,Male
22478,1,Male
22479,1,Male
22480,1,Female
22481,1,Male
22482,1,Male
22483,1,Female
22484,1,Male
22485,1,Male
22486,1,Male
22487,1,Male
22488,1,Male
22489,1,Female
22490,1,Female
22491,1,Male
22492,1,Male
22493,1,Male
22494,1,Male
22495,1,Male
22496,1,Male
22497,1,Male
22498,1,Female
22499,1,Male
22500,1,Male
22501,1,Male
22502,1,Male
22503,1,Female
22504,1,Male
22505,1,Male
22506,1,Female
22507,1,Male
22508,1,Female
22509,1,Male
22510,1,Male
22511,1,Male
22512,1,Male
22513,1,Male
22514,1,Male
22515,1,Female
22516,1,Male
22517,1,Female
22518,1,Male
22519,1,Male
22520,1,Male
22521,1,Female
22522,1,Female
22523,1,Female
22524,1,Male
22525,1,Female
22526,1,Male
22527,1,Female
22528,1,Male
22529,1,Male
22530,1,Male
22531,1,Female
22532,1,Male
22533,1,Female
22534,1,Female
22535,1,Male
22536,1,Male
22537,1,Female
22538,1,Male
22539,1,Male
22540,1,Male
22541,1,Male
22542,1,Male
22543,1,Male
22544,1,Female
22545,1,Male
22546,1,Male
22547,1,Male
22548,1,Female
22549,1,Female
22550,1,Female
22551,1,Male
22552,1,Male
22553,1,Male
22554,1,Male
22555,1,Male
22556,1,Female
22557,1,Male
22558,1,Male
22559,1,Male
22560,1,Male
22561,1,Male
22562,1,Male
22563,1,Female
22564,1,Male
22565,1,Male
22566,1,Female
22567,1,Male
22568,1,Male
22569,1,Female
22570,1,Male
22571,1,Female
22572,1,Male
22573,1,Female
22574,1,Female
22575,1,Male
22576,1,Female
22577,1,Female
22578,1,Male
22579,1,Female
22580,1,Male
22581,1,Male
22582,1,Male
22583,1,Male
22584,1,Male
22585,1,Male
22586,1,Male
22587,1,Male
22588,1,Male
22589,1,Female
22590,1,Female
22591,1,Male
22592,1,Male
22593,1,Male
22594,1,Female
22595,1,Male
22596,1,Male
22597,1,Male
22598,1,Female
22599,1,Female
22600,1,Male
22601,1,Male
22602,1,Male
22603,1,Male
22604,1,Male
22605,1,Male
22606,1,Male
22607,1,Male
22608,1,Male
22609,1,Female
22610,1,Female
22611,1,Female
22612,1,Male
22613,1,Female
22614,1,Male
22615,1,Male
22616,1,Female
22617,1,Male
22618,1,Male
22619,1,Female
22620,1,Male
22621,1,Male
22622,1,Female
22623,1,Female
22624,1,Female
22625,1,Female
22626,1,Male
22627,1,Female
22628,1,Male
22629,1,Female
22630,1,Female
22631,1,Female
22632,1,Male
22633,1,Male
22634,1,Female
22635,1,Male
22636,1,Female
22637,1,Male
22638,1,Male
22639,1,Male
22640,1,Male
22641,1,Male
22642,1,Male
22643,1,Male
22644,1,Female
22645,1,Female
22646,1,Female
22647,1,Male
22648,1,Female
22649,1,Male
22650,1,Male
22651,1,Female
22652,1,Male
22653,1,Male
22654,1,Male
22655,1,Female
22656,1,Female
22657,1,Female
22658,1,Male
22659,1,Male
22660,1,Male
22661,1,Male
22662,1,Male
22663,1,Male
22664,1,Female
22665,1,Male
22666,1,Female
22667,1,Female
22668,1,Male
22669,1,Male
22670,1,Female
22671,1,Male
22672,1,Male
22673,1,Female
22674,1,Male
22675,1,Male
22676,1,Female
22677,1,Female
22678,1,Female
22679,1,Female
22680,1,Female
22681,1,Female
22682,1,Male
22683,1,Female
22684,1,Female
22685,1,Male
22686,1,Male
22687,1,Male
22688,1,Male
22689,1,Male
22690,1,Male
22691,1,Male
22692,1,Male
22693,1,Male
22694,1,Male
22695,1,Male
22696,1,Male
22697,1,Male
22698,1,Male
22699,1,Female
22700,1,Male
22701,1,Male
22702,1,Male
22703,1,Male
22704,1,Female
22705,1,Female
22706,1,Male
22707,1,Female
22708,1,Male
22709,1,Male
22710,1,Male
22711,1,Male
22712,1,Male
22713,1,Female
22714,1,Male
22715,1,Male
22716,1,Male
22717,1,Male
22718,1,Male
22719,1,Female
22720,1,Female
22721,1,Male
22722,1,Male
22723,1,Male
22724,1,Male
22725,1,Female
22726,1,Male
22727,1,Male
22728,1,Male
22729,1,Female
22730,1,Female
22731,1,Female
22732,1,Female
22733,1,Male
22734,1,Male
22735,1,Male
22736,1,Male
22737,1,Male
22738,1,Female
22739,1,Male
22740,1,Male
22741,1,Female
22742,1,Male
22743,1,Female
22744,1,Male
22745,1,Male
22746,1,Male
22747,1,Male
22748,1,Female
22749,1,Male
22750,1,Female
22751,1,Male
22752,1,Male
22753,1,Male
22754,1,Female
22755,1,Male
22756,1,Female
22757,1,Male
22758,1,Male
22759,1,Female
22760,1,Male
22761,1,Male
22762,1,Male
22763,1,Female
22764,1,Male
22765,1,Male
22766,1,Male
22767,1,Male
22768,1,Female
22769,1,Male
22770,1,Female
22771,1,Male
22772,1,Male
22773,1,Female
22774,1,Female
22775,1,Female
22776,1,Male
22777,1,Female
22778,1,Male
22779,1,Female
22780,1,Female
22781,1,Female
22782,1,Female
22783,1,Male
22784,1,Male
22785,1,Female
22786,1,Male
22787,1,Male
22788,1,Male
22789,1,Male
22790,1,Male
22791,1,Female
22792,1,Female
22793,1,Female
22794,1,Female
22795,1,Male
22796,1,Female
22797,1,Female
22798,1,Male
22799,1,Female
22800,1,Female
22801,1,Male
22802,1,Male
22803,1,Male
22804,1,Male
22805,1,Female
22806,1,Male
22807,1,Male
22808,1,Male
22809,1,Male
22810,1,Male
22811,1,Male
22812,1,Male
22813,1,Female
22814,1,Male
22815,1,Male
22816,1,Female
22817,1,Female
22818,1,Male
22819,1,Male
22820,1,Female
22821,1,Female
22822,1,Male
22823,1,Male
22824,1,Male
22825,1,Male
22826,1,Male
22827,1,Male
22828,1,Male
22829,1,Female
22830,1,Female
22831,1,Male
22832,1,Male
22833,1,Female
22834,1,Male
22835,1,Male
22836,1,Male
22837,1,Male
22838,1,Female
22839,1,Male
22840,1,Male
22841,1,Male
22842,1,Male
22843,1,Male
22844,1,Male
22845,1,Male
22846,1,Male
22847,1,Male
22848,1,Male
22849,1,Male
22850,1,Male
22851,1,Female
22852,1,Female
22853,1,Female
22854,1,Male
22855,1,Male
22856,1,Male
22857,1,Female
22858,1,Male
22859,1,Male
22860,1,Male
22861,1,Male
22862,1,Female
22863,1,Male
22864,1,Male
22865,1,Male
22866,1,Female
22867,1,Male
22868,1,Female
22869,1,Male
22870,1,Female
22871,1,Female
22872,1,Male
22873,1,Female
22874,1,Male
22875,1,Male
22876,1,Male
22877,1,Male
22878,1,Female
22879,1,Female
22880,1,Female
22881,1,Male
22882,1,Male
22883,1,Female
22884,1,Male
22885,1,Female
22886,1,Male
22887,1,Female
22888,1,Female
22889,1,Female
22890,1,Female
22891,1,Female
22892,1,Male
22893,1,Male
22894,1,Female
22895,1,Male
22896,1,Male
22897,1,Female
22898,1,Male
22899,1,Male
22900,1,Female
22901,1,Male
22902,1,Female
22903,1,Male
22904,1,Male
22905,1,Male
22906,1,Female
22907,1,Male
22908,1,Male
22909,1,Female
22910,1,Male
22911,1,Female
22912,1,Male
22913,1,Female
22914,1,Male
22915,1,Female
22916,1,Female
22917,1,Male
22918,1,Male
22919,1,Female
22920,1,Male
22921,1,Male
22922,1,Female
22923,1,Male
22924,1,Female
22925,1,Male
22926,1,Female
22927,1,Male
22928,1,Female
22929,1,Female
22930,1,Male
22931,1,Male
22932,1,Male
22933,1,Male
22934,1,Male
22935,1,Male
22936,1,Male
22937,1,Male
22938,1,Male
22939,1,Male
22940,1,Male
22941,1,Male
22942,1,Male
22943,1,Male
22944,1,Female
22945,1,Female
22946,1,Male
22947,1,Male
22948,1,Female
22949,1,Male
22950,1,Male
22951,1,Male
22952,1,Female
22953,1,Male
22954,1,Male
22955,1,Female
22956,1,Male
22957,1,Female
22958,1,Male
22959,1,Female
22960,1,Female
22961,1,Female
22962,1,Male
22963,1,Female
22964,1,Male
22965,1,Male
22966,1,Female
22967,1,Female
22968,1,Female
22969,1,Male
22970,1,Female
22971,1,Male
22972,1,Male
22973,1,Female
22974,1,Female
22975,1,Female
22976,1,Female
22977,1,Male
22978,1,Female
22979,1,Female
22980,1,Male
22981,1,Male
22982,1,Male
22983,1,Female
22984,1,Female
22985,1,Female
22986,1,Male
22987,1,Male
22988,1,Female
22989,1,Male
22990,1,Male
22991,1,Male
22992,1,Female
22993,1,Male
22994,1,Female
22995,1,Male
22996,1,Male
22997,1,Male
22998,1,Male
22999,1,Male
23000,1,Female
23001,1,Male
23002,1,Female
23003,1,Male
23004,1,Male
23005,1,Male
23006,1,Female
23007,1,Female
23008,1,Female
23009,1,Male
23010,1,Female
23011,1,Female
23012,1,Female
23013,1,Male
23014,1,Male
23015,1,Male
23016,1,Male
23017,1,Male
23018,1,Male
23019,1,Male
23020,1,Male
23021,1,Male
23022,1,Male
23023,1,Male
23024,1,Male
23025,1,Female
23026,1,Female
23027,1,Male
23028,1,Male
23029,1,Female
23030,1,Female
23031,1,Male
23032,1,Male
23033,1,Male
23034,1,Male
23035,1,Male
23036,1,Female
23037,1,Male
23038,1,Female
23039,1,Male
23040,1,Female
23041,1,Female
23042,1,Male
23043,1,Male
23044,1,Male
23045,1,Male
23046,1,Male
23047,1,Male
23048,1,Female
23049,1,Male
23050,1,Male
23051,1,Male
23052,1,Male
23053,1,Male
23054,1,Female
23055,1,Female
23056,1,Male
23057,1,Male
23058,1,Male
23059,1,Female
23060,1,Male
23061,1,Male
23062,1,Female
23063,1,Male
23064,1,Female
23065,1,Male
23066,1,Female
23067,1,Female
23068,1,Male
23069,1,Male
23070,1,Female
23071,1,Female
23072,1,Male
23073,1,Male
23074,1,Male
23075,1,Female
23076,1,Male
23077,1,Male
23078,1,Female
23079,1,Male
23080,1,Male
23081,1,Male
23082,1,Female
23083,1,Male
23084,1,Male
23085,1,Female
23086,1,Male
23087,1,Female
23088,1,Female
23089,1,Female
23090,1,Male
23091,1,Female
23092,1,Male
23093,1,Male
23094,1,Female
23095,1,Female
23096,1,Female
23097,1,Female
23098,1,Female
23099,1,Male
23100,1,Female
23101,1,Male
23102,1,Male
23103,1,Female
23104,1,Male
23105,1,Male
23106,1,Male
23107,1,Male
23108,1,Female
23109,1,Male
23110,1,Female
23111,1,Male
23112,1,Male
23113,1,Male
23114,1,Female
23115,1,Male
23116,1,Male
23117,1,Female
23118,1,Female
23119,1,Male
23120,1,Male
23121,1,Male
23122,1,Female
23123,1,Male
23124,1,Female
23125,1,Female
23126,1,Male
23127,1,Male
23128,1,Male
23129,1,Male
23130,1,Male
23131,1,Male
23132,1,Male
23133,1,Male
23134,1,Female
23135,1,Male
23136,1,Female
23137,1,Male
23138,1,Female
23139,1,Male
23140,1,Female
23141,1,Male
23142,1,Male
23143,1,Male
23144,1,Male
23145,1,Male
23146,1,Male
23147,1,Male
23148,1,Female
23149,1,Male
23150,1,Male
23151,1,Male
23152,1,Male
23153,1,Female
23154,1,Male
23155,1,Male
23156,1,Male
23157,1,Female
23158,1,Male
23159,1,Female
23160,1,Female
23161,1,Male
23162,1,Male
23163,1,Male
23164,1,Female
23165,1,Male
23166,1,Male
23167,1,Male
23168,1,Male
23169,1,Male
23170,1,Female
23171,1,Female
23172,1,Female
23173,1,Male
23174,1,Male
23175,1,Male
23176,1,Male
23177,1,Male
23178,1,Male
23179,1,Male
23180,1,Male
23181,1,Male
23182,1,Male
23183,1,Male
23184,1,Male
23185,1,Female
23186,1,Female
23187,1,Female
23188,1,Female
23189,1,Male
23190,1,Male
23191,1,Female
23192,1,Male
23193,1,Male
23194,1,Male
23195,1,Male
23196,1,Male
23197,1,Male
23198,1,Male
23199,1,Male
23200,1,Male
23201,1,Male
23202,1,Female
23203,1,Male
23204,1,Male
23205,1,Male
23206,1,Female
23207,1,Male
23208,1,Male
23209,1,Male
23210,1,Female
23211,1,Male
23212,1,Male
23213,1,Male
23214,1,Female
23215,1,Female
23216,1,Female
23217,1,Male
23218,1,Male
23219,1,Male
23220,1,Male
23221,1,Male
23222,1,Male
23223,1,Male
23224,1,Female
23225,1,Male
23226,1,Male
23227,1,Male
23228,1,Male
23229,1,Male
23230,1,Male
23231,1,Male
23232,1,Male
23233,1,Male
23234,1,Female
23235,1,Female
23236,1,Male
23237,1,Female
23238,1,Male
23239,1,Female
23240,1,Male
23241,1,Female
23242,1,Male
23243,1,Male
23244,1,Male
23245,1,Male
23246,1,Male
23247,1,Male
23248,1,Male
23249,1,Female
23250,1,Male
23251,1,Male
23252,1,Male
23253,1,Male
23254,1,Female
23255,1,Female
23256,1,Male
23257,1,Male
23258,1,Female
23259,1,Female
23260,1,Male
23261,1,Female
23262,1,Female
23263,1,Male
23264,1,Male
23265,1,Male
23266,1,Male
23267,1,Male
23268,1,Male
23269,1,Male
23270,1,Female
23271,1,Male
23272,1,Female
23273,1,Female
23274,1,Male
23275,1,Female
23276,1,Male
23277,1,Male
23278,1,Male
23279,1,Male
23280,1,Male
23281,1,Female
23282,1,Female
23283,1,Female
23284,1,Female
23285,1,Male
23286,1,Male
23287,1,Female
23288,1,Male
23289,1,Male
23290,1,Female
23291,1,Female
23292,1,Female
23293,1,Female
23294,1,Male
23295,1,Male
23296,1,Female
23297,1,Male
23298,1,Male
23299,1,Male
23300,1,Male
23301,1,Male
23302,1,Male
23303,1,Male
23304,1,Male
23305,1,Male
23306,1,Male
23307,1,Male
23308,1,Male
23309,1,Female
23310,1,Male
23311,1,Female
23312,1,Male
23313,1,Male
23314,1,Male
23315,1,Female
23316,1,Male
23317,1,Male
23318,1,Male
23319,1,Male
23320,1,Male
23321,1,Male
23322,1,Male
23323,1,Male
23324,1,Female
23325,1,Female
23326,1,Male
23327,1,Male
23328,1,Male
23329,1,Male
23330,1,Female
23331,1,Male
23332,1,Male
23333,1,Male
23334,1,Female
23335,1,Male
23336,1,Male
23337,1,Female
23338,1,Male
23339,1,Male
23340,1,Male
23341,1,Female
23342,1,Female
23343,1,Male
23344,1,Male
23345,1,Female
23346,1,Male
23347,1,Male
23348,1,Female
23349,1,Male
23350,1,Male
23351,1,Male
23352,1,Male
23353,1,Male
23354,1,Female
23355,1,Male
23356,1,Male
23357,1,Male
23358,1,Male
23359,1,Female
23360,1,Male
23361,1,Male
23362,1,Female
23363,1,Female
23364,1,Male
23365,1,Male
23366,1,Male
23367,1,Male
23368,1,Female
23369,1,Female
23370,1,Male
23371,1,Female
23372,1,Male
23373,1,Male
23374,1,Male
23375,1,Female
23376,1,Male
23377,1,Male
23378,1,Female
23379,1,Female
23380,1,Female
23381,1,Female
23382,1,Male
23383,1,Male
23384,1,Female
23385,1,Male
23386,1,Male
23387,1,Male
23388,1,Female
23389,1,Female
23390,1,Male
23391,1,Male
23392,1,Male
23393,1,Male
23394,1,Male
23395,1,Male
23396,1,Male
23397,1,Female
23398,1,Female
23399,1,Female
23400,1,Male
23401,1,Female
23402,1,Male
23403,1,Male
23404,1,Female
23405,1,Female
23406,1,Female
23407,1,Male
23408,1,Male
23409,1,Male
23410,1,Male
23411,1,Male
23412,1,Male
23413,1,Male
23414,1,Female
23415,1,Female
23416,1,Male
23417,1,Male
23418,1,Male
23419,1,Male
23420,1,Female
23421,1,Male
23422,1,Male
23423,1,Male
23424,1,Male
23425,1,Male
23426,1,Male
23427,1,Male
23428,1,Male
23429,1,Male
23430,1,Male
23431,1,Male
23432,1,Male
23433,1,Male
23434,1,Female
23435,1,Male
23436,1,Female
23437,1,Male
23438,1,Male
23439,1,Female
23440,1,Male
23441,1,Male
23442,1,Female
23443,1,Female
23444,1,Male
23445,1,Male
23446,1,Male
23447,1,Male
23448,1,Male
23449,1,Female
23450,1,Male
23451,1,Female
23452,1,Male
23453,1,Female
23454,1,Female
23455,1,Male
23456,1,Male
23457,1,Male
23458,1,Male
23459,1,Male
23460,1,Male
23461,1,Male
23462,1,Female
23463,1,Male
23464,1,Male
23465,1,Female
23466,1,Female
23467,1,Male
23468,1,Female
23469,1,Male
23470,1,Male
23471,1,Male
23472,1,Female
23473,1,Male
23474,1,Male
23475,1,Male
23476,1,Male
23477,1,Male
23478,1,Male
23479,1,Male
23480,1,Female
23481,1,Male
23482,1,Female
23483,1,Male
23484,1,Female
23485,1,Female
23486,1,Male
23487,1,Male
23488,1,Male
23489,1,Male
23490,1,Male
23491,1,Male
23492,1,Male
23493,1,Male
23494,1,Female
23495,1,Male
23496,1,Male
23497,1,Male
23498,1,Female
23499,1,Male
23500,1,Male
23501,1,Male
23502,1,Male
23503,1,Male
23504,1,Male
23505,1,Female
23506,1,Male
23507,1,Female
23508,1,Male
23509,1,Male
23510,1,Male
23511,1,Male
23512,1,Female
23513,1,Female
23514,1,Female
23515,1,Male
23516,1,Male
23517,1,Male
23518,1,Male
23519,1,Male
23520,1,Female
23521,1,Male
23522,1,Female
23523,1,Female
23524,1,Male
23525,1,Female
23526,1,Male
23527,1,Male
23528,1,Female
23529,1,Male
23530,1,Female
23531,1,Male
23532,1,Female
23533,1,Female
23534,1,Male
23535,1,Male
23536,1,Male
23537,1,Female
23538,1,Male
23539,1,Female
23540,1,Female
23541,1,Male
23542,1,Male
23543,1,Male
23544,1,Female
23545,1,Male
23546,1,Female
23547,1,Male
23548,1,Male
23549,1,Female
23550,1,Female
23551,1,Female
23552,1,Male
23553,1,Male
23554,1,Male
23555,1,Male
23556,1,Male
23557,1,Male
23558,1,Female
23559,1,Male
23560,1,Male
23561,1,Male
23562,1,Male
23563,1,Male
23564,1,Female
23565,1,Male
23566,1,Male
23567,1,Female
23568,1,Male
23569,1,Male
23570,1,Male
23571,1,Male
23572,1,Male
23573,1,Male
23574,1,Male
23575,1,Male
23576,1,Male
23577,1,Female
23578,1,Female
23579,1,Male
23580,1,Male
23581,1,Female
23582,1,Female
23583,1,Male
23584,1,Male
23585,1,Male
23586,1,Female
23587,1,Male
23588,1,Male
23589,1,Male
23590,1,Male
23591,1,Male
23592,1,Male
23593,1,Male
23594,1,Male
23595,1,Male
23596,1,Male
23597,1,Male
23598,1,Male
23599,1,Male
23600,1,Male
23601,1,Male
23602,1,Male
23603,1,Male
23604,1,Male
23605,1,Female
23606,1,Male
23607,1,Male
23608,1,Male
23609,1,Male
23610,1,Male
23611,1,Female
23612,1,Male
23613,1,Male
23614,1,Male
23615,1,Male
23616,1,Male
23617,1,Male
23618,1,Male
23619,1,Male
23620,1,Male
23621,1,Female
23622,1,Female
23623,1,Female
23624,1,Male
23625,1,Female
23626,1,Male
23627,1,Male
23628,1,Female
23629,1,Male
23630,1,Male
23631,1,Male
23632,1,Male
23633,1,Female
23634,1,Male
23635,1,Female
23636,1,Male
23637,1,Male
23638,1,Male
23639,1,Male
23640,1,Male
23641,1,Female
23642,1,Male
23643,1,Male
23644,1,Male
23645,1,Male
23646,1,Male
23647,1,Male
23648,1,Male
23649,1,Male
23650,1,Male
23651,1,Female
23652,1,Female
23653,1,Male
23654,1,Male
23655,1,Male
23656,1,Male
23657,1,Male
23658,1,Female
23659,1,Male
23660,1,Male
23661,1,Male
23662,1,Male
23663,1,Male
23664,1,Male
23665,1,Male
23666,1,Female
23667,1,Female
23668,1,Male
23669,1,Female
23670,1,Male
23671,1,Male
23672,1,Female
23673,1,Male
23674,1,Male
23675,1,Male
23676,1,Male
23677,1,Female
23678,1,Male
23679,1,Male
23680,1,Male
23681,1,Female
23682,1,Male
23683,1,Male
23684,1,Male
23685,1,Male
23686,1,Male
23687,1,Female
23688,1,Female
23689,1,Female
23690,1,Female
23691,1,Male
23692,1,Female
23693,1,Male
23694,1,Male
23695,1,Male
23696,1,Female
23697,1,Male
23698,1,Male
23699,1,Male
23700,1,Male
23701,1,Male
23702,1,Female
23703,1,Male
23704,1,Female
23705,1,Female
23706,1,Male
23707,1,Female
23708,1,Male
23709,1,Female
23710,1,Male
23711,1,Male
23712,1,Female
23713,1,Male
23714,1,Male
23715,1,Female
23716,1,Male
23717,1,Male
23718,1,Male
23719,1,Female
23720,1,Male
23721,1,Female
23722,1,Male
23723,1,Male
23724,1,Male
23725,1,Male
23726,1,Male
23727,1,Male
23728,1,Female
23729,1,Female
23730,1,Female
23731,1,Male
23732,1,Male
23733,1,Male
23734,1,Male
23735,1,Male
23736,1,Male
23737,1,Female
23738,1,Female
23739,1,Male
23740,1,Female
23741,1,Male
23742,1,Male
23743,1,Male
23744,1,Male
23745,1,Male
23746,1,Male
23747,1,Male
23748,1,Female
23749,1,Male
23750,1,Female
23751,1,Male
23752,1,Male
23753,1,Male
23754,1,Female
23755,1,Male
23756,1,Male
23757,1,Male
23758,1,Male
23759,1,Male
23760,1,Female
23761,1,Female
23762,1,Female
23763,1,Female
23764,1,Male
23765,1,Male
23766,1,Male
23767,1,Female
23768,1,Male
23769,1,Female
23770,1,Male
23771,1,Female
23772,1,Female
23773,1,Female
23774,1,Male
23775,1,Female
23776,1,Female
23777,1,Male
23778,1,Male
23779,1,Male
23780,1,Male
23781,1,Male
23782,1,Male
23783,1,Male
23784,1,Male
23785,1,Male
23786,1,Male
23787,1,Male
23788,1,Male
23789,1,Male
23790,1,Male
23791,1,Female
23792,1,Male
23793,1,Female
23794,1,Male
23795,1,Male
23796,1,Male
23797,1,Female
23798,1,Female
23799,1,Male
23800,1,Female
23801,1,Male
23802,1,Female
23803,1,Male
23804,1,Male
23805,1,Female
23806,1,Male
23807,1,Male
23808,1,Female
23809,1,Female
23810,1,Male
23811,1,Female
23812,1,Female
23813,1,Male
23814,1,Male
23815,1,Male
23816,1,Female
23817,1,Female
23818,1,Female
23819,1,Female
23820,1,Male
23821,1,Female
23822,1,Male
23823,1,Male
23824,1,Male
23825,1,Female
23826,1,Male
23827,1,Male
23828,1,Male
23829,1,Female
23830,1,Male
23831,1,Male
23832,1,Male
23833,1,Female
23834,1,Female
23835,1,Male
23836,1,Male
23837,1,Male
23838,1,Female
23839,1,Female
23840,1,Male
23841,1,Male
23842,1,Female
23843,1,Male
23844,1,Male
23845,1,Male
23846,1,Male
23847,1,Female
23848,1,Male
23849,1,Male
23850,1,Female
23851,1,Female
23852,1,Female
23853,1,Male
23854,1,Female
23855,1,Male
23856,1,Male
23857,1,Male
23858,1,Female
23859,1,Female
23860,1,Male
23861,1,Male
23862,1,Male
23863,1,Male
23864,1,Female
23865,1,Female
23866,1,Male
23867,1,Male
23868,1,Female
23869,1,Male
23870,1,Male
23871,1,Male
23872,1,Male
23873,1,Male
23874,1,Male
23875,1,Male
23876,1,Male
23877,1,Female
23878,1,Male
23879,1,Female
23880,1,Female
23881,1,Male
23882,1,Female
23883,1,Male
23884,1,Male
23885,1,Male
23886,1,Male
23887,1,Male
23888,1,Male
23889,1,Male
23890,1,Male
23891,1,Female
23892,1,Male
23893,1,Male
23894,1,Female
23895,1,Female
23896,1,Male
23897,1,Male
23898,1,Male
23899,1,Female
23900,1,Male
23901,1,Male
23902,1,Male
23903,1,Female
23904,1,Female
23905,1,Female
23906,1,Male
23907,1,Male
23908,1,Male
23909,1,Female
23910,1,Male
23911,1,Male
23912,1,Male
23913,1,Male
23914,1,Male
23915,1,Male
23916,1,Male
23917,1,Male
23918,1,Male
23919,1,Female
23920,1,Female
23921,1,Female
23922,1,Female
23923,1,Male
23924,1,Male
23925,1,Male
23926,1,Female
23927,1,Female
23928,1,Female
23929,1,Male
23930,1,Male
23931,1,Male
23932,1,Male
23933,1,Female
23934,1,Male
23935,1,Male
23936,1,Male
23937,1,Male
23938,1,Female
23939,1,Male
23940,1,Female
23941,1,Male
23942,1,Male
23943,1,Male
23944,1,Male
23945,1,Male
23946,1,Female
23947,1,Male
23948,1,Male
23949,1,Male
23950,1,Male
23951,1,Female
23952,1,Male
23953,1,Male
23954,1,Male
23955,1,Male
23956,1,Male
23957,1,Male
23958,1,Male
23959,1,Female
23960,1,Male
23961,1,Female
23962,1,Female
23963,1,Male
23964,1,Male
23965,1,Female
23966,1,Male
23967,1,Male
23968,1,Male
23969,1,Female
23970,1,Male
23971,1,Female
23972,1,Female
23973,1,Male
23974,1,Female
23975,1,Male
23976,1,Female
23977,1,Male
23978,1,Male
23979,1,Female
23980,1,Male
23981,1,Male
23982,1,Male
23983,1,Male
23984,1,Female
23985,1,Male
23986,1,Male
23987,1,Female
23988,1,Male
23989,1,Female
23990,1,Male
23991,1,Male
23992,1,Male
23993,1,Male
23994,1,Male
23995,1,Male
23996,1,Male
23997,1,Female
23998,1,Male
23999,1,Female
24000,1,Male
24001,1,Female
24002,1,Male
24003,1,Male
24004,1,Male
24005,1,Male
24006,1,Female
24007,1,Male
24008,1,Male
24009,1,Male
24010,1,Male
24011,1,Female
24012,1,Male
24013,1,Male
24014,1,Male
24015,1,Male
24016,1,Male
24017,1,Female
24018,1,Female
24019,1,Male
24020,1,Male
24021,1,Male
24022,1,Male
24023,1,Male
24024,1,Male
24025,1,Male
24026,1,Female
24027,1,Female
24028,1,Male
24029,1,Male
24030,1,Female
24031,1,Female
24032,1,Male
24033,1,Female
24034,1,Male
24035,1,Female
24036,1,Male
24037,1,Female
24038,1,Male
24039,1,Male
24040,1,Male
24041,1,Female
24042,1,Male
24043,1,Female
24044,1,Female
24045,1,Female
24046,1,Female
24047,1,Male
24048,1,Male
24049,1,Female
24050,1,Male
24051,1,Male
24052,1,Male
24053,1,Female
24054,1,Female
24055,1,Male
24056,1,Female
24057,1,Male
24058,1,Male
24059,1,Male
24060,1,Female
24061,1,Male
24062,1,Male
24063,1,Male
24064,1,Female
24065,1,Male
24066,1,Male
24067,1,Female
24068,1,Female
24069,1,Female
24070,1,Male
24071,1,Female
24072,1,Male
24073,1,Male
24074,1,Male
24075,1,Female
24076,1,Male
24077,1,Male
24078,1,Male
24079,1,Male
24080,1,Male
24081,1,Male
24082,1,Male
24083,1,Female
24084,1,Female
24085,1,Male
24086,1,Male
24087,1,Female
24088,1,Male
24089,1,Male
24090,1,Male
24091,1,Female
24092,1,Male
24093,1,Male
24094,1,Female
24095,1,Male
24096,1,Male
24097,1,Male
24098,1,Male
24099,1,Male
24100,1,Female
24101,1,Male
24102,1,Male
24103,1,Male
24104,1,Male
24105,1,Male
24106,1,Female
24107,1,Female
24108,1,Male
24109,1,Male
24110,1,Female
24111,1,Male
24112,1,Male
24113,1,Female
24114,1,Male
24115,1,Male
24116,1,Male
24117,1,Male
24118,1,Female
24119,1,Male
24120,1,Female
24121,1,Male
24122,1,Female
24123,1,Female
24124,1,Male
24125,1,Male
24126,1,Male
24127,1,Female
24128,1,Male
24129,1,Male
24130,1,Male
24131,1,Female
24132,1,Female
24133,1,Male
24134,1,Female
24135,1,Male
24136,1,Male
24137,1,Female
24138,1,Male
24139,1,Female
24140,1,Male
24141,1,Male
24142,1,Male
24143,1,Male
24144,1,Female
24145,1,Male
24146,1,Male
24147,1,Male
24148,1,Male
24149,1,Male
24150,1,Female
24151,1,Male
24152,1,Female
24153,1,Female
24154,1,Male
24155,1,Male
24156,1,Female
24157,1,Male
24158,1,Female
24159,1,Female
24160,1,Male
24161,1,Male
24162,1,Male
24163,1,Male
24164,1,Male
24165,1,Male
24166,1,Male
24167,1,Female
24168,1,Female
24169,1,Male
24170,1,Male
24171,1,Male
24172,1,Male
24173,1,Male
24174,1,Female
24175,1,Male
24176,1,Male
24177,1,Female
24178,1,Male
24179,1,Male
24180,1,Female
24181,1,Male
24182,1,Female
24183,1,Female
24184,1,Male
24185,1,Male
24186,1,Male
24187,1,Female
24188,1,Male
24189,1,Male
24190,1,Male
24191,1,Male
24192,1,Male
24193,1,Male
24194,1,Male
24195,1,Male
24196,1,Male
24197,1,Male
24198,1,Male
24199,1,Male
24200,1,Male
24201,1,Male
24202,1,Female
24203,1,Female
24204,1,Male
24205,1,Male
24206,1,Male
24207,1,Male
24208,1,Male
24209,1,Male
24210,1,Male
24211,1,Male
24212,1,Male
24213,1,Female
24214,1,Male
24215,1,Male
24216,1,Male
24217,1,Male
24218,1,Female
24219,1,Male
24220,1,Male
24221,1,Female
24222,1,Female
24223,1,Female
24224,1,Male
24225,1,Male
24226,1,Male
24227,1,Male
24228,1,Male
24229,1,Male
24230,1,Male
24231,1,Male
24232,1,Male
24233,1,Male
24234,1,Male
24235,1,Male
24236,1,Female
24237,1,Male
24238,1,Male
24239,1,Male
24240,1,Male
24241,1,Male
24242,1,Male
24243,1,Male
24244,1,Male
24245,1,Female
24246,1,Male
24247,1,Female
24248,1,Male
24249,1,Female
24250,1,Male
24251,1,Female
24252,1,Male
24253,1,Female
24254,1,Male
24255,1,Male
24256,1,Female
24257,1,Male
24258,1,Male
24259,1,Female
24260,1,Male
24261,1,Female
24262,1,Male
24263,1,Male
24264,1,Male
24265,1,Female
24266,1,Male
24267,1,Female
24268,1,Male
24269,1,Male
24270,1,Male
24271,1,Male
24272,1,Male
24273,1,Male
24274,1,Male
24275,1,Male
24276,1,Female
24277,1,Male
24278,1,Male
24279,1,Female
24280,1,Male
24281,1,Male
24282,1,Male
24283,1,Male
24284,1,Male
24285,1,Male
24286,1,Male
24287,1,Male
24288,1,Male
24289,1,Male
24290,1,Male
24291,1,Male
24292,1,Male
24293,1,Male
24294,1,Male
24295,1,Female
24296,1,Male
24297,1,Female
24298,1,Male
24299,1,Male
24300,1,Male
24301,1,Male
24302,1,Male
24303,1,Male
24304,1,Female
24305,1,Female
24306,1,Male
24307,1,Female
24308,1,Male
24309,1,Male
24310,1,Male
24311,1,Female
24312,1,Male
24313,1,Female
24314,1,Female
24315,1,Male
24316,1,Male
24317,1,Male
24318,1,Male
24319,1,Male
24320,1,Male
24321,1,Female
24322,1,Male
24323,1,Male
24324,1,Male
24325,1,Male
24326,1,Male
24327,1,Male
24328,1,Female
24329,1,Male
24330,1,Male
24331,1,Male
24332,1,Female
24333,1,Male
24334,1,Male
24335,1,Female
24336,1,Male
24337,1,Male
24338,1,Female
24339,1,Female
24340,1,Male
24341,1,Male
24342,1,Female
24343,1,Female
24344,1,Female
24345,1,Male
24346,1,Female
24347,1,Male
24348,1,Male
24349,1,Male
24350,1,Male
24351,1,Male
24352,1,Male
24353,1,Female
24354,1,Male
24355,1,Male
24356,1,Male
24357,1,Female
24358,1,Male
24359,1,Female
24360,1,Female
24361,1,Male
24362,1,Female
24363,1,Male
24364,1,Male
24365,1,Male
24366,1,Female
24367,1,Female
24368,1,Male
24369,1,Male
24370,1,Female
24371,1,Male
24372,1,Male
24373,1,Male
24374,1,Male
24375,1,Male
24376,1,Female
24377,1,Male
24378,1,Male
24379,1,Female
24380,1,Female
24381,1,Male
24382,1,Female
24383,1,Male
24384,1,Male
24385,1,Male
24386,1,Male
24387,1,Female
24388,1,Male
24389,1,Female
24390,1,Female
24391,1,Male
24392,1,Male
24393,1,Male
24394,1,Male
24395,1,Male
24396,1,Male
24397,1,Male
24398,1,Male
24399,1,Male
24400,1,Male
24401,1,Male
24402,1,Male
24403,1,Male
24404,1,Male
24405,1,Male
24406,1,Male
24407,1,Male
24408,1,Male
24409,1,Male
24410,1,Female
24411,1,Female
24412,1,Male
24413,1,Male
24414,1,Male
24415,1,Male
24416,1,Male
24417,1,Female
24418,1,Male
24419,1,Male
24420,1,Male
24421,1,Male
24422,1,Female
24423,1,Female
24424,1,Male
24425,1,Female
24426,1,Male
24427,1,Male
24428,1,Male
24429,1,Male
24430,1,Female
24431,1,Female
24432,1,Male
24433,1,Male
24434,1,Male
24435,1,Male
24436,1,Female
24437,1,Male
24438,1,Male
24439,1,Male
24440,1,Male
24441,1,Male
24442,1,Male
24443,1,Male
24444,1,Male
24445,1,Male
24446,1,Male
24447,1,Female
24448,1,Female
24449,1,Female
24450,1,Male
24451,1,Male
24452,1,Male
24453,1,Female
24454,1,Female
24455,1,Female
24456,1,Female
24457,1,Male
24458,1,Female
24459,1,Female
24460,1,Male
24461,1,Female
24462,1,Male
24463,1,Male
24464,1,Male
24465,1,Male
24466,1,Male
24467,1,Male
24468,1,Female
24469,1,Male
24470,1,Male
24471,1,Female
24472,1,Male
24473,1,Male
24474,1,Male
24475,1,Male
24476,1,Male
24477,1,Male
24478,1,Male
24479,1,Male
24480,1,Male
24481,1,Female
24482,1,Female
24483,1,Male
24484,1,Male
24485,1,Male
24486,1,Male
24487,1,Male
24488,1,Male
24489,1,Male
24490,1,Female
24491,1,Female
24492,1,Male
24493,1,Male
24494,1,Female
24495,1,Female
24496,1,Female
24497,1,Male
24498,1,Female
24499,1,Female
24500,1,Male
24501,1,Male
24502,1,Male
24503,1,Female
24504,1,Female
24505,1,Male
24506,1,Female
24507,1,Male
24508,1,Male
24509,1,Male
24510,1,Male
24511,1,Male
24512,1,Female
24513,1,Male
24514,1,Male
24515,1,Male
24516,1,Male
24517,1,Male
24518,1,Female
24519,1,Male
24520,1,Male
24521,1,Male
24522,1,Male
24523,1,Male
24524,1,Male
24525,1,Male
24526,1,Male
24527,1,Male
24528,1,Male
24529,1,Male
24530,1,Male
24531,1,Female
24532,1,Female
24533,1,Male
24534,1,Male
24535,1,Male
24536,1,Male
24537,1,Male
24538,1,Male
24539,1,Female
24540,1,Female
24541,1,Female
24542,1,Male
24543,1,Female
24544,1,Male
24545,1,Female
24546,1,Female
24547,1,Male
24548,1,Female
24549,1,Male
24550,1,Male
24551,1,Male
24552,1,Male
24553,1,Male
24554,1,Male
24555,1,Female
24556,1,Female
24557,1,Male
24558,1,Male
24559,1,Male
24560,1,Female
24561,1,Male
24562,1,Female
24563,1,Male
24564,1,Female
24565,1,Female
24566,1,Female
24567,1,Male
24568,1,Male
24569,1,Male
24570,1,Female
24571,1,Female
24572,1,Male
24573,1,Male
24574,1,Male
24575,1,Female
24576,1,Male
24577,1,Female
24578,1,Female
24579,1,Male
24580,1,Male
24581,1,Male
24582,1,Female
24583,1,Male
24584,1,Female
24585,1,Male
24586,1,Female
24587,1,Male
24588,1,Female
24589,1,Female
24590,1,Female
24591,1,Male
24592,1,Female
24593,1,Female
24594,1,Male
24595,1,Male
24596,1,Female
24597,1,Male
24598,1,Female
24599,1,Female
24600,1,Male
24601,1,Female
24602,1,Female
24603,1,Female
24604,1,Male
24605,1,Male
24606,1,Female
24607,1,Male
24608,1,Male
24609,1,Male
24610,1,Male
24611,1,Male
24612,1,Female
24613,1,Male
24614,1,Female
24615,1,Male
24616,1,Male
24617,1,Male
24618,1,Female
24619,1,Male
24620,1,Female
24621,1,Male
24622,1,Female
24623,1,Female
24624,1,Male
24625,1,Male
24626,1,Male
24627,1,Female
24628,1,Female
24629,1,Female
24630,1,Female
24631,1,Male
24632,1,Female
24633,1,Male
24634,1,Female
24635,1,Female
24636,1,Female
24637,1,Male
24638,1,Female
24639,1,Female
24640,1,Male
24641,1,Female
24642,1,Male
24643,1,Male
24644,1,Male
24645,1,Male
24646,1,Male
24647,1,Female
24648,1,Female
24649,1,Male
24650,1,Male
24651,1,Male
24652,1,Male
24653,1,Female
24654,1,Female
24655,1,Female
24656,1,Female
24657,1,Female
24658,1,Female
24659,1,Female
24660,1,Male
24661,1,Male
24662,1,Male
24663,1,Male
24664,1,Female
24665,1,Female
24666,1,Male
24667,1,Female
24668,1,Male
24669,1,Female
24670,1,Male
24671,1,Male
24672,1,Male
24673,1,Male
24674,1,Male
24675,1,Female
24676,1,Male
24677,1,Female
24678,1,Female
24679,1,Female
24680,1,Male
24681,1,Male
24682,1,Female
24683,1,Male
24684,1,Male
24685,1,Female
24686,1,Female
24687,1,Male
24688,1,Female
24689,1,Female
24690,1,Male
24691,1,Male
24692,1,Male
24693,1,Male
24694,1,Male
24695,1,Female
24696,1,Female
24697,1,Male
24698,1,Female
24699,1,Male
24700,1,Male
24701,1,Male
24702,1,Male
24703,1,Male
24704,1,Female
24705,1,Female
24706,1,Male
24707,1,Female
24708,1,Female
24709,1,Male
24710,1,Female
24711,1,Female
24712,1,Male
24713,1,Male
24714,1,Male
24715,1,Female
24716,1,Male
24717,1,Male
24718,1,Male
24719,1,Female
24720,1,Female
24721,1,Male
24722,1,Male
24723,1,Male
24724,1,Female
24725,1,Female
24726,1,Male
24727,1,Male
24728,1,Female
24729,1,Female
24730,1,Male
24731,1,Male
24732,1,Male
24733,1,Male
24734,1,Male
24735,1,Female
24736,1,Male
24737,1,Male
24738,1,Male
24739,1,Female
24740,1,Female
24741,1,Male
24742,1,Male
24743,1,Male
24744,1,Male
24745,1,Male
24746,1,Female
24747,1,Female
24748,1,Male
24749,1,Female
24750,1,Female
24751,1,Male
24752,1,Male
24753,1,Male
24754,1,Male
24755,1,Male
24756,1,Male
24757,1,Male
24758,1,Male
24759,1,Female
24760,1,Female
24761,1,Female
24762,1,Male
24763,1,Male
24764,1,Female
24765,1,Male
24766,1,Female
24767,1,Male
24768,1,Male
24769,1,Male
24770,1,Male
24771,1,Male
24772,1,Female
24773,1,Male
24774,1,Male
24775,1,Male
24776,1,Male
24777,1,Male
24778,1,Female
24779,1,Female
24780,1,Female
24781,1,Female
24782,1,Female
24783,1,Male
24784,1,Female
24785,1,Male
24786,1,Male
24787,1,Female
24788,1,Female
24789,1,Male
24790,1,Female
24791,1,Female
24792,1,Male
24793,1,Male
24794,1,Male
24795,1,Male
24796,1,Male
24797,1,Male
24798,1,Male
24799,1,Male
24800,1,Male
24801,1,Female
24802,1,Female
24803,1,Male
24804,1,Male
24805,1,Male
24806,1,Male
24807,1,Male
24808,1,Female
24809,1,Male
24810,1,Male
24811,1,Female
24812,1,Male
24813,1,Male
24814,1,Female
24815,1,Female
24816,1,Female
24817,1,Female
24818,1,Female
24819,1,Male
24820,1,Female
24821,1,Male
24822,1,Female
24823,1,Female
24824,1,Male
24825,1,Male
24826,1,Male
24827,1,Female
24828,1,Male
24829,1,Male
24830,1,Male
24831,1,Male
24832,1,Female
24833,1,Male
24834,1,Male
24835,1,Male
24836,1,Male
24837,1,Female
24838,1,Female
24839,1,Male
24840,1,Male
24841,1,Male
24842,1,Female
24843,1,Male
24844,1,Male
24845,1,Male
24846,1,Female
24847,1,Male
24848,1,Female
24849,1,Male
24850,1,Female
24851,1,Male
24852,1,Male
24853,1,Male
24854,1,Male
24855,1,Male
24856,1,Male
24857,1,Female
24858,1,Male
24859,1,Male
24860,1,Female
24861,1,Female
24862,1,Male
24863,1,Male
24864,1,Male
24865,1,Male
24866,1,Male
24867,1,Male
24868,1,Male
24869,1,Female
24870,1,Female
24871,1,Male
24872,1,Male
24873,1,Male
24874,1,Male
24875,1,Male
24876,1,Male
24877,1,Female
24878,1,Female
24879,1,Male
24880,1,Male
24881,1,Male
24882,1,Female
24883,1,Male
24884,1,Male
24885,1,Male
24886,1,Male
24887,1,Male
24888,1,Male
24889,1,Male
24890,1,Male
24891,1,Female
24892,1,Male
24893,1,Male
24894,1,Male
24895,1,Male
24896,1,Male
24897,1,Female
24898,1,Male
24899,1,Male
24900,1,Female
24901,1,Male
24902,1,Female
24903,1,Male
24904,1,Female
24905,1,Male
24906,1,Male
24907,1,Male
24908,1,Male
24909,1,Male
24910,1,Male
24911,1,Male
24912,1,Male
24913,1,Male
24914,1,Male
24915,1,Male
24916,1,Male
24917,1,Male
24918,1,Male
24919,1,Male
24920,1,Male
24921,1,Male
24922,1,Male
24923,1,Male
24924,1,Male
24925,1,Male
24926,1,Male
24927,1,Female
24928,1,Male
24929,1,Female
24930,1,Female
24931,1,Male
24932,1,Male
24933,1,Female
24934,1,Male
24935,1,Female
24936,1,Male
24937,1,Male
24938,1,Female
24939,1,Male
24940,1,Male
24941,1,Female
24942,1,Female
24943,1,Male
24944,1,Male
24945,1,Male
24946,1,Male
24947,1,Male
24948,1,Male
24949,1,Male
24950,1,Female
24951,1,Female
24952,1,Female
24953,1,Male
24954,1,Male
24955,1,Female
24956,1,Male
24957,1,Male
24958,1,Male
24959,1,Female
24960,1,Male
24961,1,Male
24962,1,Male
24963,1,Male
24964,1,Male
24965,1,Male
24966,1,Female
24967,1,Male
24968,1,Male
24969,1,Male
24970,1,Male
24971,1,Male
24972,1,Female
24973,1,Male
24974,1,Male
24975,1,Female
24976,1,Male
24977,1,Female
24978,1,Female
24979,1,Male
24980,1,Female
24981,1,Female
24982,1,Male
24983,1,Male
24984,1,Female
24985,1,Male
24986,1,Female
24987,1,Female
24988,1,Male
24989,1,Male
24990,1,Female
24991,1,Female
24992,1,Female
24993,1,Female
24994,1,Male
24995,1,Male
24996,1,Male
24997,1,Male
24998,1,Male
24999,1,Female
25000,1,Male
25001,1,Male
25002,1,Male
25003,1,Male
25004,1,Male
25005,1,Female
25006,1,Female
25007,1,Female
25008,1,Male
25009,1,Male
25010,1,Male
25011,1,Male
25012,1,Male
25013,1,Male
25014,1,Male
25015,1,Male
25016,1,Female
25017,1,Female
25018,1,Male
25019,1,Male
25020,1,Male
25021,1,Male
25022,1,Male
25023,1,Female
25024,1,Male
25025,1,Female
25026,1,Male
25027,1,Male
25028,1,Female
25029,1,Male
25030,1,Female
25031,1,Male
25032,1,Female
25033,1,Male
25034,1,Female
25035,1,Female
25036,1,Female
25037,1,Male
25038,1,Male
25039,1,Male
25040,1,Male
25041,1,Female
25042,1,Male
25043,1,Male
25044,1,Female
25045,1,Male
25046,1,Male
25047,1,Male
25048,1,Male
25049,1,Male
25050,1,Male
25051,1,Female
25052,1,Male
25053,1,Female
25054,1,Male
25055,1,Female
25056,1,Male
25057,1,Male
25058,1,Male
25059,1,Female
25060,1,Male
25061,1,Female
25062,1,Male
25063,1,Male
25064,1,Female
25065,1,Female
25066,1,Male
25067,1,Female
25068,1,Male
25069,1,Male
25070,1,Male
25071,1,Male
25072,1,Female
25073,1,Male
25074,1,Female
25075,1,Male
25076,1,Female
25077,1,Male
25078,1,Female
25079,1,Male
25080,1,Male
25081,1,Female
25082,1,Male
25083,1,Male
25084,1,Female
25085,1,Male
25086,1,Male
25087,1,Male
25088,1,Male
25089,1,Female
25090,1,Female
25091,1,Male
25092,1,Male
25093,1,Male
25094,1,Female
25095,1,Male
25096,1,Male
25097,1,Female
25098,1,Male
25099,1,Male
25100,1,Male
25101,1,Male
25102,1,Female
25103,1,Male
25104,1,Male
25105,1,Male
25106,1,Male
25107,1,Male
25108,1,Male
25109,1,Male
25110,1,Female
25111,1,Female
25112,1,Female
25113,1,Male
25114,1,Male
25115,1,Male
25116,1,Male
25117,1,Male
25118,1,Female
25119,1,Male
25120,1,Male
25121,1,Male
25122,1,Male
25123,1,Female
25124,1,Male
25125,1,Male
25126,1,Male
25127,1,Female
25128,1,Male
25129,1,Male
25130,1,Male
25131,1,Male
25132,1,Female
25133,1,Male
25134,1,Female
25135,1,Female
25136,1,Female
25137,1,Male
25138,1,Male
25139,1,Female
25140,1,Male
25141,1,Male
25142,1,Male
25143,1,Female
25144,1,Male
25145,1,Male
25146,1,Female
25147,1,Female
25148,1,Male
25149,1,Male
25150,1,Female
25151,1,Male
25152,1,Male
25153,1,Male
25154,1,Male
25155,1,Female
25156,1,Female
25157,1,Female
25158,1,Male
25159,1,Female
25160,1,Male
25161,1,Female
25162,1,Female
25163,1,Male
25164,1,Male
25165,1,Male
25166,1,Female
25167,1,Female
25168,1,Male
25169,1,Male
25170,1,Male
25171,1,Female
25172,1,Male
25173,1,Male
25174,1,Male
25175,1,Male
25176,1,Male
25177,1,Male
25178,1,Female
25179,1,Female
25180,1,Male
25181,1,Female
25182,1,Female
25183,1,Male
25184,1,Female
25185,1,Male
25186,1,Female
25187,1,Male
25188,1,Male
25189,1,Male
25190,1,Male
25191,1,Male
25192,1,Female
25193,1,Male
25194,1,Male
25195,1,Male
25196,1,Male
25197,1,Female
25198,1,Female
25199,1,Male
25200,1,Female
25201,1,Male
25202,1,Female
25203,1,Male
25204,1,Female
25205,1,Female
25206,1,Female
25207,1,Female
25208,1,Male
25209,1,Male
25210,1,Male
25211,1,Female
25212,1,Female
25213,1,Male
25214,1,Male
25215,1,Female
25216,1,Male
25217,1,Male
25218,1,Male
25219,1,Male
25220,1,Male
25221,1,Male
25222,1,Female
25223,1,Female
25224,1,Male
25225,1,Male
25226,1,Male
25227,1,Male
25228,1,Male
25229,1,Male
25230,1,Female
25231,1,Female
25232,1,Male
25233,1,Male
25234,1,Female
25235,1,Male
25236,1,Male
25237,1,Male
25238,1,Male
25239,1,Female
25240,1,Male
25241,1,Male
25242,1,Male
25243,1,Male
25244,1,Female
25245,1,Female
25246,1,Male
25247,1,Female
25248,1,Male
25249,1,Male
25250,1,Male
25251,1,Female
25252,1,Female
25253,1,Male
25254,1,Male
25255,1,Male
25256,1,Male
25257,1,Female
25258,1,Male
25259,1,Female
25260,1,Male
25261,1,Male
25262,1,Female
25263,1,Male
25264,1,Male
25265,1,Male
25266,1,Female
25267,1,Female
25268,1,Male
25269,1,Female
25270,1,Female
25271,1,Male
25272,1,Male
25273,1,Male
25274,1,Female
25275,1,Male
25276,1,Male
25277,1,Male
25278,1,Male
25279,1,Female
25280,1,Male
25281,1,Male
25282,1,Male
25283,1,Male
25284,1,Male
25285,1,Male
25286,1,Male
25287,1,Male
25288,1,Female
25289,1,Male
25290,1,Female
25291,1,Male
25292,1,Male
25293,1,Male
25294,1,Male
25295,1,Male
25296,1,Male
25297,1,Male
25298,1,Male
25299,1,Male
25300,1,Male
25301,1,Male
25302,1,Female
25303,1,Male
25304,1,Male
25305,1,Male
25306,1,Male
25307,1,Male
25308,1,Male
25309,1,Female
25310,1,Male
25311,1,Female
25312,1,Male
25313,1,Male
25314,1,Male
25315,1,Female
25316,1,Male
25317,1,Female
25318,1,Male
25319,1,Female
25320,1,Male
25321,1,Female
25322,1,Male
25323,1,Male
25324,1,Male
25325,1,Female
25326,1,Male
25327,1,Male
25328,1,Male
25329,1,Female
25330,1,Male
25331,1,Male
25332,1,Male
25333,1,Male
25334,1,Male
25335,1,Male
25336,1,Female
25337,1,Female
25338,1,Male
25339,1,Male
25340,1,Female
25341,1,Male
25342,1,Female
25343,1,Male
25344,1,Male
25345,1,Male
25346,1,Male
25347,1,Female
25348,1,Male
25349,1,Female
25350,1,Female
25351,1,Male
25352,1,Male
25353,1,Female
25354,1,Male
25355,1,Male
25356,1,Male
25357,1,Female
25358,1,Male
25359,1,Male
25360,1,Male
25361,1,Male
25362,1,Female
25363,1,Male
25364,1,Male
25365,1,Female
25366,1,Male
25367,1,Male
25368,1,Male
25369,1,Male
25370,1,Female
25371,1,Male
25372,1,Male
25373,1,Male
25374,1,Male
25375,1,Male
25376,1,Male
25377,1,Male
25378,1,Male
25379,1,Male
25380,1,Male
25381,1,Male
25382,1,Female
25383,1,Male
25384,1,Male
25385,1,Male
25386,1,Male
25387,1,Female
25388,1,Male
25389,1,Female
25390,1,Female
25391,1,Female
25392,1,Male
25393,1,Male
25394,1,Male
25395,1,Female
25396,1,Male
25397,1,Male
25398,1,Female
25399,1,Male
25400,1,Male
25401,1,Male
25402,1,Female
25403,1,Male
25404,1,Male
25405,1,Male
25406,1,Male
25407,1,Male
25408,1,Female
25409,1,Female
25410,1,Female
25411,1,Female
25412,1,Male
25413,1,Female
25414,1,Male
25415,1,Male
25416,1,Male
25417,1,Female
25418,1,Female
25419,1,Female
25420,1,Female
25421,1,Male
25422,1,Female
25423,1,Male
25424,1,Female
25425,1,Female
25426,1,Male
25427,1,Male
25428,1,Male
25429,1,Female
25430,1,Female
25431,1,Female
25432,1,Male
25433,1,Male
25434,1,Male
25435,1,Male
25436,1,Female
25437,1,Male
25438,1,Male
25439,1,Female
25440,1,Male
25441,1,Male
25442,1,Male
25443,1,Male
25444,1,Female
25445,1,Male
25446,1,Female
25447,1,Male
25448,1,Male
25449,1,Male
25450,1,Male
25451,1,Female
25452,1,Male
25453,1,Male
25454,1,Male
25455,1,Female
25456,1,Male
25457,1,Female
25458,1,Male
25459,1,Male
25460,1,Female
25461,1,Female
25462,1,Male
25463,1,Male
25464,1,Female
25465,1,Male
25466,1,Female
25467,1,Male
25468,1,Male
25469,1,Male
25470,1,Male
25471,1,Female
25472,1,Female
25473,1,Male
25474,1,Male
25475,1,Male
25476,1,Female
25477,1,Male
25478,1,Male
25479,1,Male
25480,1,Male
25481,1,Female
25482,1,Female
25483,1,Male
25484,1,Male
25485,1,Male
25486,1,Female
25487,1,Male
25488,1,Male
25489,1,Female
25490,1,Female
25491,1,Male
25492,1,Female
25493,1,Female
25494,1,Male
25495,1,Male
25496,1,Male
25497,1,Male
25498,1,Male
25499,1,Male
25500,1,Male
25501,1,Male
25502,1,Male
25503,1,Male
25504,1,Male
25505,1,Male
25506,1,Male
25507,1,Female
25508,1,Male
25509,1,Male
25510,1,Female
25511,1,Female
25512,1,Male
25513,1,Male
25514,1,Male
25515,1,Male
25516,1,Male
25517,1,Female
25518,1,Female
25519,1,Male
25520,1,Male
25521,1,Male
25522,1,Male
25523,1,Male
25524,1,Female
25525,1,Male
25526,1,Male
25527,1,Female
25528,1,Male
25529,1,Female
25530,1,Male
25531,1,Female
25532,1,Male
25533,1,Male
25534,1,Male
25535,1,Male
25536,1,Female
25537,1,Male
25538,1,Male
25539,1,Male
25540,1,Male
25541,1,Male
25542,1,Male
25543,1,Male
25544,1,Female
25545,1,Female
25546,1,Female
25547,1,Male
25548,1,Male
25549,1,Male
25550,1,Male
25551,1,Male
25552,1,Female
25553,1,Male
25554,1,Male
25555,1,Female
25556,1,Male
25557,1,Female
25558,1,Female
25559,1,Male
25560,1,Male
25561,1,Male
25562,1,Male
25563,1,Male
25564,1,Male
25565,1,Male
25566,1,Male
25567,1,Male
25568,1,Male
25569,1,Male
25570,1,Female
25571,1,Male
25572,1,Male
25573,1,Male
25574,1,Male
25575,1,Female
25576,1,Male
25577,1,Female
25578,1,Male
25579,1,Male
25580,1,Male
25581,1,Male
25582,1,Male
25583,1,Male
25584,1,Male
25585,1,Male
25586,1,Male
25587,1,Male
25588,1,Male
25589,1,Male
25590,1,Male
25591,1,Male
25592,1,Female
25593,1,Female
25594,1,Male
25595,1,Female
25596,1,Male
25597,1,Male
25598,1,Female
25599,1,Male
25600,1,Female
25601,1,Male
25602,1,Female
25603,1,Male
25604,1,Male
25605,1,Female
25606,1,Female
25607,1,Male
25608,1,Male
25609,1,Male
25610,1,Male
25611,1,Female
25612,1,Male
25613,1,Male
25614,1,Male
25615,1,Male
25616,1,Male
25617,1,Male
25618,1,Male
25619,1,Male
25620,1,Male
25621,1,Male
25622,1,Male
25623,1,Male
25624,1,Male
25625,1,Male
25626,1,Male
25627,1,Female
25628,1,Male
25629,1,Female
25630,1,Male
25631,1,Male
25632,1,Male
25633,1,Female
25634,1,Male
25635,1,Male
25636,1,Female
25637,1,Male
25638,1,Male
25639,1,Female
25640,1,Female
25641,1,Male
25642,1,Male
25643,1,Male
25644,1,Male
25645,1,Male
25646,1,Female
25647,1,Male
25648,1,Female
25649,1,Female
25650,1,Male
25651,1,Female
25652,1,Male
25653,1,Male
25654,1,Female
25655,1,Male
25656,1,Male
25657,1,Female
25658,1,Female
25659,1,Male
25660,1,Female
25661,1,Male
25662,1,Female
25663,1,Male
25664,1,Male
25665,1,Male
25666,1,Male
25667,1,Female
25668,1,Male
25669,1,Male
25670,1,Male
25671,1,Female
25672,1,Female
25673,1,Male
25674,1,Male
25675,1,Male
25676,1,Male
25677,1,Male
25678,1,Male
25679,1,Male
25680,1,Female
25681,1,Male
25682,1,Female
25683,1,Male
25684,1,Male
25685,1,Male
25686,1,Male
25687,1,Male
25688,1,Male
25689,1,Female
25690,1,Female
25691,1,Male
25692,1,Male
25693,1,Male
25694,1,Male
25695,1,Male
25696,1,Male
25697,1,Female
25698,1,Female
25699,1,Male
25700,1,Male
25701,1,Male
25702,1,Male
25703,1,Female
25704,1,Male
25705,1,Male
25706,1,Male
25707,1,Male
25708,1,Female
25709,1,Female
25710,1,Female
25711,1,Male
25712,1,Male
25713,1,Female
25714,1,Male
25715,1,Male
25716,1,Male
25717,1,Male
25718,1,Male
25719,1,Female
25720,1,Male
25721,1,Male
25722,1,Female
25723,1,Female
25724,1,Male
25725,1,Male
25726,1,Female
25727,1,Female
25728,1,Male
25729,1,Male
25730,1,Male
25731,1,Male
25732,1,Female
25733,1,Male
25734,1,Male
25735,1,Male
25736,1,Male
25737,1,Male
25738,1,Female
25739,1,Male
25740,1,Male
25741,1,Female
25742,1,Female
25743,1,Male
25744,1,Male
25745,1,Male
25746,1,Male
25747,1,Female
25748,1,Female
25749,1,Female
25750,1,Male
25751,1,Female
25752,1,Male
25753,1,Male
25754,1,Male
25755,1,Female
25756,1,Male
25757,1,Female
25758,1,Female
25759,1,Male
25760,1,Male
25761,1,Male
25762,1,Female
25763,1,Male
25764,1,Female
25765,1,Male
25766,1,Female
25767,1,Female
25768,1,Male
25769,1,Female
25770,1,Female
25771,1,Female
25772,1,Male
25773,1,Male
25774,1,Male
25775,1,Male
25776,1,Female
25777,1,Male
25778,1,Male
25779,1,Male
25780,1,Male
25781,1,Male
25782,1,Male
25783,1,Male
25784,1,Female
25785,1,Male
25786,1,Female
25787,1,Male
25788,1,Male
25789,1,Male
25790,1,Female
25791,1,Female
25792,1,Female
25793,1,Female
25794,1,Female
25795,1,Male
25796,1,Male
25797,1,Male
25798,1,Male
25799,1,Male
25800,1,Male
25801,1,Male
25802,1,Male
25803,1,Male
25804,1,Male
25805,1,Female
25806,1,Female
25807,1,Male
25808,1,Male
25809,1,Female
25810,1,Female
25811,1,Female
25812,1,Female
25813,1,Male
25814,1,Male
25815,1,Male
25816,1,Male
25817,1,Female
25818,1,Male
25819,1,Female
25820,1,Female
25821,1,Male
25822,1,Male
25823,1,Male
25824,1,Male
25825,1,Male
25826,1,Female
25827,1,Male
25828,1,Female
25829,1,Male
25830,1,Male
25831,1,Female
25832,1,Male
25833,1,Male
25834,1,Male
25835,1,Male
25836,1,Female
25837,1,Female
25838,1,Male
25839,1,Male
25840,1,Male
25841,1,Female
25842,1,Female
25843,1,Male
25844,1,Female
25845,1,Female
25846,1,Male
25847,1,Female
25848,1,Male
25849,1,Male
25850,1,Male
25851,1,Female
25852,1,Male
25853,1,Male
25854,1,Male
25855,1,Female
25856,1,Male
25857,1,Female
25858,1,Male
25859,1,Female
25860,1,Male
25861,1,Male
25862,1,Female
25863,1,Male
25864,1,Female
25865,1,Male
25866,1,Male
25867,1,Male
25868,1,Male
25869,1,Male
25870,1,Male
25871,1,Female
25872,1,Male
25873,1,Female
25874,1,Female
25875,1,Male
25876,1,Female
25877,1,Female
25878,1,Male
25879,1,Male
25880,1,Female
25881,1,Male
25882,1,Male
25883,1,Male
25884,1,Male
25885,1,Male
25886,1,Male
25887,1,Male
25888,1,Male
25889,1,Male
25890,1,Female
25891,1,Male
25892,1,Male
25893,1,Male
25894,1,Male
25895,1,Male
25896,1,Female
25897,1,Male
25898,1,Male
25899,1,Female
25900,1,Male
25901,1,Male
25902,1,Female
25903,1,Male
25904,1,Male
25905,1,Male
25906,1,Male
25907,1,Female
25908,1,Male
25909,1,Male
25910,1,Female
25911,1,Male
25912,1,Female
25913,1,Male
25914,1,Male
25915,1,Female
25916,1,Male
25917,1,Female
25918,1,Male
25919,1,Male
25920,1,Male
25921,1,Female
25922,1,Female
25923,1,Male
25924,1,Male
25925,1,Male
25926,1,Male
25927,1,Male
25928,1,Female
25929,1,Male
25930,1,Male
25931,1,Male
25932,1,Male
25933,1,Male
25934,1,Male
25935,1,Male
25936,1,Female
25937,1,Male
25938,1,Female
25939,1,Female
25940,1,Male
25941,1,Female
25942,1,Female
25943,1,Male
25944,1,Male
25945,1,Male
25946,1,Female
25947,1,Male
25948,1,Male
25949,1,Male
25950,1,Male
25951,1,Female
25952,1,Male
25953,1,Female
25954,1,Female
25955,1,Female
25956,1,Female
25957,1,Male
25958,1,Female
25959,1,Male
25960,1,Male
25961,1,Female
25962,1,Male
25963,1,Male
25964,1,Male
25965,1,Male
25966,1,Male
25967,1,Male
25968,1,Female
25969,1,Male
25970,1,Male
25971,1,Female
25972,1,Female
25973,1,Female
25974,1,Female
25975,1,Male
25976,1,Male
25977,1,Female
25978,1,Male
25979,1,Female
25980,1,Male
25981,1,Male
25982,1,Female
25983,1,Male
25984,1,Male
25985,1,Male
25986,1,Male
25987,1,Female
25988,1,Female
25989,1,Male
25990,1,Female
25991,1,Female
25992,1,Male
25993,1,Female
25994,1,Female
25995,1,Female
25996,1,Male
25997,1,Male
25998,1,Female
25999,1,Male
26000,1,Male
26001,1,Female
26002,1,Female
26003,1,Male
26004,1,Male
26005,1,Male
26006,1,Female
26007,1,Male
26008,1,Male
26009,1,Female
26010,1,Male
26011,1,Male
26012,1,Male
26013,1,Male
26014,1,Male
26015,1,Female
26016,1,Male
26017,1,Male
26018,1,Male
26019,1,Male
26020,1,Male
26021,1,Female
26022,1,Male
26023,1,Female
26024,1,Female
26025,1,Female
26026,1,Female
26027,1,Male
26028,1,Male
26029,1,Female
26030,1,Female
26031,1,Male
26032,1,Male
26033,1,Male
26034,1,Female
26035,1,Male
26036,1,Female
26037,1,Male
26038,1,Male
26039,1,Male
26040,1,Female
26041,1,Male
26042,1,Female
26043,1,Male
26044,1,Female
26045,1,Female
26046,1,Female
26047,1,Male
26048,1,Male
26049,1,Female
26050,1,Male
26051,1,Male
26052,1,Male
26053,1,Male
26054,1,Female
26055,1,Male
26056,1,Female
26057,1,Female
26058,1,Female
26059,1,Male
26060,1,Male
26061,1,Female
26062,1,Female
26063,1,Male
26064,1,Male
26065,1,Male
26066,1,Male
26067,1,Female
26068,1,Male
26069,1,Male
26070,1,Female
26071,1,Male
26072,1,Female
26073,1,Male
26074,1,Male
26075,1,Female
26076,1,Male
26077,1,Female
26078,1,Male
26079,1,Male
26080,1,Male
26081,1,Male
26082,1,Female
26083,1,Male
26084,1,Male
26085,1,Male
26086,1,Male
26087,1,Male
26088,1,Male
26089,1,Male
26090,1,Male
26091,1,Male
26092,1,Male
26093,1,Male
26094,1,Female
26095,1,Female
26096,1,Male
26097,1,Male
26098,1,Female
26099,1,Male
26100,1,Female
26101,1,Female
26102,1,Male
26103,1,Male
26104,1,Male
26105,1,Male
26106,1,Male
26107,1,Male
26108,1,Female
26109,1,Female
26110,1,Male
26111,1,Female
26112,1,Female
26113,1,Female
26114,1,Female
26115,1,Male
26116,1,Male
26117,1,Male
26118,1,Male
26119,1,Male
26120,1,Female
26121,1,Male
26122,1,Male
26123,1,Male
26124,1,Male
26125,1,Male
26126,1,Male
26127,1,Male
26128,1,Male
26129,1,Male
26130,1,Male
26131,1,Male
26132,1,Female
26133,1,Male
26134,1,Male
26135,1,Female
26136,1,Male
26137,1,Male
26138,1,Female
26139,1,Male
26140,1,Male
26141,1,Male
26142,1,Male
26143,1,Male
26144,1,Male
26145,1,Male
26146,1,Female
26147,1,Male
26148,1,Male
26149,1,Male
26150,1,Female
26151,1,Male
26152,1,Female
26153,1,Female
26154,1,Female
26155,1,Male
26156,1,Female
26157,1,Female
26158,1,Male
26159,1,Female
26160,1,Male
26161,1,Female
26162,1,Male
26163,1,Male
26164,1,Female
26165,1,Male
26166,1,Male
26167,1,Male
26168,1,Male
26169,1,Female
26170,1,Female
26171,1,Male
26172,1,Female
26173,1,Female
26174,1,Female
26175,1,Female
26176,1,Male
26177,1,Male
26178,1,Male
26179,1,Male
26180,1,Female
26181,1,Female
26182,1,Female
26183,1,Male
26184,1,Male
26185,1,Female
26186,1,Male
26187,1,Male
26188,1,Male
26189,1,Male
26190,1,Female
26191,1,Male
26192,1,Male
26193,1,Male
26194,1,Male
26195,1,Male
26196,1,Male
26197,1,Male
26198,1,Male
26199,1,Male
26200,1,Male
26201,1,Male
26202,1,Male
26203,1,Male
26204,1,Male
26205,1,Female
26206,1,Male
26207,1,Female
26208,1,Male
26209,1,Male
26210,1,Male
26211,1,Female
26212,1,Female
26213,1,Male
26214,1,Male
26215,1,Male
26216,1,Male
26217,1,Male
26218,1,Female
26219,1,Male
26220,1,Male
26221,1,Female
26222,1,Male
26223,1,Male
26224,1,Male
26225,1,Female
26226,1,Male
26227,1,Male
26228,1,Male
26229,1,Female
26230,1,Male
26231,1,Male
26232,1,Male
26233,1,Male
26234,1,Male
26235,1,Male
26236,1,Male
26237,1,Male
26238,1,Female
26239,1,Male
26240,1,Female
26241,1,Male
26242,1,Female
26243,1,Male
26244,1,Male
26245,1,Female
26246,1,Male
26247,1,Male
26248,1,Male
26249,1,Male
26250,1,Male
26251,1,Male
26252,1,Male
26253,1,Male
26254,1,Female
26255,1,Male
26256,1,Female
26257,1,Male
26258,1,Female
26259,1,Female
26260,1,Male
26261,1,Female
26262,1,Male
26263,1,Female
26264,1,Male
26265,1,Female
26266,1,Male
26267,1,Male
26268,1,Male
26269,1,Male
26270,1,Female
26271,1,Male
26272,1,Female
26273,1,Male
26274,1,Male
26275,1,Female
26276,1,Female
26277,1,Female
26278,1,Female
26279,1,Male
26280,1,Male
26281,1,Male
26282,1,Male
26283,1,Male
26284,1,Male
26285,1,Male
26286,1,Female
26287,1,Male
26288,1,Male
26289,1,Male
26290,1,Male
26291,1,Female
26292,1,Male
26293,1,Male
26294,1,Male
26295,1,Male
26296,1,Male
26297,1,Male
26298,1,Male
26299,1,Female
26300,1,Female
26301,1,Female
26302,1,Male
26303,1,Male
26304,1,Male
26305,1,Male
26306,1,Male
26307,1,Male
26308,1,Female
26309,1,Male
26310,1,Male
26311,1,Male
26312,1,Male
26313,1,Female
26314,1,Male
26315,1,Male
26316,1,Male
26317,1,Female
26318,1,Male
26319,1,Male
26320,1,Female
26321,1,Male
26322,1,Female
26323,1,Male
26324,1,Male
26325,1,Male
26326,1,Male
26327,1,Male
26328,1,Female
26329,1,Male
26330,1,Female
26331,1,Male
26332,1,Male
26333,1,Female
26334,1,Male
26335,1,Male
26336,1,Male
26337,1,Male
26338,1,Male
26339,1,Male
26340,1,Male
26341,1,Female
26342,1,Female
26343,1,Female
26344,1,Male
26345,1,Female
26346,1,Male
26347,1,Female
26348,1,Male
26349,1,Male
26350,1,Female
26351,1,Male
26352,1,Male
26353,1,Female
26354,1,Female
26355,1,Female
26356,1,Female
26357,1,Female
26358,1,Male
26359,1,Female
26360,1,Female
26361,1,Male
26362,1,Female
26363,1,Female
26364,1,Male
26365,1,Male
26366,1,Male
26367,1,Male
26368,1,Female
26369,1,Female
26370,1,Male
26371,1,Male
26372,1,Female
26373,1,Male
26374,1,Male
26375,1,Female
26376,1,Female
26377,1,Male
26378,1,Female
26379,1,Male
26380,1,Male
26381,1,Male
26382,1,Male
26383,1,Female
26384,1,Male
26385,1,Male
26386,1,Female
26387,1,Male
26388,1,Male
26389,1,Male
26390,1,Male
26391,1,Male
26392,1,Male
26393,1,Female
26394,1,Male
26395,1,Female
26396,1,Male
26397,1,Male
26398,1,Male
26399,1,Male
26400,1,Female
26401,1,Male
26402,1,Male
26403,1,Male
26404,1,Male
26405,1,Male
26406,1,Female
26407,1,Male
26408,1,Male
26409,1,Female
26410,1,Male
26411,1,Female
26412,1,Male
26413,1,Female
26414,1,Male
26415,1,Male
26416,1,Female
26417,1,Female
26418,1,Male
26419,1,Male
26420,1,Female
26421,1,Male
26422,1,Female
26423,1,Male
26424,1,Male
26425,1,Female
26426,1,Female
26427,1,Female
26428,1,Male
26429,1,Male
26430,1,Female
26431,1,Female
26432,1,Male
26433,1,Male
26434,1,Female
26435,1,Male
26436,1,Male
26437,1,Male
26438,1,Female
26439,1,Female
26440,1,Male
26441,1,Male
26442,1,Male
26443,1,Male
26444,1,Male
26445,1,Male
26446,1,Female
26447,1,Female
26448,1,Male
26449,1,Male
26450,1,Male
26451,1,Female
26452,1,Male
26453,1,Female
26454,1,Female
26455,1,Male
26456,1,Female
26457,1,Male
26458,1,Female
26459,1,Female
26460,1,Female
26461,1,Male
26462,1,Male
26463,1,Female
26464,1,Male
26465,1,Female
26466,1,Female
26467,1,Male
26468,1,Male
26469,1,Female
26470,1,Female
26471,1,Male
26472,1,Male
26473,1,Male
26474,1,Male
26475,1,Male
26476,1,Male
26477,1,Male
26478,1,Female
26479,1,Male
26480,1,Male
26481,1,Male
26482,1,Male
26483,1,Male
26484,1,Male
26485,1,Female
26486,1,Female
26487,1,Female
26488,1,Male
26489,1,Male
26490,1,Male
26491,1,Female
26492,1,Female
26493,1,Male
26494,1,Male
26495,1,Male
26496,1,Male
26497,1,Male
26498,1,Male
26499,1,Male
26500,1,Male
26501,1,Female
26502,1,Male
26503,1,Male
26504,1,Male
26505,1,Male
26506,1,Male
26507,1,Male
26508,1,Male
26509,1,Male
26510,1,Male
26511,1,Female
26512,1,Male
26513,1,Male
26514,1,Male
26515,1,Male
26516,1,Male
26517,1,Male
26518,1,Male
26519,1,Male
26520,1,Female
26521,1,Male
26522,1,Male
26523,1,Male
26524,1,Male
26525,1,Male
26526,1,Female
26527,1,Male
26528,1,Female
26529,1,Male
26530,1,Male
26531,1,Male
26532,1,Female
26533,1,Male
26534,1,Male
26535,1,Male
26536,1,Male
26537,1,Male
26538,1,Female
26539,1,Male
26540,1,Female
26541,1,Male
26542,1,Male
26543,1,Male
26544,1,Male
26545,1,Male
26546,1,Male
26547,1,Male
26548,1,Male
26549,1,Female
26550,1,Male
26551,1,Male
26552,1,Male
26553,1,Female
26554,1,Male
26555,1,Male
26556,1,Male
26557,1,Male
26558,1,Female
26559,1,Male
26560,1,Male
26561,1,Male
26562,1,Male
26563,1,Male
26564,1,Male
26565,1,Male
26566,1,Male
26567,1,Male
26568,1,Male
26569,1,Female
26570,1,Male
26571,1,Female
26572,1,Male
26573,1,Male
26574,1,Male
26575,1,Female
26576,1,Male
26577,1,Male
26578,1,Female
26579,1,Male
26580,1,Female
26581,1,Male
26582,1,Female
26583,1,Male
26584,1,Male
26585,1,Female
26586,1,Female
26587,1,Male
26588,1,Female
26589,1,Male
26590,1,Male
26591,1,Male
26592,1,Female
26593,1,Female
26594,1,Female
26595,1,Male
26596,1,Male
26597,1,Male
26598,1,Male
26599,1,Male
26600,1,Female
26601,1,Male
26602,1,Male
26603,1,Male
26604,1,Male
26605,1,Male
26606,1,Male
26607,1,Female
26608,1,Male
26609,1,Male
26610,1,Female
26611,1,Female
26612,1,Male
26613,1,Male
26614,1,Male
26615,1,Male
26616,1,Male
26617,1,Male
26618,1,Male
26619,1,Male
26620,1,Female
26621,1,Male
26622,1,Male
26623,1,Female
26624,1,Male
26625,1,Male
26626,1,Female
26627,1,Female
26628,1,Male
26629,1,Male
26630,1,Male
26631,1,Male
26632,1,Female
26633,1,Female
26634,1,Male
26635,1,Male
26636,1,Male
26637,1,Female
26638,1,Female
26639,1,Male
26640,1,Male
26641,1,Male
26642,1,Female
26643,1,Male
26644,1,Female
26645,1,Male
26646,1,Male
26647,1,Male
26648,1,Male
26649,1,Male
26650,1,Female
26651,1,Female
26652,1,Male
26653,1,Male
26654,1,Female
26655,1,Male
26656,1,Male
26657,1,Female
26658,1,Female
26659,1,Female
26660,1,Male
26661,1,Male
26662,1,Female
26663,1,Male
26664,1,Female
26665,1,Male
26666,1,Male
26667,1,Male
26668,1,Male
26669,1,Male
26670,1,Male
26671,1,Male
26672,1,Female
26673,1,Female
26674,1,Male
26675,1,Male
26676,1,Male
26677,1,Female
26678,1,Male
26679,1,Female
26680,1,Female
26681,1,Female
26682,1,Male
26683,1,Male
26684,1,Female
26685,1,Female
26686,1,Male
26687,1,Female
26688,1,Female
26689,1,Male
26690,1,Female
26691,1,Male
26692,1,Male
26693,1,Male
26694,1,Male
26695,1,Female
26696,1,Female
26697,1,Male
26698,1,Female
26699,1,Male
26700,1,Male
26701,1,Male
26702,1,Male
26703,1,Female
26704,1,Male
26705,1,Male
26706,1,Male
26707,1,Male
26708,1,Female
26709,1,Male
26710,1,Male
26711,1,Male
26712,1,Female
26713,1,Male
26714,1,Male
26715,1,Female
26716,1,Male
26717,1,Male
26718,1,Male
26719,1,Male
26720,1,Male
26721,1,Male
26722,1,Male
26723,1,Female
26724,1,Male
26725,1,Female
26726,1,Female
26727,1,Male
26728,1,Male
26729,1,Male
26730,1,Male
26731,1,Male
26732,1,Male
26733,1,Male
26734,1,Male
26735,1,Male
26736,1,Female
26737,1,Male
26738,1,Female
26739,1,Male
26740,1,Male
26741,1,Male
26742,1,Female
26743,1,Male
26744,1,Male
26745,1,Male
26746,1,Male
26747,1,Male
26748,1,Male
26749,1,Female
26750,1,Male
26751,1,Male
26752,1,Male
26753,1,Male
26754,1,Female
26755,1,Male
26756,1,Female
26757,1,Male
26758,1,Male
26759,1,Male
26760,1,Male
26761,1,Female
26762,1,Male
26763,1,Male
26764,1,Female
26765,1,Female
26766,1,Male
26767,1,Female
26768,1,Male
26769,1,Male
26770,1,Male
26771,1,Male
26772,1,Male
26773,1,Male
26774,1,Male
26775,1,Male
26776,1,Male
26777,1,Female
26778,1,Male
26779,1,Female
26780,1,Male
26781,1,Female
26782,1,Male
26783,1,Male
26784,1,Female
26785,1,Male
26786,1,Male
26787,1,Male
26788,1,Male
26789,1,Male
26790,1,Female
26791,1,Male
26792,1,Male
26793,1,Male
26794,1,Female
26795,1,Male
26796,1,Male
26797,1,Male
26798,1,Male
26799,1,Female
26800,1,Female
26801,1,Male
26802,1,Male
26803,1,Male
26804,1,Male
26805,1,Male
26806,1,Male
26807,1,Female
26808,1,Male
26809,1,Female
26810,1,Male
26811,1,Male
26812,1,Male
26813,1,Male
26814,1,Male
26815,1,Male
26816,1,Male
26817,1,Female
26818,1,Male
26819,1,Female
26820,1,Male
26821,1,Female
26822,1,Male
26823,1,Male
26824,1,Male
26825,1,Male
26826,1,Male
26827,1,Female
26828,1,Male
26829,1,Male
26830,1,Male
26831,1,Female
26832,1,Female
26833,1,Female
26834,1,Male
26835,1,Male
26836,1,Male
26837,1,Female
26838,1,Female
26839,1,Male
26840,1,Female
26841,1,Male
26842,1,Male
26843,1,Female
26844,1,Female
26845,1,Male
26846,1,Male
26847,1,Female
26848,1,Male
26849,1,Female
26850,1,Male
26851,1,Male
26852,1,Female
26853,1,Male
26854,1,Female
26855,1,Male
26856,1,Female
26857,1,Female
26858,1,Male
26859,1,Male
26860,1,Male
26861,1,Male
26862,1,Male
26863,1,Male
26864,1,Male
26865,1,Male
26866,1,Male
26867,1,Female
26868,1,Male
26869,1,Male
26870,1,Female
26871,1,Female
26872,1,Male
26873,1,Male
26874,1,Male
26875,1,Female
26876,1,Male
26877,1,Male
26878,1,Male
26879,1,Female
26880,1,Male
26881,1,Male
26882,1,Male
26883,1,Male
26884,1,Male
26885,1,Female
26886,1,Male
26887,1,Female
26888,1,Male
26889,1,Female
26890,1,Male
26891,1,Male
26892,1,Female
26893,1,Male
26894,1,Male
26895,1,Female
26896,1,Male
26897,1,Male
26898,1,Female
26899,1,Male
26900,1,Female
26901,1,Male
26902,1,Male
26903,1,Female
26904,1,Male
26905,1,Female
26906,1,Male
26907,1,Male
26908,1,Male
26909,1,Male
26910,1,Female
26911,1,Male
26912,1,Male
26913,1,Male
26914,1,Male
26915,1,Female
26916,1,Male
26917,1,Male
26918,1,Male
26919,1,Male
26920,1,Female
26921,1,Male
26922,1,Male
26923,1,Female
26924,1,Male
26925,1,Male
26926,1,Male
26927,1,Male
26928,1,Male
26929,1,Male
26930,1,Male
26931,1,Male
26932,1,Male
26933,1,Female
26934,1,Male
26935,1,Male
26936,1,Male
26937,1,Female
26938,1,Male
26939,1,Female
26940,1,Male
26941,1,Female
26942,1,Female
26943,1,Female
26944,1,Male
26945,1,Male
26946,1,Male
26947,1,Female
26948,1,Female
26949,1,Male
26950,1,Male
26951,1,Male
26952,1,Male
26953,1,Female
26954,1,Male
26955,1,Male
26956,1,Male
26957,1,Male
26958,1,Female
26959,1,Female
26960,1,Male
26961,1,Male
26962,1,Female
26963,1,Male
26964,1,Male
26965,1,Male
26966,1,Female
26967,1,Female
26968,1,Male
26969,1,Male
26970,1,Male
26971,1,Male
26972,1,Male
26973,1,Female
26974,1,Male
26975,1,Female
26976,1,Female
26977,1,Male
26978,1,Male
26979,1,Male
26980,1,Male
26981,1,Male
26982,1,Female
26983,1,Male
26984,1,Male
26985,1,Male
26986,1,Male
26987,1,Female
26988,1,Male
26989,1,Male
26990,1,Male
26991,1,Male
26992,1,Female
26993,1,Male
26994,1,Male
26995,1,Male
26996,1,Male
26997,1,Male
26998,1,Male
26999,1,Male
27000,1,Male
27001,1,Male
27002,1,Male
27003,1,Male
27004,1,Male
27005,1,Female
27006,1,Male
27007,1,Female
27008,1,Male
27009,1,Female
27010,1,Female
27011,1,Female
27012,1,Male
27013,1,Female
27014,1,Male
27015,1,Female
27016,1,Female
27017,1,Male
27018,1,Male
27019,1,Female
27020,1,Male
27021,1,Female
27022,1,Male
27023,1,Male
27024,1,Male
27025,1,Male
27026,1,Female
27027,1,Male
27028,1,Female
27029,1,Male
27030,1,Female
27031,1,Female
27032,1,Female
27033,1,Male
27034,1,Male
27035,1,Female
27036,1,Male
27037,1,Female
27038,1,Male
27039,1,Male
27040,1,Male
27041,1,Male
27042,1,Male
27043,1,Female
27044,1,Female
27045,1,Male
27046,1,Male
27047,1,Male
27048,1,Male
27049,1,Female
27050,1,Female
27051,1,Female
27052,1,Female
27053,1,Male
27054,1,Male
27055,1,Female
27056,1,Male
27057,1,Male
27058,1,Female
27059,1,Female
27060,1,Female
27061,1,Male
27062,1,Male
27063,1,Male
27064,1,Male
27065,1,Male
27066,1,Male
27067,1,Male
27068,1,Male
27069,1,Female
27070,1,Male
27071,1,Male
27072,1,Male
27073,1,Female
27074,1,Female
27075,1,Female
27076,1,Male
27077,1,Female
27078,1,Male
27079,1,Male
27080,1,Male
27081,1,Female
27082,1,Male
27083,1,Male
27084,1,Male
27085,1,Female
27086,1,Male
27087,1,Female
27088,1,Male
27089,1,Male
27090,1,Female
27091,1,Male
27092,1,Female
27093,1,Male
27094,1,Female
27095,1,Male
27096,1,Male
27097,1,Male
27098,1,Male
27099,1,Male
27100,1,Male
27101,1,Male
27102,1,Male
27103,1,Male
27104,1,Male
27105,1,Male
27106,1,Male
27107,1,Female
27108,1,Male
27109,1,Male
27110,1,Male
27111,1,Male
27112,1,Female
27113,1,Female
27114,1,Male
27115,1,Male
27116,1,Male
27117,1,Female
27118,1,Male
27119,1,Male
27120,1,Male
27121,1,Male
27122,1,Male
27123,1,Male
27124,1,Male
27125,1,Male
27126,1,Male
27127,1,Male
27128,1,Female
27129,1,Female
27130,1,Male
27131,1,Male
27132,1,Female
27133,1,Male
27134,1,Male
27135,1,Female
27136,1,Male
27137,1,Male
27138,1,Female
27139,1,Male
27140,1,Female
27141,1,Female
27142,1,Male
27143,1,Female
27144,1,Male
27145,1,Male
27146,1,Female
27147,1,Female
27148,1,Male
27149,1,Male
27150,1,Male
27151,1,Male
27152,1,Male
27153,1,Male
27154,1,Female
27155,1,Male
27156,1,Male
27157,1,Male
27158,1,Female
27159,1,Female
27160,1,Male
27161,1,Male
27162,1,Male
27163,1,Male
27164,1,Male
27165,1,Male
27166,1,Female
27167,1,Male
27168,1,Male
27169,1,Female
27170,1,Male
27171,1,Female
27172,1,Female
27173,1,Male
27174,1,Male
27175,1,Male
27176,1,Male
27177,1,Female
27178,1,Male
27179,1,Male
27180,1,Male
27181,1,Male
27182,1,Female
27183,1,Female
27184,1,Male
27185,1,Male
27186,1,Male
27187,1,Female
27188,1,Male
27189,1,Female
27190,1,Male
27191,1,Male
27192,1,Male
27193,1,Male
27194,1,Female
27195,1,Male
27196,1,Female
27197,1,Male
27198,1,Male
27199,1,Male
27200,1,Male
27201,1,Male
27202,1,Female
27203,1,Male
27204,1,Male
27205,1,Female
27206,1,Female
27207,1,Female
27208,1,Male
27209,1,Female
27210,1,Female
27211,1,Male
27212,1,Male
27213,1,Male
27214,1,Male
27215,1,Female
27216,1,Male
27217,1,Male
27218,1,Female
27219,1,Male
27220,1,Female
27221,1,Female
27222,1,Female
27223,1,Male
27224,1,Male
27225,1,Male
27226,1,Male
27227,1,Male
27228,1,Female
27229,1,Male
27230,1,Male
27231,1,Male
27232,1,Male
27233,1,Male
27234,1,Female
27235,1,Male
27236,1,Female
27237,1,Male
27238,1,Female
27239,1,Male
27240,1,Male
27241,1,Male
27242,1,Female
27243,1,Female
27244,1,Male
27245,1,Female
27246,1,Female
27247,1,Male
27248,1,Female
27249,1,Female
27250,1,Male
27251,1,Male
27252,1,Female
27253,1,Male
27254,1,Female
27255,1,Male
27256,1,Male
27257,1,Male
27258,1,Female
27259,1,Male
27260,1,Male
27261,1,Male
27262,1,Male
27263,1,Female
27264,1,Male
27265,1,Male
27266,1,Male
27267,1,Male
27268,1,Female
27269,1,Male
27270,1,Male
27271,1,Male
27272,1,Male
27273,1,Male
27274,1,Male
27275,1,Male
27276,1,Female
27277,1,Male
27278,1,Male
27279,1,Male
27280,1,Male
27281,1,Female
27282,1,Female
27283,1,Male
27284,1,Male
27285,1,Male
27286,1,Female
27287,1,Male
27288,1,Male
27289,1,Female
27290,1,Male
27291,1,Female
27292,1,Female
27293,1,Male
27294,1,Male
27295,1,Female
27296,1,Male
27297,1,Male
27298,1,Male
27299,1,Male
27300,1,Male
27301,1,Male
27302,1,Male
27303,1,Male
27304,1,Male
27305,1,Male
27306,1,Male
27307,1,Male
27308,1,Male
27309,1,Male
27310,1,Male
27311,1,Female
27312,1,Male
27313,1,Male
27314,1,Male
27315,1,Male
27316,1,Female
27317,1,Male
27318,1,Male
27319,1,Female
27320,1,Female
27321,1,Male
27322,1,Male
27323,1,Male
27324,1,Female
27325,1,Male
27326,1,Male
27327,1,Female
27328,1,Female
27329,1,Male
27330,1,Male
27331,1,Female
27332,1,Female
27333,1,Female
27334,1,Male
27335,1,Female
27336,1,Female
27337,1,Female
27338,1,Male
27339,1,Female
27340,1,Female
27341,1,Male
27342,1,Male
27343,1,Female
27344,1,Male
27345,1,Female
27346,1,Male
27347,1,Male
27348,1,Male
27349,1,Female
27350,1,Male
27351,1,Male
27352,1,Male
27353,1,Male
27354,1,Female
27355,1,Male
27356,1,Male
27357,1,Male
27358,1,Female
27359,1,Male
27360,1,Male
27361,1,Male
27362,1,Male
27363,1,Male
27364,1,Female
27365,1,Female
27366,1,Female
27367,1,Male
27368,1,Male
27369,1,Female
27370,1,Male
27371,1,Male
27372,1,Male
27373,1,Female
27374,1,Male
27375,1,Male
27376,1,Female
27377,1,Male
27378,1,Male
27379,1,Female
27380,1,Female
27381,1,Female
27382,1,Male
27383,1,Male
27384,1,Male
27385,1,Male
27386,1,Female
27387,1,Male
27388,1,Male
27389,1,Male
27390,1,Male
27391,1,Male
27392,1,Male
27393,1,Male
27394,1,Female
27395,1,Male
27396,1,Male
27397,1,Male
27398,1,Female
27399,1,Male
27400,1,Female
27401,1,Male
27402,1,Male
27403,1,Male
27404,1,Male
27405,1,Male
27406,1,Male
27407,1,Male
27408,1,Female
27409,1,Male
27410,1,Female
27411,1,Male
27412,1,Male
27413,1,Male
27414,1,Male
27415,1,Male
27416,1,Female
27417,1,Male
27418,1,Female
27419,1,Male
27420,1,Male
27421,1,Female
27422,1,Female
27423,1,Male
27424,1,Female
27425,1,Male
27426,1,Male
27427,1,Female
27428,1,Female
27429,1,Female
27430,1,Male
27431,1,Female
27432,1,Male
27433,1,Male
27434,1,Male
27435,1,Male
27436,1,Male
27437,1,Male
27438,1,Male
27439,1,Female
27440,1,Male
27441,1,Female
27442,1,Male
27443,1,Male
27444,1,Female
27445,1,Male
27446,1,Male
27447,1,Male
27448,1,Female
27449,1,Male
27450,1,Male
27451,1,Male
27452,1,Male
27453,1,Male
27454,1,Male
27455,1,Female
27456,1,Male
27457,1,Male
27458,1,Female
27459,1,Female
27460,1,Male
27461,1,Male
27462,1,Female
27463,1,Male
27464,1,Female
27465,1,Male
27466,1,Male
27467,1,Male
27468,1,Male
27469,1,Male
27470,1,Male
27471,1,Female
27472,1,Male
27473,1,Male
27474,1,Male
27475,1,Female
27476,1,Female
27477,1,Male
27478,1,Female
27479,1,Male
27480,1,Male
27481,1,Male
27482,1,Female
27483,1,Female
27484,1,Male
27485,1,Male
27486,1,Female
27487,1,Male
27488,1,Female
27489,1,Male
27490,1,Female
27491,1,Female
27492,1,Male
27493,1,Male
27494,1,Male
27495,1,Female
27496,1,Male
27497,1,Male
27498,1,Female
27499,1,Female
27500,1,Female
27501,1,Male
27502,1,Female
27503,1,Male
27504,1,Female
27505,1,Female
27506,1,Male
27507,1,Male
27508,1,Female
27509,1,Male
27510,1,Male
27511,1,Male
27512,1,Male
27513,1,Female
27514,1,Female
27515,1,Male
27516,1,Female
27517,1,Male
27518,1,Male
27519,1,Female
27520,1,Female
27521,1,Male
27522,1,Male
27523,1,Female
27524,1,Male
27525,1,Male
27526,1,Male
27527,1,Female
27528,1,Male
27529,1,Male
27530,1,Female
27531,1,Male
27532,1,Male
27533,1,Male
27534,1,Male
27535,1,Female
27536,1,Female
27537,1,Female
27538,1,Female
27539,1,Male
27540,1,Male
27541,1,Male
27542,1,Male
27543,1,Male
27544,1,Female
27545,1,Male
27546,1,Male
27547,1,Male
27548,1,Female
27549,1,Male
27550,1,Male
27551,1,Male
27552,1,Male
27553,1,Female
27554,1,Female
27555,1,Male
27556,1,Male
27557,1,Female
27558,1,Male
27559,1,Male
27560,1,Female
27561,1,Male
27562,1,Male
27563,1,Male
27564,1,Female
27565,1,Male
27566,1,Female
27567,1,Female
27568,1,Male
27569,1,Male
27570,1,Female
27571,1,Female
27572,1,Male
27573,1,Male
27574,1,Female
27575,1,Male
27576,1,Female
27577,1,Female
27578,1,Male
27579,1,Male
27580,1,Male
27581,1,Female
27582,1,Male
27583,1,Male
27584,1,Female
27585,1,Male
27586,1,Female
27587,1,Male
27588,1,Female
27589,1,Male
27590,1,Male
27591,1,Male
27592,1,Male
27593,1,Male
27594,1,Male
27595,1,Male
27596,1,Male
27597,1,Male
27598,1,Male
27599,1,Female
27600,1,Female
27601,1,Female
27602,1,Female
27603,1,Male
27604,1,Female
27605,1,Male
27606,1,Male
27607,1,Male
27608,1,Male
27609,1,Female
27610,1,Male
27611,1,Female
27612,1,Female
27613,1,Male
27614,1,Female
27615,1,Male
27616,1,Male
27617,1,Female
27618,1,Male
27619,1,Female
27620,1,Male
27621,1,Male
27622,1,Male
27623,1,Male
27624,1,Female
27625,1,Male
27626,1,Male
27627,1,Female
27628,1,Male
27629,1,Male
27630,1,Male
27631,1,Male
27632,1,Female
27633,1,Male
27634,1,Female
27635,1,Female
27636,1,Female
27637,1,Male
27638,1,Male
27639,1,Female
27640,1,Female
27641,1,Male
27642,1,Female
27643,1,Male
27644,1,Male
27645,1,Male
27646,1,Female
27647,1,Male
27648,1,Female
27649,1,Male
27650,1,Male
27651,1,Male
27652,1,Male
27653,1,Male
27654,1,Female
27655,1,Female
27656,1,Male
27657,1,Female
27658,1,Male
27659,1,Male
27660,1,Male
27661,1,Male
27662,1,Male
27663,1,Male
27664,1,Female
27665,1,Female
27666,1,Male
27667,1,Female
27668,1,Male
27669,1,Male
27670,1,Male
27671,1,Male
27672,1,Female
27673,1,Female
27674,1,Male
27675,1,Male
27676,1,Male
27677,1,Female
27678,1,Female
27679,1,Male
27680,1,Female
27681,1,Female
27682,1,Female
27683,1,Male
27684,1,Male
27685,1,Male
27686,1,Female
27687,1,Male
27688,1,Male
27689,1,Male
27690,1,Female
27691,1,Male
27692,1,Male
27693,1,Female
27694,1,Male
27695,1,Male
27696,1,Male
27697,1,Male
27698,1,Female
27699,1,Male
27700,1,Female
27701,1,Male
27702,1,Male
27703,1,Female
27704,1,Male
27705,1,Female
27706,1,Male
27707,1,Male
27708,1,Male
27709,1,Male
27710,1,Male
27711,1,Male
27712,1,Male
27713,1,Female
27714,1,Male
27715,1,Male
27716,1,Male
27717,1,Male
27718,1,Female
27719,1,Female
27720,1,Female
27721,1,Female
27722,1,Female
27723,1,Male
27724,1,Female
27725,1,Male
27726,1,Male
27727,1,Male
27728,1,Male
27729,1,Female
27730,1,Female
27731,1,Female
27732,1,Male
27733,1,Male
27734,1,Male
27735,1,Male
27736,1,Male
27737,1,Male
27738,1,Male
27739,1,Female
27740,1,Male
27741,1,Male
27742,1,Male
27743,1,Female
27744,1,Female
27745,1,Male
27746,1,Female
27747,1,Male
27748,1,Female
27749,1,Male
27750,1,Male
27751,1,Female
27752,1,Male
27753,1,Male
27754,1,Female
27755,1,Male
27756,1,Female
27757,1,Male
27758,1,Male
27759,1,Female
27760,1,Male
27761,1,Female
27762,1,Male
27763,1,Male
27764,1,Male
27765,1,Male
27766,1,Male
27767,1,Male
27768,1,Female
27769,1,Male
27770,1,Female
27771,1,Female
27772,1,Male
27773,1,Male
27774,1,Male
27775,1,Female
27776,1,Female
27777,1,Male
27778,1,Male
27779,1,Female
27780,1,Female
27781,1,Male
27782,1,Female
27783,1,Male
27784,1,Male
27785,1,Male
27786,1,Male
27787,1,Female
27788,1,Male
27789,1,Male
27790,1,Male
27791,1,Male
27792,1,Male
27793,1,Male
27794,1,Male
27795,1,Female
27796,1,Female
27797,1,Female
27798,1,Male
27799,1,Female
27800,1,Male
27801,1,Male
27802,1,Male
27803,1,Male
27804,1,Male
27805,1,Male
27806,1,Male
27807,1,Female
27808,1,Female
27809,1,Male
27810,1,Male
27811,1,Male
27812,1,Female
27813,1,Female
27814,1,Male
27815,1,Male
27816,1,Male
27817,1,Male
27818,1,Male
27819,1,Female
27820,1,Male
27821,1,Female
27822,1,Female
27823,1,Female
27824,1,Male
27825,1,Male
27826,1,Male
27827,1,Female
27828,1,Male
27829,1,Male
27830,1,Female
27831,1,Male
27832,1,Female
27833,1,Male
27834,1,Female
27835,1,Male
27836,1,Male
27837,1,Male
27838,1,Male
27839,1,Female
27840,1,Male
27841,1,Male
27842,1,Male
27843,1,Male
27844,1,Female
27845,1,Male
27846,1,Female
27847,1,Male
27848,1,Male
27849,1,Male
27850,1,Female
27851,1,Male
27852,1,Female
27853,1,Male
27854,1,Female
27855,1,Female
27856,1,Female
27857,1,Female
27858,1,Male
27859,1,Female
27860,1,Male
27861,1,Male
27862,1,Male
27863,1,Female
27864,1,Male
27865,1,Female
27866,1,Male
27867,1,Female
27868,1,Male
27869,1,Male
27870,1,Female
27871,1,Female
27872,1,Male
27873,1,Male
27874,1,Female
27875,1,Male
27876,1,Male
27877,1,Male
27878,1,Female
27879,1,Male
27880,1,Male
27881,1,Male
27882,1,Female
27883,1,Male
27884,1,Female
27885,1,Female
27886,1,Female
27887,1,Male
27888,1,Female
27889,1,Male
27890,1,Male
27891,1,Male
27892,1,Male
27893,1,Male
27894,1,Male
27895,1,Female
27896,1,Male
27897,1,Male
27898,1,Female
27899,1,Male
27900,1,Male
27901,1,Male
27902,1,Male
27903,1,Male
27904,1,Male
27905,1,Male
27906,1,Male
27907,1,Male
27908,1,Male
27909,1,Male
27910,1,Male
27911,1,Male
27912,1,Female
27913,1,Female
27914,1,Male
27915,1,Male
27916,1,Male
27917,1,Female
27918,1,Female
27919,1,Female
27920,1,Male
27921,1,Male
27922,1,Female
27923,1,Female
27924,1,Male
27925,1,Male
27926,1,Female
27927,1,Male
27928,1,Female
27929,1,Female
27930,1,Male
27931,1,Male
27932,1,Female
27933,1,Male
27934,1,Female
27935,1,Male
27936,1,Male
27937,1,Female
27938,1,Female
27939,1,Male
27940,1,Male
27941,1,Female
27942,1,Male
27943,1,Male
27944,1,Female
27945,1,Female
27946,1,Male
27947,1,Female
27948,1,Male
27949,1,Male
27950,1,Female
27951,1,Male
27952,1,Male
27953,1,Female
27954,1,Male
27955,1,Male
27956,1,Female
27957,1,Male
27958,1,Female
27959,1,Male
27960,1,Female
27961,1,Male
27962,1,Female
27963,1,Male
27964,1,Female
27965,1,Male
27966,1,Female
27967,1,Male
27968,1,Female
27969,1,Male
27970,1,Female
27971,1,Male
27972,1,Male
27973,1,Male
27974,1,Female
27975,1,Male
27976,1,Female
27977,1,Female
27978,1,Male
27979,1,Male
27980,1,Female
27981,1,Male
27982,1,Female
27983,1,Male
27984,1,Male
27985,1,Male
27986,1,Female
27987,1,Male
27988,1,Male
27989,1,Female
27990,1,Male
27991,1,Female
27992,1,Male
27993,1,Female
27994,1,Male
27995,1,Male
27996,1,Male
27997,1,Male
27998,1,Male
27999,1,Male
28000,1,Male
28001,1,Male
28002,1,Female
28003,1,Female
28004,1,Female
28005,1,Male
28006,1,Male
28007,1,Male
28008,1,Male
28009,1,Female
28010,1,Female
28011,1,Male
28012,1,Male
28013,1,Male
28014,1,Male
28015,1,Female
28016,1,Female
28017,1,Female
28018,1,Female
28019,1,Male
28020,1,Male
28021,1,Male
28022,1,Female
28023,1,Male
28024,1,Female
28025,1,Male
28026,1,Female
28027,1,Male
28028,1,Female
28029,1,Female
28030,1,Male
28031,1,Male
28032,1,Male
28033,1,Female
28034,1,Female
28035,1,Male
28036,1,Male
28037,1,Male
28038,1,Female
28039,1,Female
28040,1,Male
28041,1,Male
28042,1,Male
28043,1,Female
28044,1,Male
28045,1,Male
28046,1,Male
28047,1,Male
28048,1,Male
28049,1,Male
28050,1,Male
28051,1,Male
28052,1,Male
28053,1,Male
28054,1,Male
28055,1,Male
28056,1,Male
28057,1,Male
28058,1,Male
28059,1,Female
28060,1,Male
28061,1,Male
28062,1,Female
28063,1,Male
28064,1,Male
28065,1,Male
28066,1,Female
28067,1,Male
28068,1,Male
28069,1,Male
28070,1,Male
28071,1,Male
28072,1,Female
28073,1,Female
28074,1,Male
28075,1,Male
28076,1,Male
28077,1,Female
28078,1,Male
28079,1,Male
28080,1,Female
28081,1,Male
28082,1,Male
28083,1,Male
28084,1,Female
28085,1,Female
28086,1,Male
28087,1,Male
28088,1,Male
28089,1,Female
28090,1,Male
28091,1,Male
28092,1,Female
28093,1,Male
28094,1,Female
28095,1,Male
28096,1,Female
28097,1,Female
28098,1,Female
28099,1,Male
28100,1,Male
28101,1,Male
28102,1,Male
28103,1,Female
28104,1,Female
28105,1,Male
28106,1,Male
28107,1,Male
28108,1,Female
28109,1,Male
28110,1,Male
28111,1,Female
28112,1,Male
28113,1,Male
28114,1,Male
28115,1,Male
28116,1,Male
28117,1,Male
28118,1,Male
28119,1,Male
28120,1,Female
28121,1,Male
28122,1,Male
28123,1,Male
28124,1,Female
28125,1,Female
28126,1,Male
28127,1,Male
28128,1,Male
28129,1,Male
28130,1,Male
28131,1,Male
28132,1,Male
28133,1,Male
28134,1,Female
28135,1,Male
28136,1,Female
28137,1,Male
28138,1,Male
28139,1,Male
28140,1,Male
28141,1,Female
28142,1,Male
28143,1,Female
28144,1,Male
28145,1,Male
28146,1,Male
28147,1,Male
28148,1,Male
28149,1,Male
28150,1,Male
28151,1,Male
28152,1,Male
28153,1,Male
28154,1,Female
28155,1,Male
28156,1,Female
28157,1,Female
28158,1,Male
28159,1,Male
28160,1,Male
28161,1,Male
28162,1,Female
28163,1,Male
28164,1,Male
28165,1,Male
28166,1,Male
28167,1,Male
28168,1,Male
28169,1,Male
28170,1,Male
28171,1,Male
28172,1,Male
28173,1,Male
28174,1,Male
28175,1,Male
28176,1,Male
28177,1,Female
28178,1,Female
28179,1,Female
28180,1,Female
28181,1,Female
28182,1,Male
28183,1,Female
28184,1,Female
28185,1,Male
28186,1,Male
28187,1,Male
28188,1,Male
28189,1,Female
28190,1,Male
28191,1,Male
28192,1,Male
28193,1,Female
28194,1,Male
28195,1,Male
28196,1,Male
28197,1,Female
28198,1,Male
28199,1,Male
28200,1,Male
28201,1,Female
28202,1,Male
28203,1,Male
28204,1,Male
28205,1,Male
28206,1,Male
28207,1,Male
28208,1,Male
28209,1,Female
28210,1,Female
28211,1,Male
28212,1,Male
28213,1,Female
28214,1,Male
28215,1,Male
28216,1,Male
28217,1,Male
28218,1,Male
28219,1,Male
28220,1,Female
28221,1,Male
28222,1,Female
28223,1,Male
28224,1,Male
28225,1,Male
28226,1,Male
28227,1,Male
28228,1,Male
28229,1,Male
28230,1,Male
28231,1,Female
28232,1,Male
28233,1,Male
28234,1,Male
28235,1,Male
28236,1,Female
28237,1,Male
28238,1,Male
28239,1,Male
28240,1,Male
28241,1,Male
28242,1,Male
28243,1,Male
28244,1,Female
28245,1,Male
28246,1,Male
28247,1,Male
28248,1,Male
28249,1,Male
28250,1,Female
28251,1,Male
28252,1,Male
28253,1,Male
28254,1,Male
28255,1,Male
28256,1,Male
28257,1,Male
28258,1,Female
28259,1,Male
28260,1,Female
28261,1,Male
28262,1,Female
28263,1,Male
28264,1,Female
28265,1,Male
28266,1,Male
28267,1,Female
28268,1,Male
28269,1,Male
28270,1,Male
28271,1,Male
28272,1,Male
28273,1,Male
28274,1,Male
28275,1,Female
28276,1,Male
28277,1,Male
28278,1,Female
28279,1,Male
28280,1,Male
28281,1,Female
28282,1,Male
28283,1,Female
28284,1,Male
28285,1,Male
28286,1,Female
28287,1,Male
28288,1,Female
28289,1,Female
28290,1,Male
28291,1,Male
28292,1,Male
28293,1,Female
28294,1,Female
28295,1,Male
28296,1,Male
28297,1,Male
28298,1,Female
28299,1,Male
28300,1,Female
28301,1,Male
28302,1,Male
28303,1,Male
28304,1,Male
28305,1,Male
28306,1,Male
28307,1,Male
28308,1,Female
28309,1,Male
28310,1,Male
28311,1,Male
28312,1,Male
28313,1,Male
28314,1,Male
28315,1,Male
28316,1,Female
28317,1,Male
28318,1,Male
28319,1,Female
28320,1,Male
28321,1,Male
28322,1,Male
28323,1,Female
28324,1,Male
28325,1,Male
28326,1,Male
28327,1,Male
28328,1,Male
28329,1,Male
28330,1,Female
28331,1,Male
28332,1,Male
28333,1,Male
28334,1,Male
28335,1,Male
28336,1,Male
28337,1,Female
28338,1,Male
28339,1,Female
28340,1,Male
28341,1,Female
28342,1,Male
28343,1,Female
28344,1,Female
28345,1,Male
28346,1,Male
28347,1,Male
28348,1,Female
28349,1,Male
28350,1,Male
28351,1,Female
28352,1,Male
28353,1,Female
28354,1,Male
28355,1,Male
28356,1,Female
28357,1,Male
28358,1,Male
28359,1,Male
28360,1,Female
28361,1,Female
28362,1,Female
28363,1,Male
28364,1,Female
28365,1,Male
28366,1,Female
28367,1,Male
28368,1,Male
28369,1,Female
28370,1,Male
28371,1,Male
28372,1,Male
28373,1,Female
28374,1,Male
28375,1,Male
28376,1,Female
28377,1,Male
28378,1,Female
28379,1,Female
28380,1,Male
28381,1,Male
28382,1,Female
28383,1,Female
28384,1,Male
28385,1,Female
28386,1,Female
28387,1,Female
28388,1,Male
28389,1,Male
28390,1,Female
28391,1,Male
28392,1,Male
28393,1,Male
28394,1,Male
28395,1,Male
28396,1,Male
28397,1,Female
28398,1,Male
28399,1,Male
28400,1,Female
28401,1,Male
28402,1,Male
28403,1,Female
28404,1,Female
28405,1,Male
28406,1,Male
28407,1,Male
28408,1,Male
28409,1,Female
28410,1,Male
28411,1,Male
28412,1,Male
28413,1,Male
28414,1,Male
28415,1,Male
28416,1,Male
28417,1,Female
28418,1,Male
28419,1,Male
28420,1,Male
28421,1,Male
28422,1,Male
28423,1,Male
28424,1,Male
28425,1,Female
28426,1,Male
28427,1,Male
28428,1,Male
28429,1,Male
28430,1,Female
28431,1,Male
28432,1,Male
28433,1,Female
28434,1,Female
28435,1,Female
28436,1,Male
28437,1,Male
28438,1,Male
28439,1,Female
28440,1,Female
28441,1,Female
28442,1,Male
28443,1,Male
28444,1,Male
28445,1,Female
28446,1,Male
28447,1,Male
28448,1,Male
28449,1,Male
28450,1,Female
28451,1,Male
28452,1,Female
28453,1,Male
28454,1,Male
28455,1,Male
28456,1,Female
28457,1,Male
28458,1,Male
28459,1,Female
28460,1,Female
28461,1,Female
28462,1,Male
28463,1,Male
28464,1,Female
28465,1,Female
28466,1,Male
28467,1,Male
28468,1,Male
28469,1,Male
28470,1,Male
28471,1,Male
28472,1,Male
28473,1,Male
28474,1,Male
28475,1,Female
28476,1,Male
28477,1,Female
28478,1,Male
28479,1,Male
28480,1,Female
28481,1,Male
28482,1,Male
28483,1,Male
28484,1,Female
28485,1,Female
28486,1,Male
28487,1,Male
28488,1,Female
28489,1,Female
28490,1,Male
28491,1,Female
28492,1,Female
28493,1,Male
28494,1,Male
28495,1,Male
28496,1,Male
28497,1,Male
28498,1,Female
28499,1,Female
28500,1,Male
28501,1,Male
28502,1,Male
28503,1,Male
28504,1,Male
28505,1,Male
28506,1,Female
28507,1,Female
28508,1,Female
28509,1,Male
28510,1,Male
28511,1,Male
28512,1,Male
28513,1,Female
28514,1,Female
28515,1,Female
28516,1,Male
28517,1,Male
28518,1,Female
28519,1,Male
28520,1,Female
28521,1,Male
28522,1,Female
28523,1,Male
28524,1,Male
28525,1,Female
28526,1,Male
28527,1,Male
28528,1,Male
28529,1,Male
28530,1,Male
28531,1,Male
28532,1,Female
28533,1,Male
28534,1,Male
28535,1,Female
28536,1,Female
28537,1,Female
28538,1,Male
28539,1,Female
28540,1,Male
28541,1,Male
28542,1,Male
28543,1,Male
28544,1,Male
28545,1,Male
28546,1,Male
28547,1,Female
28548,1,Female
28549,1,Male
28550,1,Female
28551,1,Female
28552,1,Female
28553,1,Female
28554,1,Male
28555,1,Male
28556,1,Female
28557,1,Female
28558,1,Male
28559,1,Male
28560,1,Female
28561,1,Female
28562,1,Male
28563,1,Male
28564,1,Female
28565,1,Male
28566,1,Female
28567,1,Female
28568,1,Female
28569,1,Male
28570,1,Male
28571,1,Male
28572,1,Male
28573,1,Male
28574,1,Male
28575,1,Male
28576,1,Male
28577,1,Female
28578,1,Female
28579,1,Female
28580,1,Female
28581,1,Male
28582,1,Male
28583,1,Male
28584,1,Male
28585,1,Male
28586,1,Male
28587,1,Male
28588,1,Male
28589,1,Male
28590,1,Male
28591,1,Male
28592,1,Male
28593,1,Male
28594,1,Female
28595,1,Male
28596,1,Male
28597,1,Male
28598,1,Female
28599,1,Male
28600,1,Male
28601,1,Male
28602,1,Female
28603,1,Female
28604,1,Male
28605,1,Male
28606,1,Male
28607,1,Female
28608,1,Male
28609,1,Male
28610,1,Male
28611,1,Male
28612,1,Male
28613,1,Female
28614,1,Male
28615,1,Male
28616,1,Male
28617,1,Male
28618,1,Female
28619,1,Female
28620,1,Male
28621,1,Male
28622,1,Female
28623,1,Male
28624,1,Male
28625,1,Male
28626,1,Female
28627,1,Female
28628,1,Male
28629,1,Male
28630,1,Male
28631,1,Female
28632,1,Male
28633,1,Female
28634,1,Female
28635,1,Male
28636,1,Female
28637,1,Male
28638,1,Female
28639,1,Male
28640,1,Female
28641,1,Female
28642,1,Female
28643,1,Male
28644,1,Female
28645,1,Female
28646,1,Male
28647,1,Male
28648,1,Male
28649,1,Female
28650,1,Male
28651,1,Male
28652,1,Male
28653,1,Female
28654,1,Male
28655,1,Male
28656,1,Male
28657,1,Male
28658,1,Male
28659,1,Male
28660,1,Male
28661,1,Female
28662,1,Male
28663,1,Male
28664,1,Female
28665,1,Male
28666,1,Male
28667,1,Female
28668,1,Male
28669,1,Male
28670,1,Female
28671,1,Male
28672,1,Male
28673,1,Female
28674,1,Female
28675,1,Male
28676,1,Male
28677,1,Female
28678,1,Male
28679,1,Female
28680,1,Female
28681,1,Male
28682,1,Male
28683,1,Male
28684,1,Male
28685,1,Female
28686,1,Female
28687,1,Male
28688,1,Female
28689,1,Female
28690,1,Male
28691,1,Male
28692,1,Male
28693,1,Female
28694,1,Male
28695,1,Female
28696,1,Male
28697,1,Male
28698,1,Male
28699,1,Male
28700,1,Male
28701,1,Male
28702,1,Female
28703,1,Male
28704,1,Female
28705,1,Male
28706,1,Female
28707,1,Male
28708,1,Male
28709,1,Male
28710,1,Male
28711,1,Male
28712,1,Male
28713,1,Male
28714,1,Female
28715,1,Male
28716,1,Male
28717,1,Female
28718,1,Female
28719,1,Male
28720,1,Male
28721,1,Male
28722,1,Female
28723,1,Female
28724,1,Male
28725,1,Female
28726,1,Male
28727,1,Female
28728,1,Male
28729,1,Male
28730,1,Female
28731,1,Male
28732,1,Male
28733,1,Male
28734,1,Male
28735,1,Male
28736,1,Female
28737,1,Male
28738,1,Male
28739,1,Male
28740,1,Male
28741,1,Male
28742,1,Male
28743,1,Male
28744,1,Male
28745,1,Male
28746,1,Male
28747,1,Male
28748,1,Male
28749,1,Male
28750,1,Female
28751,1,Male
28752,1,Male
28753,1,Male
28754,1,Male
28755,1,Male
28756,1,Male
28757,1,Male
28758,1,Male
28759,1,Female
28760,1,Male
28761,1,Female
28762,1,Male
28763,1,Female
28764,1,Female
28765,1,Female
28766,1,Male
28767,1,Male
28768,1,Male
28769,1,Male
28770,1,Male
28771,1,Male
28772,1,Male
28773,1,Male
28774,1,Male
28775,1,Female
28776,1,Female
28777,1,Male
28778,1,Female
28779,1,Male
28780,1,Female
28781,1,Female
28782,1,Female
28783,1,Male
28784,1,Male
28785,1,Female
28786,1,Male
28787,1,Male
28788,1,Male
28789,1,Female
28790,1,Male
28791,1,Male
28792,1,Male
28793,1,Female
28794,1,Male
28795,1,Male
28796,1,Female
28797,1,Male
28798,1,Male
28799,1,Male
28800,1,Male
28801,1,Male
28802,1,Male
28803,1,Female
28804,1,Male
28805,1,Female
28806,1,Male
28807,1,Male
28808,1,Male
28809,1,Female
28810,1,Male
28811,1,Male
28812,1,Male
28813,1,Male
28814,1,Male
28815,1,Male
28816,1,Male
28817,1,Male
28818,1,Male
28819,1,Male
28820,1,Male
28821,1,Female
28822,1,Female
28823,1,Male
28824,1,Male
28825,1,Female
28826,1,Male
28827,1,Female
28828,1,Female
28829,1,Male
28830,1,Male
28831,1,Female
28832,1,Male
28833,1,Male
28834,1,Female
28835,1,Male
28836,1,Male
28837,1,Male
28838,1,Male
28839,1,Female
28840,1,Female
28841,1,Male
28842,1,Male
28843,1,Female
28844,1,Female
28845,1,Male
28846,1,Male
28847,1,Female
28848,1,Male
28849,1,Female
28850,1,Male
28851,1,Female
28852,1,Male
28853,1,Female
28854,1,Male
28855,1,Male
28856,1,Female
28857,1,Male
28858,1,Male
28859,1,Male
28860,1,Male
28861,1,Male
28862,1,Male
28863,1,Male
28864,1,Male
28865,1,Female
28866,1,Male
28867,1,Male
28868,1,Male
28869,1,Female
28870,1,Male
28871,1,Male
28872,1,Female
28873,1,Female
28874,1,Male
28875,1,Male
28876,1,Male
28877,1,Male
28878,1,Male
28879,1,Male
28880,1,Female
28881,1,Male
28882,1,Male
28883,1,Female
28884,1,Male
28885,1,Male
28886,1,Male
28887,1,Female
28888,1,Male
28889,1,Male
28890,1,Male
28891,1,Male
28892,1,Female
28893,1,Male
28894,1,Male
28895,1,Male
28896,1,Male
28897,1,Male
28898,1,Male
28899,1,Male
28900,1,Female
28901,1,Male
28902,1,Male
28903,1,Male
28904,1,Male
28905,1,Male
28906,1,Male
28907,1,Male
28908,1,Male
28909,1,Male
28910,1,Male
28911,1,Male
28912,1,Male
28913,1,Male
28914,1,Male
28915,1,Female
28916,1,Male
28917,1,Male
28918,1,Male
28919,1,Male
28920,1,Male
28921,1,Male
28922,1,Male
28923,1,Male
28924,1,Male
28925,1,Male
28926,1,Female
28927,1,Female
28928,1,Male
28929,1,Male
28930,1,Male
28931,1,Male
28932,1,Male
28933,1,Female
28934,1,Male
28935,1,Female
28936,1,Male
28937,1,Male
28938,1,Male
28939,1,Male
28940,1,Male
28941,1,Male
28942,1,Male
28943,1,Male
28944,1,Male
28945,1,Male
28946,1,Male
28947,1,Female
28948,1,Female
28949,1,Female
28950,1,Male
28951,1,Male
28952,1,Male
28953,1,Male
28954,1,Male
28955,1,Male
28956,1,Male
28957,1,Female
28958,1,Male
28959,1,Female
28960,1,Female
28961,1,Male
28962,1,Male
28963,1,Male
28964,1,Male
28965,1,Male
28966,1,Male
28967,1,Female
28968,1,Female
28969,1,Male
28970,1,Male
28971,1,Male
28972,1,Male
28973,1,Male
28974,1,Male
28975,1,Female
28976,1,Male
28977,1,Female
28978,1,Male
28979,1,Male
28980,1,Male
28981,1,Male
28982,1,Male
28983,1,Male
28984,1,Male
28985,1,Male
28986,1,Male
28987,1,Male
28988,1,Female
28989,1,Female
28990,1,Male
28991,1,Male
28992,1,Male
28993,1,Male
28994,1,Female
28995,1,Female
28996,1,Female
28997,1,Male
28998,1,Male
28999,1,Female
29000,1,Female
29001,1,Male
29002,1,Female
29003,1,Male
29004,1,Female
29005,1,Male
29006,1,Male
29007,1,Male
29008,1,Male
29009,1,Male
29010,1,Female
29011,1,Female
29012,1,Female
29013,1,Female
29014,1,Male
29015,1,Male
29016,1,Male
29017,1,Female
29018,1,Female
29019,1,Male
29020,1,Female
29021,1,Female
29022,1,Female
29023,1,Female
29024,1,Male
29025,1,Male
29026,1,Male
29027,1,Female
29028,1,Female
29029,1,Female
29030,1,Male
29031,1,Male
29032,1,Female
29033,1,Male
29034,1,Male
29035,1,Female
29036,1,Male
29037,1,Female
29038,1,Female
29039,1,Male
29040,1,Male
29041,1,Male
29042,1,Male
29043,1,Female
29044,1,Male
29045,1,Male
29046,1,Male
29047,1,Male
29048,1,Male
29049,1,Male
29050,1,Male
29051,1,Male
29052,1,Male
29053,1,Male
29054,1,Male
29055,1,Male
29056,1,Male
29057,1,Male
29058,1,Female
29059,1,Male
29060,1,Male
29061,1,Female
29062,1,Male
29063,1,Female
29064,1,Male
29065,1,Male
29066,1,Male
29067,1,Male
29068,1,Male
29069,1,Male
29070,1,Male
29071,1,Female
29072,1,Male
29073,1,Male
29074,1,Female
29075,1,Male
29076,1,Female
29077,1,Male
29078,1,Male
29079,1,Male
29080,1,Male
29081,1,Female
29082,1,Male
29083,1,Female
29084,1,Male
29085,1,Female
29086,1,Male
29087,1,Male
29088,1,Male
29089,1,Male
29090,1,Female
29091,1,Male
29092,1,Female
29093,1,Male
29094,1,Male
29095,1,Male
29096,1,Male
29097,1,Female
29098,1,Female
29099,1,Male
29100,1,Male
29101,1,Male
29102,1,Male
29103,1,Male
29104,1,Female
29105,1,Male
29106,1,Male
29107,1,Male
29108,1,Female
29109,1,Male
29110,1,Female
29111,1,Male
29112,1,Female
29113,1,Male
29114,1,Male
29115,1,Female
29116,1,Male
29117,1,Female
29118,1,Male
29119,1,Female
29120,1,Male
29121,1,Male
29122,1,Female
29123,1,Male
29124,1,Male
29125,1,Male
29126,1,Male
29127,1,Male
29128,1,Male
29129,1,Male
29130,1,Female
29131,1,Male
29132,1,Female
29133,1,Male
29134,1,Female
29135,1,Male
29136,1,Female
29137,1,Male
29138,1,Male
29139,1,Male
29140,1,Female
29141,1,Male
29142,1,Male
29143,1,Male
29144,1,Male
29145,1,Female
29146,1,Female
29147,1,Male
29148,1,Female
29149,1,Male
29150,1,Male
29151,1,Male
29152,1,Female
29153,1,Male
29154,1,Female
29155,1,Male
29156,1,Male
29157,1,Male
29158,1,Male
29159,1,Female
29160,1,Female
29161,1,Female
29162,1,Male
29163,1,Female
29164,1,Male
29165,1,Male
29166,1,Male
29167,1,Male
29168,1,Male
29169,1,Male
29170,1,Female
29171,1,Male
29172,1,Female
29173,1,Male
29174,1,Male
29175,1,Male
29176,1,Male
29177,1,Female
29178,1,Female
29179,1,Female
29180,1,Male
29181,1,Male
29182,1,Female
29183,1,Female
29184,1,Male
29185,1,Female
29186,1,Male
29187,1,Female
29188,1,Male
29189,1,Male
29190,1,Male
29191,1,Male
29192,1,Male
29193,1,Female
29194,1,Female
29195,1,Male
29196,1,Male
29197,1,Male
29198,1,Male
29199,1,Female
29200,1,Male
29201,1,Female
29202,1,Male
29203,1,Male
29204,1,Male
29205,1,Female
29206,1,Male
29207,1,Female
29208,1,Male
29209,1,Male
29210,1,Male
29211,1,Male
29212,1,Male
29213,1,Male
29214,1,Female
29215,1,Female
29216,1,Male
29217,1,Male
29218,1,Female
29219,1,Male
29220,1,Male
29221,1,Female
29222,1,Male
29223,1,Female
29224,1,Male
29225,1,Male
29226,1,Male
29227,1,Male
29228,1,Female
29229,1,Male
29230,1,Female
29231,1,Female
29232,1,Male
29233,1,Male
29234,1,Female
29235,1,Female
29236,1,Male
29237,1,Male
29238,1,Male
29239,1,Male
29240,1,Male
29241,1,Male
29242,1,Female
29243,1,Female
29244,1,Male
29245,1,Female
29246,1,Male
29247,1,Female
29248,1,Male
29249,1,Female
29250,1,Male
29251,1,Male
29252,1,Male
29253,1,Female
29254,1,Male
29255,1,Male
29256,1,Female
29257,1,Female
29258,1,Female
29259,1,Female
29260,1,Female
29261,1,Male
29262,1,Female
29263,1,Female
29264,1,Female
29265,1,Male
29266,1,Female
29267,1,Male
29268,1,Male
29269,1,Male
29270,1,Male
29271,1,Female
29272,1,Female
29273,1,Female
29274,1,Female
29275,1,Male
29276,1,Male
29277,1,Female
29278,1,Male
29279,1,Male
29280,1,Male
29281,1,Male
29282,1,Female
29283,1,Female
29284,1,Female
29285,1,Male
29286,1,Male
29287,1,Male
29288,1,Male
29289,1,Male
29290,1,Male
29291,1,Male
29292,1,Female
29293,1,Male
29294,1,Male
29295,1,Male
29296,1,Male
29297,1,Male
29298,1,Male
29299,1,Male
29300,1,Male
29301,1,Male
29302,1,Male
29303,1,Male
29304,1,Male
29305,1,Male
29306,1,Male
29307,1,Female
29308,1,Female
29309,1,Female
29310,1,Male
29311,1,Male
29312,1,Male
29313,1,Male
29314,1,Male
29315,1,Male
29316,1,Male
29317,1,Female
29318,1,Female
29319,1,Male
29320,1,Male
29321,1,Male
29322,1,Male
29323,1,Male
29324,1,Male
29325,1,Male
29326,1,Female
29327,1,Male
29328,1,Male
29329,1,Female
29330,1,Male
29331,1,Male
29332,1,Male
29333,1,Male
29334,1,Male
29335,1,Female
29336,1,Male
29337,1,Female
29338,1,Male
29339,1,Male
29340,1,Female
29341,1,Female
29342,1,Male
29343,1,Female
29344,1,Female
29345,1,Male
29346,1,Male
29347,1,Female
29348,1,Male
29349,1,Male
29350,1,Male
29351,1,Female
29352,1,Male
29353,1,Male
29354,1,Female
29355,1,Male
29356,1,Male
29357,1,Male
29358,1,Male
29359,1,Female
29360,1,Male
29361,1,Male
29362,1,Female
29363,1,Male
29364,1,Male
29365,1,Female
29366,1,Male
29367,1,Male
29368,1,Female
29369,1,Male
29370,1,Male
29371,1,Male
29372,1,Male
29373,1,Male
29374,1,Female
29375,1,Male
29376,1,Male
29377,1,Male
29378,1,Male
29379,1,Male
29380,1,Male
29381,1,Female
29382,1,Male
29383,1,Female
29384,1,Male
29385,1,Female
29386,1,Male
29387,1,Male
29388,1,Male
29389,1,Male
29390,1,Female
29391,1,Female
29392,1,Male
29393,1,Female
29394,1,Female
29395,1,Female
29396,1,Female
29397,1,Male
29398,1,Male
29399,1,Male
29400,1,Male
29401,1,Male
29402,1,Male
29403,1,Male
29404,1,Female
29405,1,Female
29406,1,Male
29407,1,Male
29408,1,Male
29409,1,Male
29410,1,Male
29411,1,Male
29412,1,Male
29413,1,Male
29414,1,Male
29415,1,Female
29416,1,Male
29417,1,Female
29418,1,Male
29419,1,Female
29420,1,Female
29421,1,Male
29422,1,Female
29423,1,Female
29424,1,Male
29425,1,Male
29426,1,Male
29427,1,Female
29428,1,Male
29429,1,Male
29430,1,Female
29431,1,Male
29432,1,Male
29433,1,Female
29434,1,Female
29435,1,Male
29436,1,Female
29437,1,Female
29438,1,Female
29439,1,Female
29440,1,Male
29441,1,Female
29442,1,Male
29443,1,Male
29444,1,Male
29445,1,Male
29446,1,Male
29447,1,Male
29448,1,Male
29449,1,Female
29450,1,Male
29451,1,Female
29452,1,Male
29453,1,Male
29454,1,Male
29455,1,Male
29456,1,Male
29457,1,Male
29458,1,Male
29459,1,Male
29460,1,Male
29461,1,Male
29462,1,Male
29463,1,Male
29464,1,Female
29465,1,Male
29466,1,Female
29467,1,Male
29468,1,Male
29469,1,Female
29470,1,Male
29471,1,Male
29472,1,Male
29473,1,Male
29474,1,Male
29475,1,Male
29476,1,Male
29477,1,Male
29478,1,Female
29479,1,Female
29480,1,Male
29481,1,Male
29482,1,Male
29483,1,Male
29484,1,Male
29485,1,Male
29486,1,Male
29487,1,Male
29488,1,Male
29489,1,Female
29490,1,Female
29491,1,Male
29492,1,Male
29493,1,Male
29494,1,Male
29495,1,Male
29496,1,Female
29497,1,Male
29498,1,Male
29499,1,Female
29500,1,Male
29501,1,Female
29502,1,Male
29503,1,Male
29504,1,Male
29505,1,Female
29506,1,Male
29507,1,Female
29508,1,Male
29509,1,Female
29510,1,Male
29511,1,Female
29512,1,Male
29513,1,Male
29514,1,Male
29515,1,Female
29516,1,Male
29517,1,Male
29518,1,Female
29519,1,Male
29520,1,Male
29521,1,Male
29522,1,Female
29523,1,Male
29524,1,Male
29525,1,Male
29526,1,Female
29527,1,Female
29528,1,Female
29529,1,Male
29530,1,Male
29531,1,Male
29532,1,Male
29533,1,Male
29534,1,Female
29535,1,Female
29536,1,Female
29537,1,Male
29538,1,Female
29539,1,Male
29540,1,Male
29541,1,Male
29542,1,Female
29543,1,Male
29544,1,Female
29545,1,Female
29546,1,Male
29547,1,Male
29548,1,Male
29549,1,Female
29550,1,Male
29551,1,Male
29552,1,Male
29553,1,Female
29554,1,Male
29555,1,Male
29556,1,Male
29557,1,Male
29558,1,Female
29559,1,Male
29560,1,Male
29561,1,Female
29562,1,Male
29563,1,Male
29564,1,Male
29565,1,Male
29566,1,Male
29567,1,Male
29568,1,Female
29569,1,Female
29570,1,Female
29571,1,Female
29572,1,Male
29573,1,Female
29574,1,Male
29575,1,Male
29576,1,Male
29577,1,Male
29578,1,Male
29579,1,Female
29580,1,Female
29581,1,Male
29582,1,Female
29583,1,Male
29584,1,Female
29585,1,Male
29586,1,Male
29587,1,Male
29588,1,Male
29589,1,Male
29590,1,Female
29591,1,Female
29592,1,Female
29593,1,Male
29594,1,Male
29595,1,Female
29596,1,Female
29597,1,Male
29598,1,Male
29599,1,Male
29600,1,Male
29601,1,Female
29602,1,Female
29603,1,Female
29604,1,Female
29605,1,Female
29606,1,Male
29607,1,Female
29608,1,Male
29609,1,Male
29610,1,Male
29611,1,Male
29612,1,Female
29613,1,Female
29614,1,Male
29615,1,Male
29616,1,Male
29617,1,Female
29618,1,Male
29619,1,Male
29620,1,Male
29621,1,Female
29622,1,Male
29623,1,Male
29624,1,Male
29625,1,Male
29626,1,Male
29627,1,Male
29628,1,Female
29629,1,Male
29630,1,Male
29631,1,Male
29632,1,Female
29633,1,Male
29634,1,Male
29635,1,Male
29636,1,Male
29637,1,Male
29638,1,Male
29639,1,Male
29640,1,Male
29641,1,Male
29642,1,Male
29643,1,Male
29644,1,Male
29645,1,Female
29646,1,Male
29647,1,Male
29648,1,Male
29649,1,Male
29650,1,Male
29651,1,Male
29652,1,Male
29653,1,Female
29654,1,Male
29655,1,Male
29656,1,Male
29657,1,Male
29658,1,Male
29659,1,Female
29660,1,Male
29661,1,Female
29662,1,Female
29663,1,Male
29664,1,Female
29665,1,Male
29666,1,Female
29667,1,Male
29668,1,Male
29669,1,Male
29670,1,Male
29671,1,Female
29672,1,Male
29673,1,Male
29674,1,Female
29675,1,Male
29676,1,Female
29677,1,Male
29678,1,Male
29679,1,Male
29680,1,Male
29681,1,Male
29682,1,Male
29683,1,Male
29684,1,Male
29685,1,Female
29686,1,Male
29687,1,Female
29688,1,Female
29689,1,Male
29690,1,Male
29691,1,Male
29692,1,Male
29693,1,Male
29694,1,Female
29695,1,Male
29696,1,Male
29697,1,Male
29698,1,Male
29699,1,Female
29700,1,Male
29701,1,Female
29702,1,Male
29703,1,Male
29704,1,Male
29705,1,Female
29706,1,Female
29707,1,Male
29708,1,Female
29709,1,Male
29710,1,Male
29711,1,Male
29712,1,Male
29713,1,Female
29714,1,Female
29715,1,Male
29716,1,Male
29717,1,Male
29718,1,Male
29719,1,Female
29720,1,Male
29721,1,Male
29722,1,Male
29723,1,Male
29724,1,Male
29725,1,Male
29726,1,Female
29727,1,Male
29728,1,Male
29729,1,Female
29730,1,Male
29731,1,Male
29732,1,Male
29733,1,Female
29734,1,Male
29735,1,Female
29736,1,Female
29737,1,Male
29738,1,Female
29739,1,Male
29740,1,Female
29741,1,Male
29742,1,Male
29743,1,Male
29744,1,Male
29745,1,Male
29746,1,Male
29747,1,Male
29748,1,Female
29749,1,Male
29750,1,Male
29751,1,Female
29752,1,Male
29753,1,Male
29754,1,Male
29755,1,Male
29756,1,Male
29757,1,Male
29758,1,Male
29759,1,Female
29760,1,Female
29761,1,Female
29762,1,Male
29763,1,Male
29764,1,Male
29765,1,Male
29766,1,Male
29767,1,Female
29768,1,Female
29769,1,Female
29770,1,Female
29771,1,Male
29772,1,Male
29773,1,Female
29774,1,Female
29775,1,Female
29776,1,Male
29777,1,Female
29778,1,Male
29779,1,Male
29780,1,Female
29781,1,Male
29782,1,Female
29783,1,Male
29784,1,Female
29785,1,Male
29786,1,Female
29787,1,Male
29788,1,Male
29789,1,Male
29790,1,Male
29791,1,Male
29792,1,Female
29793,1,Female
29794,1,Male
29795,1,Male
29796,1,Male
29797,1,Male
29798,1,Female
29799,1,Female
29800,1,Female
29801,1,Female
29802,1,Male
29803,1,Male
29804,1,Female
29805,1,Male
29806,1,Male
29807,1,Male
29808,1,Male
29809,1,Male
29810,1,Female
29811,1,Male
29812,1,Female
29813,1,Male
29814,1,Male
29815,1,Male
29816,1,Male
29817,1,Male
29818,1,Male
29819,1,Female
29820,1,Female
29821,1,Male
29822,1,Male
29823,1,Female
29824,1,Male
29825,1,Female
29826,1,Male
29827,1,Male
29828,1,Female
29829,1,Male
29830,1,Male
29831,1,Male
29832,1,Male
29833,1,Male
29834,1,Female
29835,1,Female
29836,1,Male
29837,1,Male
29838,1,Male
29839,1,Male
29840,1,Female
29841,1,Female
29842,1,Male
29843,1,Male
29844,1,Male
29845,1,Female
29846,1,Male
29847,1,Male
29848,1,Female
29849,1,Male
29850,1,Male
29851,1,Female
29852,1,Female
29853,1,Male
29854,1,Female
29855,1,Female
29856,1,Male
29857,1,Female
29858,1,Male
29859,1,Male
29860,1,Female
29861,1,Male
29862,1,Male
29863,1,Male
29864,1,Male
29865,1,Male
29866,1,Female
29867,1,Male
29868,1,Male
29869,1,Male
29870,1,Male
29871,1,Female
29872,1,Male
29873,1,Male
29874,1,Female
29875,1,Female
29876,1,Male
29877,1,Male
29878,1,Male
29879,1,Female
29880,1,Male
29881,1,Female
29882,1,Female
29883,1,Male
29884,1,Male
29885,1,Female
29886,1,Male
29887,1,Male
29888,1,Female
29889,1,Male
29890,1,Male
29891,1,Male
29892,1,Male
29893,1,Male
29894,1,Male
29895,1,Female
29896,1,Male
29897,1,Male
29898,1,Male
29899,1,Male
29900,1,Male
29901,1,Male
29902,1,Female
29903,1,Female
29904,1,Male
29905,1,Female
29906,1,Male
29907,1,Male
29908,1,Male
29909,1,Male
29910,1,Female
29911,1,Female
29912,1,Male
29913,1,Male
29914,1,Male
29915,1,Female
29916,1,Male
29917,1,Female
29918,1,Male
29919,1,Male
29920,1,Female
29921,1,Female
29922,1,Female
29923,1,Male
29924,1,Male
29925,1,Male
29926,1,Male
29927,1,Male
29928,1,Male
29929,1,Male
29930,1,Male
29931,1,Male
29932,1,Female
29933,1,Male
29934,1,Male
29935,1,Male
29936,1,Male
29937,1,Male
29938,1,Female
29939,1,Male
29940,1,Male
29941,1,Female
29942,1,Male
29943,1,Male
29944,1,Female
29945,1,Male
29946,1,Male
29947,1,Male
29948,1,Male
29949,1,Male
29950,1,Female
29951,1,Male
29952,1,Male
29953,1,Male
29954,1,Female
29955,1,Male
29956,1,Female
29957,1,Male
29958,1,Male
29959,1,Male
29960,1,Male
29961,1,Female
29962,1,Male
29963,1,Male
29964,1,Female
29965,1,Male
29966,1,Female
29967,1,Male
29968,1,Male
29969,1,Male
29970,1,Male
29971,1,Female
29972,1,Male
29973,1,Male
29974,1,Female
29975,1,Male
29976,1,Male
29977,1,Male
29978,1,Female
29979,1,Male
29980,1,Male
29981,1,Male
29982,1,Male
29983,1,Female
29984,1,Male
29985,1,Male
29986,1,Male
29987,1,Male
29988,1,Male
29989,1,Male
29990,1,Female
29991,1,Female
29992,1,Male
29993,1,Female
29994,1,Male
29995,1,Female
29996,1,Male
29997,1,Female
29998,1,Male
29999,1,Female
30000,1,Male
30001,1,Male
30002,1,Male
30003,1,Female
30004,1,Female
30005,1,Female
30006,1,Male
30007,1,Male
30008,1,Male
30009,1,Male
30010,1,Male
30011,1,Male
30012,1,Male
30013,1,Female
30014,1,Female
30015,1,Male
30016,1,Male
30017,1,Male
30018,1,Female
30019,1,Male
30020,1,Male
30021,1,Female
30022,1,Male
30023,1,Female
30024,1,Male
30025,1,Male
30026,1,Male
30027,1,Female
30028,1,Male
30029,1,Male
30030,1,Female
30031,1,Male
30032,1,Male
30033,1,Female
30034,1,Female
30035,1,Male
30036,1,Female
30037,1,Female
30038,1,Female
30039,1,Female
30040,1,Male
30041,1,Female
30042,1,Female
30043,1,Female
30044,1,Female
30045,1,Male
30046,1,Female
30047,1,Male
30048,1,Male
30049,1,Female
30050,1,Male
30051,1,Male
30052,1,Male
30053,1,Male
30054,1,Male
30055,1,Male
30056,1,Male
30057,1,Male
30058,1,Female
30059,1,Male
30060,1,Female
30061,1,Female
30062,1,Male
30063,1,Male
30064,1,Male
30065,1,Female
30066,1,Male
30067,1,Male
30068,1,Female
30069,1,Male
30070,1,Male
30071,1,Male
30072,1,Male
30073,1,Male
30074,1,Female
30075,1,Female
30076,1,Male
30077,1,Male
30078,1,Male
30079,1,Female
30080,1,Male
30081,1,Male
30082,1,Male
30083,1,Female
30084,1,Male
30085,1,Male
30086,1,Female
30087,1,Male
30088,1,Male
30089,1,Male
30090,1,Male
30091,1,Female
30092,1,Male
30093,1,Female
30094,1,Male
30095,1,Female
30096,1,Female
30097,1,Female
30098,1,Female
30099,1,Male
30100,1,Male
30101,1,Male
30102,1,Female
30103,1,Female
30104,1,Male
30105,1,Male
30106,1,Female
30107,1,Male
30108,1,Male
30109,1,Male
30110,1,Male
30111,1,Male
30112,1,Male
30113,1,Female
30114,1,Male
30115,1,Male
30116,1,Male
30117,1,Female
30118,1,Female
30119,1,Female
30120,1,Male
30121,1,Female
30122,1,Male
30123,1,Male
30124,1,Female
30125,1,Male
30126,1,Male
30127,1,Male
30128,1,Female
30129,1,Male
30130,1,Male
30131,1,Male
30132,1,Female
30133,1,Male
30134,1,Male
30135,1,Female
30136,1,Female
30137,1,Male
30138,1,Male
30139,1,Female
30140,1,Male
30141,1,Female
30142,1,Male
30143,1,Female
30144,1,Female
30145,1,Female
30146,1,Female
30147,1,Female
30148,1,Female
30149,1,Male
30150,1,Male
30151,1,Female
30152,1,Male
30153,1,Male
30154,1,Male
30155,1,Male
30156,1,Male
30157,1,Male
30158,1,Female
30159,1,Male
30160,1,Female
30161,1,Male
30162,1,Female
30163,1,Male
30164,1,Male
30165,1,Male
30166,1,Male
30167,1,Male
30168,1,Male
30169,1,Female
30170,1,Male
30171,1,Male
30172,1,Male
30173,1,Female
30174,1,Male
30175,1,Male
30176,1,Male
30177,1,Female
30178,1,Female
30179,1,Male
30180,1,Female
30181,1,Male
30182,1,Male
30183,1,Male
30184,1,Male
30185,1,Male
30186,1,Male
30187,1,Male
30188,1,Male
30189,1,Female
30190,1,Male
30191,1,Male
30192,1,Female
30193,1,Male
30194,1,Male
30195,1,Male
30196,1,Male
30197,1,Male
30198,1,Male
30199,1,Male
30200,1,Male
30201,1,Male
30202,1,Female
30203,1,Male
30204,1,Male
30205,1,Female
30206,1,Female
30207,1,Male
30208,1,Male
30209,1,Female
30210,1,Male
30211,1,Male
30212,1,Female
30213,1,Male
30214,1,Male
30215,1,Male
30216,1,Male
30217,1,Female
30218,1,Male
30219,1,Female
30220,1,Female
30221,1,Female
30222,1,Male
30223,1,Male
30224,1,Male
30225,1,Male
30226,1,Male
30227,1,Male
30228,1,Male
30229,1,Female
30230,1,Male
30231,1,Male
30232,1,Male
30233,1,Male
30234,1,Female
30235,1,Male
30236,1,Male
30237,1,Male
30238,1,Male
30239,1,Female
30240,1,Female
30241,1,Male
30242,1,Male
30243,1,Female
30244,1,Male
30245,1,Female
30246,1,Male
30247,1,Male
30248,1,Male
30249,1,Female
30250,1,Male
30251,1,Male
30252,1,Female
30253,1,Female
30254,1,Male
30255,1,Female
30256,1,Female
30257,1,Female
30258,1,Male
30259,1,Male
30260,1,Male
30261,1,Female
30262,1,Female
30263,1,Male
30264,1,Male
30265,1,Male
30266,1,Male
30267,1,Male
30268,1,Female
30269,1,Female
30270,1,Female
30271,1,Female
30272,1,Female
30273,1,Male
30274,1,Female
30275,1,Female
30276,1,Female
30277,1,Female
30278,1,Male
30279,1,Male
30280,1,Male
30281,1,Male
30282,1,Female
30283,1,Male
30284,1,Male
30285,1,Female
30286,1,Male
30287,1,Male
30288,1,Female
30289,1,Male
30290,1,Male
30291,1,Female
30292,1,Male
30293,1,Male
30294,1,Female
30295,1,Female
30296,1,Female
30297,1,Male
30298,1,Male
30299,1,Male
30300,1,Male
30301,1,Female
30302,1,Male
30303,1,Male
30304,1,Male
30305,1,Female
30306,1,Male
30307,1,Male
30308,1,Female
30309,1,Male
30310,1,Male
30311,1,Male
30312,1,Male
30313,1,Male
30314,1,Male
30315,1,Male
30316,1,Male
30317,1,Male
30318,1,Male
30319,1,Male
30320,1,Male
30321,1,Male
30322,1,Female
30323,1,Male
30324,1,Female
30325,1,Male
30326,1,Male
30327,1,Male
30328,1,Male
30329,1,Male
30330,1,Male
30331,1,Male
30332,1,Female
30333,1,Female
30334,1,Male
30335,1,Male
30336,1,Female
30337,1,Male
30338,1,Male
30339,1,Female
30340,1,Female
30341,1,Female
30342,1,Male
30343,1,Female
30344,1,Female
30345,1,Male
30346,1,Male
30347,1,Male
30348,1,Male
30349,1,Female
30350,1,Male
30351,1,Male
30352,1,Male
30353,1,Male
30354,1,Female
30355,1,Male
30356,1,Male
30357,1,Female
30358,1,Female
30359,1,Male
30360,1,Female
30361,1,Male
30362,1,Male
30363,1,Male
30364,1,Male
30365,1,Female
30366,1,Male
30367,1,Female
30368,1,Male
30369,1,Male
30370,1,Male
30371,1,Male
30372,1,Male
30373,1,Male
30374,1,Male
30375,1,Male
30376,1,Female
30377,1,Male
30378,1,Male
30379,1,Female
30380,1,Male
30381,1,Female
30382,1,Female
30383,1,Male
30384,1,Female
30385,1,Male
30386,1,Female
30387,1,Male
30388,1,Female
30389,1,Male
30390,1,Female
30391,1,Male
30392,1,Male
30393,1,Male
30394,1,Male
30395,1,Male
30396,1,Male
30397,1,Male
30398,1,Male
30399,1,Female
30400,1,Male
30401,1,Male
30402,1,Female
30403,1,Male
30404,1,Female
30405,1,Female
30406,1,Female
30407,1,Male
30408,1,Male
30409,1,Female
30410,1,Male
30411,1,Male
30412,1,Female
30413,1,Male
30414,1,Female
30415,1,Male
30416,1,Male
30417,1,Male
30418,1,Male
30419,1,Male
30420,1,Male
30421,1,Female
30422,1,Female
30423,1,Male
30424,1,Female
30425,1,Male
30426,1,Male
30427,1,Male
30428,1,Male
30429,1,Male
30430,1,Male
30431,1,Male
30432,1,Female
30433,1,Male
30434,1,Male
30435,1,Male
30436,1,Male
30437,1,Male
30438,1,Male
30439,1,Male
30440,1,Male
30441,1,Female
30442,1,Female
30443,1,Male
30444,1,Female
30445,1,Male
30446,1,Male
30447,1,Male
30448,1,Male
30449,1,Male
30450,1,Male
30451,1,Female
30452,1,Female
30453,1,Male
30454,1,Female
30455,1,Male
30456,1,Male
30457,1,Male
30458,1,Male
30459,1,Male
30460,1,Male
30461,1,Male
30462,1,Male
30463,1,Female
30464,1,Male
30465,1,Male
30466,1,Male
30467,1,Male
30468,1,Female
30469,1,Male
30470,1,Female
30471,1,Female
30472,1,Female
30473,1,Male
30474,1,Female
30475,1,Male
30476,1,Male
30477,1,Male
30478,1,Male
30479,1,Male
30480,1,Female
30481,1,Female
30482,1,Male
30483,1,Female
30484,1,Male
30485,1,Male
30486,1,Female
30487,1,Female
30488,1,Male
30489,1,Male
30490,1,Male
30491,1,Male
30492,1,Male
30493,1,Female
30494,1,Male
30495,1,Male
30496,1,Male
30497,1,Female
30498,1,Male
30499,1,Male
30500,1,Male
30501,1,Male
30502,1,Female
30503,1,Female
30504,1,Male
30505,1,Male
30506,1,Male
30507,1,Male
30508,1,Male
30509,1,Male
30510,1,Female
30511,1,Female
30512,1,Male
30513,1,Male
30514,1,Female
30515,1,Female
30516,1,Female
30517,1,Male
30518,1,Male
30519,1,Female
30520,1,Female
30521,1,Female
30522,1,Male
30523,1,Female
30524,1,Male
30525,1,Female
30526,1,Female
30527,1,Male
30528,1,Male
30529,1,Male
30530,1,Male
30531,1,Female
30532,1,Female
30533,1,Female
30534,1,Male
30535,1,Male
30536,1,Female
30537,1,Male
30538,1,Female
30539,1,Female
30540,1,Female
30541,1,Female
30542,1,Male
30543,1,Male
30544,1,Male
30545,1,Male
30546,1,Male
30547,1,Male
30548,1,Male
30549,1,Female
30550,1,Male
30551,1,Male
30552,1,Female
30553,1,Male
30554,1,Female
30555,1,Female
30556,1,Female
30557,1,Male
30558,1,Male
30559,1,Female
30560,1,Female
30561,1,Male
30562,1,Male
30563,1,Male
30564,1,Male
30565,1,Male
30566,1,Male
30567,1,Female
30568,1,Male
30569,1,Female
30570,1,Male
30571,1,Male
30572,1,Male
30573,1,Male
30574,1,Male
30575,1,Male
30576,1,Male
30577,1,Male
30578,1,Male
30579,1,Female
30580,1,Male
30581,1,Male
30582,1,Male
30583,1,Female
30584,1,Male
30585,1,Female
30586,1,Male
30587,1,Male
30588,1,Male
30589,1,Male
30590,1,Male
30591,1,Male
30592,1,Male
30593,1,Male
30594,1,Male
30595,1,Male
30596,1,Male
30597,1,Male
30598,1,Female
30599,1,Male
30600,1,Male
30601,1,Female
30602,1,Female
30603,1,Female
30604,1,Male
30605,1,Male
30606,1,Male
30607,1,Female
30608,1,Male
30609,1,Male
30610,1,Male
30611,1,Male
30612,1,Male
30613,1,Male
30614,1,Male
30615,1,Male
30616,1,Male
30617,1,Male
30618,1,Male
30619,1,Male
30620,1,Male
30621,1,Male
30622,1,Female
30623,1,Male
30624,1,Male
30625,1,Male
30626,1,Female
30627,1,Male
30628,1,Female
30629,1,Male
30630,1,Female
30631,1,Male
30632,1,Male
30633,1,Female
30634,1,Male
30635,1,Female
30636,1,Male
30637,1,Female
30638,1,Male
30639,1,Male
30640,1,Female
30641,1,Male
30642,1,Male
30643,1,Male
30644,1,Male
30645,1,Female
30646,1,Male
30647,1,Male
30648,1,Female
30649,1,Male
30650,1,Male
30651,1,Female
30652,1,Female
30653,1,Male
30654,1,Male
30655,1,Female
30656,1,Male
30657,1,Male
30658,1,Male
30659,1,Male
30660,1,Male
30661,1,Male
30662,1,Female
30663,1,Female
30664,1,Male
30665,1,Male
30666,1,Male
30667,1,Male
30668,1,Male
30669,1,Male
30670,1,Male
30671,1,Male
30672,1,Male
30673,1,Male
30674,1,Male
30675,1,Male
30676,1,Male
30677,1,Male
30678,1,Male
30679,1,Female
30680,1,Female
30681,1,Female
30682,1,Male
30683,1,Male
30684,1,Male
30685,1,Male
30686,1,Female
30687,1,Male
30688,1,Female
30689,1,Male
30690,1,Female
30691,1,Male
30692,1,Female
30693,1,Male
30694,1,Female
30695,1,Male
30696,1,Male
30697,1,Male
30698,1,Male
30699,1,Male
30700,1,Female
30701,1,Male
30702,1,Female
30703,1,Male
30704,1,Male
30705,1,Male
30706,1,Male
30707,1,Female
30708,1,Male
30709,1,Male
30710,1,Male
30711,1,Female
30712,1,Female
30713,1,Male
30714,1,Female
30715,1,Female
30716,1,Male
30717,1,Male
30718,1,Male
30719,1,Female
30720,1,Male
30721,1,Male
30722,1,Male
30723,1,Female
30724,1,Female
30725,1,Male
30726,1,Male
30727,1,Male
30728,1,Male
30729,1,Male
30730,1,Male
30731,1,Male
30732,1,Male
30733,1,Male
30734,1,Male
30735,1,Male
30736,1,Male
30737,1,Male
30738,1,Female
30739,1,Male
30740,1,Male
30741,1,Male
30742,1,Male
30743,1,Male
30744,1,Male
30745,1,Male
30746,1,Male
30747,1,Female
30748,1,Male
30749,1,Female
30750,1,Male
30751,1,Male
30752,1,Male
30753,1,Male
30754,1,Male
30755,1,Female
30756,1,Male
30757,1,Male
30758,1,Female
30759,1,Female
30760,1,Female
30761,1,Male
30762,1,Female
30763,1,Female
30764,1,Male
30765,1,Male
30766,1,Female
30767,1,Male
30768,1,Male
30769,1,Male
30770,1,Female
30771,1,Male
30772,1,Male
30773,1,Female
30774,1,Male
30775,1,Female
30776,1,Male
30777,1,Male
30778,1,Female
30779,1,Female
30780,1,Female
30781,1,Male
30782,1,Female
30783,1,Female
30784,1,Male
30785,1,Female
30786,1,Female
30787,1,Male
30788,1,Male
30789,1,Male
30790,1,Male
30791,1,Male
30792,1,Male
30793,1,Male
30794,1,Male
30795,1,Female
30796,1,Male
30797,1,Male
30798,1,Female
30799,1,Male
30800,1,Male
30801,1,Female
30802,1,Female
30803,1,Male
30804,1,Male
30805,1,Male
30806,1,Male
30807,1,Male
30808,1,Male
30809,1,Female
30810,1,Female
30811,1,Female
30812,1,Male
30813,1,Male
30814,1,Male
30815,1,Male
30816,1,Male
30817,1,Male
30818,1,Male
30819,1,Male
30820,1,Male
30821,1,Male
30822,1,Male
30823,1,Male
30824,1,Male
30825,1,Male
30826,1,Female
30827,1,Male
30828,1,Female
30829,1,Male
30830,1,Male
30831,1,Female
30832,1,Male
30833,1,Male
30834,1,Male
30835,1,Male
30836,1,Male
30837,1,Male
30838,1,Male
30839,1,Male
30840,1,Male
30841,1,Male
30842,1,Female
30843,1,Female
30844,1,Male
30845,1,Male
30846,1,Male
30847,1,Male
30848,1,Female
30849,1,Male
30850,1,Female
30851,1,Female
30852,1,Male
30853,1,Female
30854,1,Male
30855,1,Male
30856,1,Female
30857,1,Female
30858,1,Male
30859,1,Male
30860,1,Female
30861,1,Male
30862,1,Male
30863,1,Male
30864,1,Female
30865,1,Female
30866,1,Male
30867,1,Female
30868,1,Female
30869,1,Female
30870,1,Male
30871,1,Female
30872,1,Female
30873,1,Male
30874,1,Female
30875,1,Male
30876,1,Male
30877,1,Male
30878,1,Male
30879,1,Female
30880,1,Male
30881,1,Female
30882,1,Male
30883,1,Male
30884,1,Male
30885,1,Male
30886,1,Male
30887,1,Male
30888,1,Female
30889,1,Male
30890,1,Female
30891,1,Female
30892,1,Male
30893,1,Male
30894,1,Male
30895,1,Male
30896,1,Female
30897,1,Male
30898,1,Female
30899,1,Male
30900,1,Male
30901,1,Female
30902,1,Male
30903,1,Male
30904,1,Male
30905,1,Male
30906,1,Male
30907,1,Male
30908,1,Female
30909,1,Male
30910,1,Male
30911,1,Male
30912,1,Male
30913,1,Male
30914,1,Male
30915,1,Male
30916,1,Female
30917,1,Male
30918,1,Female
30919,1,Female
30920,1,Female
30921,1,Male
30922,1,Male
30923,1,Male
30924,1,Female
30925,1,Female
30926,1,Female
30927,1,Male
30928,1,Male
30929,1,Female
30930,1,Male
30931,1,Male
30932,1,Female
30933,1,Male
30934,1,Male
30935,1,Male
30936,1,Male
30937,1,Male
30938,1,Male
30939,1,Male
30940,1,Male
30941,1,Male
30942,1,Female
30943,1,Female
30944,1,Male
30945,1,Male
30946,1,Male
30947,1,Male
30948,1,Male
30949,1,Male
30950,1,Male
30951,1,Male
30952,1,Male
30953,1,Male
30954,1,Male
30955,1,Male
30956,1,Male
30957,1,Male
30958,1,Female
30959,1,Male
30960,1,Female
30961,1,Male
30962,1,Male
30963,1,Male
30964,1,Male
30965,1,Male
30966,1,Male
30967,1,Male
30968,1,Female
30969,1,Male
30970,1,Male
30971,1,Male
30972,1,Male
30973,1,Female
30974,1,Male
30975,1,Male
30976,1,Male
30977,1,Female
30978,1,Male
30979,1,Female
30980,1,Male
30981,1,Male
30982,1,Male
30983,1,Male
30984,1,Male
30985,1,Male
30986,1,Male
30987,1,Female
30988,1,Male
30989,1,Female
30990,1,Male
30991,1,Male
30992,1,Male
30993,1,Male
30994,1,Male
30995,1,Male
30996,1,Male
30997,1,Male
30998,1,Female
30999,1,Male
31000,1,Male
31001,1,Male
31002,1,Male
31003,1,Male
31004,1,Male
31005,1,Male
31006,1,Male
31007,1,Female
31008,1,Male
31009,1,Male
31010,1,Male
31011,1,Male
31012,1,Male
31013,1,Male
31014,1,Male
31015,1,Male
31016,1,Male
31017,1,Male
31018,1,Male
31019,1,Male
31020,1,Male
31021,1,Male
31022,1,Male
31023,1,Female
31024,1,Male
31025,1,Male
31026,1,Male
31027,1,Male
31028,1,Female
31029,1,Male
31030,1,Female
31031,1,Male
31032,1,Male
31033,1,Male
31034,1,Female
31035,1,Male
31036,1,Male
31037,1,Male
31038,1,Male
31039,1,Male
31040,1,Male
31041,1,Male
31042,1,Male
31043,1,Female
31044,1,Female
31045,1,Male
31046,1,Male
31047,1,Female
31048,1,Male
31049,1,Male
31050,1,Female
31051,1,Male
31052,1,Male
31053,1,Male
31054,1,Male
31055,1,Male
31056,1,Male
31057,1,Female
31058,1,Male
31059,1,Female
31060,1,Female
31061,1,Male
31062,1,Male
31063,1,Male
31064,1,Male
31065,1,Male
31066,1,Male
31067,1,Female
31068,1,Male
31069,1,Male
31070,1,Male
31071,1,Male
31072,1,Male
31073,1,Male
31074,1,Male
31075,1,Male
31076,1,Male
31077,1,Female
31078,1,Female
31079,1,Male
31080,1,Female
31081,1,Male
31082,1,Male
31083,1,Male
31084,1,Female
31085,1,Female
31086,1,Female
31087,1,Male
31088,1,Male
31089,1,Male
31090,1,Female
31091,1,Male
31092,1,Male
31093,1,Male
31094,1,Female
31095,1,Male
31096,1,Male
31097,1,Male
31098,1,Male
31099,1,Male
31100,1,Male
31101,1,Male
31102,1,Male
31103,1,Male
31104,1,Female
31105,1,Female
31106,1,Male
31107,1,Male
31108,1,Male
31109,1,Male
31110,1,Female
31111,1,Female
31112,1,Female
31113,1,Female
31114,1,Male
31115,1,Male
31116,1,Male
31117,1,Female
31118,1,Male
31119,1,Male
31120,1,Female
31121,1,Female
31122,1,Male
31123,1,Male
31124,1,Female
31125,1,Female
31126,1,Male
31127,1,Male
31128,1,Male
31129,1,Female
31130,1,Female
31131,1,Male
31132,1,Male
31133,1,Male
31134,1,Male
31135,1,Male
31136,1,Male
31137,1,Male
31138,1,Male
31139,1,Male
31140,1,Male
31141,1,Male
31142,1,Female
31143,1,Male
31144,1,Female
31145,1,Male
31146,1,Female
31147,1,Male
31148,1,Male
31149,1,Female
31150,1,Male
31151,1,Male
31152,1,Female
31153,1,Male
31154,1,Male
31155,1,Female
31156,1,Male
31157,1,Male
31158,1,Female
31159,1,Male
31160,1,Male
31161,1,Male
31162,1,Female
31163,1,Male
31164,1,Female
31165,1,Male
31166,1,Male
31167,1,Female
31168,1,Male
31169,1,Male
31170,1,Male
31171,1,Male
31172,1,Male
31173,1,Female
31174,1,Male
31175,1,Male
31176,1,Male
31177,1,Male
31178,1,Male
31179,1,Female
31180,1,Male
31181,1,Male
31182,1,Male
31183,1,Female
31184,1,Male
31185,1,Female
31186,1,Male
31187,1,Female
31188,1,Male
31189,1,Male
31190,1,Male
31191,1,Male
31192,1,Male
31193,1,Female
31194,1,Male
31195,1,Male
31196,1,Female
31197,1,Male
31198,1,Male
31199,1,Male
31200,1,Male
31201,1,Male
31202,1,Male
31203,1,Male
31204,1,Male
31205,1,Female
31206,1,Female
31207,1,Male
31208,1,Male
31209,1,Female
31210,1,Female
31211,1,Male
31212,1,Male
31213,1,Male
31214,1,Male
31215,1,Female
31216,1,Male
31217,1,Male
31218,1,Female
31219,1,Male
31220,1,Female
31221,1,Female
31222,1,Male
31223,1,Male
31224,1,Female
31225,1,Female
31226,1,Male
31227,1,Male
31228,1,Female
31229,1,Male
31230,1,Male
31231,1,Male
31232,1,Male
31233,1,Male
31234,1,Female
31235,1,Male
31236,1,Male
31237,1,Female
31238,1,Female
31239,1,Female
31240,1,Male
31241,1,Male
31242,1,Male
31243,1,Female
31244,1,Male
31245,1,Female
31246,1,Female
31247,1,Female
31248,1,Female
31249,1,Male
31250,1,Female
31251,1,Female
31252,1,Male
31253,1,Female
31254,1,Male
31255,1,Female
31256,1,Female
31257,1,Male
31258,1,Male
31259,1,Male
31260,1,Male
31261,1,Female
31262,1,Male
31263,1,Male
31264,1,Male
31265,1,Male
31266,1,Male
31267,1,Male
31268,1,Male
31269,1,Female
31270,1,Female
31271,1,Male
31272,1,Male
31273,1,Male
31274,1,Male
31275,1,Female
31276,1,Female
31277,1,Male
31278,1,Male
31279,1,Male
31280,1,Female
31281,1,Male
31282,1,Male
31283,1,Female
31284,1,Male
31285,1,Male
31286,1,Male
31287,1,Female
31288,1,Male
31289,1,Male
31290,1,Male
31291,1,Male
31292,1,Female
31293,1,Male
31294,1,Male
31295,1,Male
31296,1,Male
31297,1,Male
31298,1,Female
31299,1,Male
31300,1,Male
31301,1,Male
31302,1,Male
31303,1,Female
31304,1,Male
31305,1,Male
31306,1,Male
31307,1,Male
31308,1,Female
31309,1,Female
31310,1,Female
31311,1,Male
31312,1,Male
31313,1,Female
31314,1,Male
31315,1,Male
31316,1,Male
31317,1,Female
31318,1,Female
31319,1,Male
31320,1,Female
31321,1,Male
31322,1,Male
31323,1,Male
31324,1,Male
31325,1,Male
31326,1,Male
31327,1,Male
31328,1,Female
31329,1,Male
31330,1,Female
31331,1,Female
31332,1,Male
31333,1,Male
31334,1,Male
31335,1,Male
31336,1,Female
31337,1,Male
31338,1,Male
31339,1,Male
31340,1,Male
31341,1,Male
31342,1,Female
31343,1,Male
31344,1,Male
31345,1,Male
31346,1,Female
31347,1,Female
31348,1,Female
31349,1,Male
31350,1,Female
31351,1,Male
31352,1,Male
31353,1,Male
31354,1,Female
31355,1,Male
31356,1,Female
31357,1,Female
31358,1,Female
31359,1,Male
31360,1,Male
31361,1,Female
31362,1,Female
31363,1,Male
31364,1,Female
31365,1,Female
31366,1,Female
31367,1,Female
31368,1,Male
31369,1,Male
31370,1,Female
31371,1,Female
31372,1,Female
31373,1,Male
31374,1,Male
31375,1,Male
31376,1,Male
31377,1,Male
31378,1,Male
31379,1,Female
31380,1,Male
31381,1,Male
31382,1,Male
31383,1,Male
31384,1,Female
31385,1,Male
31386,1,Female
31387,1,Female
31388,1,Male
31389,1,Male
31390,1,Male
31391,1,Male
31392,1,Male
31393,1,Male
31394,1,Male
31395,1,Male
31396,1,Female
31397,1,Male
31398,1,Male
31399,1,Male
31400,1,Female
31401,1,Male
31402,1,Male
31403,1,Male
31404,1,Female
31405,1,Male
31406,1,Male
31407,1,Male
31408,1,Male
31409,1,Male
31410,1,Male
31411,1,Male
31412,1,Male
31413,1,Male
31414,1,Male
31415,1,Male
31416,1,Male
31417,1,Male
31418,1,Female
31419,1,Female
31420,1,Male
31421,1,Male
31422,1,Male
31423,1,Male
31424,1,Male
31425,1,Female
31426,1,Male
31427,1,Male
31428,1,Male
31429,1,Male
31430,1,Male
31431,1,Female
31432,1,Female
31433,1,Male
31434,1,Male
31435,1,Male
31436,1,Male
31437,1,Male
31438,1,Male
31439,1,Male
31440,1,Male
31441,1,Female
31442,1,Male
31443,1,Female
31444,1,Male
31445,1,Male
31446,1,Male
31447,1,Male
31448,1,Male
31449,1,Male
31450,1,Female
31451,1,Female
31452,1,Female
31453,1,Female
31454,1,Male
31455,1,Female
31456,1,Male
31457,1,Male
31458,1,Male
31459,1,Male
31460,1,Male
31461,1,Male
31462,1,Female
31463,1,Female
31464,1,Male
31465,1,Female
31466,1,Male
31467,1,Male
31468,1,Male
31469,1,Female
31470,1,Female
31471,1,Male
31472,1,Male
31473,1,Male
31474,1,Female
31475,1,Female
31476,1,Male
31477,1,Female
31478,1,Female
31479,1,Female
31480,1,Male
31481,1,Male
31482,1,Male
31483,1,Female
31484,1,Male
31485,1,Male
31486,1,Female
31487,1,Male
31488,1,Female
31489,1,Female
31490,1,Male
31491,1,Male
31492,1,Male
31493,1,Female
31494,1,Male
31495,1,Male
31496,1,Female
31497,1,Male
31498,1,Female
31499,1,Male
31500,1,Male
31501,1,Female
31502,1,Male
31503,1,Male
31504,1,Female
31505,1,Male
31506,1,Female
31507,1,Female
31508,1,Male
31509,1,Male
31510,1,Male
31511,1,Male
31512,1,Female
31513,1,Female
31514,1,Female
31515,1,Male
31516,1,Male
31517,1,Male
31518,1,Male
31519,1,Female
31520,1,Male
31521,1,Male
31522,1,Male
31523,1,Male
31524,1,Female
31525,1,Male
31526,1,Female
31527,1,Male
31528,1,Male
31529,1,Male
31530,1,Male
31531,1,Female
31532,1,Male
31533,1,Male
31534,1,Male
31535,1,Male
31536,1,Male
31537,1,Female
31538,1,Male
31539,1,Male
31540,1,Male
31541,1,Female
31542,1,Male
31543,1,Male
31544,1,Female
31545,1,Male
31546,1,Male
31547,1,Male
31548,1,Female
31549,1,Female
31550,1,Female
31551,1,Male
31552,1,Male
31553,1,Male
31554,1,Male
31555,1,Male
31556,1,Male
31557,1,Male
31558,1,Female
31559,1,Male
31560,1,Male
31561,1,Male
31562,1,Male
31563,1,Male
31564,1,Male
31565,1,Male
31566,1,Male
31567,1,Female
31568,1,Male
31569,1,Male
31570,1,Male
31571,1,Female
31572,1,Male
31573,1,Male
31574,1,Female
31575,1,Female
31576,1,Male
31577,1,Male
31578,1,Male
31579,1,Male
31580,1,Female
31581,1,Female
31582,1,Male
31583,1,Female
31584,1,Male
31585,1,Female
31586,1,Female
31587,1,Female
31588,1,Female
31589,1,Male
31590,1,Female
31591,1,Female
31592,1,Male
31593,1,Female
31594,1,Female
31595,1,Female
31596,1,Female
31597,1,Male
31598,1,Female
31599,1,Male
31600,1,Female
31601,1,Male
31602,1,Male
31603,1,Male
31604,1,Male
31605,1,Male
31606,1,Male
31607,1,Female
31608,1,Male
31609,1,Female
31610,1,Male
31611,1,Male
31612,1,Male
31613,1,Male
31614,1,Male
31615,1,Male
31616,1,Male
31617,1,Female
31618,1,Female
31619,1,Male
31620,1,Female
31621,1,Male
31622,1,Female
31623,1,Male
31624,1,Male
31625,1,Female
31626,1,Female
31627,1,Male
31628,1,Female
31629,1,Female
31630,1,Female
31631,1,Female
31632,1,Female
31633,1,Male
31634,1,Female
31635,1,Male
31636,1,Male
31637,1,Male
31638,1,Female
31639,1,Male
31640,1,Male
31641,1,Female
31642,1,Female
31643,1,Male
31644,1,Male
31645,1,Male
31646,1,Female
31647,1,Female
31648,1,Male
31649,1,Male
31650,1,Male
31651,1,Male
31652,1,Male
31653,1,Male
31654,1,Male
31655,1,Female
31656,1,Male
31657,1,Female
31658,1,Male
31659,1,Male
31660,1,Male
31661,1,Male
31662,1,Male
31663,1,Male
31664,1,Male
31665,1,Male
31666,1,Male
31667,1,Female
31668,1,Male
31669,1,Male
31670,1,Female
31671,1,Male
31672,1,Female
31673,1,Female
31674,1,Male
31675,1,Male
31676,1,Female
31677,1,Male
31678,1,Male
31679,1,Female
31680,1,Male
31681,1,Female
31682,1,Male
31683,1,Female
31684,1,Male
31685,1,Male
31686,1,Male
31687,1,Male
31688,1,Female
31689,1,Male
31690,1,Male
31691,1,Male
31692,1,Male
31693,1,Male
31694,1,Female
31695,1,Female
31696,1,Male
31697,1,Female
31698,1,Male
31699,1,Female
31700,1,Male
31701,1,Male
31702,1,Male
31703,1,Male
31704,1,Female
31705,1,Male
31706,1,Male
31707,1,Male
31708,1,Male
31709,1,Male
31710,1,Male
31711,1,Male
31712,1,Male
31713,1,Male
31714,1,Male
31715,1,Male
31716,1,Female
31717,1,Male
31718,1,Female
31719,1,Male
31720,1,Female
31721,1,Female
31722,1,Male
31723,1,Female
31724,1,Male
31725,1,Male
31726,1,Female
31727,1,Female
31728,1,Male
31729,1,Female
31730,1,Female
31731,1,Male
31732,1,Male
31733,1,Male
31734,1,Female
31735,1,Female
31736,1,Male
31737,1,Male
31738,1,Male
31739,1,Male
31740,1,Male
31741,1,Male
31742,1,Female
31743,1,Female
31744,1,Female
31745,1,Male
31746,1,Male
31747,1,Female
31748,1,Male
31749,1,Male
31750,1,Female
31751,1,Male
31752,1,Male
31753,1,Male
31754,1,Male
31755,1,Male
31756,1,Male
31757,1,Female
31758,1,Male
31759,1,Male
31760,1,Male
31761,1,Male
31762,1,Male
31763,1,Male
31764,1,Male
31765,1,Male
31766,1,Female
31767,1,Male
31768,1,Female
31769,1,Female
31770,1,Male
31771,1,Male
31772,1,Male
31773,1,Male
31774,1,Female
31775,1,Male
31776,1,Male
31777,1,Female
31778,1,Male
31779,1,Male
31780,1,Male
31781,1,Male
31782,1,Female
31783,1,Male
31784,1,Male
31785,1,Male
31786,1,Male
31787,1,Male
31788,1,Male
31789,1,Female
31790,1,Male
31791,1,Male
31792,1,Male
31793,1,Female
31794,1,Male
31795,1,Male
31796,1,Female
31797,1,Female
31798,1,Male
31799,1,Male
31800,1,Female
31801,1,Female
31802,1,Female
31803,1,Female
31804,1,Male
31805,1,Male
31806,1,Female
31807,1,Male
31808,1,Male
31809,1,Female
31810,1,Male
31811,1,Male
31812,1,Female
31813,1,Male
31814,1,Male
31815,1,Female
31816,1,Male
31817,1,Male
31818,1,Male
31819,1,Female
31820,1,Female
31821,1,Female
31822,1,Male
31823,1,Female
31824,1,Female
31825,1,Female
31826,1,Female
31827,1,Male
31828,1,Female
31829,1,Male
31830,1,Male
31831,1,Male
31832,1,Male
31833,1,Male
31834,1,Female
31835,1,Female
31836,1,Female
31837,1,Female
31838,1,Female
31839,1,Female
31840,1,Male
31841,1,Male
31842,1,Female
31843,1,Male
31844,1,Female
31845,1,Male
31846,1,Male
31847,1,Male
31848,1,Female
31849,1,Female
31850,1,Female
31851,1,Male
31852,1,Male
31853,1,Male
31854,1,Female
31855,1,Male
31856,1,Male
31857,1,Female
31858,1,Male
31859,1,Female
31860,1,Male
31861,1,Male
31862,1,Male
31863,1,Male
31864,1,Female
31865,1,Female
31866,1,Female
31867,1,Female
31868,1,Male
31869,1,Male
31870,1,Male
31871,1,Male
31872,1,Female
31873,1,Male
31874,1,Male
31875,1,Male
31876,1,Male
31877,1,Female
31878,1,Female
31879,1,Female
31880,1,Male
31881,1,Female
31882,1,Female
31883,1,Female
31884,1,Female
31885,1,Female
31886,1,Male
31887,1,Male
31888,1,Male
31889,1,Male
31890,1,Male
31891,1,Female
31892,1,Male
31893,1,Male
31894,1,Male
31895,1,Male
31896,1,Male
31897,1,Male
31898,1,Female
31899,1,Male
31900,1,Female
31901,1,Male
31902,1,Male
31903,1,Female
31904,1,Female
31905,1,Female
31906,1,Female
31907,1,Male
31908,1,Male
31909,1,Male
31910,1,Male
31911,1,Female
31912,1,Male
31913,1,Male
31914,1,Male
31915,1,Male
31916,1,Female
31917,1,Male
31918,1,Male
31919,1,Female
31920,1,Male
31921,1,Male
31922,1,Female
31923,1,Male
31924,1,Male
31925,1,Female
31926,1,Female
31927,1,Male
31928,1,Female
31929,1,Female
31930,1,Male
31931,1,Male
31932,1,Male
31933,1,Male
31934,1,Female
31935,1,Male
31936,1,Male
31937,1,Female
31938,1,Male
31939,1,Male
31940,1,Male
31941,1,Male
31942,1,Female
31943,1,Female
31944,1,Male
31945,1,Female
31946,1,Female
31947,1,Female
31948,1,Male
31949,1,Female
31950,1,Male
31951,1,Male
31952,1,Female
31953,1,Male
31954,1,Male
31955,1,Female
31956,1,Female
31957,1,Female
31958,1,Male
31959,1,Male
31960,1,Male
31961,1,Male
31962,1,Male
31963,1,Male
31964,1,Female
31965,1,Female
31966,1,Female
31967,1,Male
31968,1,Male
31969,1,Male
31970,1,Male
31971,1,Male
31972,1,Female
31973,1,Female
31974,1,Female
31975,1,Male
31976,1,Female
31977,1,Male
31978,1,Male
31979,1,Male
31980,1,Male
31981,1,Male
31982,1,Female
31983,1,Male
31984,1,Female
31985,1,Male
31986,1,Male
31987,1,Male
31988,1,Female
31989,1,Female
31990,1,Male
31991,1,Male
31992,1,Male
31993,1,Male
31994,1,Male
31995,1,Male
31996,1,Male
31997,1,Male
31998,1,Male
31999,1,Male
32000,1,Female
32001,1,Male
32002,1,Male
32003,1,Male
32004,1,Male
32005,1,Male
32006,1,Male
32007,1,Female
32008,1,Female
32009,1,Female
32010,1,Female
32011,1,Male
32012,1,Male
32013,1,Female
32014,1,Male
32015,1,Male
32016,1,Female
32017,1,Female
32018,1,Male
32019,1,Female
32020,1,Male
32021,1,Male
32022,1,Male
32023,1,Female
32024,1,Male
32025,1,Male
32026,1,Female
32027,1,Male
32028,1,Male
32029,1,Male
32030,1,Male
32031,1,Female
32032,1,Female
32033,1,Male
32034,1,Male
32035,1,Female
32036,1,Female
32037,1,Male
32038,1,Male
32039,1,Female
32040,1,Male
32041,1,Male
32042,1,Male
32043,1,Male
32044,1,Male
32045,1,Female
32046,1,Female
32047,1,Male
32048,1,Male
32049,1,Male
32050,1,Male
32051,1,Male
32052,1,Male
32053,1,Male
32054,1,Female
32055,1,Male
32056,1,Male
32057,1,Male
32058,1,Female
32059,1,Male
32060,1,Female
32061,1,Male
32062,1,Male
32063,1,Female
32064,1,Male
32065,1,Female
32066,1,Female
32067,1,Female
32068,1,Male
32069,1,Female
32070,1,Female
32071,1,Female
32072,1,Female
32073,1,Male
32074,1,Female
32075,1,Female
32076,1,Male
32077,1,Female
32078,1,Male
32079,1,Male
32080,1,Female
32081,1,Male
32082,1,Male
32083,1,Female
32084,1,Male
32085,1,Female
32086,1,Female
32087,1,Male
32088,1,Male
32089,1,Male
32090,1,Male
32091,1,Male
32092,1,Female
32093,1,Female
32094,1,Male
32095,1,Female
32096,1,Female
32097,1,Male
32098,1,Female
32099,1,Male
32100,1,Male
32101,1,Male
32102,1,Male
32103,1,Male
32104,1,Female
32105,1,Male
32106,1,Female
32107,1,Male
32108,1,Male
32109,1,Male
32110,1,Female
32111,1,Female
32112,1,Male
32113,1,Male
32114,1,Female
32115,1,Female
32116,1,Female
32117,1,Female
32118,1,Male
32119,1,Female
32120,1,Male
32121,1,Male
32122,1,Female
32123,1,Female
32124,1,Female
32125,1,Male
32126,1,Male
32127,1,Female
32128,1,Male
32129,1,Male
32130,1,Male
32131,1,Male
32132,1,Male
32133,1,Female
32134,1,Male
32135,1,Male
32136,1,Male
32137,1,Male
32138,1,Male
32139,1,Female
32140,1,Male
32141,1,Female
32142,1,Female
32143,1,Female
32144,1,Male
32145,1,Female
32146,1,Male
32147,1,Male
32148,1,Female
32149,1,Male
32150,1,Female
32151,1,Male
32152,1,Female
32153,1,Male
32154,1,Male
32155,1,Male
32156,1,Female
32157,1,Male
32158,1,Male
32159,1,Male
32160,1,Male
32161,1,Male
32162,1,Male
32163,1,Male
32164,1,Female
32165,1,Male
32166,1,Male
32167,1,Female
32168,1,Male
32169,1,Male
32170,1,Female
32171,1,Male
32172,1,Male
32173,1,Male
32174,1,Male
32175,1,Male
32176,1,Male
32177,1,Male
32178,1,Male
32179,1,Male
32180,1,Male
32181,1,Female
32182,1,Male
32183,1,Male
32184,1,Male
32185,1,Male
32186,1,Female
32187,1,Male
32188,1,Male
32189,1,Male
32190,1,Female
32191,1,Male
32192,1,Male
32193,1,Male
32194,1,Male
32195,1,Male
32196,1,Male
32197,1,Female
32198,1,Female
32199,1,Male
32200,1,Female
32201,1,Male
32202,1,Male
32203,1,Male
32204,1,Female
32205,1,Male
32206,1,Male
32207,1,Female
32208,1,Male
32209,1,Male
32210,1,Male
32211,1,Male
32212,1,Female
32213,1,Male
32214,1,Male
32215,1,Male
32216,1,Male
32217,1,Female
32218,1,Male
32219,1,Male
32220,1,Male
32221,1,Female
32222,1,Male
32223,1,Male
32224,1,Male
32225,1,Female
32226,1,Male
32227,1,Male
32228,1,Male
32229,1,Male
32230,1,Male
32231,1,Male
32232,1,Male
32233,1,Male
32234,1,Female
32235,1,Male
32236,1,Male
32237,1,Female
32238,1,Male
32239,1,Male
32240,1,Male
32241,1,Female
32242,1,Male
32243,1,Female
32244,1,Male
32245,1,Male
32246,1,Male
32247,1,Female
32248,1,Male
32249,1,Female
32250,1,Male
32251,1,Female
32252,1,Male
32253,1,Male
32254,1,Male
32255,1,Male
32256,1,Male
32257,1,Male
32258,1,Male
32259,1,Male
32260,1,Male
32261,1,Male
32262,1,Male
32263,1,Male
32264,1,Male
32265,1,Male
32266,1,Female
32267,1,Male
32268,1,Male
32269,1,Male
32270,1,Female
32271,1,Female
32272,1,Male
32273,1,Male
32274,1,Male
32275,1,Female
32276,1,Female
32277,1,Male
32278,1,Male
32279,1,Male
32280,1,Female
32281,1,Male
32282,1,Male
32283,1,Female
32284,1,Female
32285,1,Male
32286,1,Male
32287,1,Male
32288,1,Female
32289,1,Male
32290,1,Male
32291,1,Male
32292,1,Male
32293,1,Male
32294,1,Male
32295,1,Male
32296,1,Male
32297,1,Male
32298,1,Male
32299,1,Female
32300,1,Female
32301,1,Female
32302,1,Male
32303,1,Male
32304,1,Female
32305,1,Female
32306,1,Male
32307,1,Male
32308,1,Female
32309,1,Male
32310,1,Female
32311,1,Male
32312,1,Female
32313,1,Male
32314,1,Male
32315,1,Male
32316,1,Female
32317,1,Male
32318,1,Male
32319,1,Male
32320,1,Male
32321,1,Male
32322,1,Male
32323,1,Male
32324,1,Female
32325,1,Male
32326,1,Female
32327,1,Male
32328,1,Female
32329,1,Male
32330,1,Male
32331,1,Female
32332,1,Male
32333,1,Male
32334,1,Male
32335,1,Male
32336,1,Male
32337,1,Male
32338,1,Male
32339,1,Female
32340,1,Male
32341,1,Female
32342,1,Male
32343,1,Male
32344,1,Male
32345,1,Male
32346,1,Female
32347,1,Female
32348,1,Male
32349,1,Female
32350,1,Male
32351,1,Male
32352,1,Male
32353,1,Male
32354,1,Male
32355,1,Female
32356,1,Female
32357,1,Female
32358,1,Male
32359,1,Male
32360,1,Male
32361,1,Female
32362,1,Female
32363,1,Male
32364,1,Male
32365,1,Female
32366,1,Male
32367,1,Male
32368,1,Male
32369,1,Male
32370,1,Male
32371,1,Male
32372,1,Male
32373,1,Male
32374,1,Male
32375,1,Male
32376,1,Female
32377,1,Male
32378,1,Female
32379,1,Male
32380,1,Female
32381,1,Male
32382,1,Male
32383,1,Male
32384,1,Male
32385,1,Male
32386,1,Male
32387,1,Male
32388,1,Female
32389,1,Male
32390,1,Male
32391,1,Male
32392,1,Male
32393,1,Female
32394,1,Male
32395,1,Male
32396,1,Female
32397,1,Male
32398,1,Male
32399,1,Female
32400,1,Female
32401,1,Female
32402,1,Male
32403,1,Male
32404,1,Male
32405,1,Female
32406,1,Female
32407,1,Male
32408,1,Female
32409,1,Male
32410,1,Female
32411,1,Female
32412,1,Female
32413,1,Male
32414,1,Male
32415,1,Female
32416,1,Male
32417,1,Male
32418,1,Female
32419,1,Male
32420,1,Male
32421,1,Female
32422,1,Male
32423,1,Male
32424,1,Male
32425,1,Male
32426,1,Male
32427,1,Male
32428,1,Female
32429,1,Female
32430,1,Male
32431,1,Male
32432,1,Female
32433,1,Female
32434,1,Female
32435,1,Male
32436,1,Male
32437,1,Male
32438,1,Female
32439,1,Female
32440,1,Female
32441,1,Male
32442,1,Male
32443,1,Female
32444,1,Male
32445,1,Male
32446,1,Male
32447,1,Male
32448,1,Female
32449,1,Male
32450,1,Male
32451,1,Male
32452,1,Male
32453,1,Male
32454,1,Male
32455,1,Female
32456,1,Male
32457,1,Male
32458,1,Male
32459,1,Male
32460,1,Male
32461,1,Male
32462,1,Male
32463,1,Female
32464,1,Male
32465,1,Male
32466,1,Male
32467,1,Female
32468,1,Female
32469,1,Male
32470,1,Male
32471,1,Female
32472,1,Female
32473,1,Male
32474,1,Female
32475,1,Male
32476,1,Male
32477,1,Female
32478,1,Female
32479,1,Female
32480,1,Male
32481,1,Male
32482,1,Male
32483,1,Female
32484,1,Female
32485,1,Male
32486,1,Male
32487,1,Male
32488,1,Female
32489,1,Male
32490,1,Female
32491,1,Male
32492,1,Female
32493,1,Male
32494,1,Male
32495,1,Male
32496,1,Female
32497,1,Male
32498,1,Male
32499,1,Male
32500,1,Male
32501,1,Female
32502,1,Male
32503,1,Male
32504,1,Female
32505,1,Male
32506,1,Female
32507,1,Male
32508,1,Male
32509,1,Male
32510,1,Male
32511,1,Female
32512,1,Male
32513,1,Female
32514,1,Female
32515,1,Male
32516,1,Female
32517,1,Female
32518,1,Male
32519,1,Male
32520,1,Male
32521,1,Male
32522,1,Male
32523,1,Male
32524,1,Female
32525,1,Male
32526,1,Female
32527,1,Male
32528,1,Male
32529,1,Male
32530,1,Male
32531,1,Male
32532,1,Male
32533,1,Male
32534,1,Male
32535,1,Male
32536,1,Male
32537,1,Male
32538,1,Male
32539,1,Female
32540,1,Male
32541,1,Female
32542,1,Male
32543,1,Male
32544,1,Male
32545,1,Female
32546,1,Male
32547,1,Male
32548,1,Male
32549,1,Female
32550,1,Female
32551,1,Female
32552,1,Female
32553,1,Male
32554,1,Male
32555,1,Female
32556,1,Male
32557,1,Male
32558,1,Female
32559,1,Male
32560,1,Male
32561,1,Male
32562,1,Male
32563,1,Female
32564,1,Female
32565,1,Male
32566,1,Female
32567,1,Male
32568,1,Male
32569,1,Female
32570,1,Male
32571,1,Female
32572,1,Female
32573,1,Female
32574,1,Male
32575,1,Male
32576,1,Male
32577,1,Male
32578,1,Male
32579,1,Male
32580,1,Female
32581,1,Female
32582,1,Female
32583,1,Female
32584,1,Male
32585,1,Male
32586,1,Male
32587,1,Male
32588,1,Female
32589,1,Male
32590,1,Male
32591,1,Male
32592,1,Female
32593,1,Male
32594,1,Male
32595,1,Male
32596,1,Female
32597,1,Male
32598,1,Male
32599,1,Male
32600,1,Male
32601,1,Male
32602,1,Male
32603,1,Male
32604,1,Male
32605,1,Male
32606,1,Female
32607,1,Male
32608,1,Male
32609,1,Male
32610,1,Female
32611,1,Male
32612,1,Female
32613,1,Male
32614,1,Male
32615,1,Male
32616,1,Male
32617,1,Male
32618,1,Male
32619,1,Male
32620,1,Female
32621,1,Male
32622,1,Male
32623,1,Male
32624,1,Male
32625,1,Male
32626,1,Male
32627,1,Female
32628,1,Male
32629,1,Male
32630,1,Male
32631,1,Female
32632,1,Male
32633,1,Female
32634,1,Male
32635,1,Male
32636,1,Male
32637,1,Male
32638,1,Male
32639,1,Female
32640,1,Female
32641,1,Female
32642,1,Male
32643,1,Male
32644,1,Male
32645,1,Female
32646,1,Female
32647,1,Male
32648,1,Female
32649,1,Female
32650,1,Male
32651,1,Female
32652,1,Male
32653,1,Male
32654,1,Female
32655,1,Male
32656,1,Male
32657,1,Male
32658,1,Female
32659,1,Male
32660,1,Male
32661,1,Female
32662,1,Male
32663,1,Female
32664,1,Female
32665,1,Male
32666,1,Male
32667,1,Male
32668,1,Male
32669,1,Male
32670,1,Male
32671,1,Male
32672,1,Male
32673,1,Female
32674,1,Male
32675,1,Female
32676,1,Female
32677,1,Female
32678,1,Female
32679,1,Male
32680,1,Male
32681,1,Male
32682,1,Male
32683,1,Female
32684,1,Female
32685,1,Male
32686,1,Male
32687,1,Male
32688,1,Male
32689,1,Male
32690,1,Female
32691,1,Female
32692,1,Female
32693,1,Male
32694,1,Female
32695,1,Female
32696,1,Female
32697,1,Male
32698,1,Female
32699,1,Male
32700,1,Male
32701,1,Female
32702,1,Female
32703,1,Female
32704,1,Male
32705,1,Female
32706,1,Female
32707,1,Male
32708,1,Female
32709,1,Male
32710,1,Male
32711,1,Female
32712,1,Male
32713,1,Female
32714,1,Male
32715,1,Male
32716,1,Female
32717,1,Female
32718,1,Male
32719,1,Male
32720,1,Male
32721,1,Female
32722,1,Male
32723,1,Male
32724,1,Female
32725,1,Female
32726,1,Male
32727,1,Male
32728,1,Male
32729,1,Male
32730,1,Male
32731,1,Female
32732,1,Male
32733,1,Male
32734,1,Male
32735,1,Male
32736,1,Male
32737,1,Female
32738,1,Female
32739,1,Female
32740,1,Male
32741,1,Male
32742,1,Male
32743,1,Male
32744,1,Male
32745,1,Female
32746,1,Male
32747,1,Male
32748,1,Female
32749,1,Male
32750,1,Female
32751,1,Male
32752,1,Male
32753,1,Female
32754,1,Female
32755,1,Male
32756,1,Female
32757,1,Female
32758,1,Male
32759,1,Male
32760,1,Male
32761,1,Male
32762,1,Male
32763,1,Male
32764,1,Male
32765,1,Male
32766,1,Female
32767,1,Male
32768,1,Male
32769,1,Male
32770,1,Male
32771,1,Male
32772,1,Female
32773,1,Male
32774,1,Male
32775,1,Male
32776,1,Male
32777,1,Female
32778,1,Female
32779,1,Male
32780,1,Male
32781,1,Male
32782,1,Female
32783,1,Male
32784,1,Male
32785,1,Male
32786,1,Male
32787,1,Male
32788,1,Female
32789,1,Male
32790,1,Male
32791,1,Male
32792,1,Male
32793,1,Male
32794,1,Male
32795,1,Female
32796,1,Male
32797,1,Male
32798,1,Male
32799,1,Female
32800,1,Male
32801,1,Female
32802,1,Male
32803,1,Male
32804,1,Male
32805,1,Male
32806,1,Male
32807,1,Male
32808,1,Female
32809,1,Male
32810,1,Female
32811,1,Female
32812,1,Male
32813,1,Female
32814,1,Male
32815,1,Male
32816,1,Male
32817,1,Female
32818,1,Male
32819,1,Male
32820,1,Male
32821,1,Female
32822,1,Male
32823,1,Male
32824,1,Female
32825,1,Male
32826,1,Male
32827,1,Male
32828,1,Female
32829,1,Male
32830,1,Male
32831,1,Male
32832,1,Female
32833,1,Female
32834,1,Male
32835,1,Male
32836,1,Female
32837,1,Female
32838,1,Male
32839,1,Female
32840,1,Male
32841,1,Male
32842,1,Female
32843,1,Male
32844,1,Male
32845,1,Female
32846,1,Female
32847,1,Male
32848,1,Male
32849,1,Female
32850,1,Male
32851,1,Male
32852,1,Male
32853,1,Male
32854,1,Male
32855,1,Female
32856,1,Male
32857,1,Male
32858,1,Female
32859,1,Male
32860,1,Female
32861,1,Male
32862,1,Female
32863,1,Male
32864,1,Male
32865,1,Female
32866,1,Female
32867,1,Female
32868,1,Male
32869,1,Female
32870,1,Female
32871,1,Male
32872,1,Male
32873,1,Female
32874,1,Male
32875,1,Female
32876,1,Male
32877,1,Male
32878,1,Male
32879,1,Male
32880,1,Male
32881,1,Female
32882,1,Male
32883,1,Male
32884,1,Male
32885,1,Male
32886,1,Male
32887,1,Female
32888,1,Male
32889,1,Female
32890,1,Male
32891,1,Female
32892,1,Male
32893,1,Male
32894,1,Female
32895,1,Male
32896,1,Male
32897,1,Female
32898,1,Male
32899,1,Female
32900,1,Female
32901,1,Male
32902,1,Male
32903,1,Male
32904,1,Male
32905,1,Female
32906,1,Male
32907,1,Male
32908,1,Female
32909,1,Male
32910,1,Male
32911,1,Male
32912,1,Male
32913,1,Male
32914,1,Female
32915,1,Female
32916,1,Male
32917,1,Female
32918,1,Male
32919,1,Male
32920,1,Male
32921,1,Female
32922,1,Male
32923,1,Female
32924,1,Male
32925,1,Male
32926,1,Female
32927,1,Male
32928,1,Male
32929,1,Male
32930,1,Male
32931,1,Male
32932,1,Male
32933,1,Female
32934,1,Male
32935,1,Male
32936,1,Male
32937,1,Male
32938,1,Female
32939,1,Male
32940,1,Female
32941,1,Female
32942,1,Male
32943,1,Male
32944,1,Male
32945,1,Male
32946,1,Female
32947,1,Female
32948,1,Male
32949,1,Male
32950,1,Female
32951,1,Female
32952,1,Male
32953,1,Male
32954,1,Male
32955,1,Male
32956,1,Female
32957,1,Female
32958,1,Male
32959,1,Female
32960,1,Male
32961,1,Female
32962,1,Male
32963,1,Male
32964,1,Male
32965,1,Male
32966,1,Male
32967,1,Male
32968,1,Male
32969,1,Male
32970,1,Male
32971,1,Male
32972,1,Male
32973,1,Female
32974,1,Female
32975,1,Female
32976,1,Female
32977,1,Male
32978,1,Female
32979,1,Male
32980,1,Male
32981,1,Male
32982,1,Male
32983,1,Female
32984,1,Male
32985,1,Female
32986,1,Male
32987,1,Male
32988,1,Male
32989,1,Female
32990,1,Male
32991,1,Male
32992,1,Male
32993,1,Male
32994,1,Female
32995,1,Male
32996,1,Female
32997,1,Male
32998,1,Female
32999,1,Female
33000,1,Male
33001,1,Female
33002,1,Female
33003,1,Female
33004,1,Female
33005,1,Male
33006,1,Male
33007,1,Male
33008,1,Male
33009,1,Female
33010,1,Female
33011,1,Female
33012,1,Male
33013,1,Male
33014,1,Male
33015,1,Female
33016,1,Male
33017,1,Male
33018,1,Male
33019,1,Female
33020,1,Male
33021,1,Male
33022,1,Male
33023,1,Female
33024,1,Male
33025,1,Female
33026,1,Male
33027,1,Male
33028,1,Male
33029,1,Female
33030,1,Male
33031,1,Male
33032,1,Male
33033,1,Male
33034,1,Male
33035,1,Male
33036,1,Male
33037,1,Male
33038,1,Female
33039,1,Female
33040,1,Male
33041,1,Male
33042,1,Male
33043,1,Female
33044,1,Male
33045,1,Male
33046,1,Female
33047,1,Female
33048,1,Female
33049,1,Male
33050,1,Male
33051,1,Female
33052,1,Female
33053,1,Female
33054,1,Male
33055,1,Female
33056,1,Male
33057,1,Female
33058,1,Male
33059,1,Male
33060,1,Male
33061,1,Male
33062,1,Female
33063,1,Female
33064,1,Female
33065,1,Male
33066,1,Male
33067,1,Female
33068,1,Female
33069,1,Male
33070,1,Male
33071,1,Male
33072,1,Female
33073,1,Male
33074,1,Male
33075,1,Male
33076,1,Female
33077,1,Male
33078,1,Male
33079,1,Female
33080,1,Female
33081,1,Male
33082,1,Male
33083,1,Male
33084,1,Male
33085,1,Male
33086,1,Male
33087,1,Male
33088,1,Male
33089,1,Male
33090,1,Male
33091,1,Male
33092,1,Male
33093,1,Female
33094,1,Female
33095,1,Male
33096,1,Male
33097,1,Male
33098,1,Male
33099,1,Male
33100,1,Female
33101,1,Female
33102,1,Female
33103,1,Male
33104,1,Male
33105,1,Male
33106,1,Female
33107,1,Male
33108,1,Female
33109,1,Male
33110,1,Male
33111,1,Male
33112,1,Female
33113,1,Male
33114,1,Female
33115,1,Male
33116,1,Male
33117,1,Male
33118,1,Female
33119,1,Male
33120,1,Male
33121,1,Female
33122,1,Female
33123,1,Male
33124,1,Male
33125,1,Male
33126,1,Male
33127,1,Male
33128,1,Male
33129,1,Female
33130,1,Male
33131,1,Female
33132,1,Male
33133,1,Male
33134,1,Male
33135,1,Male
33136,1,Female
33137,1,Female
33138,1,Male
33139,1,Male
33140,1,Male
33141,1,Male
33142,1,Male
33143,1,Male
33144,1,Male
33145,1,Male
33146,1,Male
33147,1,Female
33148,1,Male
33149,1,Male
33150,1,Male
33151,1,Male
33152,1,Male
33153,1,Female
33154,1,Female
33155,1,Male
33156,1,Male
33157,1,Male
33158,1,Male
33159,1,Male
33160,1,Male
33161,1,Male
33162,1,Male
33163,1,Female
33164,1,Female
33165,1,Male
33166,1,Male
33167,1,Male
33168,1,Female
33169,1,Male
33170,1,Male
33171,1,Male
33172,1,Male
33173,1,Male
33174,1,Female
33175,1,Male
33176,1,Male
33177,1,Male
33178,1,Male
33179,1,Male
33180,1,Female
33181,1,Female
33182,1,Male
33183,1,Male
33184,1,Male
33185,1,Female
33186,1,Female
33187,1,Male
33188,1,Male
33189,1,Male
33190,1,Male
33191,1,Male
33192,1,Male
33193,1,Male
33194,1,Female
33195,1,Female
33196,1,Male
33197,1,Male
33198,1,Male
33199,1,Female
33200,1,Male
33201,1,Female
33202,1,Female
33203,1,Male
33204,1,Female
33205,1,Female
33206,1,Male
33207,1,Male
33208,1,Female
33209,1,Female
33210,1,Male
33211,1,Male
33212,1,Male
33213,1,Female
33214,1,Male
33215,1,Male
33216,1,Male
33217,1,Male
33218,1,Male
33219,1,Male
33220,1,Male
33221,1,Female
33222,1,Male
33223,1,Female
33224,1,Female
33225,1,Female
33226,1,Male
33227,1,Female
33228,1,Female
33229,1,Male
33230,1,Male
33231,1,Female
33232,1,Male
33233,1,Male
33234,1,Male
33235,1,Male
33236,1,Male
33237,1,Male
33238,1,Male
33239,1,Male
33240,1,Male
33241,1,Male
33242,1,Male
33243,1,Female
33244,1,Male
33245,1,Male
33246,1,Male
33247,1,Female
33248,1,Male
33249,1,Male
33250,1,Male
33251,1,Male
33252,1,Female
33253,1,Female
33254,1,Male
33255,1,Female
33256,1,Male
33257,1,Male
33258,1,Male
33259,1,Male
33260,1,Male
33261,1,Male
33262,1,Female
33263,1,Female
33264,1,Male
33265,1,Female
33266,1,Male
33267,1,Female
33268,1,Male
33269,1,Male
33270,1,Male
33271,1,Male
33272,1,Male
33273,1,Male
33274,1,Male
33275,1,Male
33276,1,Male
33277,1,Male
33278,1,Male
33279,1,Male
33280,1,Male
33281,1,Male
33282,1,Male
33283,1,Male
33284,1,Male
33285,1,Female
33286,1,Male
33287,1,Male
33288,1,Male
33289,1,Male
33290,1,Male
33291,1,Female
33292,1,Female
33293,1,Male
33294,1,Female
33295,1,Female
33296,1,Male
33297,1,Female
33298,1,Male
33299,1,Male
33300,1,Male
33301,1,Male
33302,1,Female
33303,1,Male
33304,1,Male
33305,1,Female
33306,1,Male
33307,1,Male
33308,1,Female
33309,1,Female
33310,1,Male
33311,1,Male
33312,1,Female
33313,1,Female
33314,1,Female
33315,1,Male
33316,1,Female
33317,1,Male
33318,1,Female
33319,1,Female
33320,1,Male
33321,1,Male
33322,1,Male
33323,1,Female
33324,1,Female
33325,1,Male
33326,1,Female
33327,1,Male
33328,1,Male
33329,1,Male
33330,1,Male
33331,1,Male
33332,1,Female
33333,1,Male
33334,1,Male
33335,1,Male
33336,1,Male
33337,1,Female
33338,1,Male
33339,1,Male
33340,1,Male
33341,1,Male
33342,1,Male
33343,1,Male
33344,1,Male
33345,1,Male
33346,1,Female
33347,1,Male
33348,1,Male
33349,1,Male
33350,1,Female
33351,1,Female
33352,1,Male
33353,1,Male
33354,1,Female
33355,1,Male
33356,1,Male
33357,1,Female
33358,1,Female
33359,1,Female
33360,1,Male
33361,1,Male
33362,1,Male
33363,1,Male
33364,1,Male
33365,1,Male
33366,1,Male
33367,1,Female
33368,1,Female
33369,1,Male
33370,1,Male
33371,1,Male
33372,1,Female
33373,1,Male
33374,1,Male
33375,1,Male
33376,1,Female
33377,1,Male
33378,1,Male
33379,1,Male
33380,1,Male
33381,1,Female
33382,1,Male
33383,1,Female
33384,1,Female
33385,1,Male
33386,1,Female
33387,1,Female
33388,1,Male
33389,1,Male
33390,1,Female
33391,1,Female
33392,1,Male
33393,1,Male
33394,1,Male
33395,1,Male
33396,1,Male
33397,1,Male
33398,1,Male
33399,1,Male
33400,1,Male
33401,1,Male
33402,1,Female
33403,1,Male
33404,1,Male
33405,1,Female
33406,1,Male
33407,1,Male
33408,1,Male
33409,1,Male
33410,1,Male
33411,1,Male
33412,1,Male
33413,1,Female
33414,1,Female
33415,1,Male
33416,1,Male
33417,1,Male
33418,1,Male
33419,1,Male
33420,1,Female
33421,1,Male
33422,1,Male
33423,1,Male
33424,1,Female
33425,1,Female
33426,1,Female
33427,1,Male
33428,1,Male
33429,1,Male
33430,1,Male
33431,1,Male
33432,1,Male
33433,1,Male
33434,1,Female
33435,1,Female
33436,1,Male
33437,1,Female
33438,1,Male
33439,1,Female
33440,1,Male
33441,1,Female
33442,1,Male
33443,1,Female
33444,1,Male
33445,1,Male
33446,1,Male
33447,1,Male
33448,1,Female
33449,1,Male
33450,1,Female
33451,1,Male
33452,1,Male
33453,1,Male
33454,1,Male
33455,1,Male
33456,1,Female
33457,1,Female
33458,1,Male
33459,1,Male
33460,1,Male
33461,1,Male
33462,1,Male
33463,1,Female
33464,1,Male
33465,1,Female
33466,1,Female
33467,1,Male
33468,1,Male
33469,1,Male
33470,1,Female
33471,1,Female
33472,1,Male
33473,1,Male
33474,1,Female
33475,1,Male
33476,1,Male
33477,1,Male
33478,1,Male
33479,1,Female
33480,1,Male
33481,1,Male
33482,1,Male
33483,1,Female
33484,1,Male
33485,1,Male
33486,1,Female
33487,1,Female
33488,1,Male
33489,1,Male
33490,1,Male
33491,1,Male
33492,1,Male
33493,1,Male
33494,1,Male
33495,1,Male
33496,1,Male
33497,1,Male
33498,1,Male
33499,1,Female
33500,1,Male
33501,1,Male
33502,1,Female
33503,1,Male
33504,1,Male
33505,1,Male
33506,1,Female
33507,1,Male
33508,1,Male
33509,1,Female
33510,1,Male
33511,1,Female
33512,1,Female
33513,1,Male
33514,1,Male
33515,1,Female
33516,1,Female
33517,1,Male
33518,1,Male
33519,1,Male
33520,1,Female
33521,1,Male
33522,1,Male
33523,1,Male
33524,1,Male
33525,1,Female
33526,1,Female
33527,1,Male
33528,1,Female
33529,1,Female
33530,1,Male
33531,1,Female
33532,1,Female
33533,1,Male
33534,1,Male
33535,1,Female
33536,1,Male
33537,1,Male
33538,1,Male
33539,1,Male
33540,1,Female
33541,1,Male
33542,1,Female
33543,1,Female
33544,1,Male
33545,1,Male
33546,1,Male
33547,1,Female
33548,1,Male
33549,1,Male
33550,1,Male
33551,1,Female
33552,1,Male
33553,1,Male
33554,1,Male
33555,1,Male
33556,1,Male
33557,1,Male
33558,1,Male
33559,1,Male
33560,1,Female
33561,1,Female
33562,1,Female
33563,1,Female
33564,1,Male
33565,1,Female
33566,1,Female
33567,1,Female
33568,1,Female
33569,1,Male
33570,1,Female
33571,1,Male
33572,1,Male
33573,1,Female
33574,1,Male
33575,1,Female
33576,1,Female
33577,1,Male
33578,1,Male
33579,1,Male
33580,1,Male
33581,1,Male
33582,1,Male
33583,1,Female
33584,1,Female
33585,1,Male
33586,1,Female
33587,1,Male
33588,1,Female
33589,1,Female
33590,1,Female
33591,1,Female
33592,1,Female
33593,1,Male
33594,1,Female
33595,1,Male
33596,1,Male
33597,1,Female
33598,1,Male
33599,1,Female
33600,1,Female
33601,1,Male
33602,1,Male
33603,1,Male
33604,1,Male
33605,1,Male
33606,1,Male
33607,1,Male
33608,1,Male
33609,1,Male
33610,1,Male
33611,1,Female
33612,1,Male
33613,1,Female
33614,1,Female
33615,1,Male
33616,1,Male
33617,1,Male
33618,1,Male
33619,1,Male
33620,1,Female
33621,1,Male
33622,1,Female
33623,1,Male
33624,1,Male
33625,1,Male
33626,1,Male
33627,1,Male
33628,1,Female
33629,1,Female
33630,1,Female
33631,1,Male
33632,1,Male
33633,1,Female
33634,1,Male
33635,1,Female
33636,1,Male
33637,1,Female
33638,1,Male
33639,1,Female
33640,1,Male
33641,1,Female
33642,1,Male
33643,1,Male
33644,1,Male
33645,1,Male
33646,1,Male
33647,1,Male
33648,1,Male
33649,1,Male
33650,1,Male
33651,1,Female
33652,1,Male
33653,1,Male
33654,1,Male
33655,1,Male
33656,1,Male
33657,1,Male
33658,1,Male
33659,1,Female
33660,1,Female
33661,1,Male
33662,1,Female
33663,1,Female
33664,1,Female
33665,1,Male
33666,1,Male
33667,1,Female
33668,1,Female
33669,1,Male
33670,1,Male
33671,1,Female
33672,1,Male
33673,1,Female
33674,1,Female
33675,1,Male
33676,1,Male
33677,1,Male
33678,1,Male
33679,1,Male
33680,1,Female
33681,1,Male
33682,1,Male
33683,1,Female
33684,1,Male
33685,1,Female
33686,1,Female
33687,1,Male
33688,1,Male
33689,1,Male
33690,1,Male
33691,1,Male
33692,1,Male
33693,1,Male
33694,1,Male
33695,1,Male
33696,1,Male
33697,1,Female
33698,1,Male
33699,1,Male
33700,1,Male
33701,1,Female
33702,1,Male
33703,1,Male
33704,1,Female
33705,1,Male
33706,1,Female
33707,1,Female
33708,1,Male
33709,1,Female
33710,1,Male
33711,1,Male
33712,1,Female
33713,1,Male
33714,1,Male
33715,1,Female
33716,1,Male
33717,1,Female
33718,1,Male
33719,1,Male
33720,1,Female
33721,1,Male
33722,1,Male
33723,1,Male
33724,1,Male
33725,1,Male
33726,1,Male
33727,1,Male
33728,1,Female
33729,1,Female
33730,1,Male
33731,1,Female
33732,1,Male
33733,1,Male
33734,1,Female
33735,1,Male
33736,1,Female
33737,1,Male
33738,1,Male
33739,1,Male
33740,1,Female
33741,1,Male
33742,1,Male
33743,1,Male
33744,1,Female
33745,1,Female
33746,1,Female
33747,1,Male
33748,1,Female
33749,1,Female
33750,1,Female
33751,1,Male
33752,1,Male
33753,1,Male
33754,1,Male
33755,1,Male
33756,1,Male
33757,1,Female
33758,1,Male
33759,1,Male
33760,1,Male
33761,1,Female
33762,1,Male
33763,1,Female
33764,1,Female
33765,1,Male
33766,1,Male
33767,1,Male
33768,1,Female
33769,1,Male
33770,1,Male
33771,1,Male
33772,1,Male
33773,1,Male
33774,1,Male
33775,1,Male
33776,1,Female
33777,1,Female
33778,1,Male
33779,1,Male
33780,1,Male
33781,1,Female
33782,1,Male
33783,1,Male
33784,1,Male
33785,1,Male
33786,1,Male
33787,1,Male
33788,1,Female
33789,1,Male
33790,1,Female
33791,1,Male
33792,1,Female
33793,1,Male
33794,1,Female
33795,1,Male
33796,1,Female
33797,1,Female
33798,1,Female
33799,1,Male
33800,1,Male
33801,1,Male
33802,1,Male
33803,1,Male
33804,1,Male
33805,1,Male
33806,1,Male
33807,1,Male
33808,1,Male
33809,1,Female
33810,1,Male
33811,1,Male
33812,1,Male
33813,1,Male
33814,1,Male
33815,1,Male
33816,1,Male
33817,1,Male
33818,1,Male
33819,1,Male
33820,1,Male
33821,1,Female
33822,1,Male
33823,1,Male
33824,1,Female
33825,1,Male
33826,1,Male
33827,1,Male
33828,1,Female
33829,1,Male
33830,1,Female
33831,1,Male
33832,1,Male
33833,1,Female
33834,1,Male
33835,1,Female
33836,1,Male
33837,1,Female
33838,1,Male
33839,1,Male
33840,1,Male
33841,1,Male
33842,1,Male
33843,1,Male
33844,1,Male
33845,1,Male
33846,1,Male
33847,1,Male
33848,1,Male
33849,1,Male
33850,1,Male
33851,1,Male
33852,1,Male
33853,1,Male
33854,1,Male
33855,1,Male
33856,1,Male
33857,1,Male
33858,1,Female
33859,1,Male
33860,1,Female
33861,1,Male
33862,1,Female
33863,1,Male
33864,1,Female
33865,1,Male
33866,1,Female
33867,1,Female
33868,1,Male
33869,1,Female
33870,1,Male
33871,1,Male
33872,1,Male
33873,1,Male
33874,1,Male
33875,1,Male
33876,1,Female
33877,1,Male
33878,1,Male
33879,1,Female
33880,1,Female
33881,1,Male
33882,1,Male
33883,1,Male
33884,1,Female
33885,1,Male
33886,1,Male
33887,1,Female
33888,1,Male
33889,1,Male
33890,1,Female
33891,1,Female
33892,1,Male
33893,1,Male
33894,1,Male
33895,1,Female
33896,1,Male
33897,1,Male
33898,1,Male
33899,1,Male
33900,1,Male
33901,1,Male
33902,1,Female
33903,1,Male
33904,1,Male
33905,1,Male
33906,1,Female
33907,1,Male
33908,1,Male
33909,1,Male
33910,1,Female
33911,1,Male
33912,1,Male
33913,1,Male
33914,1,Female
33915,1,Male
33916,1,Female
33917,1,Male
33918,1,Male
33919,1,Male
33920,1,Female
33921,1,Male
33922,1,Male
33923,1,Male
33924,1,Female
33925,1,Male
33926,1,Male
33927,1,Male
33928,1,Male
33929,1,Male
33930,1,Male
33931,1,Male
33932,1,Male
33933,1,Male
33934,1,Male
33935,1,Male
33936,1,Male
33937,1,Male
33938,1,Female
33939,1,Male
33940,1,Male
33941,1,Female
33942,1,Female
33943,1,Male
33944,1,Male
33945,1,Male
33946,1,Male
33947,1,Male
33948,1,Male
33949,1,Male
33950,1,Male
33951,1,Female
33952,1,Male
33953,1,Male
33954,1,Male
33955,1,Male
33956,1,Male
33957,1,Male
33958,1,Male
33959,1,Male
33960,1,Female
33961,1,Female
33962,1,Male
33963,1,Male
33964,1,Female
33965,1,Female
33966,1,Male
33967,1,Male
33968,1,Male
33969,1,Female
33970,1,Female
33971,1,Female
33972,1,Female
33973,1,Male
33974,1,Female
33975,1,Male
33976,1,Female
33977,1,Male
33978,1,Male
33979,1,Male
33980,1,Male
33981,1,Male
33982,1,Male
33983,1,Male
33984,1,Male
33985,1,Female
33986,1,Male
33987,1,Male
33988,1,Female
33989,1,Male
33990,1,Male
33991,1,Female
33992,1,Male
33993,1,Male
33994,1,Male
33995,1,Female
33996,1,Male
33997,1,Male
33998,1,Male
33999,1,Female
34000,1,Female
34001,1,Female
34002,1,Female
34003,1,Male
34004,1,Male
34005,1,Female
34006,1,Male
34007,1,Male
34008,1,Male
34009,1,Male
34010,1,Male
34011,1,Male
34012,1,Female
34013,1,Male
34014,1,Male
34015,1,Female
34016,1,Female
34017,1,Male
34018,1,Male
34019,1,Male
34020,1,Male
34021,1,Female
34022,1,Male
34023,1,Female
34024,1,Female
34025,1,Male
34026,1,Male
34027,1,Male
34028,1,Male
34029,1,Male
34030,1,Female
34031,1,Male
34032,1,Male
34033,1,Female
34034,1,Female
34035,1,Male
34036,1,Male
34037,1,Male
34038,1,Male
34039,1,Male
34040,1,Female
34041,1,Male
34042,1,Male
34043,1,Female
34044,1,Male
34045,1,Male
34046,1,Female
34047,1,Male
34048,1,Female
34049,1,Male
34050,1,Male
34051,1,Female
34052,1,Female
34053,1,Male
34054,1,Female
34055,1,Male
34056,1,Male
34057,1,Male
34058,1,Female
34059,1,Male
34060,1,Female
34061,1,Female
34062,1,Male
34063,1,Female
34064,1,Male
34065,1,Male
34066,1,Male
34067,1,Male
34068,1,Male
34069,1,Female
34070,1,Male
34071,1,Male
34072,1,Female
34073,1,Male
34074,1,Male
34075,1,Male
34076,1,Female
34077,1,Female
34078,1,Female
34079,1,Male
34080,1,Male
34081,1,Female
34082,1,Male
34083,1,Male
34084,1,Male
34085,1,Female
34086,1,Male
34087,1,Male
34088,1,Male
34089,1,Male
34090,1,Male
34091,1,Female
34092,1,Male
34093,1,Female
34094,1,Female
34095,1,Female
34096,1,Female
34097,1,Female
34098,1,Male
34099,1,Female
34100,1,Male
34101,1,Male
34102,1,Male
34103,1,Male
34104,1,Male
34105,1,Male
34106,1,Male
34107,1,Female
34108,1,Male
34109,1,Male
34110,1,Female
34111,1,Female
34112,1,Male
34113,1,Male
34114,1,Female
34115,1,Male
34116,1,Female
34117,1,Male
34118,1,Female
34119,1,Male
34120,1,Female
34121,1,Male
34122,1,Male
34123,1,Male
34124,1,Male
34125,1,Male
34126,1,Male
34127,1,Male
34128,1,Male
34129,1,Female
34130,1,Male
34131,1,Female
34132,1,Male
34133,1,Male
34134,1,Male
34135,1,Female
34136,1,Male
34137,1,Male
34138,1,Female
34139,1,Male
34140,1,Female
34141,1,Female
34142,1,Male
34143,1,Female
34144,1,Male
34145,1,Female
34146,1,Female
34147,1,Female
34148,1,Male
34149,1,Male
34150,1,Female
34151,1,Male
34152,1,Male
34153,1,Male
34154,1,Male
34155,1,Male
34156,1,Male
34157,1,Male
34158,1,Male
34159,1,Female
34160,1,Male
34161,1,Male
34162,1,Female
34163,1,Male
34164,1,Male
34165,1,Male
34166,1,Male
34167,1,Male
34168,1,Male
34169,1,Female
34170,1,Female
34171,1,Female
34172,1,Female
34173,1,Female
34174,1,Male
34175,1,Male
34176,1,Female
34177,1,Female
34178,1,Female
34179,1,Male
34180,1,Male
34181,1,Male
34182,1,Male
34183,1,Male
34184,1,Male
34185,1,Female
34186,1,Female
34187,1,Male
34188,1,Male
34189,1,Female
34190,1,Male
34191,1,Male
34192,1,Male
34193,1,Male
34194,1,Female
34195,1,Male
34196,1,Female
34197,1,Female
34198,1,Female
34199,1,Male
34200,1,Male
34201,1,Female
34202,1,Male
34203,1,Female
34204,1,Male
34205,1,Male
34206,1,Female
34207,1,Female
34208,1,Female
34209,1,Male
34210,1,Male
34211,1,Male
34212,1,Female
34213,1,Female
34214,1,Male
34215,1,Male
34216,1,Male
34217,1,Female
34218,1,Male
34219,1,Male
34220,1,Male
34221,1,Male
34222,1,Female
34223,1,Male
34224,1,Female
34225,1,Male
34226,1,Female
34227,1,Female
34228,1,Female
34229,1,Male
34230,1,Female
34231,1,Female
34232,1,Female
34233,1,Female
34234,1,Female
34235,1,Male
34236,1,Female
34237,1,Male
34238,1,Female
34239,1,Female
34240,1,Male
34241,1,Male
34242,1,Male
34243,1,Male
34244,1,Female
34245,1,Female
34246,1,Female
34247,1,Male
34248,1,Male
34249,1,Female
34250,1,Male
34251,1,Male
34252,1,Female
34253,1,Male
34254,1,Female
34255,1,Male
34256,1,Male
34257,1,Male
34258,1,Male
34259,1,Male
34260,1,Male
34261,1,Male
34262,1,Female
34263,1,Male
34264,1,Male
34265,1,Male
34266,1,Male
34267,1,Male
34268,1,Male
34269,1,Female
34270,1,Male
34271,1,Female
34272,1,Male
34273,1,Male
34274,1,Female
34275,1,Male
34276,1,Male
34277,1,Male
34278,1,Male
34279,1,Female
34280,1,Female
34281,1,Female
34282,1,Female
34283,1,Female
34284,1,Female
34285,1,Male
34286,1,Male
34287,1,Male
34288,1,Female
34289,1,Female
34290,1,Male
34291,1,Male
34292,1,Male
34293,1,Male
34294,1,Male
34295,1,Male
34296,1,Female
34297,1,Male
34298,1,Female
34299,1,Male
34300,1,Male
34301,1,Male
34302,1,Male
34303,1,Female
34304,1,Male
34305,1,Male
34306,1,Male
34307,1,Male
34308,1,Male
34309,1,Female
34310,1,Female
34311,1,Female
34312,1,Female
34313,1,Male
34314,1,Male
34315,1,Male
34316,1,Female
34317,1,Male
34318,1,Male
34319,1,Male
34320,1,Male
34321,1,Female
34322,1,Female
34323,1,Male
34324,1,Male
34325,1,Female
34326,1,Male
34327,1,Male
34328,1,Male
34329,1,Male
34330,1,Female
34331,1,Male
34332,1,Male
34333,1,Female
34334,1,Male
34335,1,Female
34336,1,Male
34337,1,Female
34338,1,Male
34339,1,Male
34340,1,Male
34341,1,Female
34342,1,Female
34343,1,Female
34344,1,Male
34345,1,Male
34346,1,Male
34347,1,Male
34348,1,Male
34349,1,Female
34350,1,Male
34351,1,Female
34352,1,Female
34353,1,Male
34354,1,Male
34355,1,Female
34356,1,Male
34357,1,Male
34358,1,Female
34359,1,Female
34360,1,Male
34361,1,Male
34362,1,Female
34363,1,Male
34364,1,Male
34365,1,Female
34366,1,Female
34367,1,Female
34368,1,Male
34369,1,Male
34370,1,Male
34371,1,Male
34372,1,Male
34373,1,Female
34374,1,Male
34375,1,Male
34376,1,Female
34377,1,Male
34378,1,Male
34379,1,Male
34380,1,Male
34381,1,Male
34382,1,Female
34383,1,Female
34384,1,Female
34385,1,Female
34386,1,Female
34387,1,Male
34388,1,Female
34389,1,Male
34390,1,Male
34391,1,Male
34392,1,Female
34393,1,Female
34394,1,Female
34395,1,Male
34396,1,Male
34397,1,Female
34398,1,Female
34399,1,Female
34400,1,Male
34401,1,Female
34402,1,Female
34403,1,Male
34404,1,Female
34405,1,Female
34406,1,Male
34407,1,Female
34408,1,Female
34409,1,Female
34410,1,Female
34411,1,Female
34412,1,Male
34413,1,Female
34414,1,Male
34415,1,Male
34416,1,Female
34417,1,Male
34418,1,Female
34419,1,Male
34420,1,Male
34421,1,Male
34422,1,Male
34423,1,Female
34424,1,Female
34425,1,Female
34426,1,Male
34427,1,Male
34428,1,Male
34429,1,Male
34430,1,Female
34431,1,Male
34432,1,Male
34433,1,Female
34434,1,Male
34435,1,Male
34436,1,Male
34437,1,Female
34438,1,Male
34439,1,Male
34440,1,Male
34441,1,Female
34442,1,Female
34443,1,Female
34444,1,Male
34445,1,Male
34446,1,Female
34447,1,Male
34448,1,Male
34449,1,Male
34450,1,Male
34451,1,Male
34452,1,Male
34453,1,Male
34454,1,Male
34455,1,Female
34456,1,Male
34457,1,Male
34458,1,Female
34459,1,Female
34460,1,Male
34461,1,Male
34462,1,Female
34463,1,Female
34464,1,Female
34465,1,Male
34466,1,Female
34467,1,Male
34468,1,Male
34469,1,Male
34470,1,Female
34471,1,Female
34472,1,Male
34473,1,Female
34474,1,Male
34475,1,Male
34476,1,Female
34477,1,Male
34478,1,Female
34479,1,Male
34480,1,Female
34481,1,Male
34482,1,Female
34483,1,Male
34484,1,Male
34485,1,Male
34486,1,Male
34487,1,Male
34488,1,Female
34489,1,Male
34490,1,Male
34491,1,Male
34492,1,Male
34493,1,Male
34494,1,Male
34495,1,Male
34496,1,Female
34497,1,Female
34498,1,Male
34499,1,Male
34500,1,Female
34501,1,Female
34502,1,Female
34503,1,Female
34504,1,Male
34505,1,Male
34506,1,Male
34507,1,Male
34508,1,Male
34509,1,Male
34510,1,Male
34511,1,Female
34512,1,Female
34513,1,Female
34514,1,Male
34515,1,Male
34516,1,Male
34517,1,Male
34518,1,Male
34519,1,Female
34520,1,Male
34521,1,Male
34522,1,Male
34523,1,Male
34524,1,Female
34525,1,Male
34526,1,Male
34527,1,Male
34528,1,Male
34529,1,Male
34530,1,Male
34531,1,Male
34532,1,Female
34533,1,Male
34534,1,Male
34535,1,Female
34536,1,Female
34537,1,Male
34538,1,Male
34539,1,Male
34540,1,Male
34541,1,Male
34542,1,Male
34543,1,Male
34544,1,Female
34545,1,Female
34546,1,Female
34547,1,Male
34548,1,Male
34549,1,Female
34550,1,Female
34551,1,Female
34552,1,Male
34553,1,Male
34554,1,Male
34555,1,Male
34556,1,Female
34557,1,Female
34558,1,Female
34559,1,Female
34560,1,Female
34561,1,Male
34562,1,Male
34563,1,Female
34564,1,Female
34565,1,Male
34566,1,Female
34567,1,Male
34568,1,Male
34569,1,Female
34570,1,Female
34571,1,Male
34572,1,Female
34573,1,Male
34574,1,Female
34575,1,Female
34576,1,Male
34577,1,Male
34578,1,Male
34579,1,Male
34580,1,Male
34581,1,Male
34582,1,Male
34583,1,Female
34584,1,Male
34585,1,Male
34586,1,Male
34587,1,Male
34588,1,Male
34589,1,Male
34590,1,Female
34591,1,Female
34592,1,Male
34593,1,Male
34594,1,Female
34595,1,Female
34596,1,Female
34597,1,Female
34598,1,Male
34599,1,Female
34600,1,Female
34601,1,Female
34602,1,Male
34603,1,Female
34604,1,Male
34605,1,Male
34606,1,Male
34607,1,Female
34608,1,Male
34609,1,Male
34610,1,Female
34611,1,Female
34612,1,Male
34613,1,Female
34614,1,Male
34615,1,Female
34616,1,Male
34617,1,Female
34618,1,Female
34619,1,Female
34620,1,Male
34621,1,Male
34622,1,Female
34623,1,Female
34624,1,Male
34625,1,Female
34626,1,Male
34627,1,Female
34628,1,Male
34629,1,Male
34630,1,Female
34631,1,Male
34632,1,Male
34633,1,Female
34634,1,Male
34635,1,Female
34636,1,Female
34637,1,Male
34638,1,Male
34639,1,Male
34640,1,Male
34641,1,Male
34642,1,Male
34643,1,Male
34644,1,Female
34645,1,Male
34646,1,Female
34647,1,Female
34648,1,Male
34649,1,Male
34650,1,Male
34651,1,Female
34652,1,Female
34653,1,Male
34654,1,Male
34655,1,Male
34656,1,Male
34657,1,Female
34658,1,Female
34659,1,Male
34660,1,Female
34661,1,Male
34662,1,Male
34663,1,Female
34664,1,Male
34665,1,Female
34666,1,Male
34667,1,Male
34668,1,Female
34669,1,Male
34670,1,Female
34671,1,Male
34672,1,Male
34673,1,Male
34674,1,Male
34675,1,Male
34676,1,Male
34677,1,Female
34678,1,Male
34679,1,Female
34680,1,Male
34681,1,Female
34682,1,Male
34683,1,Male
34684,1,Male
34685,1,Male
34686,1,Female
34687,1,Female
34688,1,Female
34689,1,Female
34690,1,Male
34691,1,Female
34692,1,Male
34693,1,Female
34694,1,Male
34695,1,Male
34696,1,Male
34697,1,Female
34698,1,Male
34699,1,Male
34700,1,Female
34701,1,Male
34702,1,Female
34703,1,Male
34704,1,Female
34705,1,Female
34706,1,Male
34707,1,Female
34708,1,Male
34709,1,Male
34710,1,Male
34711,1,Male
34712,1,Male
34713,1,Female
34714,1,Male
34715,1,Male
34716,1,Female
34717,1,Female
34718,1,Female
34719,1,Male
34720,1,Male
34721,1,Female
34722,1,Male
34723,1,Male
34724,1,Male
34725,1,Female
34726,1,Female
34727,1,Male
34728,1,Female
34729,1,Male
34730,1,Male
34731,1,Male
34732,1,Male
34733,1,Male
34734,1,Female
34735,1,Male
34736,1,Male
34737,1,Male
34738,1,Male
34739,1,Male
34740,1,Female
34741,1,Female
34742,1,Male
34743,1,Male
34744,1,Female
34745,1,Male
34746,1,Male
34747,1,Male
34748,1,Male
34749,1,Male
34750,1,Female
34751,1,Male
34752,1,Male
34753,1,Male
34754,1,Male
34755,1,Male
34756,1,Female
34757,1,Male
34758,1,Female
34759,1,Male
34760,1,Female
34761,1,Male
34762,1,Male
34763,1,Male
34764,1,Female
34765,1,Female
34766,1,Male
34767,1,Male
34768,1,Female
34769,1,Male
34770,1,Male
34771,1,Male
34772,1,Female
34773,1,Male
34774,1,Male
34775,1,Male
34776,1,Male
34777,1,Female
34778,1,Male
34779,1,Male
34780,1,Female
34781,1,Female
34782,1,Female
34783,1,Female
34784,1,Male
34785,1,Male
34786,1,Male
34787,1,Female
34788,1,Male
34789,1,Male
34790,1,Male
34791,1,Male
34792,1,Male
34793,1,Male
34794,1,Male
34795,1,Male
34796,1,Male
34797,1,Male
34798,1,Female
34799,1,Female
34800,1,Male
34801,1,Female
34802,1,Male
34803,1,Female
34804,1,Male
34805,1,Male
34806,1,Female
34807,1,Female
34808,1,Male
34809,1,Male
34810,1,Male
34811,1,Male
34812,1,Male
34813,1,Male
34814,1,Male
34815,1,Male
34816,1,Male
34817,1,Female
34818,1,Male
34819,1,Male
34820,1,Male
34821,1,Male
34822,1,Male
34823,1,Female
34824,1,Female
34825,1,Male
34826,1,Male
34827,1,Female
34828,1,Female
34829,1,Female
34830,1,Male
34831,1,Male
34832,1,Female
34833,1,Male
34834,1,Male
34835,1,Male
34836,1,Male
34837,1,Female
34838,1,Male
34839,1,Female
34840,1,Male
34841,1,Male
34842,1,Female
34843,1,Male
34844,1,Male
34845,1,Male
34846,1,Male
34847,1,Male
34848,1,Female
34849,1,Male
34850,1,Male
34851,1,Male
34852,1,Male
34853,1,Male
34854,1,Male
34855,1,Male
34856,1,Male
34857,1,Male
34858,1,Female
34859,1,Male
34860,1,Female
34861,1,Male
34862,1,Male
34863,1,Male
34864,1,Male
34865,1,Male
34866,1,Male
34867,1,Male
34868,1,Male
34869,1,Female
34870,1,Male
34871,1,Male
34872,1,Male
34873,1,Male
34874,1,Male
34875,1,Female
34876,1,Female
34877,1,Female
34878,1,Female
34879,1,Male
34880,1,Male
34881,1,Female
34882,1,Male
34883,1,Male
34884,1,Male
34885,1,Male
34886,1,Male
34887,1,Male
34888,1,Male
34889,1,Female
34890,1,Female
34891,1,Male
34892,1,Female
34893,1,Female
34894,1,Male
34895,1,Male
34896,1,Male
34897,1,Male
34898,1,Male
34899,1,Male
34900,1,Male
34901,1,Female
34902,1,Female
34903,1,Male
34904,1,Male
34905,1,Female
34906,1,Male
34907,1,Male
34908,1,Male
34909,1,Male
34910,1,Male
34911,1,Male
34912,1,Male
34913,1,Male
34914,1,Male
34915,1,Male
34916,1,Male
34917,1,Male
34918,1,Female
34919,1,Male
34920,1,Male
34921,1,Female
34922,1,Male
34923,1,Male
34924,1,Female
34925,1,Male
34926,1,Female
34927,1,Male
34928,1,Male
34929,1,Male
34930,1,Female
34931,1,Male
34932,1,Female
34933,1,Male
34934,1,Male
34935,1,Male
34936,1,Male
34937,1,Male
34938,1,Male
34939,1,Male
34940,1,Female
34941,1,Female
34942,1,Male
34943,1,Female
34944,1,Male
34945,1,Male
34946,1,Male
34947,1,Male
34948,1,Female
34949,1,Male
34950,1,Male
34951,1,Male
34952,1,Male
34953,1,Female
34954,1,Male
34955,1,Female
34956,1,Male
34957,1,Female
34958,1,Female
34959,1,Male
34960,1,Female
34961,1,Male
34962,1,Male
34963,1,Female
34964,1,Female
34965,1,Male
34966,1,Male
34967,1,Male
34968,1,Female
34969,1,Male
34970,1,Female
34971,1,Male
34972,1,Female
34973,1,Male
34974,1,Male
34975,1,Female
34976,1,Male
34977,1,Male
34978,1,Male
34979,1,Male
34980,1,Male
34981,1,Male
34982,1,Female
34983,1,Male
34984,1,Male
34985,1,Male
34986,1,Male
34987,1,Male
34988,1,Female
34989,1,Male
34990,1,Male
34991,1,Male
34992,1,Female
34993,1,Male
34994,1,Male
34995,1,Male
34996,1,Male
34997,1,Male
34998,1,Male
34999,1,Male
35000,1,Male
35001,1,Male
35002,1,Male
35003,1,Male
35004,1,Male
35005,1,Male
35006,1,Male
35007,1,Female
35008,1,Male
35009,1,Male
35010,1,Male
35011,1,Female
35012,1,Male
35013,1,Male
35014,1,Male
35015,1,Male
35016,1,Female
35017,1,Male
35018,1,Female
35019,1,Female
35020,1,Female
35021,1,Female
35022,1,Male
35023,1,Male
35024,1,Male
35025,1,Male
35026,1,Female
35027,1,Female
35028,1,Male
35029,1,Male
35030,1,Male
35031,1,Male
35032,1,Female
35033,1,Male
35034,1,Female
35035,1,Male
35036,1,Male
35037,1,Female
35038,1,Female
35039,1,Female
35040,1,Male
35041,1,Male
35042,1,Male
35043,1,Female
35044,1,Male
35045,1,Male
35046,1,Female
35047,1,Female
35048,1,Female
35049,1,Male
35050,1,Female
35051,1,Male
35052,1,Female
35053,1,Male
35054,1,Male
35055,1,Female
35056,1,Female
35057,1,Female
35058,1,Female
35059,1,Male
35060,1,Male
35061,1,Female
35062,1,Male
35063,1,Male
35064,1,Male
35065,1,Female
35066,1,Female
35067,1,Male
35068,1,Male
35069,1,Male
35070,1,Male
35071,1,Male
35072,1,Male
35073,1,Female
35074,1,Male
35075,1,Male
35076,1,Male
35077,1,Male
35078,1,Male
35079,1,Female
35080,1,Female
35081,1,Male
35082,1,Male
35083,1,Female
35084,1,Male
35085,1,Male
35086,1,Female
35087,1,Male
35088,1,Female
35089,1,Male
35090,1,Female
35091,1,Female
35092,1,Male
35093,1,Female
35094,1,Male
35095,1,Female
35096,1,Female
35097,1,Female
35098,1,Male
35099,1,Male
35100,1,Female
35101,1,Male
35102,1,Female
35103,1,Male
35104,1,Female
35105,1,Female
35106,1,Female
35107,1,Male
35108,1,Female
35109,1,Female
35110,1,Male
35111,1,Female
35112,1,Male
35113,1,Male
35114,1,Female
35115,1,Male
35116,1,Male
35117,1,Male
35118,1,Male
35119,1,Male
35120,1,Female
35121,1,Female
35122,1,Male
35123,1,Male
35124,1,Male
35125,1,Male
35126,1,Male
35127,1,Male
35128,1,Female
35129,1,Male
35130,1,Male
35131,1,Male
35132,1,Female
35133,1,Male
35134,1,Male
35135,1,Male
35136,1,Male
35137,1,Male
35138,1,Female
35139,1,Male
35140,1,Female
35141,1,Male
35142,1,Male
35143,1,Female
35144,1,Female
35145,1,Female
35146,1,Female
35147,1,Male
35148,1,Male
35149,1,Male
35150,1,Male
35151,1,Male
35152,1,Female
35153,1,Female
35154,1,Male
35155,1,Female
35156,1,Male
35157,1,Male
35158,1,Female
35159,1,Male
35160,1,Male
35161,1,Male
35162,1,Female
35163,1,Female
35164,1,Female
35165,1,Male
35166,1,Female
35167,1,Female
35168,1,Male
35169,1,Male
35170,1,Male
35171,1,Male
35172,1,Male
35173,1,Male
35174,1,Male
35175,1,Male
35176,1,Male
35177,1,Male
35178,1,Female
35179,1,Female
35180,1,Male
35181,1,Male
35182,1,Male
35183,1,Female
35184,1,Male
35185,1,Female
35186,1,Male
35187,1,Male
35188,1,Female
35189,1,Female
35190,1,Male
35191,1,Male
35192,1,Male
35193,1,Male
35194,1,Male
35195,1,Male
35196,1,Male
35197,1,Female
35198,1,Male
35199,1,Male
35200,1,Male
35201,1,Male
35202,1,Female
35203,1,Male
35204,1,Male
35205,1,Male
35206,1,Male
35207,1,Male
35208,1,Female
35209,1,Male
35210,1,Male
35211,1,Female
35212,1,Male
35213,1,Male
35214,1,Male
35215,1,Male
35216,1,Female
35217,1,Male
35218,1,Male
35219,1,Male
35220,1,Female
35221,1,Male
35222,1,Female
35223,1,Male
35224,1,Male
35225,1,Female
35226,1,Male
35227,1,Female
35228,1,Male
35229,1,Male
35230,1,Male
35231,1,Male
35232,1,Male
35233,1,Male
35234,1,Male
35235,1,Male
35236,1,Male
35237,1,Male
35238,1,Male
35239,1,Male
35240,1,Male
35241,1,Male
35242,1,Male
35243,1,Male
35244,1,Male
35245,1,Male
35246,1,Female
35247,1,Male
35248,1,Female
35249,1,Male
35250,1,Female
35251,1,Male
35252,1,Male
35253,1,Male
35254,1,Male
35255,1,Male
35256,1,Female
35257,1,Female
35258,1,Male
35259,1,Male
35260,1,Male
35261,1,Male
35262,1,Male
35263,1,Male
35264,1,Female
35265,1,Male
35266,1,Male
35267,1,Male
35268,1,Male
35269,1,Male
35270,1,Female
35271,1,Male
35272,1,Female
35273,1,Male
35274,1,Male
35275,1,Male
35276,1,Male
35277,1,Male
35278,1,Female
35279,1,Male
35280,1,Female
35281,1,Male
35282,1,Female
35283,1,Male
35284,1,Female
35285,1,Female
35286,1,Male
35287,1,Female
35288,1,Female
35289,1,Male
35290,1,Female
35291,1,Male
35292,1,Female
35293,1,Male
35294,1,Male
35295,1,Male
35296,1,Female
35297,1,Male
35298,1,Female
35299,1,Male
35300,1,Female
35301,1,Female
35302,1,Male
35303,1,Male
35304,1,Male
35305,1,Female
35306,1,Male
35307,1,Male
35308,1,Female
35309,1,Female
35310,1,Male
35311,1,Female
35312,1,Female
35313,1,Male
35314,1,Male
35315,1,Female
35316,1,Female
35317,1,Male
35318,1,Female
35319,1,Male
35320,1,Male
35321,1,Male
35322,1,Male
35323,1,Male
35324,1,Male
35325,1,Male
35326,1,Female
35327,1,Male
35328,1,Female
35329,1,Male
35330,1,Male
35331,1,Male
35332,1,Female
35333,1,Male
35334,1,Female
35335,1,Male
35336,1,Female
35337,1,Male
35338,1,Male
35339,1,Male
35340,1,Female
35341,1,Female
35342,1,Female
35343,1,Male
35344,1,Male
35345,1,Male
35346,1,Male
35347,1,Male
35348,1,Male
35349,1,Female
35350,1,Male
35351,1,Male
35352,1,Male
35353,1,Male
35354,1,Female
35355,1,Male
35356,1,Male
35357,1,Male
35358,1,Female
35359,1,Male
35360,1,Female
35361,1,Male
35362,1,Female
35363,1,Male
35364,1,Female
35365,1,Male
35366,1,Male
35367,1,Male
35368,1,Male
35369,1,Female
35370,1,Female
35371,1,Female
35372,1,Female
35373,1,Male
35374,1,Male
35375,1,Female
35376,1,Female
35377,1,Male
35378,1,Male
35379,1,Female
35380,1,Female
35381,1,Male
35382,1,Female
35383,1,Female
35384,1,Male
35385,1,Female
35386,1,Male
35387,1,Female
35388,1,Male
35389,1,Male
35390,1,Female
35391,1,Male
35392,1,Male
35393,1,Male
35394,1,Male
35395,1,Male
35396,1,Male
35397,1,Female
35398,1,Female
35399,1,Male
35400,1,Female
35401,1,Male
35402,1,Female
35403,1,Male
35404,1,Male
35405,1,Female
35406,1,Male
35407,1,Male
35408,1,Female
35409,1,Female
35410,1,Female
35411,1,Female
35412,1,Male
35413,1,Female
35414,1,Male
35415,1,Male
35416,1,Male
35417,1,Female
35418,1,Female
35419,1,Female
35420,1,Male
35421,1,Male
35422,1,Male
35423,1,Male
35424,1,Female
35425,1,Male
35426,1,Male
35427,1,Male
35428,1,Female
35429,1,Female
35430,1,Female
35431,1,Female
35432,1,Female
35433,1,Male
35434,1,Male
35435,1,Male
35436,1,Male
35437,1,Male
35438,1,Male
35439,1,Male
35440,1,Female
35441,1,Male
35442,1,Male
35443,1,Male
35444,1,Female
35445,1,Male
35446,1,Female
35447,1,Male
35448,1,Female
35449,1,Male
35450,1,Male
35451,1,Female
35452,1,Male
35453,1,Male
35454,1,Male
35455,1,Female
35456,1,Female
35457,1,Female
35458,1,Male
35459,1,Male
35460,1,Female
35461,1,Male
35462,1,Male
35463,1,Male
35464,1,Male
35465,1,Male
35466,1,Male
35467,1,Male
35468,1,Female
35469,1,Male
35470,1,Female
35471,1,Male
35472,1,Female
35473,1,Male
35474,1,Male
35475,1,Male
35476,1,Female
35477,1,Female
35478,1,Female
35479,1,Male
35480,1,Male
35481,1,Male
35482,1,Male
35483,1,Male
35484,1,Female
35485,1,Male
35486,1,Male
35487,1,Female
35488,1,Male
35489,1,Male
35490,1,Male
35491,1,Male
35492,1,Male
35493,1,Male
35494,1,Male
35495,1,Male
35496,1,Male
35497,1,Male
35498,1,Female
35499,1,Female
35500,1,Female
35501,1,Male
35502,1,Female
35503,1,Female
35504,1,Male
35505,1,Male
35506,1,Male
35507,1,Female
35508,1,Male
35509,1,Female
35510,1,Male
35511,1,Female
35512,1,Male
35513,1,Male
35514,1,Male
35515,1,Male
35516,1,Female
35517,1,Male
35518,1,Female
35519,1,Male
35520,1,Female
35521,1,Male
35522,1,Female
35523,1,Male
35524,1,Male
35525,1,Male
35526,1,Male
35527,1,Female
35528,1,Male
35529,1,Male
35530,1,Male
35531,1,Female
35532,1,Female
35533,1,Female
35534,1,Male
35535,1,Female
35536,1,Male
35537,1,Female
35538,1,Male
35539,1,Female
35540,1,Male
35541,1,Male
35542,1,Male
35543,1,Female
35544,1,Male
35545,1,Female
35546,1,Male
35547,1,Female
35548,1,Male
35549,1,Male
35550,1,Male
35551,1,Female
35552,1,Female
35553,1,Male
35554,1,Male
35555,1,Female
35556,1,Male
35557,1,Female
35558,1,Male
35559,1,Male
35560,1,Female
35561,1,Male
35562,1,Male
35563,1,Male
35564,1,Male
35565,1,Female
35566,1,Male
35567,1,Male
35568,1,Male
35569,1,Female
35570,1,Male
35571,1,Female
35572,1,Male
35573,1,Male
35574,1,Female
35575,1,Male
35576,1,Male
35577,1,Female
35578,1,Female
35579,1,Female
35580,1,Male
35581,1,Male
35582,1,Female
35583,1,Male
35584,1,Male
35585,1,Male
35586,1,Male
35587,1,Female
35588,1,Female
35589,1,Male
35590,1,Female
35591,1,Female
35592,1,Female
35593,1,Female
35594,1,Male
35595,1,Male
35596,1,Female
35597,1,Male
35598,1,Female
35599,1,Male
35600,1,Male
35601,1,Female
35602,1,Female
35603,1,Male
35604,1,Male
35605,1,Female
35606,1,Female
35607,1,Male
35608,1,Male
35609,1,Female
35610,1,Male
35611,1,Male
35612,1,Male
35613,1,Female
35614,1,Female
35615,1,Male
35616,1,Male
35617,1,Female
35618,1,Male
35619,1,Female
35620,1,Female
35621,1,Male
35622,1,Male
35623,1,Male
35624,1,Female
35625,1,Female
35626,1,Male
35627,1,Male
35628,1,Male
35629,1,Male
35630,1,Female
35631,1,Male
35632,1,Female
35633,1,Male
35634,1,Female
35635,1,Male
35636,1,Female
35637,1,Male
35638,1,Male
35639,1,Female
35640,1,Female
35641,1,Female
35642,1,Male
35643,1,Male
35644,1,Male
35645,1,Male
35646,1,Male
35647,1,Male
35648,1,Male
35649,1,Male
35650,1,Male
35651,1,Male
35652,1,Male
35653,1,Male
35654,1,Male
35655,1,Male
35656,1,Male
35657,1,Female
35658,1,Male
35659,1,Male
35660,1,Male
35661,1,Male
35662,1,Male
35663,1,Male
35664,1,Male
35665,1,Female
35666,1,Male
35667,1,Male
35668,1,Female
35669,1,Male
35670,1,Male
35671,1,Female
35672,1,Male
35673,1,Male
35674,1,Male
35675,1,Male
35676,1,Male
35677,1,Female
35678,1,Male
35679,1,Male
35680,1,Male
35681,1,Male
35682,1,Male
35683,1,Male
35684,1,Male
35685,1,Male
35686,1,Male
35687,1,Female
35688,1,Male
35689,1,Male
35690,1,Male
35691,1,Male
35692,1,Female
35693,1,Female
35694,1,Male
35695,1,Male
35696,1,Female
35697,1,Male
35698,1,Male
35699,1,Female
35700,1,Female
35701,1,Male
35702,1,Male
35703,1,Male
35704,1,Female
35705,1,Male
35706,1,Male
35707,1,Male
35708,1,Male
35709,1,Female
35710,1,Male
35711,1,Male
35712,1,Male
35713,1,Female
35714,1,Male
35715,1,Female
35716,1,Male
35717,1,Male
35718,1,Female
35719,1,Female
35720,1,Female
35721,1,Male
35722,1,Male
35723,1,Male
35724,1,Male
35725,1,Female
35726,1,Female
35727,1,Female
35728,1,Male
35729,1,Male
35730,1,Female
35731,1,Male
35732,1,Male
35733,1,Male
35734,1,Male
35735,1,Female
35736,1,Female
35737,1,Male
35738,1,Male
35739,1,Male
35740,1,Male
35741,1,Male
35742,1,Female
35743,1,Male
35744,1,Female
35745,1,Male
35746,1,Female
35747,1,Female
35748,1,Female
35749,1,Male
35750,1,Female
35751,1,Male
35752,1,Female
35753,1,Male
35754,1,Male
35755,1,Male
35756,1,Female
35757,1,Female
35758,1,Female
35759,1,Male
35760,1,Male
35761,1,Male
35762,1,Male
35763,1,Female
35764,1,Male
35765,1,Male
35766,1,Female
35767,1,Male
35768,1,Male
35769,1,Male
35770,1,Female
35771,1,Male
35772,1,Female
35773,1,Male
35774,1,Male
35775,1,Male
35776,1,Male
35777,1,Female
35778,1,Male
35779,1,Female
35780,1,Female
35781,1,Male
35782,1,Male
35783,1,Male
35784,1,Male
35785,1,Male
35786,1,Male
35787,1,Male
35788,1,Male
35789,1,Male
35790,1,Male
35791,1,Male
35792,1,Female
35793,1,Male
35794,1,Male
35795,1,Male
35796,1,Male
35797,1,Male
35798,1,Female
35799,1,Male
35800,1,Female
35801,1,Female
35802,1,Female
35803,1,Male
35804,1,Male
35805,1,Male
35806,1,Male
35807,1,Male
35808,1,Female
35809,1,Female
35810,1,Male
35811,1,Female
35812,1,Male
35813,1,Female
35814,1,Female
35815,1,Male
35816,1,Male
35817,1,Male
35818,1,Male
35819,1,Female
35820,1,Male
35821,1,Male
35822,1,Female
35823,1,Female
35824,1,Female
35825,1,Female
35826,1,Male
35827,1,Female
35828,1,Male
35829,1,Male
35830,1,Male
35831,1,Female
35832,1,Male
35833,1,Male
35834,1,Male
35835,1,Male
35836,1,Male
35837,1,Male
35838,1,Male
35839,1,Female
35840,1,Male
35841,1,Female
35842,1,Male
35843,1,Male
35844,1,Female
35845,1,Male
35846,1,Female
35847,1,Female
35848,1,Female
35849,1,Male
35850,1,Male
35851,1,Male
35852,1,Male
35853,1,Female
35854,1,Male
35855,1,Male
35856,1,Female
35857,1,Female
35858,1,Male
35859,1,Female
35860,1,Female
35861,1,Female
35862,1,Male
35863,1,Female
35864,1,Male
35865,1,Male
35866,1,Male
35867,1,Female
35868,1,Male
35869,1,Male
35870,1,Female
35871,1,Male
35872,1,Male
35873,1,Male
35874,1,Female
35875,1,Female
35876,1,Male
35877,1,Male
35878,1,Male
35879,1,Male
35880,1,Male
35881,1,Male
35882,1,Male
35883,1,Female
35884,1,Male
35885,1,Female
35886,1,Male
35887,1,Female
35888,1,Female
35889,1,Male
35890,1,Male
35891,1,Female
35892,1,Male
35893,1,Male
35894,1,Male
35895,1,Female
35896,1,Female
35897,1,Female
35898,1,Male
35899,1,Male
35900,1,Male
35901,1,Male
35902,1,Female
35903,1,Male
35904,1,Female
35905,1,Male
35906,1,Male
35907,1,Male
35908,1,Male
35909,1,Female
35910,1,Male
35911,1,Male
35912,1,Female
35913,1,Male
35914,1,Female
35915,1,Male
35916,1,Male
35917,1,Male
35918,1,Male
35919,1,Female
35920,1,Male
35921,1,Male
35922,1,Female
35923,1,Male
35924,1,Female
35925,1,Female
35926,1,Male
35927,1,Male
35928,1,Male
35929,1,Female
35930,1,Female
35931,1,Male
35932,1,Female
35933,1,Male
35934,1,Male
35935,1,Female
35936,1,Male
35937,1,Male
35938,1,Female
35939,1,Male
35940,1,Male
35941,1,Male
35942,1,Male
35943,1,Female
35944,1,Female
35945,1,Male
35946,1,Female
35947,1,Male
35948,1,Male
35949,1,Female
35950,1,Female
35951,1,Male
35952,1,Male
35953,1,Male
35954,1,Female
35955,1,Male
35956,1,Male
35957,1,Male
35958,1,Male
35959,1,Female
35960,1,Female
35961,1,Male
35962,1,Female
35963,1,Male
35964,1,Male
35965,1,Male
35966,1,Male
35967,1,Male
35968,1,Male
35969,1,Male
35970,1,Male
35971,1,Female
35972,1,Male
35973,1,Male
35974,1,Female
35975,1,Female
35976,1,Male
35977,1,Male
35978,1,Male
35979,1,Male
35980,1,Female
35981,1,Male
35982,1,Male
35983,1,Male
35984,1,Female
35985,1,Male
35986,1,Male
35987,1,Male
35988,1,Male
35989,1,Female
35990,1,Female
35991,1,Male
35992,1,Female
35993,1,Female
35994,1,Male
35995,1,Male
35996,1,Female
35997,1,Male
35998,1,Male
35999,1,Male
36000,1,Male
36001,1,Male
36002,1,Male
36003,1,Male
36004,1,Male
36005,1,Male
36006,1,Male
36007,1,Female
36008,1,Female
36009,1,Male
36010,1,Male
36011,1,Male
36012,1,Male
36013,1,Male
36014,1,Male
36015,1,Female
36016,1,Male
36017,1,Male
36018,1,Male
36019,1,Male
36020,1,Male
36021,1,Male
36022,1,Female
36023,1,Male
36024,1,Male
36025,1,Male
36026,1,Male
36027,1,Male
36028,1,Male
36029,1,Male
36030,1,Male
36031,1,Male
36032,1,Male
36033,1,Male
36034,1,Male
36035,1,Male
36036,1,Male
36037,1,Male
36038,1,Female
36039,1,Male
36040,1,Male
36041,1,Male
36042,1,Male
36043,1,Male
36044,1,Male
36045,1,Male
36046,1,Male
36047,1,Female
36048,1,Male
36049,1,Male
36050,1,Male
36051,1,Male
36052,1,Female
36053,1,Male
36054,1,Male
36055,1,Male
36056,1,Female
36057,1,Male
36058,1,Female
36059,1,Male
36060,1,Female
36061,1,Male
36062,1,Female
36063,1,Male
36064,1,Male
36065,1,Male
36066,1,Male
36067,1,Male
36068,1,Female
36069,1,Male
36070,1,Male
36071,1,Female
36072,1,Male
36073,1,Male
36074,1,Male
36075,1,Female
36076,1,Female
36077,1,Male
36078,1,Male
36079,1,Male
36080,1,Male
36081,1,Male
36082,1,Male
36083,1,Male
36084,1,Female
36085,1,Male
36086,1,Female
36087,1,Male
36088,1,Male
36089,1,Male
36090,1,Female
36091,1,Male
36092,1,Female
36093,1,Female
36094,1,Female
36095,1,Female
36096,1,Male
36097,1,Male
36098,1,Female
36099,1,Female
36100,1,Male
36101,1,Female
36102,1,Male
36103,1,Male
36104,1,Male
36105,1,Male
36106,1,Male
36107,1,Female
36108,1,Female
36109,1,Male
36110,1,Male
36111,1,Female
36112,1,Male
36113,1,Male
36114,1,Female
36115,1,Female
36116,1,Male
36117,1,Male
36118,1,Male
36119,1,Female
36120,1,Male
36121,1,Male
36122,1,Female
36123,1,Male
36124,1,Male
36125,1,Female
36126,1,Female
36127,1,Male
36128,1,Female
36129,1,Male
36130,1,Female
36131,1,Male
36132,1,Male
36133,1,Male
36134,1,Male
36135,1,Male
36136,1,Male
36137,1,Female
36138,1,Female
36139,1,Female
36140,1,Male
36141,1,Male
36142,1,Female
36143,1,Male
36144,1,Male
36145,1,Male
36146,1,Female
36147,1,Male
36148,1,Female
36149,1,Male
36150,1,Male
36151,1,Male
36152,1,Female
36153,1,Male
36154,1,Male
36155,1,Male
36156,1,Female
36157,1,Male
36158,1,Female
36159,1,Female
36160,1,Male
36161,1,Female
36162,1,Male
36163,1,Female
36164,1,Male
36165,1,Female
36166,1,Male
36167,1,Female
36168,1,Male
36169,1,Female
36170,1,Female
36171,1,Male
36172,1,Male
36173,1,Male
36174,1,Female
36175,1,Female
36176,1,Male
36177,1,Male
36178,1,Male
36179,1,Male
36180,1,Male
36181,1,Male
36182,1,Male
36183,1,Male
36184,1,Male
36185,1,Male
36186,1,Female
36187,1,Male
36188,1,Female
36189,1,Male
36190,1,Male
36191,1,Male
36192,1,Male
36193,1,Female
36194,1,Female
36195,1,Male
36196,1,Male
36197,1,Female
36198,1,Male
36199,1,Female
36200,1,Male
36201,1,Male
36202,1,Female
36203,1,Female
36204,1,Male
36205,1,Male
36206,1,Male
36207,1,Male
36208,1,Female
36209,1,Female
36210,1,Male
36211,1,Male
36212,1,Male
36213,1,Male
36214,1,Male
36215,1,Male
36216,1,Male
36217,1,Male
36218,1,Female
36219,1,Male
36220,1,Male
36221,1,Male
36222,1,Female
36223,1,Female
36224,1,Female
36225,1,Male
36226,1,Male
36227,1,Female
36228,1,Male
36229,1,Female
36230,1,Female
36231,1,Male
36232,1,Male
36233,1,Male
36234,1,Male
36235,1,Male
36236,1,Male
36237,1,Female
36238,1,Female
36239,1,Male
36240,1,Male
36241,1,Male
36242,1,Male
36243,1,Male
36244,1,Male
36245,1,Female
36246,1,Male
36247,1,Female
36248,1,Male
36249,1,Male
36250,1,Male
36251,1,Female
36252,1,Male
36253,1,Male
36254,1,Male
36255,1,Male
36256,1,Male
36257,1,Male
36258,1,Female
36259,1,Male
36260,1,Male
36261,1,Male
36262,1,Female
36263,1,Female
36264,1,Female
36265,1,Female
36266,1,Female
36267,1,Male
36268,1,Female
36269,1,Male
36270,1,Male
36271,1,Male
36272,1,Male
36273,1,Male
36274,1,Male
36275,1,Male
36276,1,Female
36277,1,Male
36278,1,Male
36279,1,Male
36280,1,Female
36281,1,Female
36282,1,Male
36283,1,Female
36284,1,Female
36285,1,Female
36286,1,Male
36287,1,Male
36288,1,Female
36289,1,Male
36290,1,Male
36291,1,Male
36292,1,Male
36293,1,Male
36294,1,Male
36295,1,Female
36296,1,Male
36297,1,Male
36298,1,Female
36299,1,Female
36300,1,Male
36301,1,Male
36302,1,Male
36303,1,Female
36304,1,Male
36305,1,Male
36306,1,Male
36307,1,Female
36308,1,Male
36309,1,Male
36310,1,Female
36311,1,Female
36312,1,Male
36313,1,Male
36314,1,Male
36315,1,Male
36316,1,Male
36317,1,Female
36318,1,Male
36319,1,Male
36320,1,Female
36321,1,Male
36322,1,Male
36323,1,Male
36324,1,Male
36325,1,Male
36326,1,Male
36327,1,Male
36328,1,Male
36329,1,Male
36330,1,Female
36331,1,Female
36332,1,Male
36333,1,Male
36334,1,Male
36335,1,Male
36336,1,Male
36337,1,Male
36338,1,Male
36339,1,Male
36340,1,Female
36341,1,Female
36342,1,Male
36343,1,Male
36344,1,Male
36345,1,Male
36346,1,Male
36347,1,Male
36348,1,Female
36349,1,Male
36350,1,Male
36351,1,Male
36352,1,Male
36353,1,Female
36354,1,Male
36355,1,Male
36356,1,Female
36357,1,Male
36358,1,Male
36359,1,Male
36360,1,Male
36361,1,Male
36362,1,Female
36363,1,Male
36364,1,Male
36365,1,Female
36366,1,Female
36367,1,Male
36368,1,Female
36369,1,Female
36370,1,Male
36371,1,Female
36372,1,Male
36373,1,Female
36374,1,Male
36375,1,Male
36376,1,Male
36377,1,Male
36378,1,Male
36379,1,Male
36380,1,Female
36381,1,Male
36382,1,Male
36383,1,Female
36384,1,Female
36385,1,Male
36386,1,Male
36387,1,Male
36388,1,Male
36389,1,Male
36390,1,Male
36391,1,Male
36392,1,Male
36393,1,Female
36394,1,Female
36395,1,Male
36396,1,Male
36397,1,Female
36398,1,Male
36399,1,Male
36400,1,Female
36401,1,Female
36402,1,Male
36403,1,Female
36404,1,Female
36405,1,Female
36406,1,Female
36407,1,Male
36408,1,Male
36409,1,Male
36410,1,Female
36411,1,Male
36412,1,Male
36413,1,Female
36414,1,Male
36415,1,Male
36416,1,Female
36417,1,Male
36418,1,Male
36419,1,Female
36420,1,Male
36421,1,Female
36422,1,Male
36423,1,Male
36424,1,Male
36425,1,Male
36426,1,Male
36427,1,Male
36428,1,Male
36429,1,Female
36430,1,Female
36431,1,Female
36432,1,Male
36433,1,Female
36434,1,Male
36435,1,Male
36436,1,Female
36437,1,Female
36438,1,Female
36439,1,Male
36440,1,Male
36441,1,Male
36442,1,Male
36443,1,Male
36444,1,Male
36445,1,Female
36446,1,Female
36447,1,Male
36448,1,Male
36449,1,Female
36450,1,Male
36451,1,Male
36452,1,Female
36453,1,Male
36454,1,Male
36455,1,Female
36456,1,Male
36457,1,Male
36458,1,Female
36459,1,Female
36460,1,Male
36461,1,Female
36462,1,Male
36463,1,Male
36464,1,Male
36465,1,Female
36466,1,Male
36467,1,Male
36468,1,Male
36469,1,Female
36470,1,Male
36471,1,Male
36472,1,Female
36473,1,Female
36474,1,Male
36475,1,Female
36476,1,Female
36477,1,Male
36478,1,Male
36479,1,Male
36480,1,Male
36481,1,Male
36482,1,Male
36483,1,Male
36484,1,Female
36485,1,Male
36486,1,Male
36487,1,Female
36488,1,Female
36489,1,Female
36490,1,Male
36491,1,Male
36492,1,Female
36493,1,Female
36494,1,Male
36495,1,Male
36496,1,Male
36497,1,Female
36498,1,Female
36499,1,Female
36500,1,Female
36501,1,Male
36502,1,Female
36503,1,Male
36504,1,Male
36505,1,Female
36506,1,Female
36507,1,Male
36508,1,Male
36509,1,Male
36510,1,Male
36511,1,Female
36512,1,Male
36513,1,Male
36514,1,Male
36515,1,Female
36516,1,Female
36517,1,Female
36518,1,Male
36519,1,Female
36520,1,Female
36521,1,Female
36522,1,Male
36523,1,Male
36524,1,Female
36525,1,Male
36526,1,Female
36527,1,Female
36528,1,Male
36529,1,Female
36530,1,Female
36531,1,Male
36532,1,Male
36533,1,Male
36534,1,Male
36535,1,Male
36536,1,Male
36537,1,Male
36538,1,Male
36539,1,Male
36540,1,Male
36541,1,Male
36542,1,Male
36543,1,Male
36544,1,Male
36545,1,Female
36546,1,Male
36547,1,Male
36548,1,Male
36549,1,Male
36550,1,Male
36551,1,Male
36552,1,Male
36553,1,Female
36554,1,Male
36555,1,Male
36556,1,Male
36557,1,Male
36558,1,Male
36559,1,Male
36560,1,Male
36561,1,Female
36562,1,Female
36563,1,Male
36564,1,Male
36565,1,Male
36566,1,Female
36567,1,Male
36568,1,Male
36569,1,Female
36570,1,Male
36571,1,Male
36572,1,Male
36573,1,Male
36574,1,Male
36575,1,Male
36576,1,Male
36577,1,Male
36578,1,Female
36579,1,Female
36580,1,Male
36581,1,Male
36582,1,Male
36583,1,Female
36584,1,Male
36585,1,Female
36586,1,Male
36587,1,Male
36588,1,Female
36589,1,Male
36590,1,Male
36591,1,Male
36592,1,Male
36593,1,Male
36594,1,Male
36595,1,Male
36596,1,Male
36597,1,Male
36598,1,Male
36599,1,Male
36600,1,Male
36601,1,Male
36602,1,Male
36603,1,Male
36604,1,Male
36605,1,Female
36606,1,Male
36607,1,Male
36608,1,Male
36609,1,Male
36610,1,Male
36611,1,Female
36612,1,Male
36613,1,Female
36614,1,Female
36615,1,Female
36616,1,Female
36617,1,Male
36618,1,Female
36619,1,Male
36620,1,Male
36621,1,Male
36622,1,Female
36623,1,Male
36624,1,Female
36625,1,Female
36626,1,Male
36627,1,Male
36628,1,Male
36629,1,Male
36630,1,Female
36631,1,Female
36632,1,Female
36633,1,Male
36634,1,Male
36635,1,Male
36636,1,Female
36637,1,Male
36638,1,Male
36639,1,Male
36640,1,Male
36641,1,Male
36642,1,Male
36643,1,Male
36644,1,Male
36645,1,Male
36646,1,Male
36647,1,Female
36648,1,Male
36649,1,Male
36650,1,Male
36651,1,Male
36652,1,Female
36653,1,Female
36654,1,Male
36655,1,Male
36656,1,Female
36657,1,Male
36658,1,Male
36659,1,Female
36660,1,Male
36661,1,Female
36662,1,Female
36663,1,Male
36664,1,Male
36665,1,Female
36666,1,Male
36667,1,Male
36668,1,Male
36669,1,Female
36670,1,Male
36671,1,Female
36672,1,Male
36673,1,Female
36674,1,Female
36675,1,Male
36676,1,Male
36677,1,Female
36678,1,Female
36679,1,Female
36680,1,Female
36681,1,Female
36682,1,Female
36683,1,Female
36684,1,Male
36685,1,Male
36686,1,Female
36687,1,Female
36688,1,Male
36689,1,Male
36690,1,Male
36691,1,Male
36692,1,Male
36693,1,Female
36694,1,Female
36695,1,Male
36696,1,Male
36697,1,Male
36698,1,Female
36699,1,Male
36700,1,Female
36701,1,Female
36702,1,Female
36703,1,Male
36704,1,Male
36705,1,Female
36706,1,Male
36707,1,Female
36708,1,Male
36709,1,Male
36710,1,Male
36711,1,Male
36712,1,Male
36713,1,Male
36714,1,Female
36715,1,Female
36716,1,Male
36717,1,Female
36718,1,Male
36719,1,Male
36720,1,Male
36721,1,Male
36722,1,Male
36723,1,Male
36724,1,Male
36725,1,Female
36726,1,Male
36727,1,Female
36728,1,Male
36729,1,Male
36730,1,Male
36731,1,Male
36732,1,Female
36733,1,Male
36734,1,Female
36735,1,Female
36736,1,Male
36737,1,Female
36738,1,Male
36739,1,Female
36740,1,Male
36741,1,Male
36742,1,Male
36743,1,Male
36744,1,Male
36745,1,Female
36746,1,Female
36747,1,Female
36748,1,Male
36749,1,Male
36750,1,Male
36751,1,Male
36752,1,Female
36753,1,Female
36754,1,Male
36755,1,Male
36756,1,Male
36757,1,Male
36758,1,Male
36759,1,Male
36760,1,Male
36761,1,Female
36762,1,Female
36763,1,Female
36764,1,Male
36765,1,Female
36766,1,Male
36767,1,Female
36768,1,Female
36769,1,Male
36770,1,Male
36771,1,Female
36772,1,Female
36773,1,Male
36774,1,Female
36775,1,Female
36776,1,Male
36777,1,Male
36778,1,Female
36779,1,Male
36780,1,Female
36781,1,Male
36782,1,Male
36783,1,Male
36784,1,Male
36785,1,Female
36786,1,Female
36787,1,Female
36788,1,Female
36789,1,Male
36790,1,Male
36791,1,Male
36792,1,Male
36793,1,Male
36794,1,Male
36795,1,Male
36796,1,Male
36797,1,Male
36798,1,Female
36799,1,Male
36800,1,Female
36801,1,Male
36802,1,Male
36803,1,Male
36804,1,Female
36805,1,Female
36806,1,Male
36807,1,Female
36808,1,Male
36809,1,Male
36810,1,Male
36811,1,Male
36812,1,Female
36813,1,Male
36814,1,Male
36815,1,Female
36816,1,Male
36817,1,Male
36818,1,Female
36819,1,Male
36820,1,Female
36821,1,Male
36822,1,Male
36823,1,Male
36824,1,Male
36825,1,Female
36826,1,Female
36827,1,Female
36828,1,Male
36829,1,Male
36830,1,Male
36831,1,Female
36832,1,Male
36833,1,Male
36834,1,Male
36835,1,Male
36836,1,Male
36837,1,Female
36838,1,Male
36839,1,Male
36840,1,Male
36841,1,Male
36842,1,Male
36843,1,Male
36844,1,Female
36845,1,Male
36846,1,Male
36847,1,Male
36848,1,Male
36849,1,Male
36850,1,Male
36851,1,Female
36852,1,Male
36853,1,Male
36854,1,Male
36855,1,Female
36856,1,Female
36857,1,Male
36858,1,Male
36859,1,Female
36860,1,Male
36861,1,Male
36862,1,Female
36863,1,Male
36864,1,Female
36865,1,Male
36866,1,Female
36867,1,Male
36868,1,Female
36869,1,Male
36870,1,Male
36871,1,Female
36872,1,Female
36873,1,Male
36874,1,Male
36875,1,Male
36876,1,Male
36877,1,Male
36878,1,Male
36879,1,Male
36880,1,Male
36881,1,Male
36882,1,Female
36883,1,Male
36884,1,Male
36885,1,Female
36886,1,Female
36887,1,Male
36888,1,Male
36889,1,Male
36890,1,Female
36891,1,Male
36892,1,Female
36893,1,Male
36894,1,Female
36895,1,Male
36896,1,Male
36897,1,Male
36898,1,Female
36899,1,Male
36900,1,Male
36901,1,Male
36902,1,Male
36903,1,Male
36904,1,Male
36905,1,Female
36906,1,Male
36907,1,Male
36908,1,Male
36909,1,Male
36910,1,Male
36911,1,Male
36912,1,Male
36913,1,Female
36914,1,Male
36915,1,Male
36916,1,Male
36917,1,Female
36918,1,Male
36919,1,Male
36920,1,Female
36921,1,Male
36922,1,Male
36923,1,Male
36924,1,Male
36925,1,Female
36926,1,Male
36927,1,Male
36928,1,Female
36929,1,Male
36930,1,Male
36931,1,Male
36932,1,Male
36933,1,Male
36934,1,Male
36935,1,Male
36936,1,Female
36937,1,Female
36938,1,Male
36939,1,Female
36940,1,Male
36941,1,Male
36942,1,Male
36943,1,Male
36944,1,Female
36945,1,Male
36946,1,Female
36947,1,Male
36948,1,Male
36949,1,Male
36950,1,Male
36951,1,Male
36952,1,Female
36953,1,Male
36954,1,Male
36955,1,Female
36956,1,Male
36957,1,Male
36958,1,Male
36959,1,Female
36960,1,Male
36961,1,Male
36962,1,Female
36963,1,Male
36964,1,Male
36965,1,Male
36966,1,Male
36967,1,Male
36968,1,Male
36969,1,Male
36970,1,Male
36971,1,Male
36972,1,Male
36973,1,Male
36974,1,Male
36975,1,Male
36976,1,Male
36977,1,Male
36978,1,Male
36979,1,Male
36980,1,Female
36981,1,Female
36982,1,Female
36983,1,Female
36984,1,Female
36985,1,Female
36986,1,Male
36987,1,Male
36988,1,Male
36989,1,Male
36990,1,Male
36991,1,Male
36992,1,Male
36993,1,Male
36994,1,Female
36995,1,Male
36996,1,Male
36997,1,Male
36998,1,Male
36999,1,Male
37000,1,Male
37001,1,Female
37002,1,Male
37003,1,Male
37004,1,Male
37005,1,Male
37006,1,Female
37007,1,Female
37008,1,Male
37009,1,Male
37010,1,Male
37011,1,Female
37012,1,Male
37013,1,Male
37014,1,Male
37015,1,Male
37016,1,Female
37017,1,Female
37018,1,Male
37019,1,Male
37020,1,Male
37021,1,Male
37022,1,Male
37023,1,Female
37024,1,Male
37025,1,Female
37026,1,Female
37027,1,Male
37028,1,Male
37029,1,Male
37030,1,Male
37031,1,Male
37032,1,Male
37033,1,Male
37034,1,Male
37035,1,Male
37036,1,Female
37037,1,Male
37038,1,Female
37039,1,Male
37040,1,Male
37041,1,Male
37042,1,Male
37043,1,Male
37044,1,Male
37045,1,Male
37046,1,Male
37047,1,Male
37048,1,Female
37049,1,Male
37050,1,Female
37051,1,Male
37052,1,Male
37053,1,Male
37054,1,Male
37055,1,Male
37056,1,Male
37057,1,Male
37058,1,Male
37059,1,Male
37060,1,Male
37061,1,Male
37062,1,Male
37063,1,Male
37064,1,Female
37065,1,Female
37066,1,Male
37067,1,Male
37068,1,Male
37069,1,Female
37070,1,Male
37071,1,Male
37072,1,Male
37073,1,Male
37074,1,Male
37075,1,Male
37076,1,Male
37077,1,Female
37078,1,Male
37079,1,Female
37080,1,Male
37081,1,Male
37082,1,Female
37083,1,Female
37084,1,Male
37085,1,Male
37086,1,Male
37087,1,Male
37088,1,Male
37089,1,Male
37090,1,Female
37091,1,Female
37092,1,Male
37093,1,Male
37094,1,Male
37095,1,Male
37096,1,Male
37097,1,Male
37098,1,Female
37099,1,Female
37100,1,Male
37101,1,Male
37102,1,Female
37103,1,Male
37104,1,Female
37105,1,Male
37106,1,Male
37107,1,Female
37108,1,Male
37109,1,Male
37110,1,Male
37111,1,Male
37112,1,Female
37113,1,Male
37114,1,Female
37115,1,Male
37116,1,Male
37117,1,Male
37118,1,Male
37119,1,Male
37120,1,Female
37121,1,Male
37122,1,Female
37123,1,Male
37124,1,Male
37125,1,Female
37126,1,Male
37127,1,Female
37128,1,Female
37129,1,Male
37130,1,Male
37131,1,Male
37132,1,Male
37133,1,Male
37134,1,Male
37135,1,Female
37136,1,Female
37137,1,Male
37138,1,Male
37139,1,Female
37140,1,Female
37141,1,Male
37142,1,Male
37143,1,Female
37144,1,Male
37145,1,Male
37146,1,Female
37147,1,Male
37148,1,Male
37149,1,Male
37150,1,Male
37151,1,Female
37152,1,Male
37153,1,Female
37154,1,Female
37155,1,Male
37156,1,Male
37157,1,Female
37158,1,Male
37159,1,Female
37160,1,Male
37161,1,Male
37162,1,Male
37163,1,Male
37164,1,Female
37165,1,Male
37166,1,Male
37167,1,Female
37168,1,Male
37169,1,Male
37170,1,Female
37171,1,Male
37172,1,Female
37173,1,Male
37174,1,Male
37175,1,Male
37176,1,Male
37177,1,Male
37178,1,Female
37179,1,Male
37180,1,Male
37181,1,Female
37182,1,Female
37183,1,Male
37184,1,Female
37185,1,Male
37186,1,Male
37187,1,Female
37188,1,Male
37189,1,Male
37190,1,Female
37191,1,Male
37192,1,Male
37193,1,Female
37194,1,Male
37195,1,Female
37196,1,Male
37197,1,Male
37198,1,Female
37199,1,Male
37200,1,Male
37201,1,Male
37202,1,Male
37203,1,Male
37204,1,Female
37205,1,Female
37206,1,Male
37207,1,Male
37208,1,Female
37209,1,Female
37210,1,Female
37211,1,Female
37212,1,Male
37213,1,Male
37214,1,Male
37215,1,Female
37216,1,Male
37217,1,Male
37218,1,Male
37219,1,Male
37220,1,Male
37221,1,Male
37222,1,Male
37223,1,Male
37224,1,Male
37225,1,Male
37226,1,Female
37227,1,Male
37228,1,Male
37229,1,Male
37230,1,Male
37231,1,Female
37232,1,Male
37233,1,Female
37234,1,Male
37235,1,Male
37236,1,Female
37237,1,Male
37238,1,Male
37239,1,Male
37240,1,Male
37241,1,Male
37242,1,Male
37243,1,Male
37244,1,Male
37245,1,Female
37246,1,Male
37247,1,Male
37248,1,Male
37249,1,Male
37250,1,Female
37251,1,Male
37252,1,Female
37253,1,Male
37254,1,Male
37255,1,Male
37256,1,Male
37257,1,Female
37258,1,Male
37259,1,Female
37260,1,Female
37261,1,Male
37262,1,Female
37263,1,Male
37264,1,Female
37265,1,Male
37266,1,Male
37267,1,Male
37268,1,Male
37269,1,Male
37270,1,Male
37271,1,Male
37272,1,Male
37273,1,Female
37274,1,Male
37275,1,Male
37276,1,Female
37277,1,Male
37278,1,Female
37279,1,Male
37280,1,Female
37281,1,Female
37282,1,Male
37283,1,Male
37284,1,Female
37285,1,Male
37286,1,Male
37287,1,Male
37288,1,Male
37289,1,Male
37290,1,Female
37291,1,Male
37292,1,Male
37293,1,Male
37294,1,Female
37295,1,Male
37296,1,Male
37297,1,Male
37298,1,Male
37299,1,Female
37300,1,Male
37301,1,Male
37302,1,Male
37303,1,Male
37304,1,Male
37305,1,Female
37306,1,Male
37307,1,Male
37308,1,Male
37309,1,Male
37310,1,Male
37311,1,Female
37312,1,Male
37313,1,Male
37314,1,Male
37315,1,Female
37316,1,Female
37317,1,Male
37318,1,Female
37319,1,Male
37320,1,Male
37321,1,Female
37322,1,Male
37323,1,Female
37324,1,Male
37325,1,Male
37326,1,Male
37327,1,Female
37328,1,Male
37329,1,Female
37330,1,Male
37331,1,Male
37332,1,Female
37333,1,Male
37334,1,Male
37335,1,Male
37336,1,Female
37337,1,Female
37338,1,Male
37339,1,Male
37340,1,Male
37341,1,Female
37342,1,Female
37343,1,Male
37344,1,Male
37345,1,Male
37346,1,Male
37347,1,Male
37348,1,Male
37349,1,Male
37350,1,Male
37351,1,Female
37352,1,Male
37353,1,Male
37354,1,Male
37355,1,Male
37356,1,Male
37357,1,Female
37358,1,Male
37359,1,Male
37360,1,Male
37361,1,Female
37362,1,Male
37363,1,Female
37364,1,Female
37365,1,Male
37366,1,Female
37367,1,Male
37368,1,Female
37369,1,Male
37370,1,Female
37371,1,Female
37372,1,Male
37373,1,Female
37374,1,Female
37375,1,Male
37376,1,Female
37377,1,Male
37378,1,Male
37379,1,Male
37380,1,Male
37381,1,Male
37382,1,Female
37383,1,Male
37384,1,Male
37385,1,Male
37386,1,Female
37387,1,Male
37388,1,Female
37389,1,Male
37390,1,Female
37391,1,Male
37392,1,Female
37393,1,Male
37394,1,Male
37395,1,Male
37396,1,Female
37397,1,Female
37398,1,Female
37399,1,Male
37400,1,Male
37401,1,Female
37402,1,Male
37403,1,Female
37404,1,Male
37405,1,Male
37406,1,Male
37407,1,Male
37408,1,Male
37409,1,Male
37410,1,Male
37411,1,Male
37412,1,Male
37413,1,Female
37414,1,Female
37415,1,Male
37416,1,Male
37417,1,Female
37418,1,Male
37419,1,Male
37420,1,Female
37421,1,Male
37422,1,Male
37423,1,Female
37424,1,Female
37425,1,Male
37426,1,Male
37427,1,Female
37428,1,Male
37429,1,Male
37430,1,Female
37431,1,Male
37432,1,Male
37433,1,Male
37434,1,Male
37435,1,Female
37436,1,Female
37437,1,Male
37438,1,Male
37439,1,Male
37440,1,Male
37441,1,Female
37442,1,Male
37443,1,Female
37444,1,Female
37445,1,Male
37446,1,Male
37447,1,Female
37448,1,Male
37449,1,Male
37450,1,Male
37451,1,Male
37452,1,Male
37453,1,Male
37454,1,Female
37455,1,Female
37456,1,Male
37457,1,Male
37458,1,Male
37459,1,Male
37460,1,Male
37461,1,Male
37462,1,Male
37463,1,Male
37464,1,Female
37465,1,Male
37466,1,Female
37467,1,Male
37468,1,Male
37469,1,Female
37470,1,Male
37471,1,Male
37472,1,Female
37473,1,Male
37474,1,Male
37475,1,Male
37476,1,Female
37477,1,Male
37478,1,Male
37479,1,Male
37480,1,Male
37481,1,Male
37482,1,Male
37483,1,Female
37484,1,Male
37485,1,Male
37486,1,Male
37487,1,Female
37488,1,Male
37489,1,Female
37490,1,Male
37491,1,Female
37492,1,Female
37493,1,Female
37494,1,Male
37495,1,Female
37496,1,Male
37497,1,Male
37498,1,Female
37499,1,Male
37500,1,Male
37501,1,Female
37502,1,Male
37503,1,Male
37504,1,Male
37505,1,Male
37506,1,Male
37507,1,Male
37508,1,Male
37509,1,Female
37510,1,Male
37511,1,Male
37512,1,Male
37513,1,Male
37514,1,Female
37515,1,Male
37516,1,Male
37517,1,Female
37518,1,Male
37519,1,Male
37520,1,Male
37521,1,Male
37522,1,Male
37523,1,Female
37524,1,Male
37525,1,Male
37526,1,Male
37527,1,Male
37528,1,Male
37529,1,Male
37530,1,Male
37531,1,Female
37532,1,Female
37533,1,Male
37534,1,Female
37535,1,Male
37536,1,Male
37537,1,Female
37538,1,Male
37539,1,Male
37540,1,Male
37541,1,Male
37542,1,Male
37543,1,Female
37544,1,Male
37545,1,Male
37546,1,Male
37547,1,Female
37548,1,Male
37549,1,Male
37550,1,Female
37551,1,Female
37552,1,Male
37553,1,Male
37554,1,Male
37555,1,Male
37556,1,Female
37557,1,Female
37558,1,Male
37559,1,Female
37560,1,Male
37561,1,Male
37562,1,Female
37563,1,Male
37564,1,Male
37565,1,Male
37566,1,Female
37567,1,Female
37568,1,Male
37569,1,Female
37570,1,Female
37571,1,Female
37572,1,Male
37573,1,Female
37574,1,Male
37575,1,Male
37576,1,Female
37577,1,Male
37578,1,Male
37579,1,Male
37580,1,Male
37581,1,Male
37582,1,Female
37583,1,Male
37584,1,Female
37585,1,Female
37586,1,Female
37587,1,Female
37588,1,Female
37589,1,Male
37590,1,Male
37591,1,Female
37592,1,Male
37593,1,Male
37594,1,Male
37595,1,Male
37596,1,Male
37597,1,Male
37598,1,Male
37599,1,Female
37600,1,Male
37601,1,Male
37602,1,Male
37603,1,Male
37604,1,Female
37605,1,Male
37606,1,Male
37607,1,Male
37608,1,Male
37609,1,Female
37610,1,Female
37611,1,Male
37612,1,Male
37613,1,Female
37614,1,Female
37615,1,Male
37616,1,Female
37617,1,Male
37618,1,Male
37619,1,Male
37620,1,Male
37621,1,Male
37622,1,Male
37623,1,Male
37624,1,Female
37625,1,Male
37626,1,Male
37627,1,Male
37628,1,Male
37629,1,Male
37630,1,Female
37631,1,Female
37632,1,Male
37633,1,Male
37634,1,Female
37635,1,Female
37636,1,Female
37637,1,Female
37638,1,Female
37639,1,Female
37640,1,Male
37641,1,Male
37642,1,Male
37643,1,Male
37644,1,Female
37645,1,Male
37646,1,Female
37647,1,Male
37648,1,Male
37649,1,Female
37650,1,Male
37651,1,Female
37652,1,Male
37653,1,Female
37654,1,Female
37655,1,Male
37656,1,Male
37657,1,Male
37658,1,Female
37659,1,Male
37660,1,Male
37661,1,Female
37662,1,Male
37663,1,Female
37664,1,Female
37665,1,Female
37666,1,Male
37667,1,Female
37668,1,Male
37669,1,Male
37670,1,Male
37671,1,Male
37672,1,Male
37673,1,Female
37674,1,Female
37675,1,Female
37676,1,Female
37677,1,Male
37678,1,Male
37679,1,Female
37680,1,Female
37681,1,Male
37682,1,Male
37683,1,Male
37684,1,Male
37685,1,Male
37686,1,Female
37687,1,Male
37688,1,Male
37689,1,Male
37690,1,Female
37691,1,Female
37692,1,Male
37693,1,Male
37694,1,Female
37695,1,Male
37696,1,Male
37697,1,Male
37698,1,Male
37699,1,Male
37700,1,Female
37701,1,Male
37702,1,Female
37703,1,Male
37704,1,Female
37705,1,Male
37706,1,Male
37707,1,Male
37708,1,Male
37709,1,Male
37710,1,Male
37711,1,Female
37712,1,Male
37713,1,Male
37714,1,Male
37715,1,Male
37716,1,Male
37717,1,Male
37718,1,Male
37719,1,Male
37720,1,Female
37721,1,Female
37722,1,Female
37723,1,Male
37724,1,Male
37725,1,Female
37726,1,Male
37727,1,Female
37728,1,Male
37729,1,Male
37730,1,Male
37731,1,Female
37732,1,Male
37733,1,Male
37734,1,Male
37735,1,Male
37736,1,Female
37737,1,Male
37738,1,Male
37739,1,Male
37740,1,Male
37741,1,Female
37742,1,Female
37743,1,Female
37744,1,Male
37745,1,Male
37746,1,Male
37747,1,Female
37748,1,Female
37749,1,Male
37750,1,Male
37751,1,Male
37752,1,Male
37753,1,Female
37754,1,Male
37755,1,Female
37756,1,Male
37757,1,Male
37758,1,Female
37759,1,Male
37760,1,Male
37761,1,Male
37762,1,Male
37763,1,Male
37764,1,Male
37765,1,Male
37766,1,Male
37767,1,Male
37768,1,Female
37769,1,Female
37770,1,Male
37771,1,Female
37772,1,Male
37773,1,Female
37774,1,Male
37775,1,Male
37776,1,Male
37777,1,Male
37778,1,Male
37779,1,Male
37780,1,Female
37781,1,Male
37782,1,Male
37783,1,Female
37784,1,Male
37785,1,Male
37786,1,Male
37787,1,Male
37788,1,Male
37789,1,Male
37790,1,Male
37791,1,Male
37792,1,Female
37793,1,Female
37794,1,Male
37795,1,Male
37796,1,Male
37797,1,Female
37798,1,Male
37799,1,Male
37800,1,Male
37801,1,Male
37802,1,Male
37803,1,Female
37804,1,Male
37805,1,Male
37806,1,Female
37807,1,Female
37808,1,Female
37809,1,Male
37810,1,Female
37811,1,Female
37812,1,Male
37813,1,Male
37814,1,Male
37815,1,Female
37816,1,Female
37817,1,Male
37818,1,Male
37819,1,Female
37820,1,Male
37821,1,Male
37822,1,Male
37823,1,Male
37824,1,Male
37825,1,Female
37826,1,Male
37827,1,Male
37828,1,Female
37829,1,Male
37830,1,Female
37831,1,Male
37832,1,Female
37833,1,Female
37834,1,Male
37835,1,Male
37836,1,Male
37837,1,Male
37838,1,Male
37839,1,Male
37840,1,Female
37841,1,Male
37842,1,Male
37843,1,Male
37844,1,Female
37845,1,Male
37846,1,Female
37847,1,Male
37848,1,Male
37849,1,Male
37850,1,Male
37851,1,Male
37852,1,Female
37853,1,Male
37854,1,Male
37855,1,Male
37856,1,Male
37857,1,Male
37858,1,Female
37859,1,Male
37860,1,Female
37861,1,Male
37862,1,Male
37863,1,Male
37864,1,Male
37865,1,Female
37866,1,Male
37867,1,Male
37868,1,Male
37869,1,Female
37870,1,Male
37871,1,Male
37872,1,Male
37873,1,Male
37874,1,Male
37875,1,Male
37876,1,Male
37877,1,Male
37878,1,Male
37879,1,Female
37880,1,Male
37881,1,Male
37882,1,Male
37883,1,Male
37884,1,Male
37885,1,Male
37886,1,Female
37887,1,Male
37888,1,Female
37889,1,Female
37890,1,Male
37891,1,Male
37892,1,Male
37893,1,Male
37894,1,Female
37895,1,Male
37896,1,Male
37897,1,Female
37898,1,Male
37899,1,Male
37900,1,Male
37901,1,Male
37902,1,Male
37903,1,Female
37904,1,Female
37905,1,Male
37906,1,Female
37907,1,Female
37908,1,Male
37909,1,Female
37910,1,Female
37911,1,Male
37912,1,Male
37913,1,Female
37914,1,Male
37915,1,Female
37916,1,Female
37917,1,Female
37918,1,Male
37919,1,Female
37920,1,Male
37921,1,Male
37922,1,Male
37923,1,Male
37924,1,Male
37925,1,Female
37926,1,Male
37927,1,Female
37928,1,Male
37929,1,Male
37930,1,Female
37931,1,Male
37932,1,Male
37933,1,Male
37934,1,Male
37935,1,Male
37936,1,Male
37937,1,Male
37938,1,Female
37939,1,Male
37940,1,Male
37941,1,Female
37942,1,Male
37943,1,Male
37944,1,Male
37945,1,Male
37946,1,Female
37947,1,Male
37948,1,Female
37949,1,Male
37950,1,Male
37951,1,Male
37952,1,Male
37953,1,Male
37954,1,Male
37955,1,Male
37956,1,Male
37957,1,Male
37958,1,Male
37959,1,Male
37960,1,Male
37961,1,Male
37962,1,Male
37963,1,Female
37964,1,Male
37965,1,Female
37966,1,Male
37967,1,Female
37968,1,Male
37969,1,Female
37970,1,Male
37971,1,Male
37972,1,Male
37973,1,Female
37974,1,Male
37975,1,Male
37976,1,Female
37977,1,Female
37978,1,Female
37979,1,Male
37980,1,Male
37981,1,Male
37982,1,Male
37983,1,Female
37984,1,Female
37985,1,Female
37986,1,Male
37987,1,Male
37988,1,Female
37989,1,Male
37990,1,Male
37991,1,Female
37992,1,Female
37993,1,Male
37994,1,Female
37995,1,Female
37996,1,Female
37997,1,Female
37998,1,Male
37999,1,Female
38000,1,Male
38001,1,Male
38002,1,Male
38003,1,Female
38004,1,Male
38005,1,Male
38006,1,Male
38007,1,Female
38008,1,Female
38009,1,Male
38010,1,Male
38011,1,Male
38012,1,Female
38013,1,Male
38014,1,Male
38015,1,Male
38016,1,Male
38017,1,Female
38018,1,Female
38019,1,Male
38020,1,Male
38021,1,Female
38022,1,Male
38023,1,Female
38024,1,Male
38025,1,Male
38026,1,Male
38027,1,Male
38028,1,Male
38029,1,Female
38030,1,Male
38031,1,Male
38032,1,Male
38033,1,Male
38034,1,Male
38035,1,Male
38036,1,Male
38037,1,Male
38038,1,Male
38039,1,Male
38040,1,Male
38041,1,Male
38042,1,Female
38043,1,Male
38044,1,Female
38045,1,Male
38046,1,Male
38047,1,Female
38048,1,Male
38049,1,Male
38050,1,Female
38051,1,Male
38052,1,Female
38053,1,Female
38054,1,Female
38055,1,Male
38056,1,Female
38057,1,Male
38058,1,Female
38059,1,Male
38060,1,Male
38061,1,Male
38062,1,Male
38063,1,Male
38064,1,Male
38065,1,Female
38066,1,Female
38067,1,Female
38068,1,Female
38069,1,Male
38070,1,Male
38071,1,Female
38072,1,Male
38073,1,Male
38074,1,Male
38075,1,Male
38076,1,Male
38077,1,Male
38078,1,Female
38079,1,Male
38080,1,Female
38081,1,Male
38082,1,Male
38083,1,Male
38084,1,Male
38085,1,Male
38086,1,Female
38087,1,Male
38088,1,Male
38089,1,Female
38090,1,Female
38091,1,Male
38092,1,Male
38093,1,Male
38094,1,Male
38095,1,Male
38096,1,Male
38097,1,Male
38098,1,Male
38099,1,Male
38100,1,Male
38101,1,Male
38102,1,Female
38103,1,Male
38104,1,Male
38105,1,Male
38106,1,Male
38107,1,Male
38108,1,Female
38109,1,Female
38110,1,Male
38111,1,Female
38112,1,Female
38113,1,Female
38114,1,Female
38115,1,Female
38116,1,Female
38117,1,Male
38118,1,Male
38119,1,Male
38120,1,Male
38121,1,Male
38122,1,Female
38123,1,Female
38124,1,Male
38125,1,Female
38126,1,Male
38127,1,Male
38128,1,Male
38129,1,Male
38130,1,Female
38131,1,Male
38132,1,Female
38133,1,Male
38134,1,Female
38135,1,Male
38136,1,Female
38137,1,Male
38138,1,Male
38139,1,Female
38140,1,Male
38141,1,Male
38142,1,Female
38143,1,Male
38144,1,Male
38145,1,Male
38146,1,Female
38147,1,Male
38148,1,Male
38149,1,Male
38150,1,Male
38151,1,Female
38152,1,Female
38153,1,Female
38154,1,Male
38155,1,Female
38156,1,Female
38157,1,Male
38158,1,Male
38159,1,Male
38160,1,Male
38161,1,Male
38162,1,Female
38163,1,Male
38164,1,Male
38165,1,Male
38166,1,Male
38167,1,Male
38168,1,Male
38169,1,Male
38170,1,Female
38171,1,Male
38172,1,Male
38173,1,Male
38174,1,Female
38175,1,Female
38176,1,Female
38177,1,Male
38178,1,Female
38179,1,Male
38180,1,Male
38181,1,Male
38182,1,Female
38183,1,Male
38184,1,Female
38185,1,Male
38186,1,Female
38187,1,Male
38188,1,Male
38189,1,Male
38190,1,Female
38191,1,Male
38192,1,Male
38193,1,Male
38194,1,Male
38195,1,Male
38196,1,Female
38197,1,Female
38198,1,Male
38199,1,Male
38200,1,Female
38201,1,Male
38202,1,Male
38203,1,Male
38204,1,Female
38205,1,Male
38206,1,Male
38207,1,Male
38208,1,Female
38209,1,Female
38210,1,Female
38211,1,Male
38212,1,Male
38213,1,Male
38214,1,Male
38215,1,Male
38216,1,Male
38217,1,Male
38218,1,Female
38219,1,Male
38220,1,Male
38221,1,Female
38222,1,Male
38223,1,Male
38224,1,Male
38225,1,Male
38226,1,Male
38227,1,Male
38228,1,Male
38229,1,Male
38230,1,Male
38231,1,Male
38232,1,Female
38233,1,Female
38234,1,Female
38235,1,Male
38236,1,Female
38237,1,Male
38238,1,Female
38239,1,Male
38240,1,Male
38241,1,Male
38242,1,Male
38243,1,Male
38244,1,Male
38245,1,Female
38246,1,Male
38247,1,Female
38248,1,Male
38249,1,Male
38250,1,Female
38251,1,Female
38252,1,Male
38253,1,Male
38254,1,Female
38255,1,Male
38256,1,Male
38257,1,Male
38258,1,Male
38259,1,Male
38260,1,Female
38261,1,Female
38262,1,Male
38263,1,Male
38264,1,Male
38265,1,Female
38266,1,Male
38267,1,Female
38268,1,Female
38269,1,Male
38270,1,Male
38271,1,Male
38272,1,Female
38273,1,Male
38274,1,Male
38275,1,Female
38276,1,Male
38277,1,Male
38278,1,Male
38279,1,Male
38280,1,Female
38281,1,Female
38282,1,Male
38283,1,Male
38284,1,Male
38285,1,Male
38286,1,Male
38287,1,Male
38288,1,Male
38289,1,Male
38290,1,Male
38291,1,Male
38292,1,Male
38293,1,Female
38294,1,Male
38295,1,Male
38296,1,Male
38297,1,Male
38298,1,Male
38299,1,Female
38300,1,Male
38301,1,Male
38302,1,Male
38303,1,Female
38304,1,Female
38305,1,Male
38306,1,Female
38307,1,Female
38308,1,Female
38309,1,Male
38310,1,Male
38311,1,Female
38312,1,Female
38313,1,Male
38314,1,Male
38315,1,Male
38316,1,Male
38317,1,Male
38318,1,Female
38319,1,Male
38320,1,Male
38321,1,Male
38322,1,Female
38323,1,Male
38324,1,Female
38325,1,Female
38326,1,Female
38327,1,Male
38328,1,Female
38329,1,Male
38330,1,Female
38331,1,Male
38332,1,Male
38333,1,Female
38334,1,Female
38335,1,Female
38336,1,Male
38337,1,Male
38338,1,Male
38339,1,Male
38340,1,Male
38341,1,Male
38342,1,Female
38343,1,Male
38344,1,Male
38345,1,Male
38346,1,Male
38347,1,Male
38348,1,Female
38349,1,Male
38350,1,Male
38351,1,Male
38352,1,Male
38353,1,Male
38354,1,Male
38355,1,Male
38356,1,Female
38357,1,Male
38358,1,Male
38359,1,Male
38360,1,Male
38361,1,Male
38362,1,Male
38363,1,Male
38364,1,Male
38365,1,Male
38366,1,Female
38367,1,Female
38368,1,Male
38369,1,Female
38370,1,Female
38371,1,Male
38372,1,Male
38373,1,Female
38374,1,Female
38375,1,Male
38376,1,Female
38377,1,Male
38378,1,Female
38379,1,Male
38380,1,Female
38381,1,Male
38382,1,Male
38383,1,Male
38384,1,Male
38385,1,Male
38386,1,Female
38387,1,Male
38388,1,Male
38389,1,Male
38390,1,Female
38391,1,Male
38392,1,Male
38393,1,Female
38394,1,Male
38395,1,Male
38396,1,Male
38397,1,Female
38398,1,Male
38399,1,Male
38400,1,Female
38401,1,Male
38402,1,Female
38403,1,Female
38404,1,Male
38405,1,Male
38406,1,Male
38407,1,Male
38408,1,Male
38409,1,Male
38410,1,Female
38411,1,Female
38412,1,Male
38413,1,Male
38414,1,Male
38415,1,Male
38416,1,Male
38417,1,Female
38418,1,Male
38419,1,Male
38420,1,Female
38421,1,Male
38422,1,Female
38423,1,Male
38424,1,Male
38425,1,Male
38426,1,Male
38427,1,Male
38428,1,Female
38429,1,Female
38430,1,Male
38431,1,Male
38432,1,Female
38433,1,Male
38434,1,Male
38435,1,Female
38436,1,Male
38437,1,Male
38438,1,Male
38439,1,Female
38440,1,Male
38441,1,Male
38442,1,Female
38443,1,Male
38444,1,Male
38445,1,Male
38446,1,Male
38447,1,Male
38448,1,Male
38449,1,Female
38450,1,Female
38451,1,Female
38452,1,Male
38453,1,Male
38454,1,Male
38455,1,Female
38456,1,Male
38457,1,Male
38458,1,Female
38459,1,Male
38460,1,Male
38461,1,Female
38462,1,Male
38463,1,Male
38464,1,Female
38465,1,Female
38466,1,Male
38467,1,Male
38468,1,Male
38469,1,Female
38470,1,Male
38471,1,Male
38472,1,Male
38473,1,Female
38474,1,Male
38475,1,Male
38476,1,Female
38477,1,Male
38478,1,Female
38479,1,Female
38480,1,Female
38481,1,Male
38482,1,Male
38483,1,Male
38484,1,Male
38485,1,Female
38486,1,Male
38487,1,Male
38488,1,Male
38489,1,Female
38490,1,Male
38491,1,Male
38492,1,Female
38493,1,Female
38494,1,Male
38495,1,Male
38496,1,Female
38497,1,Male
38498,1,Male
38499,1,Female
38500,1,Male
38501,1,Male
38502,1,Female
38503,1,Male
38504,1,Female
38505,1,Male
38506,1,Male
38507,1,Male
38508,1,Male
38509,1,Male
38510,1,Male
38511,1,Female
38512,1,Male
38513,1,Male
38514,1,Female
38515,1,Male
38516,1,Male
38517,1,Female
38518,1,Male
38519,1,Male
38520,1,Male
38521,1,Male
38522,1,Male
38523,1,Male
38524,1,Female
38525,1,Male
38526,1,Female
38527,1,Male
38528,1,Male
38529,1,Male
38530,1,Female
38531,1,Female
38532,1,Male
38533,1,Male
38534,1,Male
38535,1,Male
38536,1,Female
38537,1,Male
38538,1,Male
38539,1,Female
38540,1,Male
38541,1,Female
38542,1,Female
38543,1,Female
38544,1,Female
38545,1,Female
38546,1,Male
38547,1,Male
38548,1,Male
38549,1,Male
38550,1,Female
38551,1,Female
38552,1,Female
38553,1,Male
38554,1,Male
38555,1,Male
38556,1,Female
38557,1,Male
38558,1,Male
38559,1,Male
38560,1,Female
38561,1,Male
38562,1,Female
38563,1,Male
38564,1,Male
38565,1,Male
38566,1,Male
38567,1,Male
38568,1,Male
38569,1,Male
38570,1,Male
38571,1,Male
38572,1,Female
38573,1,Female
38574,1,Male
38575,1,Male
38576,1,Male
38577,1,Female
38578,1,Female
38579,1,Female
38580,1,Female
38581,1,Male
38582,1,Female
38583,1,Female
38584,1,Male
38585,1,Male
38586,1,Male
38587,1,Female
38588,1,Male
38589,1,Female
38590,1,Male
38591,1,Female
38592,1,Male
38593,1,Male
38594,1,Male
38595,1,Male
38596,1,Male
38597,1,Male
38598,1,Female
38599,1,Female
38600,1,Female
38601,1,Male
38602,1,Male
38603,1,Male
38604,1,Male
38605,1,Male
38606,1,Male
38607,1,Male
38608,1,Male
38609,1,Male
38610,1,Male
38611,1,Male
38612,1,Female
38613,1,Male
38614,1,Female
38615,1,Female
38616,1,Female
38617,1,Female
38618,1,Male
38619,1,Male
38620,1,Male
38621,1,Male
38622,1,Male
38623,1,Female
38624,1,Male
38625,1,Male
38626,1,Male
38627,1,Female
38628,1,Male
38629,1,Female
38630,1,Male
38631,1,Male
38632,1,Male
38633,1,Female
38634,1,Male
38635,1,Male
38636,1,Female
38637,1,Female
38638,1,Male
38639,1,Male
38640,1,Female
38641,1,Male
38642,1,Male
38643,1,Male
38644,1,Male
38645,1,Male
38646,1,Male
38647,1,Male
38648,1,Male
38649,1,Male
38650,1,Female
38651,1,Male
38652,1,Female
38653,1,Male
38654,1,Male
38655,1,Male
38656,1,Female
38657,1,Female
38658,1,Male
38659,1,Male
38660,1,Female
38661,1,Female
38662,1,Male
38663,1,Male
38664,1,Female
38665,1,Male
38666,1,Male
38667,1,Male
38668,1,Male
38669,1,Male
38670,1,Female
38671,1,Female
38672,1,Male
38673,1,Female
38674,1,Male
38675,1,Male
38676,1,Male
38677,1,Male
38678,1,Male
38679,1,Male
38680,1,Male
38681,1,Male
38682,1,Female
38683,1,Female
38684,1,Male
38685,1,Male
38686,1,Female
38687,1,Female
38688,1,Female
38689,1,Female
38690,1,Female
38691,1,Male
38692,1,Female
38693,1,Male
38694,1,Female
38695,1,Male
38696,1,Female
38697,1,Male
38698,1,Male
38699,1,Male
38700,1,Female
38701,1,Male
38702,1,Male
38703,1,Male
38704,1,Male
38705,1,Female
38706,1,Male
38707,1,Male
38708,1,Male
38709,1,Male
38710,1,Male
38711,1,Male
38712,1,Male
38713,1,Male
38714,1,Female
38715,1,Male
38716,1,Male
38717,1,Male
38718,1,Female
38719,1,Male
38720,1,Male
38721,1,Male
38722,1,Male
38723,1,Male
38724,1,Male
38725,1,Female
38726,1,Male
38727,1,Male
38728,1,Male
38729,1,Female
38730,1,Female
38731,1,Male
38732,1,Male
38733,1,Female
38734,1,Male
38735,1,Female
38736,1,Female
38737,1,Male
38738,1,Female
38739,1,Male
38740,1,Male
38741,1,Female
38742,1,Female
38743,1,Female
38744,1,Female
38745,1,Male
38746,1,Male
38747,1,Female
38748,1,Male
38749,1,Male
38750,1,Male
38751,1,Male
38752,1,Male
38753,1,Female
38754,1,Female
38755,1,Female
38756,1,Male
38757,1,Male
38758,1,Male
38759,1,Female
38760,1,Female
38761,1,Male
38762,1,Male
38763,1,Male
38764,1,Male
38765,1,Male
38766,1,Female
38767,1,Female
38768,1,Female
38769,1,Female
38770,1,Male
38771,1,Male
38772,1,Female
38773,1,Female
38774,1,Male
38775,1,Male
38776,1,Male
38777,1,Male
38778,1,Male
38779,1,Male
38780,1,Female
38781,1,Male
38782,1,Male
38783,1,Male
38784,1,Female
38785,1,Male
38786,1,Male
38787,1,Male
38788,1,Female
38789,1,Male
38790,1,Male
38791,1,Female
38792,1,Male
38793,1,Female
38794,1,Female
38795,1,Male
38796,1,Female
38797,1,Male
38798,1,Male
38799,1,Male
38800,1,Male
38801,1,Female
38802,1,Male
38803,1,Male
38804,1,Male
38805,1,Male
38806,1,Male
38807,1,Male
38808,1,Male
38809,1,Female
38810,1,Female
38811,1,Male
38812,1,Male
38813,1,Male
38814,1,Female
38815,1,Male
38816,1,Male
38817,1,Male
38818,1,Female
38819,1,Female
38820,1,Female
38821,1,Male
38822,1,Female
38823,1,Male
38824,1,Male
38825,1,Female
38826,1,Male
38827,1,Male
38828,1,Female
38829,1,Female
38830,1,Female
38831,1,Male
38832,1,Male
38833,1,Female
38834,1,Male
38835,1,Female
38836,1,Male
38837,1,Male
38838,1,Male
38839,1,Female
38840,1,Male
38841,1,Male
38842,1,Male
38843,1,Male
38844,1,Female
38845,1,Male
38846,1,Male
38847,1,Female
38848,1,Male
38849,1,Male
38850,1,Male
38851,1,Male
38852,1,Male
38853,1,Male
38854,1,Male
38855,1,Male
38856,1,Female
38857,1,Female
38858,1,Male
38859,1,Female
38860,1,Male
38861,1,Female
38862,1,Male
38863,1,Male
38864,1,Female
38865,1,Male
38866,1,Female
38867,1,Male
38868,1,Female
38869,1,Male
38870,1,Male
38871,1,Male
38872,1,Male
38873,1,Female
38874,1,Male
38875,1,Male
38876,1,Female
38877,1,Male
38878,1,Female
38879,1,Male
38880,1,Male
38881,1,Male
38882,1,Male
38883,1,Male
38884,1,Male
38885,1,Male
38886,1,Male
38887,1,Male
38888,1,Male
38889,1,Male
38890,1,Male
38891,1,Female
38892,1,Male
38893,1,Male
38894,1,Female
38895,1,Male
38896,1,Male
38897,1,Male
38898,1,Female
38899,1,Female
38900,1,Female
38901,1,Male
38902,1,Male
38903,1,Male
38904,1,Male
38905,1,Female
38906,1,Male
38907,1,Male
38908,1,Male
38909,1,Male
38910,1,Male
38911,1,Male
38912,1,Male
38913,1,Female
38914,1,Male
38915,1,Male
38916,1,Female
38917,1,Female
38918,1,Female
38919,1,Male
38920,1,Female
38921,1,Female
38922,1,Female
38923,1,Female
38924,1,Male
38925,1,Male
38926,1,Male
38927,1,Male
38928,1,Male
38929,1,Male
38930,1,Male
38931,1,Male
38932,1,Male
38933,1,Male
38934,1,Female
38935,1,Male
38936,1,Female
38937,1,Male
38938,1,Male
38939,1,Male
38940,1,Male
38941,1,Female
38942,1,Female
38943,1,Male
38944,1,Female
38945,1,Female
38946,1,Male
38947,1,Male
38948,1,Male
38949,1,Female
38950,1,Male
38951,1,Male
38952,1,Male
38953,1,Male
38954,1,Female
38955,1,Female
38956,1,Male
38957,1,Female
38958,1,Male
38959,1,Male
38960,1,Male
38961,1,Male
38962,1,Female
38963,1,Male
38964,1,Female
38965,1,Female
38966,1,Male
38967,1,Female
38968,1,Male
38969,1,Male
38970,1,Female
38971,1,Male
38972,1,Male
38973,1,Male
38974,1,Female
38975,1,Female
38976,1,Male
38977,1,Male
38978,1,Male
38979,1,Male
38980,1,Male
38981,1,Female
38982,1,Male
38983,1,Male
38984,1,Male
38985,1,Female
38986,1,Male
38987,1,Male
38988,1,Male
38989,1,Female
38990,1,Male
38991,1,Female
38992,1,Male
38993,1,Male
38994,1,Male
38995,1,Female
38996,1,Female
38997,1,Male
38998,1,Male
38999,1,Male
39000,1,Male
39001,1,Female
39002,1,Female
39003,1,Male
39004,1,Male
39005,1,Male
39006,1,Male
39007,1,Female
39008,1,Male
39009,1,Male
39010,1,Female
39011,1,Female
39012,1,Male
39013,1,Male
39014,1,Male
39015,1,Male
39016,1,Male
39017,1,Female
39018,1,Male
39019,1,Female
39020,1,Female
39021,1,Male
39022,1,Male
39023,1,Male
39024,1,Male
39025,1,Male
39026,1,Female
39027,1,Female
39028,1,Female
39029,1,Male
39030,1,Male
39031,1,Male
39032,1,Male
39033,1,Female
39034,1,Male
39035,1,Female
39036,1,Male
39037,1,Female
39038,1,Male
39039,1,Male
39040,1,Male
39041,1,Male
39042,1,Male
39043,1,Female
39044,1,Female
39045,1,Male
39046,1,Male
39047,1,Female
39048,1,Female
39049,1,Male
39050,1,Female
39051,1,Male
39052,1,Female
39053,1,Male
39054,1,Male
39055,1,Male
39056,1,Male
39057,1,Male
39058,1,Male
39059,1,Male
39060,1,Female
39061,1,Male
39062,1,Male
39063,1,Male
39064,1,Female
39065,1,Female
39066,1,Male
39067,1,Male
39068,1,Male
39069,1,Male
39070,1,Female
39071,1,Male
39072,1,Male
39073,1,Male
39074,1,Male
39075,1,Male
39076,1,Female
39077,1,Male
39078,1,Male
39079,1,Male
39080,1,Male
39081,1,Male
39082,1,Male
39083,1,Male
39084,1,Male
39085,1,Female
39086,1,Male
39087,1,Male
39088,1,Male
39089,1,Female
39090,1,Female
39091,1,Male
39092,1,Female
39093,1,Male
39094,1,Female
39095,1,Male
39096,1,Female
39097,1,Male
39098,1,Female
39099,1,Male
39100,1,Male
39101,1,Male
39102,1,Male
39103,1,Female
39104,1,Male
39105,1,Female
39106,1,Male
39107,1,Female
39108,1,Male
39109,1,Male
39110,1,Female
39111,1,Male
39112,1,Male
39113,1,Female
39114,1,Male
39115,1,Male
39116,1,Female
39117,1,Male
39118,1,Female
39119,1,Female
39120,1,Male
39121,1,Female
39122,1,Male
39123,1,Male
39124,1,Male
39125,1,Male
39126,1,Male
39127,1,Male
39128,1,Male
39129,1,Female
39130,1,Male
39131,1,Male
39132,1,Male
39133,1,Male
39134,1,Female
39135,1,Female
39136,1,Female
39137,1,Male
39138,1,Male
39139,1,Male
39140,1,Female
39141,1,Male
39142,1,Male
39143,1,Male
39144,1,Male
39145,1,Male
39146,1,Male
39147,1,Male
39148,1,Female
39149,1,Female
39150,1,Female
39151,1,Female
39152,1,Male
39153,1,Male
39154,1,Female
39155,1,Female
39156,1,Male
39157,1,Male
39158,1,Male
39159,1,Female
39160,1,Female
39161,1,Female
39162,1,Female
39163,1,Female
39164,1,Male
39165,1,Female
39166,1,Male
39167,1,Male
39168,1,Female
39169,1,Male
39170,1,Male
39171,1,Male
39172,1,Male
39173,1,Male
39174,1,Male
39175,1,Female
39176,1,Male
39177,1,Female
39178,1,Male
39179,1,Female
39180,1,Male
39181,1,Male
39182,1,Male
39183,1,Male
39184,1,Male
39185,1,Male
39186,1,Female
39187,1,Female
39188,1,Male
39189,1,Male
39190,1,Female
39191,1,Male
39192,1,Male
39193,1,Male
39194,1,Female
39195,1,Male
39196,1,Male
39197,1,Male
39198,1,Male
39199,1,Male
39200,1,Male
39201,1,Male
39202,1,Male
39203,1,Male
39204,1,Male
39205,1,Female
39206,1,Female
39207,1,Male
39208,1,Male
39209,1,Female
39210,1,Male
39211,1,Female
39212,1,Female
39213,1,Male
39214,1,Male
39215,1,Male
39216,1,Female
39217,1,Female
39218,1,Female
39219,1,Male
39220,1,Female
39221,1,Male
39222,1,Male
39223,1,Male
39224,1,Female
39225,1,Male
39226,1,Female
39227,1,Male
39228,1,Female
39229,1,Female
39230,1,Male
39231,1,Male
39232,1,Male
39233,1,Male
39234,1,Male
39235,1,Female
39236,1,Female
39237,1,Female
39238,1,Male
39239,1,Male
39240,1,Male
39241,1,Male
39242,1,Male
39243,1,Male
39244,1,Male
39245,1,Male
39246,1,Female
39247,1,Male
39248,1,Female
39249,1,Female
39250,1,Male
39251,1,Male
39252,1,Male
39253,1,Female
39254,1,Male
39255,1,Male
39256,1,Male
39257,1,Male
39258,1,Male
39259,1,Male
39260,1,Female
39261,1,Female
39262,1,Female
39263,1,Male
39264,1,Female
39265,1,Male
39266,1,Male
39267,1,Female
39268,1,Male
39269,1,Male
39270,1,Female
39271,1,Male
39272,1,Female
39273,1,Male
39274,1,Male
39275,1,Male
39276,1,Male
39277,1,Male
39278,1,Male
39279,1,Male
39280,1,Female
39281,1,Female
39282,1,Female
39283,1,Female
39284,1,Male
39285,1,Female
39286,1,Female
39287,1,Male
39288,1,Female
39289,1,Male
39290,1,Male
39291,1,Male
39292,1,Male
39293,1,Male
39294,1,Male
39295,1,Male
39296,1,Male
39297,1,Male
39298,1,Male
39299,1,Male
39300,1,Male
39301,1,Male
39302,1,Male
39303,1,Female
39304,1,Male
39305,1,Male
39306,1,Male
39307,1,Male
39308,1,Male
39309,1,Male
39310,1,Male
39311,1,Female
39312,1,Male
39313,1,Male
39314,1,Male
39315,1,Female
39316,1,Male
39317,1,Female
39318,1,Male
39319,1,Male
39320,1,Male
39321,1,Male
39322,1,Male
39323,1,Male
39324,1,Female
39325,1,Male
39326,1,Female
39327,1,Male
39328,1,Female
39329,1,Male
39330,1,Male
39331,1,Male
39332,1,Male
39333,1,Female
39334,1,Female
39335,1,Male
39336,1,Male
39337,1,Male
39338,1,Female
39339,1,Male
39340,1,Male
39341,1,Male
39342,1,Male
39343,1,Female
39344,1,Female
39345,1,Male
39346,1,Male
39347,1,Male
39348,1,Female
39349,1,Male
39350,1,Male
39351,1,Male
39352,1,Male
39353,1,Female
39354,1,Male
39355,1,Male
39356,1,Female
39357,1,Male
39358,1,Male
39359,1,Female
39360,1,Male
39361,1,Male
39362,1,Female
39363,1,Female
39364,1,Male
39365,1,Male
39366,1,Male
39367,1,Male
39368,1,Male
39369,1,Female
39370,1,Male
39371,1,Male
39372,1,Male
39373,1,Male
39374,1,Female
39375,1,Male
39376,1,Male
39377,1,Female
39378,1,Male
39379,1,Male
39380,1,Male
39381,1,Female
39382,1,Male
39383,1,Male
39384,1,Female
39385,1,Male
39386,1,Male
39387,1,Male
39388,1,Male
39389,1,Male
39390,1,Male
39391,1,Male
39392,1,Male
39393,1,Female
39394,1,Male
39395,1,Male
39396,1,Female
39397,1,Male
39398,1,Male
39399,1,Female
39400,1,Female
39401,1,Male
39402,1,Female
39403,1,Male
39404,1,Female
39405,1,Male
39406,1,Male
39407,1,Male
39408,1,Male
39409,1,Male
39410,1,Male
39411,1,Male
39412,1,Female
39413,1,Male
39414,1,Female
39415,1,Female
39416,1,Male
39417,1,Female
39418,1,Male
39419,1,Male
39420,1,Female
39421,1,Male
39422,1,Male
39423,1,Male
39424,1,Male
39425,1,Male
39426,1,Male
39427,1,Female
39428,1,Male
39429,1,Male
39430,1,Male
39431,1,Male
39432,1,Male
39433,1,Male
39434,1,Male
39435,1,Male
39436,1,Male
39437,1,Female
39438,1,Male
39439,1,Male
39440,1,Female
39441,1,Male
39442,1,Male
39443,1,Female
39444,1,Female
39445,1,Female
39446,1,Male
39447,1,Female
39448,1,Male
39449,1,Female
39450,1,Female
39451,1,Male
39452,1,Female
39453,1,Male
39454,1,Female
39455,1,Male
39456,1,Male
39457,1,Female
39458,1,Male
39459,1,Male
39460,1,Male
39461,1,Female
39462,1,Male
39463,1,Male
39464,1,Male
39465,1,Male
39466,1,Male
39467,1,Male
39468,1,Male
39469,1,Male
39470,1,Male
39471,1,Male
39472,1,Female
39473,1,Male
39474,1,Female
39475,1,Male
39476,1,Male
39477,1,Male
39478,1,Female
39479,1,Male
39480,1,Male
39481,1,Male
39482,1,Male
39483,1,Male
39484,1,Female
39485,1,Male
39486,1,Female
39487,1,Female
39488,1,Male
39489,1,Male
39490,1,Female
39491,1,Male
39492,1,Male
39493,1,Male
39494,1,Male
39495,1,Male
39496,1,Male
39497,1,Male
39498,1,Female
39499,1,Female
39500,1,Male
39501,1,Male
39502,1,Male
39503,1,Female
39504,1,Female
39505,1,Male
39506,1,Male
39507,1,Male
39508,1,Male
39509,1,Male
39510,1,Male
39511,1,Female
39512,1,Male
39513,1,Male
39514,1,Male
39515,1,Male
39516,1,Male
39517,1,Male
39518,1,Female
39519,1,Male
39520,1,Male
39521,1,Male
39522,1,Male
39523,1,Female
39524,1,Male
39525,1,Female
39526,1,Male
39527,1,Male
39528,1,Female
39529,1,Female
39530,1,Female
39531,1,Male
39532,1,Male
39533,1,Male
39534,1,Female
39535,1,Male
39536,1,Female
39537,1,Male
39538,1,Female
39539,1,Female
39540,1,Male
39541,1,Male
39542,1,Male
39543,1,Male
39544,1,Male
39545,1,Female
39546,1,Female
39547,1,Male
39548,1,Male
39549,1,Male
39550,1,Female
39551,1,Male
39552,1,Female
39553,1,Male
39554,1,Female
39555,1,Male
39556,1,Male
39557,1,Female
39558,1,Male
39559,1,Male
39560,1,Female
39561,1,Male
39562,1,Male
39563,1,Female
39564,1,Male
39565,1,Female
39566,1,Male
39567,1,Female
39568,1,Female
39569,1,Female
39570,1,Male
39571,1,Female
39572,1,Male
39573,1,Female
39574,1,Male
39575,1,Female
39576,1,Male
39577,1,Female
39578,1,Female
39579,1,Male
39580,1,Male
39581,1,Male
39582,1,Male
39583,1,Male
39584,1,Male
39585,1,Male
39586,1,Male
39587,1,Male
39588,1,Male
39589,1,Male
39590,1,Male
39591,1,Male
39592,1,Male
39593,1,Female
39594,1,Male
39595,1,Male
39596,1,Male
39597,1,Male
39598,1,Female
39599,1,Male
39600,1,Male
39601,1,Female
39602,1,Male
39603,1,Male
39604,1,Male
39605,1,Female
39606,1,Male
39607,1,Female
39608,1,Male
39609,1,Male
39610,1,Male
39611,1,Female
39612,1,Male
39613,1,Male
39614,1,Male
39615,1,Male
39616,1,Male
39617,1,Male
39618,1,Male
39619,1,Male
39620,1,Female
39621,1,Male
39622,1,Female
39623,1,Male
39624,1,Male
39625,1,Male
39626,1,Female
39627,1,Female
39628,1,Male
39629,1,Male
39630,1,Female
39631,1,Female
39632,1,Male
39633,1,Female
39634,1,Male
39635,1,Female
39636,1,Male
39637,1,Female
39638,1,Male
39639,1,Female
39640,1,Male
39641,1,Male
39642,1,Male
39643,1,Male
39644,1,Female
39645,1,Male
39646,1,Male
39647,1,Male
39648,1,Female
39649,1,Male
39650,1,Male
39651,1,Male
39652,1,Male
39653,1,Female
39654,1,Female
39655,1,Female
39656,1,Male
39657,1,Male
39658,1,Female
39659,1,Male
39660,1,Female
39661,1,Female
39662,1,Male
39663,1,Male
39664,1,Female
39665,1,Female
39666,1,Male
39667,1,Male
39668,1,Male
39669,1,Male
39670,1,Female
39671,1,Male
39672,1,Male
39673,1,Male
39674,1,Male
39675,1,Female
39676,1,Female
39677,1,Male
39678,1,Female
39679,1,Male
39680,1,Female
39681,1,Male
39682,1,Male
39683,1,Male
39684,1,Male
39685,1,Male
39686,1,Male
39687,1,Male
39688,1,Female
39689,1,Female
39690,1,Female
39691,1,Female
39692,1,Male
39693,1,Female
39694,1,Female
39695,1,Male
39696,1,Male
39697,1,Male
39698,1,Female
39699,1,Male
39700,1,Male
39701,1,Male
39702,1,Male
39703,1,Male
39704,1,Male
39705,1,Male
39706,1,Female
39707,1,Male
39708,1,Male
39709,1,Male
39710,1,Male
39711,1,Male
39712,1,Male
39713,1,Male
39714,1,Female
39715,1,Female
39716,1,Female
39717,1,Male
39718,1,Female
39719,1,Male
39720,1,Male
39721,1,Male
39722,1,Female
39723,1,Male
39724,1,Male
39725,1,Male
39726,1,Male
39727,1,Female
39728,1,Male
39729,1,Male
39730,1,Male
39731,1,Male
39732,1,Male
39733,1,Male
39734,1,Male
39735,1,Male
39736,1,Male
39737,1,Male
39738,1,Female
39739,1,Male
39740,1,Female
39741,1,Male
39742,1,Male
39743,1,Female
39744,1,Male
39745,1,Male
39746,1,Male
39747,1,Female
39748,1,Female
39749,1,Male
39750,1,Male
39751,1,Male
39752,1,Female
39753,1,Male
39754,1,Male
39755,1,Female
39756,1,Female
39757,1,Female
39758,1,Female
39759,1,Male
39760,1,Male
39761,1,Male
39762,1,Male
39763,1,Male
39764,1,Male
39765,1,Female
39766,1,Male
39767,1,Female
39768,1,Male
39769,1,Male
39770,1,Male
39771,1,Male
39772,1,Male
39773,1,Male
39774,1,Male
39775,1,Male
39776,1,Male
39777,1,Male
39778,1,Female
39779,1,Female
39780,1,Female
39781,1,Male
39782,1,Male
39783,1,Female
39784,1,Male
39785,1,Male
39786,1,Female
39787,1,Female
39788,1,Male
39789,1,Female
39790,1,Male
39791,1,Female
39792,1,Female
39793,1,Male
39794,1,Male
39795,1,Male
39796,1,Male
39797,1,Female
39798,1,Male
39799,1,Male
39800,1,Female
39801,1,Female
39802,1,Male
39803,1,Male
39804,1,Female
39805,1,Female
39806,1,Male
39807,1,Male
39808,1,Male
39809,1,Male
39810,1,Female
39811,1,Male
39812,1,Male
39813,1,Male
39814,1,Male
39815,1,Male
39816,1,Male
39817,1,Male
39818,1,Male
39819,1,Male
39820,1,Male
39821,1,Male
39822,1,Female
39823,1,Female
39824,1,Female
39825,1,Male
39826,1,Male
39827,1,Male
39828,1,Male
39829,1,Male
39830,1,Male
39831,1,Male
39832,1,Female
39833,1,Male
39834,1,Male
39835,1,Male
39836,1,Male
39837,1,Male
39838,1,Male
39839,1,Male
39840,1,Male
39841,1,Male
39842,1,Male
39843,1,Female
39844,1,Male
39845,1,Male
39846,1,Male
39847,1,Female
39848,1,Male
39849,1,Male
39850,1,Male
39851,1,Female
39852,1,Male
39853,1,Male
39854,1,Male
39855,1,Male
39856,1,Female
39857,1,Female
39858,1,Male
39859,1,Female
39860,1,Male
39861,1,Female
39862,1,Male
39863,1,Male
39864,1,Male
39865,1,Male
39866,1,Female
39867,1,Male
39868,1,Male
39869,1,Male
39870,1,Female
39871,1,Male
39872,1,Female
39873,1,Male
39874,1,Male
39875,1,Female
39876,1,Female
39877,1,Male
39878,1,Male
39879,1,Male
39880,1,Male
39881,1,Male
39882,1,Male
39883,1,Male
39884,1,Female
39885,1,Female
39886,1,Male
39887,1,Male
39888,1,Male
39889,1,Male
39890,1,Male
39891,1,Male
39892,1,Female
39893,1,Male
39894,1,Male
39895,1,Male
39896,1,Male
39897,1,Male
39898,1,Male
39899,1,Male
39900,1,Male
39901,1,Female
39902,1,Male
39903,1,Female
39904,1,Female
39905,1,Male
39906,1,Male
39907,1,Male
39908,1,Male
39909,1,Male
39910,1,Female
39911,1,Male
39912,1,Male
39913,1,Male
39914,1,Male
39915,1,Female
39916,1,Male
39917,1,Male
39918,1,Male
39919,1,Female
39920,1,Male
39921,1,Male
39922,1,Male
39923,1,Male
39924,1,Female
39925,1,Female
39926,1,Male
39927,1,Male
39928,1,Male
39929,1,Female
39930,1,Male
39931,1,Male
39932,1,Male
39933,1,Male
39934,1,Female
39935,1,Female
39936,1,Male
39937,1,Female
39938,1,Male
39939,1,Female
39940,1,Male
39941,1,Female
39942,1,Male
39943,1,Male
39944,1,Female
39945,1,Female
39946,1,Male
39947,1,Female
39948,1,Male
39949,1,Female
39950,1,Male
39951,1,Male
39952,1,Male
39953,1,Male
39954,1,Female
39955,1,Male
39956,1,Female
39957,1,Female
39958,1,Male
39959,1,Female
39960,1,Male
39961,1,Male
39962,1,Male
39963,1,Male
39964,1,Female
39965,1,Male
39966,1,Female
39967,1,Female
39968,1,Female
39969,1,Female
39970,1,Female
39971,1,Male
39972,1,Male
39973,1,Female
39974,1,Male
39975,1,Female
39976,1,Male
39977,1,Female
39978,1,Female
39979,1,Male
39980,1,Male
39981,1,Female
39982,1,Female
39983,1,Male
39984,1,Male
39985,1,Female
39986,1,Male
39987,1,Male
39988,1,Male
39989,1,Male
39990,1,Female
39991,1,Female
39992,1,Male
39993,1,Male
39994,1,Female
39995,1,Male
39996,1,Male
39997,1,Female
39998,1,Female
39999,1,Male
40000,1,Male
40001,1,Female
40002,1,Female
40003,1,Male
40004,1,Male
40005,1,Female
40006,1,Female
40007,1,Female
40008,1,Female
40009,1,Male
40010,1,Female
40011,1,Female
40012,1,Female
40013,1,Female
40014,1,Male
40015,1,Male
40016,1,Male
40017,1,Male
40018,1,Male
40019,1,Female
40020,1,Female
40021,1,Male
40022,1,Male
40023,1,Male
40024,1,Female
40025,1,Male
40026,1,Male
40027,1,Male
40028,1,Male
40029,1,Male
40030,1,Male
40031,1,Male
40032,1,Male
40033,1,Male
40034,1,Female
40035,1,Female
40036,1,Male
40037,1,Female
40038,1,Male
40039,1,Male
40040,1,Male
40041,1,Male
40042,1,Female
40043,1,Male
40044,1,Male
40045,1,Male
40046,1,Male
40047,1,Male
40048,1,Male
40049,1,Male
40050,1,Male
40051,1,Male
40052,1,Male
40053,1,Female
40054,1,Female
40055,1,Female
40056,1,Female
40057,1,Male
40058,1,Male
40059,1,Male
40060,1,Male
40061,1,Female
40062,1,Male
40063,1,Male
40064,1,Female
40065,1,Male
40066,1,Male
40067,1,Male
40068,1,Male
40069,1,Female
40070,1,Male
40071,1,Male
40072,1,Male
40073,1,Male
40074,1,Female
40075,1,Female
40076,1,Male
40077,1,Female
40078,1,Female
40079,1,Male
40080,1,Male
40081,1,Female
40082,1,Female
40083,1,Female
40084,1,Male
40085,1,Male
40086,1,Female
40087,1,Female
40088,1,Male
40089,1,Male
40090,1,Female
40091,1,Female
40092,1,Female
40093,1,Male
40094,1,Male
40095,1,Male
40096,1,Female
40097,1,Male
40098,1,Male
40099,1,Male
40100,1,Male
40101,1,Male
40102,1,Female
40103,1,Female
40104,1,Female
40105,1,Male
40106,1,Female
40107,1,Male
40108,1,Male
40109,1,Female
40110,1,Female
40111,1,Male
40112,1,Male
40113,1,Female
40114,1,Male
40115,1,Male
40116,1,Male
40117,1,Male
40118,1,Male
40119,1,Male
40120,1,Female
40121,1,Male
40122,1,Male
40123,1,Female
40124,1,Male
40125,1,Male
40126,1,Female
40127,1,Female
40128,1,Male
40129,1,Female
40130,1,Male
40131,1,Female
40132,1,Female
40133,1,Female
40134,1,Female
40135,1,Female
40136,1,Male
40137,1,Female
40138,1,Male
40139,1,Female
40140,1,Male
40141,1,Male
40142,1,Female
40143,1,Male
40144,1,Male
40145,1,Female
40146,1,Male
40147,1,Male
40148,1,Male
40149,1,Male
40150,1,Male
40151,1,Male
40152,1,Male
40153,1,Female
40154,1,Female
40155,1,Female
40156,1,Male
40157,1,Male
40158,1,Male
40159,1,Female
40160,1,Male
40161,1,Male
40162,1,Female
40163,1,Male
40164,1,Male
40165,1,Female
40166,1,Female
40167,1,Female
40168,1,Male
40169,1,Male
40170,1,Female
40171,1,Male
40172,1,Male
40173,1,Male
40174,1,Female
40175,1,Female
40176,1,Male
40177,1,Male
40178,1,Female
40179,1,Male
40180,1,Female
40181,1,Male
40182,1,Female
40183,1,Male
40184,1,Female
40185,1,Male
40186,1,Male
40187,1,Male
40188,1,Male
40189,1,Male
40190,1,Male
40191,1,Male
40192,1,Male
40193,1,Male
40194,1,Female
40195,1,Male
40196,1,Male
40197,1,Male
40198,1,Male
40199,1,Male
40200,1,Male
40201,1,Male
40202,1,Male
40203,1,Male
40204,1,Female
40205,1,Male
40206,1,Female
40207,1,Male
40208,1,Male
40209,1,Male
40210,1,Male
40211,1,Male
40212,1,Male
40213,1,Male
40214,1,Female
40215,1,Male
40216,1,Male
40217,1,Male
40218,1,Male
40219,1,Male
40220,1,Male
40221,1,Male
40222,1,Male
40223,1,Male
40224,1,Male
40225,1,Female
40226,1,Female
40227,1,Female
40228,1,Female
40229,1,Female
40230,1,Female
40231,1,Female
40232,1,Male
40233,1,Male
40234,1,Male
40235,1,Male
40236,1,Male
40237,1,Male
40238,1,Male
40239,1,Male
40240,1,Male
40241,1,Male
40242,1,Male
40243,1,Male
40244,1,Male
40245,1,Male
40246,1,Male
40247,1,Female
40248,1,Female
40249,1,Male
40250,1,Female
40251,1,Male
40252,1,Male
40253,1,Male
40254,1,Male
40255,1,Male
40256,1,Male
40257,1,Male
40258,1,Female
40259,1,Male
40260,1,Male
40261,1,Female
40262,1,Female
40263,1,Male
40264,1,Male
40265,1,Male
40266,1,Male
40267,1,Male
40268,1,Female
40269,1,Female
40270,1,Male
40271,1,Male
40272,1,Male
40273,1,Male
40274,1,Female
40275,1,Male
40276,1,Male
40277,1,Male
40278,1,Female
40279,1,Female
40280,1,Male
40281,1,Male
40282,1,Male
40283,1,Male
40284,1,Male
40285,1,Male
40286,1,Male
40287,1,Male
40288,1,Male
40289,1,Male
40290,1,Male
40291,1,Female
40292,1,Male
40293,1,Male
40294,1,Male
40295,1,Male
40296,1,Male
40297,1,Male
40298,1,Male
40299,1,Male
40300,1,Male
40301,1,Male
40302,1,Male
40303,1,Male
40304,1,Female
40305,1,Male
40306,1,Female
40307,1,Female
40308,1,Male
40309,1,Male
40310,1,Male
40311,1,Male
40312,1,Female
40313,1,Female
40314,1,Female
40315,1,Male
40316,1,Male
40317,1,Female
40318,1,Male
40319,1,Male
40320,1,Male
40321,1,Male
40322,1,Female
40323,1,Female
40324,1,Female
40325,1,Female
40326,1,Female
40327,1,Male
40328,1,Female
40329,1,Male
40330,1,Male
40331,1,Female
40332,1,Male
40333,1,Male
40334,1,Male
40335,1,Male
40336,1,Male
40337,1,Male
40338,1,Female
40339,1,Male
40340,1,Male
40341,1,Male
40342,1,Male
40343,1,Male
40344,1,Male
40345,1,Female
40346,1,Male
40347,1,Female
40348,1,Male
40349,1,Female
40350,1,Female
40351,1,Female
40352,1,Female
40353,1,Male
40354,1,Female
40355,1,Male
40356,1,Male
40357,1,Female
40358,1,Female
40359,1,Male
40360,1,Male
40361,1,Female
40362,1,Male
40363,1,Male
40364,1,Female
40365,1,Female
40366,1,Female
40367,1,Male
40368,1,Female
40369,1,Male
40370,1,Male
40371,1,Male
40372,1,Female
40373,1,Male
40374,1,Female
40375,1,Female
40376,1,Female
40377,1,Male
40378,1,Female
40379,1,Male
40380,1,Male
40381,1,Male
40382,1,Male
40383,1,Male
40384,1,Female
40385,1,Female
40386,1,Female
40387,1,Female
40388,1,Male
40389,1,Male
40390,1,Male
40391,1,Male
40392,1,Male
40393,1,Male
40394,1,Male
40395,1,Male
40396,1,Male
40397,1,Female
40398,1,Male
40399,1,Male
40400,1,Male
40401,1,Male
40402,1,Male
40403,1,Male
40404,1,Male
40405,1,Male
40406,1,Male
40407,1,Male
40408,1,Male
40409,1,Male
40410,1,Male
40411,1,Female
40412,1,Male
40413,1,Male
40414,1,Male
40415,1,Female
40416,1,Male
40417,1,Male
40418,1,Male
40419,1,Male
40420,1,Female
40421,1,Male
40422,1,Female
40423,1,Female
40424,1,Female
40425,1,Male
40426,1,Male
40427,1,Male
40428,1,Male
40429,1,Female
40430,1,Male
40431,1,Male
40432,1,Female
40433,1,Male
40434,1,Male
40435,1,Male
40436,1,Female
40437,1,Male
40438,1,Male
40439,1,Female
40440,1,Male
40441,1,Male
40442,1,Male
40443,1,Male
40444,1,Female
40445,1,Male
40446,1,Female
40447,1,Male
40448,1,Male
40449,1,Female
40450,1,Male
40451,1,Male
40452,1,Male
40453,1,Male
40454,1,Male
40455,1,Male
40456,1,Male
40457,1,Female
40458,1,Male
40459,1,Male
40460,1,Male
40461,1,Male
40462,1,Male
40463,1,Female
40464,1,Male
40465,1,Female
40466,1,Female
40467,1,Male
40468,1,Female
40469,1,Female
40470,1,Female
40471,1,Male
40472,1,Male
40473,1,Male
40474,1,Female
40475,1,Male
40476,1,Female
40477,1,Female
40478,1,Male
40479,1,Male
40480,1,Male
40481,1,Male
40482,1,Male
40483,1,Male
40484,1,Male
40485,1,Female
40486,1,Female
40487,1,Female
40488,1,Female
40489,1,Female
40490,1,Male
40491,1,Male
40492,1,Male
40493,1,Male
40494,1,Male
40495,1,Male
40496,1,Female
40497,1,Male
40498,1,Male
40499,1,Male
40500,1,Female
40501,1,Male
40502,1,Male
40503,1,Male
40504,1,Male
40505,1,Male
40506,1,Male
40507,1,Female
40508,1,Female
40509,1,Male
40510,1,Male
40511,1,Male
40512,1,Male
40513,1,Female
40514,1,Male
40515,1,Male
40516,1,Male
40517,1,Male
40518,1,Male
40519,1,Female
40520,1,Male
40521,1,Male
40522,1,Male
40523,1,Male
40524,1,Male
40525,1,Female
40526,1,Male
40527,1,Male
40528,1,Male
40529,1,Male
40530,1,Male
40531,1,Male
40532,1,Male
40533,1,Male
40534,1,Male
40535,1,Female
40536,1,Male
40537,1,Male
40538,1,Male
40539,1,Male
40540,1,Female
40541,1,Female
40542,1,Male
40543,1,Female
40544,1,Male
40545,1,Male
40546,1,Male
40547,1,Female
40548,1,Male
40549,1,Male
40550,1,Male
40551,1,Male
40552,1,Male
40553,1,Male
40554,1,Male
40555,1,Male
40556,1,Male
40557,1,Female
40558,1,Female
40559,1,Female
40560,1,Female
40561,1,Male
40562,1,Male
40563,1,Male
40564,1,Female
40565,1,Male
40566,1,Female
40567,1,Male
40568,1,Male
40569,1,Male
40570,1,Male
40571,1,Female
40572,1,Male
40573,1,Female
40574,1,Male
40575,1,Male
40576,1,Male
40577,1,Male
40578,1,Female
40579,1,Male
40580,1,Male
40581,1,Male
40582,1,Male
40583,1,Male
40584,1,Male
40585,1,Female
40586,1,Female
40587,1,Female
40588,1,Male
40589,1,Female
40590,1,Female
40591,1,Female
40592,1,Male
40593,1,Male
40594,1,Male
40595,1,Male
40596,1,Male
40597,1,Female
40598,1,Female
40599,1,Male
40600,1,Male
40601,1,Male
40602,1,Male
40603,1,Male
40604,1,Male
40605,1,Male
40606,1,Male
40607,1,Male
40608,1,Male
40609,1,Male
40610,1,Male
40611,1,Male
40612,1,Female
40613,1,Female
40614,1,Male
40615,1,Male
40616,1,Male
40617,1,Male
40618,1,Female
40619,1,Male
40620,1,Female
40621,1,Male
40622,1,Male
40623,1,Female
40624,1,Male
40625,1,Female
40626,1,Male
40627,1,Male
40628,1,Male
40629,1,Female
40630,1,Male
40631,1,Male
40632,1,Male
40633,1,Male
40634,1,Male
40635,1,Male
40636,1,Female
40637,1,Male
40638,1,Male
40639,1,Female
40640,1,Female
40641,1,Female
40642,1,Female
40643,1,Female
40644,1,Male
40645,1,Male
40646,1,Female
40647,1,Male
40648,1,Male
40649,1,Male
40650,1,Male
40651,1,Male
40652,1,Female
40653,1,Male
40654,1,Female
40655,1,Female
40656,1,Male
40657,1,Male
40658,1,Male
40659,1,Male
40660,1,Female
40661,1,Male
40662,1,Male
40663,1,Female
40664,1,Male
40665,1,Male
40666,1,Female
40667,1,Female
40668,1,Male
40669,1,Female
40670,1,Female
40671,1,Male
40672,1,Female
40673,1,Male
40674,1,Male
40675,1,Female
40676,1,Male
40677,1,Male
40678,1,Male
40679,1,Male
40680,1,Male
40681,1,Male
40682,1,Female
40683,1,Male
40684,1,Male
40685,1,Male
40686,1,Female
40687,1,Male
40688,1,Male
40689,1,Male
40690,1,Male
40691,1,Male
40692,1,Male
40693,1,Male
40694,1,Male
40695,1,Male
40696,1,Female
40697,1,Male
40698,1,Male
40699,1,Male
40700,1,Male
40701,1,Female
40702,1,Male
40703,1,Male
40704,1,Female
40705,1,Male
40706,1,Male
40707,1,Male
40708,1,Male
40709,1,Male
40710,1,Male
40711,1,Male
40712,1,Male
40713,1,Male
40714,1,Male
40715,1,Female
40716,1,Male
40717,1,Male
40718,1,Male
40719,1,Male
40720,1,Male
40721,1,Female
40722,1,Male
40723,1,Female
40724,1,Female
40725,1,Male
40726,1,Male
40727,1,Female
40728,1,Male
40729,1,Female
40730,1,Male
40731,1,Male
40732,1,Male
40733,1,Female
40734,1,Male
40735,1,Female
40736,1,Male
40737,1,Male
40738,1,Male
40739,1,Female
40740,1,Female
40741,1,Female
40742,1,Male
40743,1,Female
40744,1,Male
40745,1,Male
40746,1,Male
40747,1,Female
40748,1,Female
40749,1,Male
40750,1,Female
40751,1,Male
40752,1,Female
40753,1,Female
40754,1,Male
40755,1,Female
40756,1,Male
40757,1,Female
40758,1,Male
40759,1,Male
40760,1,Male
40761,1,Male
40762,1,Male
40763,1,Male
40764,1,Male
40765,1,Female
40766,1,Male
40767,1,Male
40768,1,Female
40769,1,Male
40770,1,Female
40771,1,Male
40772,1,Male
40773,1,Female
40774,1,Male
40775,1,Male
40776,1,Female
40777,1,Male
40778,1,Male
40779,1,Male
40780,1,Female
40781,1,Female
40782,1,Male
40783,1,Female
40784,1,Female
40785,1,Male
40786,1,Male
40787,1,Female
40788,1,Male
40789,1,Male
40790,1,Female
40791,1,Male
40792,1,Male
40793,1,Male
40794,1,Male
40795,1,Male
40796,1,Female
40797,1,Male
40798,1,Male
40799,1,Female
40800,1,Male
40801,1,Female
40802,1,Male
40803,1,Male
40804,1,Male
40805,1,Male
40806,1,Female
40807,1,Male
40808,1,Male
40809,1,Male
40810,1,Male
40811,1,Male
40812,1,Male
40813,1,Male
40814,1,Female
40815,1,Male
40816,1,Male
40817,1,Male
40818,1,Male
40819,1,Male
40820,1,Male
40821,1,Female
40822,1,Male
40823,1,Male
40824,1,Male
40825,1,Male
40826,1,Male
40827,1,Female
40828,1,Male
40829,1,Male
40830,1,Female
40831,1,Female
40832,1,Male
40833,1,Female
40834,1,Male
40835,1,Male
40836,1,Female
40837,1,Male
40838,1,Female
40839,1,Male
40840,1,Male
40841,1,Female
40842,1,Female
40843,1,Male
40844,1,Male
40845,1,Female
40846,1,Male
40847,1,Female
40848,1,Male
40849,1,Female
40850,1,Male
40851,1,Male
40852,1,Female
40853,1,Male
40854,1,Female
40855,1,Female
40856,1,Female
40857,1,Male
40858,1,Male
40859,1,Male
40860,1,Male
40861,1,Male
40862,1,Male
40863,1,Male
40864,1,Male
40865,1,Female
40866,1,Male
40867,1,Female
40868,1,Female
40869,1,Female
40870,1,Female
40871,1,Female
40872,1,Male
40873,1,Male
40874,1,Female
40875,1,Female
40876,1,Male
40877,1,Female
40878,1,Female
40879,1,Male
40880,1,Male
40881,1,Male
40882,1,Male
40883,1,Male
40884,1,Male
40885,1,Female
40886,1,Male
40887,1,Female
40888,1,Female
40889,1,Male
40890,1,Male
40891,1,Male
40892,1,Male
40893,1,Male
40894,1,Male
40895,1,Male
40896,1,Male
40897,1,Female
40898,1,Male
40899,1,Male
40900,1,Male
40901,1,Male
40902,1,Male
40903,1,Female
40904,1,Male
40905,1,Male
40906,1,Female
40907,1,Male
40908,1,Male
40909,1,Male
40910,1,Male
40911,1,Female
40912,1,Female
40913,1,Female
40914,1,Female
40915,1,Female
40916,1,Male
40917,1,Male
40918,1,Male
40919,1,Male
40920,1,Male
40921,1,Male
40922,1,Female
40923,1,Male
40924,1,Male
40925,1,Male
40926,1,Male
40927,1,Male
40928,1,Male
40929,1,Female
40930,1,Male
40931,1,Female
40932,1,Female
40933,1,Male
40934,1,Female
40935,1,Male
40936,1,Female
40937,1,Male
40938,1,Female
40939,1,Male
40940,1,Male
40941,1,Male
40942,1,Female
40943,1,Female
40944,1,Female
40945,1,Male
40946,1,Female
40947,1,Male
40948,1,Male
40949,1,Male
40950,1,Male
40951,1,Female
40952,1,Male
40953,1,Male
40954,1,Male
40955,1,Male
40956,1,Male
40957,1,Male
40958,1,Male
40959,1,Male
40960,1,Male
40961,1,Male
40962,1,Male
40963,1,Female
40964,1,Male
40965,1,Male
40966,1,Male
40967,1,Male
40968,1,Male
40969,1,Male
40970,1,Male
40971,1,Female
40972,1,Male
40973,1,Female
40974,1,Female
40975,1,Female
40976,1,Male
40977,1,Male
40978,1,Female
40979,1,Female
40980,1,Female
40981,1,Male
40982,1,Male
40983,1,Male
40984,1,Male
40985,1,Female
40986,1,Male
40987,1,Male
40988,1,Female
40989,1,Male
40990,1,Male
40991,1,Male
40992,1,Male
40993,1,Male
40994,1,Male
40995,1,Female
40996,1,Female
40997,1,Female
40998,1,Female
40999,1,Male
41000,1,Female
41001,1,Male
41002,1,Male
41003,1,Male
41004,1,Female
41005,1,Female
41006,1,Female
41007,1,Male
41008,1,Male
41009,1,Male
41010,1,Male
41011,1,Male
41012,1,Male
41013,1,Male
41014,1,Male
41015,1,Male
41016,1,Female
41017,1,Male
41018,1,Male
41019,1,Female
41020,1,Male
41021,1,Male
41022,1,Male
41023,1,Female
41024,1,Male
41025,1,Female
41026,1,Male
41027,1,Male
41028,1,Female
41029,1,Male
41030,1,Male
41031,1,Male
41032,1,Female
41033,1,Female
41034,1,Male
41035,1,Male
41036,1,Male
41037,1,Male
41038,1,Male
41039,1,Male
41040,1,Male
41041,1,Male
41042,1,Male
41043,1,Male
41044,1,Male
41045,1,Male
41046,1,Male
41047,1,Male
41048,1,Male
41049,1,Male
41050,1,Male
41051,1,Male
41052,1,Male
41053,1,Male
41054,1,Female
41055,1,Male
41056,1,Male
41057,1,Male
41058,1,Male
41059,1,Male
41060,1,Male
41061,1,Female
41062,1,Male
41063,1,Male
41064,1,Male
41065,1,Male
41066,1,Male
41067,1,Male
41068,1,Male
41069,1,Male
41070,1,Female
41071,1,Male
41072,1,Male
41073,1,Male
41074,1,Male
41075,1,Male
41076,1,Female
41077,1,Female
41078,1,Male
41079,1,Male
41080,1,Female
41081,1,Male
41082,1,Male
41083,1,Male
41084,1,Male
41085,1,Male
41086,1,Female
41087,1,Male
41088,1,Male
41089,1,Male
41090,1,Male
41091,1,Female
41092,1,Male
41093,1,Male
41094,1,Female
41095,1,Male
41096,1,Male
41097,1,Male
41098,1,Male
41099,1,Male
41100,1,Male
41101,1,Male
41102,1,Female
41103,1,Male
41104,1,Male
41105,1,Female
41106,1,Male
41107,1,Male
41108,1,Male
41109,1,Male
41110,1,Female
41111,1,Male
41112,1,Male
41113,1,Male
41114,1,Male
41115,1,Female
41116,1,Female
41117,1,Female
41118,1,Male
41119,1,Male
41120,1,Male
41121,1,Male
41122,1,Male
41123,1,Male
41124,1,Female
41125,1,Male
41126,1,Male
41127,1,Male
41128,1,Male
41129,1,Female
41130,1,Male
41131,1,Male
41132,1,Female
41133,1,Female
41134,1,Male
41135,1,Male
41136,1,Female
41137,1,Male
41138,1,Male
41139,1,Male
41140,1,Male
41141,1,Female
41142,1,Male
41143,1,Male
41144,1,Male
41145,1,Male
41146,1,Male
41147,1,Male
41148,1,Male
41149,1,Male
41150,1,Male
41151,1,Male
41152,1,Female
41153,1,Female
41154,1,Female
41155,1,Female
41156,1,Male
41157,1,Male
41158,1,Male
41159,1,Male
41160,1,Male
41161,1,Male
41162,1,Male
41163,1,Male
41164,1,Male
41165,1,Male
41166,1,Male
41167,1,Male
41168,1,Male
41169,1,Male
41170,1,Female
41171,1,Male
41172,1,Male
41173,1,Female
41174,1,Male
41175,1,Female
41176,1,Female
41177,1,Male
41178,1,Male
41179,1,Male
41180,1,Female
41181,1,Female
41182,1,Male
41183,1,Male
41184,1,Female
41185,1,Female
41186,1,Male
41187,1,Male
41188,1,Female
41189,1,Male
41190,1,Female
41191,1,Male
41192,1,Female
41193,1,Male
41194,1,Female
41195,1,Female
41196,1,Male
41197,1,Female
41198,1,Female
41199,1,Male
41200,1,Male
41201,1,Male
41202,1,Male
41203,1,Male
41204,1,Male
41205,1,Female
41206,1,Female
41207,1,Female
41208,1,Male
41209,1,Female
41210,1,Female
41211,1,Male
41212,1,Male
41213,1,Male
41214,1,Female
41215,1,Male
41216,1,Male
41217,1,Female
41218,1,Male
41219,1,Male
41220,1,Male
41221,1,Female
41222,1,Male
41223,1,Female
41224,1,Male
41225,1,Female
41226,1,Male
41227,1,Female
41228,1,Female
41229,1,Male
41230,1,Male
41231,1,Female
41232,1,Female
41233,1,Male
41234,1,Female
41235,1,Male
41236,1,Male
41237,1,Male
41238,1,Male
41239,1,Male
41240,1,Male
41241,1,Male
41242,1,Female
41243,1,Male
41244,1,Male
41245,1,Male
41246,1,Male
41247,1,Male
41248,1,Male
41249,1,Female
41250,1,Male
41251,1,Female
41252,1,Male
41253,1,Male
41254,1,Female
41255,1,Female
41256,1,Male
41257,1,Male
41258,1,Male
41259,1,Female
41260,1,Female
41261,1,Male
41262,1,Female
41263,1,Female
41264,1,Male
41265,1,Male
41266,1,Male
41267,1,Male
41268,1,Female
41269,1,Female
41270,1,Male
41271,1,Male
41272,1,Female
41273,1,Female
41274,1,Male
41275,1,Female
41276,1,Male
41277,1,Male
41278,1,Male
41279,1,Male
41280,1,Male
41281,1,Female
41282,1,Female
41283,1,Male
41284,1,Female
41285,1,Male
41286,1,Male
41287,1,Male
41288,1,Male
41289,1,Female
41290,1,Male
41291,1,Female
41292,1,Female
41293,1,Male
41294,1,Female
41295,1,Female
41296,1,Female
41297,1,Male
41298,1,Male
41299,1,Male
41300,1,Female
41301,1,Female
41302,1,Male
41303,1,Female
41304,1,Male
41305,1,Male
41306,1,Male
41307,1,Male
41308,1,Male
41309,1,Male
41310,1,Male
41311,1,Male
41312,1,Female
41313,1,Male
41314,1,Female
41315,1,Female
41316,1,Male
41317,1,Male
41318,1,Male
41319,1,Male
41320,1,Male
41321,1,Male
41322,1,Female
41323,1,Male
41324,1,Male
41325,1,Female
41326,1,Female
41327,1,Male
41328,1,Female
41329,1,Male
41330,1,Male
41331,1,Male
41332,1,Female
41333,1,Male
41334,1,Male
41335,1,Male
41336,1,Female
41337,1,Female
41338,1,Male
41339,1,Male
41340,1,Female
41341,1,Male
41342,1,Female
41343,1,Female
41344,1,Female
41345,1,Male
41346,1,Male
41347,1,Male
41348,1,Male
41349,1,Male
41350,1,Male
41351,1,Male
41352,1,Male
41353,1,Male
41354,1,Female
41355,1,Male
41356,1,Female
41357,1,Male
41358,1,Male
41359,1,Female
41360,1,Female
41361,1,Female
41362,1,Male
41363,1,Female
41364,1,Male
41365,1,Female
41366,1,Female
41367,1,Male
41368,1,Male
41369,1,Male
41370,1,Female
41371,1,Female
41372,1,Male
41373,1,Female
41374,1,Male
41375,1,Male
41376,1,Female
41377,1,Male
41378,1,Male
41379,1,Male
41380,1,Male
41381,1,Male
41382,1,Male
41383,1,Male
41384,1,Male
41385,1,Male
41386,1,Female
41387,1,Male
41388,1,Female
41389,1,Male
41390,1,Female
41391,1,Female
41392,1,Male
41393,1,Male
41394,1,Female
41395,1,Female
41396,1,Male
41397,1,Female
41398,1,Male
41399,1,Male
41400,1,Female
41401,1,Male
41402,1,Female
41403,1,Female
41404,1,Female
41405,1,Male
41406,1,Male
41407,1,Male
41408,1,Female
41409,1,Male
41410,1,Male
41411,1,Male
41412,1,Male
41413,1,Male
41414,1,Male
41415,1,Male
41416,1,Male
41417,1,Female
41418,1,Female
41419,1,Female
41420,1,Male
41421,1,Male
41422,1,Female
41423,1,Male
41424,1,Male
41425,1,Male
41426,1,Male
41427,1,Female
41428,1,Female
41429,1,Male
41430,1,Male
41431,1,Male
41432,1,Male
41433,1,Male
41434,1,Female
41435,1,Female
41436,1,Male
41437,1,Female
41438,1,Male
41439,1,Female
41440,1,Male
41441,1,Male
41442,1,Female
41443,1,Male
41444,1,Male
41445,1,Male
41446,1,Male
41447,1,Male
41448,1,Male
41449,1,Male
41450,1,Male
41451,1,Male
41452,1,Male
41453,1,Female
41454,1,Male
41455,1,Male
41456,1,Male
41457,1,Female
41458,1,Male
41459,1,Male
41460,1,Male
41461,1,Male
41462,1,Female
41463,1,Male
41464,1,Male
41465,1,Female
41466,1,Male
41467,1,Male
41468,1,Male
41469,1,Male
41470,1,Male
41471,1,Male
41472,1,Male
41473,1,Male
41474,1,Male
41475,1,Female
41476,1,Male
41477,1,Female
41478,1,Male
41479,1,Male
41480,1,Male
41481,1,Male
41482,1,Male
41483,1,Male
41484,1,Female
41485,1,Male
41486,1,Female
41487,1,Male
41488,1,Male
41489,1,Male
41490,1,Male
41491,1,Male
41492,1,Male
41493,1,Male
41494,1,Male
41495,1,Male
41496,1,Male
41497,1,Female
41498,1,Female
41499,1,Male
41500,1,Female
41501,1,Female
41502,1,Female
41503,1,Male
41504,1,Male
41505,1,Female
41506,1,Male
41507,1,Male
41508,1,Female
41509,1,Male
41510,1,Male
41511,1,Female
41512,1,Male
41513,1,Male
41514,1,Male
41515,1,Male
41516,1,Male
41517,1,Male
41518,1,Male
41519,1,Male
41520,1,Male
41521,1,Male
41522,1,Male
41523,1,Male
41524,1,Male
41525,1,Male
41526,1,Male
41527,1,Male
41528,1,Male
41529,1,Female
41530,1,Male
41531,1,Male
41532,1,Male
41533,1,Male
41534,1,Male
41535,1,Male
41536,1,Male
41537,1,Male
41538,1,Male
41539,1,Male
41540,1,Male
41541,1,Male
41542,1,Male
41543,1,Male
41544,1,Male
41545,1,Male
41546,1,Female
41547,1,Male
41548,1,Male
41549,1,Male
41550,1,Female
41551,1,Female
41552,1,Male
41553,1,Female
41554,1,Female
41555,1,Female
41556,1,Male
41557,1,Female
41558,1,Female
41559,1,Male
41560,1,Male
41561,1,Male
41562,1,Female
41563,1,Female
41564,1,Male
41565,1,Male
41566,1,Male
41567,1,Male
41568,1,Male
41569,1,Male
41570,1,Female
41571,1,Female
41572,1,Male
41573,1,Female
41574,1,Male
41575,1,Female
41576,1,Male
41577,1,Female
41578,1,Female
41579,1,Male
41580,1,Female
41581,1,Male
41582,1,Female
41583,1,Male
41584,1,Male
41585,1,Female
41586,1,Male
41587,1,Male
41588,1,Male
41589,1,Female
41590,1,Female
41591,1,Female
41592,1,Male
41593,1,Female
41594,1,Male
41595,1,Male
41596,1,Female
41597,1,Male
41598,1,Male
41599,1,Female
41600,1,Female
41601,1,Male
41602,1,Male
41603,1,Female
41604,1,Male
41605,1,Female
41606,1,Male
41607,1,Male
41608,1,Male
41609,1,Male
41610,1,Female
41611,1,Male
41612,1,Male
41613,1,Female
41614,1,Female
41615,1,Male
41616,1,Female
41617,1,Male
41618,1,Female
41619,1,Male
41620,1,Male
41621,1,Male
41622,1,Male
41623,1,Male
41624,1,Female
41625,1,Female
41626,1,Female
41627,1,Female
41628,1,Male
41629,1,Male
41630,1,Male
41631,1,Male
41632,1,Male
41633,1,Male
41634,1,Male
41635,1,Female
41636,1,Female
41637,1,Female
41638,1,Male
41639,1,Male
41640,1,Female
41641,1,Male
41642,1,Male
41643,1,Female
41644,1,Male
41645,1,Male
41646,1,Male
41647,1,Male
41648,1,Female
41649,1,Female
41650,1,Female
41651,1,Female
41652,1,Female
41653,1,Male
41654,1,Female
41655,1,Male
41656,1,Male
41657,1,Female
41658,1,Male
41659,1,Male
41660,1,Male
41661,1,Male
41662,1,Female
41663,1,Male
41664,1,Male
41665,1,Male
41666,1,Male
41667,1,Male
41668,1,Male
41669,1,Male
41670,1,Female
41671,1,Male
41672,1,Female
41673,1,Female
41674,1,Male
41675,1,Male
41676,1,Female
41677,1,Female
41678,1,Male
41679,1,Male
41680,1,Female
41681,1,Female
41682,1,Male
41683,1,Male
41684,1,Female
41685,1,Female
41686,1,Male
41687,1,Male
41688,1,Male
41689,1,Female
41690,1,Male
41691,1,Male
41692,1,Female
41693,1,Male
41694,1,Male
41695,1,Male
41696,1,Female
41697,1,Male
41698,1,Male
41699,1,Female
41700,1,Male
41701,1,Male
41702,1,Male
41703,1,Male
41704,1,Male
41705,1,Male
41706,1,Male
41707,1,Male
41708,1,Male
41709,1,Male
41710,1,Male
41711,1,Male
41712,1,Male
41713,1,Male
41714,1,Male
41715,1,Female
41716,1,Male
41717,1,Male
41718,1,Male
41719,1,Male
41720,1,Male
41721,1,Male
41722,1,Male
41723,1,Male
41724,1,Male
41725,1,Male
41726,1,Male
41727,1,Male
41728,1,Male
41729,1,Male
41730,1,Male
41731,1,Male
41732,1,Male
41733,1,Female
41734,1,Male
41735,1,Male
41736,1,Male
41737,1,Female
41738,1,Male
41739,1,Female
41740,1,Male
41741,1,Male
41742,1,Female
41743,1,Male
41744,1,Male
41745,1,Male
41746,1,Male
41747,1,Male
41748,1,Female
41749,1,Male
41750,1,Male
41751,1,Female
41752,1,Male
41753,1,Male
41754,1,Female
41755,1,Male
41756,1,Male
41757,1,Male
41758,1,Male
41759,1,Male
41760,1,Female
41761,1,Female
41762,1,Male
41763,1,Female
41764,1,Male
41765,1,Female
41766,1,Female
41767,1,Male
41768,1,Male
41769,1,Male
41770,1,Male
41771,1,Male
41772,1,Male
41773,1,Male
41774,1,Male
41775,1,Male
41776,1,Female
41777,1,Male
41778,1,Male
41779,1,Male
41780,1,Female
41781,1,Male
41782,1,Male
41783,1,Female
41784,1,Male
41785,1,Male
41786,1,Male
41787,1,Male
41788,1,Female
41789,1,Male
41790,1,Male
41791,1,Female
41792,1,Female
41793,1,Male
41794,1,Male
41795,1,Male
41796,1,Male
41797,1,Male
41798,1,Male
41799,1,Female
41800,1,Female
41801,1,Male
41802,1,Male
41803,1,Male
41804,1,Male
41805,1,Male
41806,1,Male
41807,1,Male
41808,1,Female
41809,1,Male
41810,1,Male
41811,1,Male
41812,1,Male
41813,1,Male
41814,1,Male
41815,1,Female
41816,1,Male
41817,1,Male
41818,1,Male
41819,1,Male
41820,1,Male
41821,1,Female
41822,1,Male
41823,1,Female
41824,1,Female
41825,1,Female
41826,1,Male
41827,1,Female
41828,1,Male
41829,1,Male
41830,1,Male
41831,1,Female
41832,1,Female
41833,1,Male
41834,1,Male
41835,1,Male
41836,1,Male
41837,1,Male
41838,1,Male
41839,1,Male
41840,1,Female
41841,1,Female
41842,1,Male
41843,1,Male
41844,1,Male
41845,1,Male
41846,1,Male
41847,1,Male
41848,1,Male
41849,1,Male
41850,1,Male
41851,1,Female
41852,1,Male
41853,1,Male
41854,1,Male
41855,1,Male
41856,1,Male
41857,1,Male
41858,1,Male
41859,1,Female
41860,1,Female
41861,1,Female
41862,1,Male
41863,1,Female
41864,1,Male
41865,1,Male
41866,1,Male
41867,1,Male
41868,1,Female
41869,1,Female
41870,1,Male
41871,1,Female
41872,1,Male
41873,1,Male
41874,1,Male
41875,1,Female
41876,1,Male
41877,1,Male
41878,1,Male
41879,1,Male
41880,1,Female
41881,1,Female
41882,1,Female
41883,1,Female
41884,1,Male
41885,1,Male
41886,1,Male
41887,1,Male
41888,1,Female
41889,1,Female
41890,1,Male
41891,1,Male
41892,1,Female
41893,1,Female
41894,1,Male
41895,1,Male
41896,1,Male
41897,1,Male
41898,1,Male
41899,1,Male
41900,1,Male
41901,1,Female
41902,1,Male
41903,1,Female
41904,1,Male
41905,1,Male
41906,1,Male
41907,1,Male
41908,1,Male
41909,1,Female
41910,1,Male
41911,1,Male
41912,1,Male
41913,1,Female
41914,1,Male
41915,1,Male
41916,1,Female
41917,1,Male
41918,1,Male
41919,1,Male
41920,1,Female
41921,1,Female
41922,1,Male
41923,1,Female
41924,1,Female
41925,1,Male
41926,1,Female
41927,1,Female
41928,1,Male
41929,1,Male
41930,1,Male
41931,1,Male
41932,1,Male
41933,1,Male
41934,1,Male
41935,1,Female
41936,1,Male
41937,1,Male
41938,1,Female
41939,1,Female
41940,1,Male
41941,1,Male
41942,1,Male
41943,1,Male
41944,1,Male
41945,1,Female
41946,1,Male
41947,1,Female
41948,1,Male
41949,1,Male
41950,1,Male
41951,1,Male
41952,1,Female
41953,1,Female
41954,1,Female
41955,1,Female
41956,1,Male
41957,1,Female
41958,1,Male
41959,1,Male
41960,1,Female
41961,1,Female
41962,1,Female
41963,1,Male
41964,1,Male
41965,1,Male
41966,1,Male
41967,1,Male
41968,1,Male
41969,1,Female
41970,1,Female
41971,1,Male
41972,1,Female
41973,1,Male
41974,1,Female
41975,1,Male
41976,1,Male
41977,1,Female
41978,1,Female
41979,1,Male
41980,1,Female
41981,1,Male
41982,1,Female
41983,1,Male
41984,1,Male
41985,1,Male
41986,1,Female
41987,1,Female
41988,1,Female
41989,1,Female
41990,1,Male
41991,1,Female
41992,1,Female
41993,1,Male
41994,1,Male
41995,1,Male
41996,1,Male
41997,1,Male
41998,1,Female
41999,1,Male
42000,1,Male
42001,1,Male
42002,1,Female
42003,1,Male
42004,1,Male
42005,1,Male
42006,1,Female
42007,1,Male
42008,1,Female
42009,1,Male
42010,1,Male
42011,1,Female
42012,1,Male
42013,1,Female
42014,1,Female
42015,1,Male
42016,1,Male
42017,1,Male
42018,1,Female
42019,1,Male
42020,1,Male
42021,1,Male
42022,1,Male
42023,1,Male
42024,1,Male
42025,1,Female
42026,1,Female
42027,1,Female
42028,1,Male
42029,1,Female
42030,1,Male
42031,1,Female
42032,1,Male
42033,1,Male
42034,1,Male
42035,1,Male
42036,1,Female
42037,1,Male
42038,1,Female
42039,1,Male
42040,1,Female
42041,1,Female
42042,1,Male
42043,1,Female
42044,1,Female
42045,1,Male
42046,1,Male
42047,1,Female
42048,1,Female
42049,1,Female
42050,1,Male
42051,1,Female
42052,1,Male
42053,1,Male
42054,1,Male
42055,1,Female
42056,1,Male
42057,1,Female
42058,1,Male
42059,1,Male
42060,1,Female
42061,1,Male
42062,1,Male
42063,1,Female
42064,1,Female
42065,1,Male
42066,1,Male
42067,1,Female
42068,1,Female
42069,1,Female
42070,1,Female
42071,1,Female
42072,1,Male
42073,1,Male
42074,1,Male
42075,1,Male
42076,1,Male
42077,1,Male
42078,1,Female
42079,1,Female
42080,1,Female
42081,1,Male
42082,1,Male
42083,1,Female
42084,1,Male
42085,1,Female
42086,1,Female
42087,1,Female
42088,1,Male
42089,1,Male
42090,1,Male
42091,1,Male
42092,1,Female
42093,1,Male
42094,1,Male
42095,1,Female
42096,1,Female
42097,1,Female
42098,1,Male
42099,1,Male
42100,1,Male
42101,1,Male
42102,1,Male
42103,1,Male
42104,1,Male
42105,1,Male
42106,1,Female
42107,1,Male
42108,1,Female
42109,1,Male
42110,1,Female
42111,1,Female
42112,1,Female
42113,1,Female
42114,1,Male
42115,1,Male
42116,1,Male
42117,1,Male
42118,1,Male
42119,1,Female
42120,1,Female
42121,1,Female
42122,1,Male
42123,1,Female
42124,1,Male
42125,1,Male
42126,1,Male
42127,1,Male
42128,1,Male
42129,1,Male
42130,1,Male
42131,1,Male
42132,1,Male
42133,1,Female
42134,1,Male
42135,1,Male
42136,1,Female
42137,1,Male
42138,1,Male
42139,1,Female
42140,1,Female
42141,1,Male
42142,1,Male
42143,1,Male
42144,1,Male
42145,1,Male
42146,1,Male
42147,1,Male
42148,1,Male
42149,1,Male
42150,1,Female
42151,1,Female
42152,1,Male
42153,1,Male
42154,1,Female
42155,1,Male
42156,1,Male
42157,1,Male
42158,1,Female
42159,1,Female
42160,1,Male
42161,1,Male
42162,1,Male
42163,1,Female
42164,1,Male
42165,1,Female
42166,1,Male
42167,1,Male
42168,1,Male
42169,1,Male
42170,1,Male
42171,1,Female
42172,1,Female
42173,1,Male
42174,1,Female
42175,1,Male
42176,1,Female
42177,1,Female
42178,1,Female
42179,1,Female
42180,1,Female
42181,1,Female
42182,1,Female
42183,1,Female
42184,1,Male
42185,1,Male
42186,1,Male
42187,1,Male
42188,1,Male
42189,1,Male
42190,1,Male
42191,1,Female
42192,1,Male
42193,1,Female
42194,1,Female
42195,1,Female
42196,1,Male
42197,1,Male
42198,1,Female
42199,1,Male
42200,1,Female
42201,1,Male
42202,1,Male
42203,1,Male
42204,1,Male
42205,1,Female
42206,1,Male
42207,1,Male
42208,1,Female
42209,1,Male
42210,1,Female
42211,1,Male
42212,1,Male
42213,1,Male
42214,1,Male
42215,1,Male
42216,1,Female
42217,1,Male
42218,1,Male
42219,1,Male
42220,1,Male
42221,1,Male
42222,1,Female
42223,1,Female
42224,1,Female
42225,1,Male
42226,1,Female
42227,1,Male
42228,1,Male
42229,1,Male
42230,1,Male
42231,1,Male
42232,1,Female
42233,1,Female
42234,1,Male
42235,1,Male
42236,1,Male
42237,1,Female
42238,1,Male
42239,1,Male
42240,1,Male
42241,1,Male
42242,1,Male
42243,1,Male
42244,1,Male
42245,1,Male
42246,1,Male
42247,1,Female
42248,1,Male
42249,1,Female
42250,1,Female
42251,1,Male
42252,1,Male
42253,1,Female
42254,1,Male
42255,1,Male
42256,1,Female
42257,1,Male
42258,1,Female
42259,1,Female
42260,1,Female
42261,1,Male
42262,1,Female
42263,1,Male
42264,1,Female
42265,1,Female
42266,1,Female
42267,1,Male
42268,1,Male
42269,1,Female
42270,1,Male
42271,1,Male
42272,1,Male
42273,1,Male
42274,1,Male
42275,1,Male
42276,1,Male
42277,1,Male
42278,1,Female
42279,1,Male
42280,1,Male
42281,1,Female
42282,1,Female
42283,1,Female
42284,1,Male
42285,1,Female
42286,1,Male
42287,1,Female
42288,1,Male
42289,1,Female
42290,1,Female
42291,1,Male
42292,1,Female
42293,1,Male
42294,1,Female
42295,1,Male
42296,1,Female
42297,1,Male
42298,1,Male
42299,1,Male
42300,1,Male
42301,1,Female
42302,1,Male
42303,1,Male
42304,1,Male
42305,1,Male
42306,1,Male
42307,1,Female
42308,1,Male
42309,1,Male
42310,1,Female
42311,1,Female
42312,1,Male
42313,1,Male
42314,1,Female
42315,1,Male
42316,1,Male
42317,1,Male
42318,1,Male
42319,1,Male
42320,1,Female
42321,1,Female
42322,1,Male
42323,1,Female
42324,1,Female
42325,1,Male
42326,1,Male
42327,1,Female
42328,1,Male
42329,1,Male
42330,1,Male
42331,1,Female
42332,1,Male
42333,1,Male
42334,1,Male
42335,1,Male
42336,1,Male
42337,1,Male
42338,1,Female
42339,1,Male
42340,1,Male
42341,1,Male
42342,1,Male
42343,1,Male
42344,1,Male
42345,1,Male
42346,1,Male
42347,1,Female
42348,1,Female
42349,1,Female
42350,1,Female
42351,1,Male
42352,1,Male
42353,1,Male
42354,1,Male
42355,1,Male
42356,1,Female
42357,1,Male
42358,1,Male
42359,1,Male
42360,1,Male
42361,1,Male
42362,1,Female
42363,1,Male
42364,1,Male
42365,1,Female
42366,1,Female
42367,1,Male
42368,1,Male
42369,1,Male
42370,1,Male
42371,1,Male
42372,1,Male
42373,1,Female
42374,1,Male
42375,1,Male
42376,1,Male
42377,1,Female
42378,1,Female
42379,1,Male
42380,1,Female
42381,1,Male
42382,1,Male
42383,1,Male
42384,1,Female
42385,1,Male
42386,1,Male
42387,1,Female
42388,1,Female
42389,1,Male
42390,1,Male
42391,1,Female
42392,1,Female
42393,1,Male
42394,1,Male
42395,1,Male
42396,1,Male
42397,1,Male
42398,1,Male
42399,1,Female
42400,1,Male
42401,1,Male
42402,1,Male
42403,1,Male
42404,1,Female
42405,1,Male
42406,1,Male
42407,1,Male
42408,1,Male
42409,1,Male
42410,1,Female
42411,1,Female
42412,1,Male
42413,1,Male
42414,1,Male
42415,1,Female
42416,1,Male
42417,1,Female
42418,1,Male
42419,1,Male
42420,1,Male
42421,1,Male
42422,1,Male
42423,1,Male
42424,1,Male
42425,1,Male
42426,1,Male
42427,1,Male
42428,1,Male
42429,1,Female
42430,1,Male
42431,1,Female
42432,1,Male
42433,1,Female
42434,1,Female
42435,1,Male
42436,1,Male
42437,1,Male
42438,1,Female
42439,1,Male
42440,1,Male
42441,1,Male
42442,1,Male
42443,1,Female
42444,1,Male
42445,1,Male
42446,1,Male
42447,1,Male
42448,1,Male
42449,1,Male
42450,1,Female
42451,1,Female
42452,1,Male
42453,1,Male
42454,1,Male
42455,1,Male
42456,1,Male
42457,1,Male
42458,1,Male
42459,1,Male
42460,1,Male
42461,1,Male
42462,1,Female
42463,1,Male
42464,1,Male
42465,1,Female
42466,1,Male
42467,1,Male
42468,1,Male
42469,1,Male
42470,1,Male
42471,1,Male
42472,1,Female
42473,1,Male
42474,1,Female
42475,1,Male
42476,1,Female
42477,1,Male
42478,1,Male
42479,1,Male
42480,1,Male
42481,1,Female
42482,1,Male
42483,1,Female
42484,1,Female
42485,1,Male
42486,1,Male
42487,1,Male
42488,1,Male
42489,1,Male
42490,1,Male
42491,1,Male
42492,1,Female
42493,1,Male
42494,1,Female
42495,1,Female
42496,1,Female
42497,1,Male
42498,1,Female
42499,1,Male
42500,1,Male
42501,1,Male
42502,1,Female
42503,1,Male
42504,1,Male
42505,1,Male
42506,1,Male
42507,1,Male
42508,1,Female
42509,1,Male
42510,1,Female
42511,1,Female
42512,1,Female
42513,1,Male
42514,1,Male
42515,1,Male
42516,1,Female
42517,1,Female
42518,1,Male
42519,1,Female
42520,1,Male
42521,1,Female
42522,1,Male
42523,1,Female
42524,1,Male
42525,1,Male
42526,1,Female
42527,1,Male
42528,1,Male
42529,1,Male
42530,1,Male
42531,1,Male
42532,1,Male
42533,1,Female
42534,1,Female
42535,1,Male
42536,1,Female
42537,1,Female
42538,1,Female
42539,1,Male
42540,1,Male
42541,1,Male
42542,1,Male
42543,1,Male
42544,1,Male
42545,1,Female
42546,1,Male
42547,1,Male
42548,1,Female
42549,1,Female
42550,1,Male
42551,1,Female
42552,1,Male
42553,1,Male
42554,1,Female
42555,1,Female
42556,1,Male
42557,1,Male
42558,1,Female
42559,1,Male
42560,1,Female
42561,1,Male
42562,1,Male
42563,1,Male
42564,1,Male
42565,1,Female
42566,1,Male
42567,1,Male
42568,1,Female
42569,1,Female
42570,1,Female
42571,1,Male
42572,1,Female
42573,1,Male
42574,1,Male
42575,1,Male
42576,1,Male
42577,1,Male
42578,1,Male
42579,1,Male
42580,1,Female
42581,1,Female
42582,1,Male
42583,1,Male
42584,1,Male
42585,1,Male
42586,1,Male
42587,1,Male
42588,1,Male
42589,1,Male
42590,1,Female
42591,1,Male
42592,1,Male
42593,1,Male
42594,1,Female
42595,1,Female
42596,1,Female
42597,1,Male
42598,1,Male
42599,1,Male
42600,1,Male
42601,1,Female
42602,1,Female
42603,1,Female
42604,1,Male
42605,1,Male
42606,1,Male
42607,1,Male
42608,1,Female
42609,1,Female
42610,1,Male
42611,1,Male
42612,1,Male
42613,1,Female
42614,1,Male
42615,1,Male
42616,1,Female
42617,1,Female
42618,1,Female
42619,1,Female
42620,1,Female
42621,1,Male
42622,1,Female
42623,1,Male
42624,1,Male
42625,1,Male
42626,1,Male
42627,1,Male
42628,1,Female
42629,1,Male
42630,1,Male
42631,1,Male
42632,1,Male
42633,1,Male
42634,1,Male
42635,1,Male
42636,1,Female
42637,1,Female
42638,1,Female
42639,1,Female
42640,1,Female
42641,1,Male
42642,1,Male
42643,1,Female
42644,1,Female
42645,1,Male
42646,1,Male
42647,1,Male
42648,1,Female
42649,1,Male
42650,1,Male
42651,1,Male
42652,1,Female
42653,1,Male
42654,1,Male
42655,1,Female
42656,1,Female
42657,1,Male
42658,1,Male
42659,1,Female
42660,1,Male
42661,1,Female
42662,1,Male
42663,1,Male
42664,1,Female
42665,1,Male
42666,1,Female
42667,1,Male
42668,1,Male
42669,1,Male
42670,1,Female
42671,1,Female
42672,1,Male
42673,1,Female
42674,1,Female
42675,1,Female
42676,1,Male
42677,1,Female
42678,1,Male
42679,1,Male
42680,1,Female
42681,1,Female
42682,1,Male
42683,1,Male
42684,1,Male
42685,1,Male
42686,1,Male
42687,1,Female
42688,1,Female
42689,1,Male
42690,1,Male
42691,1,Male
42692,1,Male
42693,1,Male
42694,1,Female
42695,1,Female
42696,1,Male
42697,1,Male
42698,1,Male
42699,1,Male
42700,1,Female
42701,1,Male
42702,1,Female
42703,1,Male
42704,1,Male
42705,1,Female
42706,1,Male
42707,1,Female
42708,1,Female
42709,1,Female
42710,1,Male
42711,1,Male
42712,1,Male
42713,1,Female
42714,1,Male
42715,1,Male
42716,1,Male
42717,1,Male
42718,1,Female
42719,1,Male
42720,1,Male
42721,1,Male
42722,1,Male
42723,1,Male
42724,1,Male
42725,1,Female
42726,1,Male
42727,1,Male
42728,1,Female
42729,1,Male
42730,1,Male
42731,1,Male
42732,1,Male
42733,1,Male
42734,1,Male
42735,1,Female
42736,1,Male
42737,1,Female
42738,1,Male
42739,1,Male
42740,1,Male
42741,1,Male
42742,1,Male
42743,1,Male
42744,1,Female
42745,1,Male
42746,1,Female
42747,1,Female
42748,1,Male
42749,1,Male
42750,1,Male
42751,1,Male
42752,1,Female
42753,1,Male
42754,1,Male
42755,1,Female
42756,1,Male
42757,1,Male
42758,1,Male
42759,1,Male
42760,1,Male
42761,1,Male
42762,1,Male
42763,1,Male
42764,1,Female
42765,1,Male
42766,1,Female
42767,1,Female
42768,1,Female
42769,1,Female
42770,1,Male
42771,1,Male
42772,1,Male
42773,1,Male
42774,1,Male
42775,1,Male
42776,1,Male
42777,1,Male
42778,1,Male
42779,1,Male
42780,1,Male
42781,1,Male
42782,1,Male
42783,1,Male
42784,1,Male
42785,1,Female
42786,1,Male
42787,1,Male
42788,1,Male
42789,1,Female
42790,1,Male
42791,1,Female
42792,1,Male
42793,1,Male
42794,1,Male
42795,1,Male
42796,1,Female
42797,1,Male
42798,1,Female
42799,1,Male
42800,1,Male
42801,1,Male
42802,1,Male
42803,1,Male
42804,1,Female
42805,1,Female
42806,1,Male
42807,1,Male
42808,1,Male
42809,1,Female
42810,1,Male
42811,1,Female
42812,1,Male
42813,1,Female
42814,1,Female
42815,1,Male
42816,1,Male
42817,1,Female
42818,1,Male
42819,1,Male
42820,1,Male
42821,1,Female
42822,1,Male
42823,1,Male
42824,1,Male
42825,1,Male
42826,1,Male
42827,1,Male
42828,1,Male
42829,1,Male
42830,1,Male
42831,1,Male
42832,1,Male
42833,1,Male
42834,1,Female
42835,1,Female
42836,1,Male
42837,1,Male
42838,1,Male
42839,1,Male
42840,1,Male
42841,1,Female
42842,1,Male
42843,1,Male
42844,1,Female
42845,1,Male
42846,1,Male
42847,1,Male
42848,1,Male
42849,1,Male
42850,1,Male
42851,1,Male
42852,1,Female
42853,1,Male
42854,1,Female
42855,1,Male
42856,1,Male
42857,1,Male
42858,1,Male
42859,1,Female
42860,1,Male
42861,1,Male
42862,1,Male
42863,1,Female
42864,1,Male
42865,1,Female
42866,1,Male
42867,1,Male
42868,1,Female
42869,1,Male
42870,1,Male
42871,1,Male
42872,1,Male
42873,1,Male
42874,1,Female
42875,1,Female
42876,1,Male
42877,1,Male
42878,1,Male
42879,1,Male
42880,1,Female
42881,1,Male
42882,1,Male
42883,1,Male
42884,1,Female
42885,1,Male
42886,1,Male
42887,1,Male
42888,1,Female
42889,1,Male
42890,1,Male
42891,1,Male
42892,1,Female
42893,1,Female
42894,1,Male
42895,1,Male
42896,1,Female
42897,1,Male
42898,1,Male
42899,1,Male
42900,1,Male
42901,1,Male
42902,1,Female
42903,1,Male
42904,1,Female
42905,1,Male
42906,1,Male
42907,1,Male
42908,1,Female
42909,1,Male
42910,1,Female
42911,1,Male
42912,1,Male
42913,1,Female
42914,1,Female
42915,1,Male
42916,1,Male
42917,1,Male
42918,1,Male
42919,1,Male
42920,1,Male
42921,1,Male
42922,1,Female
42923,1,Female
42924,1,Female
42925,1,Female
42926,1,Male
42927,1,Female
42928,1,Male
42929,1,Male
42930,1,Female
42931,1,Female
42932,1,Male
42933,1,Male
42934,1,Male
42935,1,Male
42936,1,Male
42937,1,Male
42938,1,Female
42939,1,Male
42940,1,Female
42941,1,Male
42942,1,Male
42943,1,Female
42944,1,Female
42945,1,Female
42946,1,Female
42947,1,Female
42948,1,Male
42949,1,Female
42950,1,Male
42951,1,Female
42952,1,Male
42953,1,Female
42954,1,Female
42955,1,Female
42956,1,Male
42957,1,Male
42958,1,Male
42959,1,Male
42960,1,Male
42961,1,Female
42962,1,Male
42963,1,Male
42964,1,Female
42965,1,Male
42966,1,Female
42967,1,Male
42968,1,Male
42969,1,Male
42970,1,Female
42971,1,Male
42972,1,Male
42973,1,Male
42974,1,Male
42975,1,Female
42976,1,Male
42977,1,Male
42978,1,Male
42979,1,Male
42980,1,Female
42981,1,Male
42982,1,Male
42983,1,Male
42984,1,Male
42985,1,Male
42986,1,Male
42987,1,Male
42988,1,Female
42989,1,Male
42990,1,Male
42991,1,Male
42992,1,Male
42993,1,Female
42994,1,Female
42995,1,Female
42996,1,Female
42997,1,Male
42998,1,Male
42999,1,Male
43000,1,Male
43001,1,Female
43002,1,Male
43003,1,Male
43004,1,Male
43005,1,Male
43006,1,Male
43007,1,Male
43008,1,Male
43009,1,Male
43010,1,Male
43011,1,Female
43012,1,Female
43013,1,Male
43014,1,Male
43015,1,Male
43016,1,Male
43017,1,Female
43018,1,Male
43019,1,Male
43020,1,Male
43021,1,Male
43022,1,Female
43023,1,Male
43024,1,Male
43025,1,Female
43026,1,Male
43027,1,Male
43028,1,Female
43029,1,Female
43030,1,Female
43031,1,Male
43032,1,Female
43033,1,Female
43034,1,Female
43035,1,Female
43036,1,Male
43037,1,Male
43038,1,Male
43039,1,Male
43040,1,Male
43041,1,Male
43042,1,Male
43043,1,Female
43044,1,Male
43045,1,Male
43046,1,Male
43047,1,Male
43048,1,Male
43049,1,Male
43050,1,Female
43051,1,Female
43052,1,Male
43053,1,Female
43054,1,Female
43055,1,Female
43056,1,Male
43057,1,Male
43058,1,Male
43059,1,Male
43060,1,Male
43061,1,Male
43062,1,Male
43063,1,Female
43064,1,Female
43065,1,Male
43066,1,Female
43067,1,Female
43068,1,Female
43069,1,Female
43070,1,Male
43071,1,Female
43072,1,Male
43073,1,Female
43074,1,Female
43075,1,Male
43076,1,Male
43077,1,Male
43078,1,Female
43079,1,Female
43080,1,Male
43081,1,Female
43082,1,Female
43083,1,Female
43084,1,Male
43085,1,Female
43086,1,Female
43087,1,Female
43088,1,Female
43089,1,Male
43090,1,Female
43091,1,Male
43092,1,Female
43093,1,Male
43094,1,Male
43095,1,Female
43096,1,Male
43097,1,Male
43098,1,Male
43099,1,Male
43100,1,Male
43101,1,Male
43102,1,Male
43103,1,Male
43104,1,Male
43105,1,Female
43106,1,Female
43107,1,Female
43108,1,Male
43109,1,Male
43110,1,Male
43111,1,Male
43112,1,Male
43113,1,Male
43114,1,Male
43115,1,Male
43116,1,Female
43117,1,Male
43118,1,Female
43119,1,Female
43120,1,Male
43121,1,Male
43122,1,Male
43123,1,Male
43124,1,Male
43125,1,Female
43126,1,Male
43127,1,Male
43128,1,Male
43129,1,Female
43130,1,Female
43131,1,Male
43132,1,Female
43133,1,Male
43134,1,Male
43135,1,Female
43136,1,Male
43137,1,Male
43138,1,Male
43139,1,Male
43140,1,Male
43141,1,Male
43142,1,Male
43143,1,Female
43144,1,Female
43145,1,Male
43146,1,Male
43147,1,Male
43148,1,Male
43149,1,Male
43150,1,Female
43151,1,Male
43152,1,Male
43153,1,Female
43154,1,Male
43155,1,Male
43156,1,Female
43157,1,Male
43158,1,Male
43159,1,Male
43160,1,Male
43161,1,Male
43162,1,Female
43163,1,Male
43164,1,Male
43165,1,Male
43166,1,Female
43167,1,Male
43168,1,Male
43169,1,Male
43170,1,Male
43171,1,Male
43172,1,Male
43173,1,Male
43174,1,Male
43175,1,Male
43176,1,Male
43177,1,Female
43178,1,Female
43179,1,Male
43180,1,Male
43181,1,Female
43182,1,Male
43183,1,Female
43184,1,Female
43185,1,Female
43186,1,Male
43187,1,Male
43188,1,Male
43189,1,Female
43190,1,Male
43191,1,Male
43192,1,Male
43193,1,Male
43194,1,Male
43195,1,Male
43196,1,Male
43197,1,Female
43198,1,Male
43199,1,Male
43200,1,Male
43201,1,Male
43202,1,Male
43203,1,Male
43204,1,Female
43205,1,Male
43206,1,Female
43207,1,Male
43208,1,Female
43209,1,Male
43210,1,Male
43211,1,Male
43212,1,Male
43213,1,Male
43214,1,Male
43215,1,Male
43216,1,Male
43217,1,Male
43218,1,Male
43219,1,Female
43220,1,Male
43221,1,Male
43222,1,Female
43223,1,Male
43224,1,Male
43225,1,Male
43226,1,Male
43227,1,Male
43228,1,Male
43229,1,Male
43230,1,Male
43231,1,Male
43232,1,Male
43233,1,Male
43234,1,Female
43235,1,Female
43236,1,Female
43237,1,Male
43238,1,Female
43239,1,Male
43240,1,Male
43241,1,Male
43242,1,Female
43243,1,Female
43244,1,Female
43245,1,Male
43246,1,Female
43247,1,Male
43248,1,Male
43249,1,Male
43250,1,Male
43251,1,Male
43252,1,Male
43253,1,Male
43254,1,Male
43255,1,Male
43256,1,Male
43257,1,Male
43258,1,Male
43259,1,Male
43260,1,Male
43261,1,Female
43262,1,Male
43263,1,Male
43264,1,Female
43265,1,Male
43266,1,Male
43267,1,Male
43268,1,Female
43269,1,Male
43270,1,Female
43271,1,Female
43272,1,Female
43273,1,Female
43274,1,Female
43275,1,Male
43276,1,Female
43277,1,Female
43278,1,Male
43279,1,Male
43280,1,Female
43281,1,Female
43282,1,Male
43283,1,Male
43284,1,Male
43285,1,Male
43286,1,Female
43287,1,Male
43288,1,Male
43289,1,Male
43290,1,Male
43291,1,Male
43292,1,Male
43293,1,Male
43294,1,Male
43295,1,Male
43296,1,Male
43297,1,Female
43298,1,Male
43299,1,Male
43300,1,Male
43301,1,Male
43302,1,Female
43303,1,Female
43304,1,Female
43305,1,Male
43306,1,Female
43307,1,Male
43308,1,Female
43309,1,Male
43310,1,Female
43311,1,Male
43312,1,Female
43313,1,Male
43314,1,Male
43315,1,Male
43316,1,Male
43317,1,Male
43318,1,Male
43319,1,Female
43320,1,Female
43321,1,Male
43322,1,Male
43323,1,Male
43324,1,Male
43325,1,Male
43326,1,Female
43327,1,Male
43328,1,Male
43329,1,Male
43330,1,Male
43331,1,Male
43332,1,Female
43333,1,Female
43334,1,Male
43335,1,Male
43336,1,Female
43337,1,Female
43338,1,Female
43339,1,Male
43340,1,Female
43341,1,Male
43342,1,Female
43343,1,Male
43344,1,Male
43345,1,Male
43346,1,Male
43347,1,Male
43348,1,Male
43349,1,Male
43350,1,Female
43351,1,Male
43352,1,Male
43353,1,Male
43354,1,Female
43355,1,Female
43356,1,Female
43357,1,Male
43358,1,Female
43359,1,Male
43360,1,Male
43361,1,Male
43362,1,Male
43363,1,Male
43364,1,Male
43365,1,Male
43366,1,Female
43367,1,Male
43368,1,Female
43369,1,Male
43370,1,Male
43371,1,Female
43372,1,Male
43373,1,Female
43374,1,Female
43375,1,Female
43376,1,Female
43377,1,Male
43378,1,Male
43379,1,Female
43380,1,Female
43381,1,Male
43382,1,Male
43383,1,Male
43384,1,Female
43385,1,Male
43386,1,Male
43387,1,Female
43388,1,Male
43389,1,Male
43390,1,Male
43391,1,Male
43392,1,Male
43393,1,Male
43394,1,Male
43395,1,Male
43396,1,Female
43397,1,Male
43398,1,Male
43399,1,Female
43400,1,Female
43401,1,Male
43402,1,Male
43403,1,Male
43404,1,Male
43405,1,Female
43406,1,Male
43407,1,Male
43408,1,Male
43409,1,Male
43410,1,Male
43411,1,Male
43412,1,Female
43413,1,Female
43414,1,Female
43415,1,Male
43416,1,Male
43417,1,Male
43418,1,Male
43419,1,Female
43420,1,Male
43421,1,Male
43422,1,Male
43423,1,Female
43424,1,Female
43425,1,Male
43426,1,Female
43427,1,Male
43428,1,Female
43429,1,Female
43430,1,Male
43431,1,Male
43432,1,Male
43433,1,Female
43434,1,Male
43435,1,Female
43436,1,Male
43437,1,Male
43438,1,Male
43439,1,Female
43440,1,Female
43441,1,Male
43442,1,Male
43443,1,Female
43444,1,Male
43445,1,Male
43446,1,Male
43447,1,Male
43448,1,Male
43449,1,Female
43450,1,Male
43451,1,Male
43452,1,Female
43453,1,Male
43454,1,Female
43455,1,Female
43456,1,Male
43457,1,Male
43458,1,Male
43459,1,Female
43460,1,Male
43461,1,Male
43462,1,Male
43463,1,Male
43464,1,Male
43465,1,Female
43466,1,Female
43467,1,Male
43468,1,Female
43469,1,Male
43470,1,Male
43471,1,Female
43472,1,Male
43473,1,Male
43474,1,Male
43475,1,Male
43476,1,Male
43477,1,Female
43478,1,Male
43479,1,Male
43480,1,Male
43481,1,Male
43482,1,Female
43483,1,Male
43484,1,Male
43485,1,Male
43486,1,Female
43487,1,Female
43488,1,Female
43489,1,Male
43490,1,Female
43491,1,Male
43492,1,Female
43493,1,Male
43494,1,Female
43495,1,Female
43496,1,Female
43497,1,Female
43498,1,Female
43499,1,Male
43500,1,Male
43501,1,Male
43502,1,Female
43503,1,Female
43504,1,Male
43505,1,Female
43506,1,Male
43507,1,Male
43508,1,Male
43509,1,Male
43510,1,Male
43511,1,Male
43512,1,Male
43513,1,Female
43514,1,Female
43515,1,Male
43516,1,Male
43517,1,Female
43518,1,Male
43519,1,Male
43520,1,Male
43521,1,Male
43522,1,Female
43523,1,Female
43524,1,Female
43525,1,Male
43526,1,Male
43527,1,Male
43528,1,Male
43529,1,Female
43530,1,Male
43531,1,Female
43532,1,Male
43533,1,Male
43534,1,Male
43535,1,Male
43536,1,Male
43537,1,Male
43538,1,Male
43539,1,Male
43540,1,Male
43541,1,Male
43542,1,Male
43543,1,Male
43544,1,Male
43545,1,Male
43546,1,Male
43547,1,Male
43548,1,Female
43549,1,Female
43550,1,Male
43551,1,Male
43552,1,Male
43553,1,Female
43554,1,Female
43555,1,Male
43556,1,Male
43557,1,Male
43558,1,Male
43559,1,Male
43560,1,Male
43561,1,Female
43562,1,Male
43563,1,Male
43564,1,Female
43565,1,Male
43566,1,Male
43567,1,Male
43568,1,Male
43569,1,Male
43570,1,Male
43571,1,Male
43572,1,Male
43573,1,Male
43574,1,Female
43575,1,Female
43576,1,Male
43577,1,Female
43578,1,Male
43579,1,Female
43580,1,Male
43581,1,Female
43582,1,Female
43583,1,Female
43584,1,Male
43585,1,Male
43586,1,Female
43587,1,Female
43588,1,Male
43589,1,Male
43590,1,Female
43591,1,Female
43592,1,Female
43593,1,Female
43594,1,Male
43595,1,Male
43596,1,Female
43597,1,Female
43598,1,Male
43599,1,Male
43600,1,Female
43601,1,Male
43602,1,Female
43603,1,Male
43604,1,Male
43605,1,Male
43606,1,Male
43607,1,Male
43608,1,Female
43609,1,Male
43610,1,Female
43611,1,Male
43612,1,Male
43613,1,Male
43614,1,Female
43615,1,Male
43616,1,Male
43617,1,Male
43618,1,Female
43619,1,Male
43620,1,Male
43621,1,Male
43622,1,Male
43623,1,Male
43624,1,Male
43625,1,Male
43626,1,Female
43627,1,Male
43628,1,Male
43629,1,Female
43630,1,Male
43631,1,Male
43632,1,Male
43633,1,Male
43634,1,Male
43635,1,Male
43636,1,Female
43637,1,Male
43638,1,Male
43639,1,Male
43640,1,Male
43641,1,Male
43642,1,Female
43643,1,Female
43644,1,Female
43645,1,Male
43646,1,Male
43647,1,Male
43648,1,Male
43649,1,Male
43650,1,Male
43651,1,Female
43652,1,Male
43653,1,Male
43654,1,Male
43655,1,Female
43656,1,Male
43657,1,Female
43658,1,Male
43659,1,Male
43660,1,Male
43661,1,Male
43662,1,Male
43663,1,Female
43664,1,Female
43665,1,Male
43666,1,Male
43667,1,Male
43668,1,Male
43669,1,Male
43670,1,Male
43671,1,Female
43672,1,Female
43673,1,Female
43674,1,Male
43675,1,Male
43676,1,Male
43677,1,Female
43678,1,Female
43679,1,Male
43680,1,Female
43681,1,Female
43682,1,Male
43683,1,Male
43684,1,Male
43685,1,Male
43686,1,Male
43687,1,Female
43688,1,Male
43689,1,Male
43690,1,Male
43691,1,Female
43692,1,Female
43693,1,Male
43694,1,Female
43695,1,Female
43696,1,Male
43697,1,Male
43698,1,Female
43699,1,Male
43700,1,Male
43701,1,Female
43702,1,Male
43703,1,Male
43704,1,Female
43705,1,Male
43706,1,Male
43707,1,Female
43708,1,Female
43709,1,Female
43710,1,Male
43711,1,Male
43712,1,Male
43713,1,Female
43714,1,Male
43715,1,Female
43716,1,Female
43717,1,Male
43718,1,Male
43719,1,Male
43720,1,Male
43721,1,Male
43722,1,Male
43723,1,Male
43724,1,Female
43725,1,Female
43726,1,Male
43727,1,Male
43728,1,Male
43729,1,Male
43730,1,Female
43731,1,Male
43732,1,Female
43733,1,Male
43734,1,Female
43735,1,Male
43736,1,Female
43737,1,Female
43738,1,Female
43739,1,Male
43740,1,Male
43741,1,Male
43742,1,Male
43743,1,Female
43744,1,Male
43745,1,Male
43746,1,Male
43747,1,Male
43748,1,Male
43749,1,Male
43750,1,Female
43751,1,Female
43752,1,Male
43753,1,Male
43754,1,Male
43755,1,Female
43756,1,Male
43757,1,Male
43758,1,Female
43759,1,Female
43760,1,Male
43761,1,Male
43762,1,Female
43763,1,Male
43764,1,Male
43765,1,Male
43766,1,Male
43767,1,Female
43768,1,Male
43769,1,Male
43770,1,Male
43771,1,Female
43772,1,Female
43773,1,Male
43774,1,Male
43775,1,Female
43776,1,Female
43777,1,Male
43778,1,Male
43779,1,Male
43780,1,Male
43781,1,Male
43782,1,Male
43783,1,Male
43784,1,Male
43785,1,Male
43786,1,Female
43787,1,Male
43788,1,Male
43789,1,Male
43790,1,Female
43791,1,Female
43792,1,Male
43793,1,Male
43794,1,Male
43795,1,Female
43796,1,Male
43797,1,Male
43798,1,Male
43799,1,Male
43800,1,Male
43801,1,Male
43802,1,Male
43803,1,Male
43804,1,Male
43805,1,Female
43806,1,Male
43807,1,Male
43808,1,Male
43809,1,Female
43810,1,Female
43811,1,Male
43812,1,Male
43813,1,Female
43814,1,Male
43815,1,Male
43816,1,Male
43817,1,Male
43818,1,Male
43819,1,Male
43820,1,Male
43821,1,Female
43822,1,Male
43823,1,Female
43824,1,Male
43825,1,Male
43826,1,Female
43827,1,Male
43828,1,Male
43829,1,Male
43830,1,Male
43831,1,Male
43832,1,Female
43833,1,Male
43834,1,Female
43835,1,Female
43836,1,Female
43837,1,Female
43838,1,Male
43839,1,Female
43840,1,Male
43841,1,Male
43842,1,Female
43843,1,Female
43844,1,Female
43845,1,Female
43846,1,Female
43847,1,Female
43848,1,Female
43849,1,Female
43850,1,Female
43851,1,Male
43852,1,Male
43853,1,Female
43854,1,Female
43855,1,Male
43856,1,Female
43857,1,Female
43858,1,Female
43859,1,Male
43860,1,Female
43861,1,Male
43862,1,Male
43863,1,Male
43864,1,Female
43865,1,Male
43866,1,Female
43867,1,Male
43868,1,Male
43869,1,Male
43870,1,Male
43871,1,Male
43872,1,Male
43873,1,Male
43874,1,Male
43875,1,Female
43876,1,Male
43877,1,Female
43878,1,Female
43879,1,Male
43880,1,Female
43881,1,Female
43882,1,Male
43883,1,Male
43884,1,Female
43885,1,Male
43886,1,Female
43887,1,Female
43888,1,Male
43889,1,Male
43890,1,Female
43891,1,Male
43892,1,Male
43893,1,Female
43894,1,Male
43895,1,Male
43896,1,Male
43897,1,Female
43898,1,Male
43899,1,Female
43900,1,Male
43901,1,Male
43902,1,Female
43903,1,Male
43904,1,Male
43905,1,Female
43906,1,Female
43907,1,Male
43908,1,Male
43909,1,Male
43910,1,Male
43911,1,Male
43912,1,Male
43913,1,Male
43914,1,Female
43915,1,Female
43916,1,Female
43917,1,Male
43918,1,Male
43919,1,Male
43920,1,Male
43921,1,Male
43922,1,Female
43923,1,Male
43924,1,Male
43925,1,Male
43926,1,Female
43927,1,Female
43928,1,Male
43929,1,Male
43930,1,Male
43931,1,Male
43932,1,Male
43933,1,Male
43934,1,Female
43935,1,Male
43936,1,Male
43937,1,Male
43938,1,Male
43939,1,Male
43940,1,Male
43941,1,Male
43942,1,Male
43943,1,Male
43944,1,Male
43945,1,Male
43946,1,Male
43947,1,Male
43948,1,Female
43949,1,Male
43950,1,Male
43951,1,Male
43952,1,Male
43953,1,Female
43954,1,Male
43955,1,Female
43956,1,Male
43957,1,Male
43958,1,Male
43959,1,Female
43960,1,Male
43961,1,Female
43962,1,Male
43963,1,Male
43964,1,Male
43965,1,Female
43966,1,Male
43967,1,Female
43968,1,Male
43969,1,Male
43970,1,Female
43971,1,Male
43972,1,Male
43973,1,Female
43974,1,Female
43975,1,Male
43976,1,Male
43977,1,Female
43978,1,Male
43979,1,Female
43980,1,Male
43981,1,Male
43982,1,Female
43983,1,Female
43984,1,Male
43985,1,Male
43986,1,Male
43987,1,Male
43988,1,Male
43989,1,Male
43990,1,Male
43991,1,Female
43992,1,Male
43993,1,Male
43994,1,Male
43995,1,Male
43996,1,Male
43997,1,Male
43998,1,Male
43999,1,Male
44000,1,Male
44001,1,Male
44002,1,Male
44003,1,Male
44004,1,Female
44005,1,Female
44006,1,Male
44007,1,Male
44008,1,Female
44009,1,Female
44010,1,Male
44011,1,Male
44012,1,Female
44013,1,Male
44014,1,Female
44015,1,Female
44016,1,Male
44017,1,Male
44018,1,Male
44019,1,Female
44020,1,Male
44021,1,Male
44022,1,Female
44023,1,Male
44024,1,Female
44025,1,Male
44026,1,Male
44027,1,Male
44028,1,Male
44029,1,Male
44030,1,Female
44031,1,Male
44032,1,Female
44033,1,Female
44034,1,Male
44035,1,Male
44036,1,Male
44037,1,Male
44038,1,Female
44039,1,Female
44040,1,Female
44041,1,Female
44042,1,Female
44043,1,Female
44044,1,Female
44045,1,Female
44046,1,Male
44047,1,Female
44048,1,Male
44049,1,Male
44050,1,Female
44051,1,Male
44052,1,Male
44053,1,Male
44054,1,Female
44055,1,Female
44056,1,Male
44057,1,Male
44058,1,Male
44059,1,Male
44060,1,Male
44061,1,Male
44062,1,Male
44063,1,Female
44064,1,Male
44065,1,Male
44066,1,Male
44067,1,Female
44068,1,Male
44069,1,Female
44070,1,Female
44071,1,Female
44072,1,Male
44073,1,Male
44074,1,Male
44075,1,Male
44076,1,Male
44077,1,Female
44078,1,Male
44079,1,Male
44080,1,Male
44081,1,Male
44082,1,Female
44083,1,Male
44084,1,Male
44085,1,Female
44086,1,Male
44087,1,Male
44088,1,Male
44089,1,Male
44090,1,Female
44091,1,Male
44092,1,Female
44093,1,Male
44094,1,Male
44095,1,Female
44096,1,Male
44097,1,Male
44098,1,Female
44099,1,Female
44100,1,Male
44101,1,Female
44102,1,Male
44103,1,Male
44104,1,Male
44105,1,Male
44106,1,Female
44107,1,Male
44108,1,Male
44109,1,Female
44110,1,Male
44111,1,Male
44112,1,Male
44113,1,Male
44114,1,Male
44115,1,Male
44116,1,Male
44117,1,Female
44118,1,Female
44119,1,Female
44120,1,Female
44121,1,Female
44122,1,Male
44123,1,Male
44124,1,Male
44125,1,Male
44126,1,Female
44127,1,Male
44128,1,Female
44129,1,Male
44130,1,Male
44131,1,Male
44132,1,Male
44133,1,Female
44134,1,Female
44135,1,Female
44136,1,Male
44137,1,Male
44138,1,Female
44139,1,Male
44140,1,Male
44141,1,Male
44142,1,Female
44143,1,Male
44144,1,Female
44145,1,Female
44146,1,Male
44147,1,Male
44148,1,Male
44149,1,Male
44150,1,Male
44151,1,Female
44152,1,Male
44153,1,Female
44154,1,Female
44155,1,Male
44156,1,Female
44157,1,Male
44158,1,Female
44159,1,Male
44160,1,Male
44161,1,Male
44162,1,Female
44163,1,Male
44164,1,Male
44165,1,Male
44166,1,Male
44167,1,Male
44168,1,Female
44169,1,Female
44170,1,Male
44171,1,Male
44172,1,Male
44173,1,Male
44174,1,Female
44175,1,Male
44176,1,Male
44177,1,Female
44178,1,Female
44179,1,Male
44180,1,Male
44181,1,Male
44182,1,Male
44183,1,Male
44184,1,Female
44185,1,Male
44186,1,Female
44187,1,Female
44188,1,Male
44189,1,Male
44190,1,Male
44191,1,Male
44192,1,Female
44193,1,Female
44194,1,Male
44195,1,Female
44196,1,Female
44197,1,Male
44198,1,Female
44199,1,Male
44200,1,Male
44201,1,Male
44202,1,Male
44203,1,Male
44204,1,Female
44205,1,Female
44206,1,Male
44207,1,Male
44208,1,Male
44209,1,Male
44210,1,Female
44211,1,Male
44212,1,Male
44213,1,Male
44214,1,Male
44215,1,Male
44216,1,Male
44217,1,Female
44218,1,Male
44219,1,Male
44220,1,Female
44221,1,Female
44222,1,Female
44223,1,Male
44224,1,Male
44225,1,Female
44226,1,Male
44227,1,Female
44228,1,Female
44229,1,Male
44230,1,Male
44231,1,Male
44232,1,Male
44233,1,Male
44234,1,Female
44235,1,Female
44236,1,Female
44237,1,Male
44238,1,Male
44239,1,Male
44240,1,Male
44241,1,Male
44242,1,Male
44243,1,Male
44244,1,Male
44245,1,Male
44246,1,Female
44247,1,Male
44248,1,Male
44249,1,Male
44250,1,Male
44251,1,Male
44252,1,Female
44253,1,Male
44254,1,Male
44255,1,Male
44256,1,Male
44257,1,Male
44258,1,Male
44259,1,Female
44260,1,Male
44261,1,Female
44262,1,Female
44263,1,Female
44264,1,Male
44265,1,Female
44266,1,Female
44267,1,Male
44268,1,Male
44269,1,Female
44270,1,Male
44271,1,Female
44272,1,Male
44273,1,Male
44274,1,Male
44275,1,Female
44276,1,Male
44277,1,Female
44278,1,Male
44279,1,Male
44280,1,Male
44281,1,Male
44282,1,Female
44283,1,Male
44284,1,Female
44285,1,Male
44286,1,Male
44287,1,Male
44288,1,Male
44289,1,Female
44290,1,Female
44291,1,Male
44292,1,Female
44293,1,Male
44294,1,Female
44295,1,Female
44296,1,Male
44297,1,Female
44298,1,Female
44299,1,Male
44300,1,Male
44301,1,Female
44302,1,Male
44303,1,Male
44304,1,Female
44305,1,Male
44306,1,Male
44307,1,Male
44308,1,Male
44309,1,Female
44310,1,Male
44311,1,Male
44312,1,Female
44313,1,Male
44314,1,Male
44315,1,Female
44316,1,Male
44317,1,Male
44318,1,Male
44319,1,Male
44320,1,Male
44321,1,Female
44322,1,Male
44323,1,Female
44324,1,Male
44325,1,Male
44326,1,Female
44327,1,Male
44328,1,Male
44329,1,Male
44330,1,Male
44331,1,Female
44332,1,Female
44333,1,Male
44334,1,Male
44335,1,Female
44336,1,Female
44337,1,Female
44338,1,Male
44339,1,Female
44340,1,Male
44341,1,Male
44342,1,Male
44343,1,Female
44344,1,Male
44345,1,Male
44346,1,Male
44347,1,Female
44348,1,Male
44349,1,Male
44350,1,Male
44351,1,Male
44352,1,Female
44353,1,Male
44354,1,Male
44355,1,Female
44356,1,Male
44357,1,Male
44358,1,Male
44359,1,Male
44360,1,Male
44361,1,Female
44362,1,Male
44363,1,Male
44364,1,Male
44365,1,Male
44366,1,Female
44367,1,Male
44368,1,Female
44369,1,Male
44370,1,Male
44371,1,Male
44372,1,Male
44373,1,Male
44374,1,Female
44375,1,Female
44376,1,Male
44377,1,Male
44378,1,Male
44379,1,Male
44380,1,Male
44381,1,Male
44382,1,Male
44383,1,Female
44384,1,Female
44385,1,Male
44386,1,Male
44387,1,Female
44388,1,Female
44389,1,Male
44390,1,Female
44391,1,Female
44392,1,Male
44393,1,Male
44394,1,Male
44395,1,Male
44396,1,Male
44397,1,Female
44398,1,Male
44399,1,Male
44400,1,Male
44401,1,Male
44402,1,Male
44403,1,Male
44404,1,Male
44405,1,Male
44406,1,Male
44407,1,Male
44408,1,Male
44409,1,Female
44410,1,Male
44411,1,Male
44412,1,Male
44413,1,Male
44414,1,Female
44415,1,Male
44416,1,Male
44417,1,Male
44418,1,Male
44419,1,Female
44420,1,Female
44421,1,Female
44422,1,Male
44423,1,Male
44424,1,Male
44425,1,Male
44426,1,Male
44427,1,Female
44428,1,Male
44429,1,Female
44430,1,Female
44431,1,Male
44432,1,Male
44433,1,Male
44434,1,Male
44435,1,Male
44436,1,Male
44437,1,Male
44438,1,Male
44439,1,Male
44440,1,Male
44441,1,Female
44442,1,Female
44443,1,Male
44444,1,Male
44445,1,Male
44446,1,Male
44447,1,Male
44448,1,Female
44449,1,Male
44450,1,Male
44451,1,Male
44452,1,Male
44453,1,Female
44454,1,Female
44455,1,Female
44456,1,Male
44457,1,Male
44458,1,Male
44459,1,Female
44460,1,Male
44461,1,Female
44462,1,Male
44463,1,Male
44464,1,Female
44465,1,Male
44466,1,Male
44467,1,Male
44468,1,Male
44469,1,Male
44470,1,Male
44471,1,Female
44472,1,Male
44473,1,Female
44474,1,Male
44475,1,Female
44476,1,Female
44477,1,Male
44478,1,Male
44479,1,Female
44480,1,Female
44481,1,Female
44482,1,Male
44483,1,Male
44484,1,Male
44485,1,Female
44486,1,Male
44487,1,Female
44488,1,Female
44489,1,Female
44490,1,Female
44491,1,Female
44492,1,Female
44493,1,Male
44494,1,Male
44495,1,Male
44496,1,Male
44497,1,Male
44498,1,Male
44499,1,Female
44500,1,Male
44501,1,Female
44502,1,Female
44503,1,Female
44504,1,Male
44505,1,Male
44506,1,Male
44507,1,Male
44508,1,Male
44509,1,Male
44510,1,Female
44511,1,Male
44512,1,Female
44513,1,Male
44514,1,Male
44515,1,Female
44516,1,Male
44517,1,Male
44518,1,Male
44519,1,Female
44520,1,Male
44521,1,Male
44522,1,Male
44523,1,Male
44524,1,Male
44525,1,Male
44526,1,Male
44527,1,Male
44528,1,Female
44529,1,Male
44530,1,Male
44531,1,Female
44532,1,Male
44533,1,Male
44534,1,Male
44535,1,Male
44536,1,Male
44537,1,Female
44538,1,Female
44539,1,Male
44540,1,Female
44541,1,Male
44542,1,Male
44543,1,Female
44544,1,Female
44545,1,Male
44546,1,Male
44547,1,Male
44548,1,Female
44549,1,Female
44550,1,Female
44551,1,Male
44552,1,Male
44553,1,Male
44554,1,Male
44555,1,Male
44556,1,Female
44557,1,Male
44558,1,Male
44559,1,Female
44560,1,Female
44561,1,Female
44562,1,Female
44563,1,Male
44564,1,Female
44565,1,Female
44566,1,Male
44567,1,Male
44568,1,Male
44569,1,Female
44570,1,Male
44571,1,Male
44572,1,Female
44573,1,Female
44574,1,Female
44575,1,Male
44576,1,Female
44577,1,Male
44578,1,Male
44579,1,Male
44580,1,Male
44581,1,Female
44582,1,Male
44583,1,Male
44584,1,Female
44585,1,Male
44586,1,Male
44587,1,Female
44588,1,Female
44589,1,Male
44590,1,Male
44591,1,Female
44592,1,Female
44593,1,Male
44594,1,Male
44595,1,Female
44596,1,Male
44597,1,Male
44598,1,Male
44599,1,Female
44600,1,Female
44601,1,Male
44602,1,Female
44603,1,Male
44604,1,Male
44605,1,Male
44606,1,Male
44607,1,Male
44608,1,Male
44609,1,Male
44610,1,Male
44611,1,Female
44612,1,Male
44613,1,Female
44614,1,Female
44615,1,Male
44616,1,Female
44617,1,Male
44618,1,Male
44619,1,Female
44620,1,Male
44621,1,Male
44622,1,Male
44623,1,Male
44624,1,Male
44625,1,Male
44626,1,Male
44627,1,Male
44628,1,Male
44629,1,Female
44630,1,Male
44631,1,Male
44632,1,Male
44633,1,Female
44634,1,Male
44635,1,Female
44636,1,Female
44637,1,Male
44638,1,Female
44639,1,Male
44640,1,Male
44641,1,Male
44642,1,Male
44643,1,Male
44644,1,Male
44645,1,Female
44646,1,Male
44647,1,Female
44648,1,Female
44649,1,Female
44650,1,Male
44651,1,Male
44652,1,Female
44653,1,Male
44654,1,Male
44655,1,Male
44656,1,Male
44657,1,Male
44658,1,Male
44659,1,Female
44660,1,Male
44661,1,Female
44662,1,Male
44663,1,Female
44664,1,Male
44665,1,Male
44666,1,Male
44667,1,Female
44668,1,Female
44669,1,Female
44670,1,Male
44671,1,Female
44672,1,Female
44673,1,Female
44674,1,Male
44675,1,Male
44676,1,Male
44677,1,Female
44678,1,Male
44679,1,Male
44680,1,Male
44681,1,Female
44682,1,Male
44683,1,Female
44684,1,Male
44685,1,Male
44686,1,Male
44687,1,Male
44688,1,Female
44689,1,Male
44690,1,Male
44691,1,Female
44692,1,Female
44693,1,Male
44694,1,Female
44695,1,Male
44696,1,Male
44697,1,Male
44698,1,Male
44699,1,Female
44700,1,Female
44701,1,Male
44702,1,Female
44703,1,Male
44704,1,Male
44705,1,Male
44706,1,Male
44707,1,Male
44708,1,Male
44709,1,Male
44710,1,Male
44711,1,Male
44712,1,Female
44713,1,Male
44714,1,Male
44715,1,Male
44716,1,Male
44717,1,Male
44718,1,Male
44719,1,Male
44720,1,Male
44721,1,Female
44722,1,Female
44723,1,Male
44724,1,Male
44725,1,Male
44726,1,Male
44727,1,Female
44728,1,Male
44729,1,Female
44730,1,Male
44731,1,Male
44732,1,Female
44733,1,Male
44734,1,Female
44735,1,Male
44736,1,Male
44737,1,Female
44738,1,Male
44739,1,Male
44740,1,Male
44741,1,Female
44742,1,Male
44743,1,Female
44744,1,Female
44745,1,Male
44746,1,Male
44747,1,Male
44748,1,Male
44749,1,Male
44750,1,Male
44751,1,Male
44752,1,Male
44753,1,Female
44754,1,Male
44755,1,Male
44756,1,Male
44757,1,Male
44758,1,Male
44759,1,Female
44760,1,Male
44761,1,Male
44762,1,Female
44763,1,Male
44764,1,Male
44765,1,Male
44766,1,Male
44767,1,Male
44768,1,Female
44769,1,Male
44770,1,Male
44771,1,Female
44772,1,Male
44773,1,Male
44774,1,Male
44775,1,Male
44776,1,Male
44777,1,Female
44778,1,Female
44779,1,Male
44780,1,Male
44781,1,Female
44782,1,Female
44783,1,Female
44784,1,Male
44785,1,Male
44786,1,Male
44787,1,Male
44788,1,Female
44789,1,Female
44790,1,Male
44791,1,Female
44792,1,Female
44793,1,Female
44794,1,Female
44795,1,Male
44796,1,Female
44797,1,Female
44798,1,Female
44799,1,Male
44800,1,Male
44801,1,Male
44802,1,Male
44803,1,Female
44804,1,Male
44805,1,Male
44806,1,Female
44807,1,Female
44808,1,Male
44809,1,Female
44810,1,Male
44811,1,Female
44812,1,Male
44813,1,Male
44814,1,Female
44815,1,Female
44816,1,Male
44817,1,Male
44818,1,Male
44819,1,Female
44820,1,Male
44821,1,Male
44822,1,Male
44823,1,Female
44824,1,Male
44825,1,Male
44826,1,Female
44827,1,Female
44828,1,Male
44829,1,Female
44830,1,Female
44831,1,Female
44832,1,Female
44833,1,Female
44834,1,Male
44835,1,Female
44836,1,Female
44837,1,Female
44838,1,Male
44839,1,Female
44840,1,Male
44841,1,Male
44842,1,Female
44843,1,Male
44844,1,Male
44845,1,Male
44846,1,Female
44847,1,Male
44848,1,Male
44849,1,Male
44850,1,Male
44851,1,Male
44852,1,Male
44853,1,Male
44854,1,Male
44855,1,Female
44856,1,Male
44857,1,Female
44858,1,Male
44859,1,Female
44860,1,Male
44861,1,Male
44862,1,Female
44863,1,Male
44864,1,Male
44865,1,Male
44866,1,Female
44867,1,Male
44868,1,Male
44869,1,Male
44870,1,Male
44871,1,Male
44872,1,Female
44873,1,Male
44874,1,Male
44875,1,Female
44876,1,Male
44877,1,Male
44878,1,Male
44879,1,Male
44880,1,Male
44881,1,Male
44882,1,Male
44883,1,Male
44884,1,Male
44885,1,Female
44886,1,Male
44887,1,Male
44888,1,Male
44889,1,Male
44890,1,Female
44891,1,Male
44892,1,Female
44893,1,Female
44894,1,Female
44895,1,Male
44896,1,Female
44897,1,Male
44898,1,Female
44899,1,Female
44900,1,Female
44901,1,Female
44902,1,Male
44903,1,Male
44904,1,Female
44905,1,Female
44906,1,Male
44907,1,Female
44908,1,Male
44909,1,Male
44910,1,Female
44911,1,Male
44912,1,Male
44913,1,Female
44914,1,Male
44915,1,Male
44916,1,Male
44917,1,Female
44918,1,Female
44919,1,Male
44920,1,Female
44921,1,Male
44922,1,Male
44923,1,Male
44924,1,Female
44925,1,Male
44926,1,Male
44927,1,Male
44928,1,Female
44929,1,Male
44930,1,Male
44931,1,Male
44932,1,Male
44933,1,Male
44934,1,Female
44935,1,Female
44936,1,Male
44937,1,Male
44938,1,Male
44939,1,Male
44940,1,Male
44941,1,Male
44942,1,Female
44943,1,Male
44944,1,Male
44945,1,Female
44946,1,Male
44947,1,Male
44948,1,Female
44949,1,Female
44950,1,Female
44951,1,Male
44952,1,Male
44953,1,Male
44954,1,Male
44955,1,Male
44956,1,Male
44957,1,Male
44958,1,Male
44959,1,Female
44960,1,Female
44961,1,Male
44962,1,Male
44963,1,Male
44964,1,Male
44965,1,Female
44966,1,Male
44967,1,Male
44968,1,Male
44969,1,Female
44970,1,Male
44971,1,Male
44972,1,Male
44973,1,Female
44974,1,Male
44975,1,Female
44976,1,Male
44977,1,Female
44978,1,Female
44979,1,Male
44980,1,Male
44981,1,Male
44982,1,Male
44983,1,Male
44984,1,Female
44985,1,Male
44986,1,Male
44987,1,Male
44988,1,Male
44989,1,Female
44990,1,Male
44991,1,Male
44992,1,Male
44993,1,Male
44994,1,Male
44995,1,Female
44996,1,Female
44997,1,Female
44998,1,Female
44999,1,Male
45000,1,Male
45001,1,Female
45002,1,Male
45003,1,Female
45004,1,Female
45005,1,Male
45006,1,Male
45007,1,Female
45008,1,Male
45009,1,Female
45010,1,Male
45011,1,Male
45012,1,Male
45013,1,Male
45014,1,Male
45015,1,Male
45016,1,Male
45017,1,Female
45018,1,Male
45019,1,Male
45020,1,Male
45021,1,Male
45022,1,Male
45023,1,Male
45024,1,Male
45025,1,Female
45026,1,Male
45027,1,Female
45028,1,Male
45029,1,Male
45030,1,Male
45031,1,Female
45032,1,Male
45033,1,Male
45034,1,Male
45035,1,Male
45036,1,Female
45037,1,Male
45038,1,Male
45039,1,Female
45040,1,Female
45041,1,Female
45042,1,Female
45043,1,Male
45044,1,Female
45045,1,Female
45046,1,Male
45047,1,Male
45048,1,Male
45049,1,Male
45050,1,Male
45051,1,Female
45052,1,Male
45053,1,Male
45054,1,Female
45055,1,Female
45056,1,Male
45057,1,Female
45058,1,Male
45059,1,Male
45060,1,Male
45061,1,Male
45062,1,Female
45063,1,Male
45064,1,Male
45065,1,Female
45066,1,Male
45067,1,Female
45068,1,Male
45069,1,Female
45070,1,Male
45071,1,Female
45072,1,Male
45073,1,Female
45074,1,Male
45075,1,Male
45076,1,Female
45077,1,Male
45078,1,Male
45079,1,Male
45080,1,Female
45081,1,Male
45082,1,Male
45083,1,Female
45084,1,Male
45085,1,Male
45086,1,Male
45087,1,Male
45088,1,Female
45089,1,Male
45090,1,Female
45091,1,Male
45092,1,Female
45093,1,Female
45094,1,Male
45095,1,Male
45096,1,Male
45097,1,Female
45098,1,Male
45099,1,Male
45100,1,Male
45101,1,Male
45102,1,Male
45103,1,Female
45104,1,Male
45105,1,Male
45106,1,Male
45107,1,Female
45108,1,Male
45109,1,Male
45110,1,Male
45111,1,Male
45112,1,Male
45113,1,Female
45114,1,Male
45115,1,Male
45116,1,Female
45117,1,Male
45118,1,Female
45119,1,Female
45120,1,Female
45121,1,Male
45122,1,Male
45123,1,Female
45124,1,Male
45125,1,Male
45126,1,Male
45127,1,Female
45128,1,Male
45129,1,Male
45130,1,Female
45131,1,Male
45132,1,Male
45133,1,Male
45134,1,Female
45135,1,Female
45136,1,Male
45137,1,Male
45138,1,Male
45139,1,Male
45140,1,Female
45141,1,Male
45142,1,Male
45143,1,Male
45144,1,Male
45145,1,Male
45146,1,Female
45147,1,Male
45148,1,Male
45149,1,Male
45150,1,Female
45151,1,Female
45152,1,Male
45153,1,Male
45154,1,Female
45155,1,Female
45156,1,Female
45157,1,Female
45158,1,Female
45159,1,Male
45160,1,Female
45161,1,Male
45162,1,Female
45163,1,Male
45164,1,Male
45165,1,Male
45166,1,Male
45167,1,Male
45168,1,Female
45169,1,Female
45170,1,Male
45171,1,Female
45172,1,Male
45173,1,Male
45174,1,Male
45175,1,Male
45176,1,Male
45177,1,Female
45178,1,Male
45179,1,Male
45180,1,Female
45181,1,Male
45182,1,Male
45183,1,Male
45184,1,Female
45185,1,Male
45186,1,Male
45187,1,Male
45188,1,Male
45189,1,Male
45190,1,Male
45191,1,Male
45192,1,Male
45193,1,Male
45194,1,Male
45195,1,Male
45196,1,Male
45197,1,Female
45198,1,Male
45199,1,Male
45200,1,Male
45201,1,Female
45202,1,Male
45203,1,Female
45204,1,Female
45205,1,Male
45206,1,Male
45207,1,Male
45208,1,Male
45209,1,Female
45210,1,Female
45211,1,Male
45212,1,Male
45213,1,Male
45214,1,Male
45215,1,Male
45216,1,Female
45217,1,Male
45218,1,Male
45219,1,Female
45220,1,Male
45221,1,Male
45222,1,Male
