id,cluster_id,protected_attribute
1,1,F
2,1,F
3,1,F
4,1,F
5,1,M
6,1,M
7,2,M
8,1,F
9,1,F
10,1,M
11,2,F
12,2,F
13,2,F
14,1,M
15,2,M
16,1,F
17,1,M
18,2,M
19,2,F
20,2,F
21,1,F
22,1,F
23,1,F
24,2,F
25,1,M
26,1,M
27,1,M
28,1,F
29,1,F
30,1,M
31,2,F
32,1,M
33,1,M
34,2,F
35,2,M
36,2,M
37,2,M
38,1,F
39,1,M
40,2,M
41,2,M
42,1,F
43,1,M
44,1,F
45,1,F
46,2,M
47,1,F
48,1,F
49,2,M
50,1,M
51,1,M
52,1,F
53,2,F
54,2,F
55,1,F
56,2,F
57,2,F
58,2,F
59,2,F
60,2,F
61,2,F
62,1,M
63,1,M
64,1,F
65,1,F
66,2,M
67,1,M
68,2,F
69,1,F
70,1,M
71,1,M
72,2,M
73,2,F
74,2,F
75,2,M
76,1,M
77,1,M
78,2,F
79,1,F
80,2,F
81,2,F
82,2,F
83,1,M
84,2,F
85,1,F
86,2,M
87,2,F
88,2,F
89,1,F
90,1,M
91,2,M
92,2,F
93,1,F
94,2,F
95,1,F
96,1,M
97,2,M
98,2,M
99,1,F
100,1,M
101,1,M
102,2,F
103,2,M
104,1,F
105,1,F
106,1,F
107,1,F
108,2,M
109,1,M
110,2,M
111,2,F
112,1,M
113,2,M
114,1,F
115,1,M
116,1,M
117,2,M
118,1,M
119,2,M
120,2,F
121,1,M
122,2,M
123,1,F
124,2,F
125,1,M
126,1,M
127,2,M
128,2,M
129,1,M
130,1,M
131,1,F
132,2,M
133,2,M
134,2,M
135,1,F
136,2,M
137,1,M
138,2,F
139,1,F
140,1,M
141,2,M
142,2,M
143,1,M
144,2,M
145,1,M
146,1,M
147,2,F
148,2,M
149,1,F
150,2,F
151,1,M
152,1,M
153,2,M
154,2,F
155,1,F
156,1,M
157,2,F
158,2,F
159,2,M
160,1,M
161,1,M
162,1,M
163,2,M
164,2,F
165,1,F
166,1,F
167,2,M
168,1,M
169,1,F
170,1,F
171,2,M
172,2,F
173,1,F
174,1,F
175,2,M
176,1,M
177,1,M
178,1,M
179,1,F
180,1,F
181,2,M
182,1,F
183,2,F
184,1,F
185,1,M
186,1,F
187,2,F
188,2,F
189,1,F
190,1,F
191,2,M
192,1,F
193,2,F
194,2,F
195,1,M
196,1,F
197,1,F
198,1,F
199,2,F
200,1,F
201,2,F
202,1,M
203,1,F
204,1,M
205,2,F
206,1,M
207,1,M
208,2,F
209,1,F
210,2,F
211,2,M
212,2,F
213,1,F
214,1,M
215,2,M
216,1,M
217,2,F
218,1,M
219,1,F
220,2,F
221,2,F
222,2,F
223,2,F
224,2,F
225,1,F
226,2,F
227,2,M
228,1,M
229,1,M
230,1,F
231,1,F
232,1,M
233,1,M
234,2,M
235,1,F
236,1,M
237,2,F
238,2,F
239,2,F
240,1,F
241,1,F
242,1,M
243,1,F
244,2,F
245,1,F
246,1,F
247,2,F
248,1,F
249,2,M
250,1,M
251,1,F
252,1,M
253,1,F
254,2,F
255,2,F
256,1,M
257,1,F
258,2,F
259,1,F
260,2,M
261,2,F
262,1,M
263,2,F
264,2,F
265,1,F
266,1,F
267,1,M
268,1,F
269,1,F
270,1,M
271,1,M
272,1,M
273,2,F
274,2,F
275,2,F
276,1,F
277,2,M
278,1,F
279,1,M
280,2,F
281,1,F
282,2,M
283,2,F
284,1,F
285,2,F
286,2,F
287,2,M
288,2,F
289,1,F
290,2,F
291,2,M
292,1,F
293,1,M
294,1,M
295,1,M
296,2,M
297,1,F
298,2,F
299,2,F
300,2,M
301,1,M
302,2,F
303,1,F
304,1,F
305,2,F
306,1,F
307,2,F
308,2,F
309,1,M
310,1,F
311,2,F
312,2,F
313,1,M
314,2,F
315,1,M
316,1,M
317,1,F
318,2,F
319,1,F
320,2,M
321,1,M
322,2,F
323,1,M
324,2,F
325,2,F
326,2,M
327,2,F
328,1,F
329,2,M
330,2,M
331,2,F
332,1,F
333,1,F
334,2,F
335,1,M
336,2,F
337,2,F
338,1,F
339,1,F
340,1,F
341,2,F
342,1,M
343,2,F
344,2,M
345,2,F
346,2,F
347,1,F
348,1,F
349,2,F
350,1,F
351,1,M
352,2,M
353,2,M
354,1,F
355,1,M
356,2,M
357,2,F
358,2,M
359,1,F
360,2,M
361,2,F
362,2,F
363,1,M
364,1,M
365,2,F
366,2,F
367,1,F
368,1,M
369,2,M
370,1,F
371,2,M
372,2,M
373,1,F
374,1,M
375,2,M
376,1,M
377,1,M
378,1,F
379,2,M
380,1,M
381,1,F
382,1,F
383,1,M
384,2,F
385,1,M
386,2,F
387,1,F
388,1,M
389,2,M
390,2,M
391,2,M
392,2,F
393,2,M
394,1,F
395,2,M
396,2,F
397,1,M
398,1,F
399,2,F
400,1,F
401,2,M
402,1,F
403,1,M
404,1,M
405,2,F
406,2,M
407,1,F
408,2,M
409,2,F
410,2,M
411,1,F
412,2,F
413,2,F
414,2,F
415,2,F
416,1,F
417,2,F
418,1,F
419,1,M
420,2,F
421,1,M
422,2,F
423,2,F
424,2,M
425,2,F
426,1,F
427,1,F
428,2,F
429,1,M
430,2,F
431,1,F
432,2,F
433,1,F
434,2,F
435,2,M
436,2,F
437,1,F
438,1,M
439,1,F
440,1,F
441,1,M
442,1,M
443,1,F
444,2,F
445,2,M
446,2,M
447,2,F
448,2,F
449,2,M
450,1,F
451,2,M
452,2,M
453,2,M
454,2,F
455,1,M
456,1,M
457,1,M
458,1,M
459,2,F
460,1,M
461,2,F
462,1,F
463,2,F
464,2,F
465,2,F
466,2,M
467,2,M
468,2,M
469,2,M
470,1,F
471,2,F
472,2,F
473,2,M
474,1,M
475,1,F
476,1,F
477,1,M
478,1,F
479,2,F
480,2,M
481,2,F
482,2,M
483,1,F
484,1,M
485,1,F
486,2,M
487,2,F
488,2,M
489,2,F
490,2,F
491,1,F
492,1,F
493,2,M
494,2,F
495,1,F
496,1,M
497,2,F
498,1,M
499,2,F
500,1,M
501,1,F
502,1,F
503,2,F
504,1,F
505,1,M
506,2,M
507,2,F
508,2,F
509,1,F
510,1,M
511,1,M
512,1,F
513,2,M
514,1,M
515,1,F
516,1,M
517,1,M
518,1,M
519,1,F
520,2,F
521,1,F
522,2,F
523,2,M
524,1,F
525,2,F
526,2,F
527,1,M
528,2,F
529,2,M
530,1,F
531,1,M
532,1,M
533,1,M
534,1,F
535,1,M
536,1,M
537,2,F
538,1,M
539,1,F
540,1,F
541,2,F
542,1,F
543,1,F
544,1,F
545,2,F
546,2,F
547,2,F
548,2,F
549,2,F
550,1,M
551,1,M
552,2,F
553,1,M
554,2,F
555,1,F
556,2,F
557,2,F
558,1,F
559,1,M
560,2,F
561,2,M
562,2,F
563,1,F
564,2,M
565,2,F
566,2,F
567,1,F
568,2,M
569,1,M
570,2,F
571,2,F
572,1,F
573,2,M
574,2,F
575,1,F
576,2,M
577,2,F
578,1,M
579,1,M
580,1,M
581,1,M
582,1,M
583,2,M
584,1,F
585,1,M
586,1,F
587,2,M
588,2,M
589,1,F
590,2,F
591,2,F
592,2,M
593,1,M
594,1,M
595,1,M
596,2,M
597,2,M
598,2,F
599,1,F
600,2,F
601,2,F
602,1,M
603,2,M
604,1,F
605,2,F
606,1,M
607,1,F
608,1,F
609,2,F
610,2,F
611,2,M
612,2,F
613,1,M
614,1,M
615,2,F
616,1,M
617,2,F
618,2,F
619,1,M
620,2,F
621,1,F
622,2,F
623,1,F
624,2,F
625,1,F
626,1,F
627,1,M
628,2,M
629,1,M
630,2,F
631,1,M
632,1,F
633,1,F
634,2,F
635,1,M
636,1,F
637,1,F
638,1,M
639,2,F
640,2,M
641,2,M
642,1,F
643,2,F
644,2,M
645,1,F
646,2,M
647,1,M
648,1,F
649,2,F
650,1,F
651,2,M
652,2,F
653,1,F
654,2,F
655,1,M
656,2,M
657,2,F
658,2,F
659,1,F
660,2,F
661,2,F
662,1,M
663,1,F
664,1,M
665,1,F
666,1,F
667,1,F
668,1,F
669,1,F
670,1,F
671,1,F
672,1,M
673,1,F
674,1,M
675,2,F
676,1,M
677,2,M
678,2,M
679,2,F
680,1,F
681,1,F
682,2,F
683,2,F
684,2,F
685,2,M
686,2,M
687,1,F
688,2,F
689,2,M
690,1,M
691,1,M
692,2,M
693,2,F
694,1,M
695,2,M
696,1,F
697,1,F
698,1,F
699,2,M
700,2,F
701,2,F
702,2,F
703,1,F
704,1,F
705,1,F
706,1,M
707,1,M
708,1,F
709,1,M
710,1,M
711,1,M
712,1,F
713,2,F
714,2,M
715,2,F
716,1,F
717,2,F
718,1,F
719,1,F
720,1,F
721,1,F
722,1,M
723,2,F
724,2,M
725,1,F
726,1,M
727,2,F
728,2,M
729,2,F
730,1,M
731,1,F
732,2,M
733,1,M
734,2,F
735,1,M
736,1,F
737,2,F
738,2,F
739,1,F
740,1,F
741,2,F
742,1,F
743,1,F
744,1,M
745,2,F
746,2,M
747,1,F
748,2,F
749,1,F
750,1,F
751,1,F
752,1,F
753,1,M
754,2,F
755,2,F
756,2,M
757,1,F
758,2,F
759,2,F
760,1,F
761,1,F
762,1,F
763,2,F
764,1,F
765,2,F
766,2,F
767,1,F
768,2,F
769,2,M
770,2,F
771,2,F
772,2,M
773,1,M
774,1,F
775,1,F
776,1,F
777,2,M
778,1,M
779,1,F
780,1,F
781,2,M
782,1,M
783,1,F
784,2,F
785,2,F
786,2,F
787,2,F
788,2,F
789,1,M
790,1,F
791,1,F
792,1,M
793,2,M
794,2,F
795,1,F
796,1,F
797,2,F
798,1,F
799,1,F
800,2,F
801,2,M
802,1,M
803,1,F
804,2,F
805,2,M
806,2,F
807,1,F
808,1,F
809,2,F
810,2,F
811,1,F
812,2,F
813,1,F
814,2,F
815,1,M
816,2,F
817,1,M
818,1,F
819,1,F
820,1,M
821,2,F
822,1,F
823,1,M
824,1,F
825,1,M
826,2,F
827,1,F
828,1,M
829,2,F
830,1,F
831,2,M
832,1,F
833,2,F
834,2,F
835,1,F
836,1,F
837,1,F
838,1,F
839,2,M
840,2,M
841,1,F
842,2,F
843,1,F
844,1,F
845,2,M
846,2,F
847,2,F
848,1,M
849,2,M
850,1,F
851,1,F
852,1,M
853,1,M
854,1,F
855,1,F
856,1,F
857,1,F
858,1,F
859,1,M
860,1,F
861,1,M
862,2,M
863,1,F
864,1,F
865,2,M
866,1,F
867,2,F
868,1,M
869,1,F
870,2,F
871,1,F
872,1,F
873,2,F
874,2,M
875,1,F
876,1,F
877,1,M
878,2,F
879,1,F
880,1,F
881,2,M
882,2,F
883,2,F
884,1,M
885,1,M
886,1,F
887,2,M
888,2,F
889,1,F
890,2,M
891,1,F
892,2,M
893,1,F
894,2,M
895,2,F
896,2,M
897,1,M
898,2,F
899,1,F
900,2,M
901,2,M
902,1,F
903,2,M
904,1,M
905,1,F
906,1,F
907,1,M
908,1,F
909,1,M
910,2,F
911,1,F
912,2,M
913,1,F
914,1,M
915,1,M
916,2,M
917,2,M
918,1,M
919,2,M
920,1,F
921,2,F
922,1,F
923,1,M
924,1,F
925,1,F
926,2,M
927,1,M
928,1,F
929,2,F
930,2,M
931,2,F
932,2,M
933,2,F
934,1,M
935,1,F
936,1,M
937,1,F
938,2,M
939,2,F
940,2,F
941,1,F
942,1,M
943,2,F
944,1,F
945,1,F
946,2,F
947,2,F
948,1,M
949,2,M
950,2,F
951,1,M
952,1,F
953,2,F
954,2,M
955,1,F
956,2,M
957,2,F
958,2,F
959,2,M
960,2,M
961,2,M
962,1,M
963,2,M
964,1,M
965,1,M
966,2,M
967,1,M
968,2,F
969,1,F
970,2,F
971,2,M
972,1,F
973,2,F
974,1,F
975,1,M
976,1,F
977,1,M
978,2,M
979,2,M
980,2,F
981,1,F
982,1,M
983,2,M
984,1,M
985,1,F
986,1,M
987,2,F
988,2,M
989,2,F
990,1,M
991,1,F
992,2,F
993,1,F
994,2,F
995,2,F
996,2,M
997,1,M
998,2,M
999,1,F
1000,1,M
1001,1,M
1002,2,F
1003,1,F
1004,2,M
1005,1,F
1006,1,M
1007,2,F
1008,2,F
1009,1,M
1010,1,F
1011,2,M
1012,2,F
1013,2,M
1014,1,M
1015,2,M
1016,1,F
1017,2,F
1018,1,F
1019,2,F
1020,2,F
1021,1,M
1022,2,F
1023,2,F
1024,2,F
1025,2,M
1026,2,M
1027,2,M
1028,2,F
1029,2,M
1030,1,F
1031,2,F
1032,2,M
1033,1,F
1034,2,F
1035,1,F
1036,1,M
1037,2,M
1038,2,M
1039,1,F
1040,1,M
1041,1,M
1042,2,F
1043,1,F
1044,1,F
1045,1,F
1046,1,F
1047,2,M
1048,1,F
1049,2,F
1050,1,M
1051,1,M
1052,2,F
1053,1,M
1054,1,M
1055,2,M
1056,1,M
1057,2,F
1058,1,F
1059,1,F
1060,1,M
1061,1,F
1062,1,M
1063,2,F
1064,2,M
1065,1,F
1066,2,F
1067,1,M
1068,2,M
1069,2,M
1070,1,F
1071,2,M
1072,1,F
1073,2,M
1074,2,M
1075,1,F
1076,1,M
1077,2,M
1078,2,M
1079,2,F
1080,2,F
1081,1,F
1082,1,M
1083,1,F
1084,1,F
1085,1,F
1086,1,F
1087,2,F
1088,2,F
1089,1,F
1090,2,F
1091,1,F
1092,2,M
1093,2,M
1094,2,M
1095,1,M
1096,2,M
1097,1,M
1098,2,M
1099,1,M
1100,1,M
1101,2,F
1102,1,F
1103,2,F
1104,1,F
1105,1,F
1106,2,F
1107,2,F
1108,1,F
1109,1,M
1110,1,F
1111,1,M
1112,1,F
1113,1,F
1114,1,M
1115,1,M
1116,1,M
1117,2,F
1118,1,M
1119,1,F
1120,1,F
1121,2,F
1122,1,M
1123,1,M
1124,2,F
1125,1,F
1126,2,M
1127,2,F
1128,2,F
1129,2,F
1130,1,F
1131,2,F
1132,2,F
1133,2,M
1134,1,F
1135,1,M
1136,1,F
1137,1,M
1138,1,M
1139,1,F
1140,2,F
1141,1,M
1142,1,F
1143,2,F
1144,1,F
1145,1,F
1146,2,M
1147,1,F
1148,2,M
1149,2,F
1150,1,M
1151,2,F
1152,2,M
1153,2,F
1154,1,F
1155,1,M
1156,2,F
1157,1,F
1158,2,M
1159,2,F
1160,1,M
1161,1,M
1162,2,F
1163,2,F
1164,2,F
1165,1,M
1166,1,F
1167,2,M
1168,1,F
1169,1,F
1170,1,F
1171,1,F
1172,1,M
1173,2,F
1174,2,F
1175,1,F
1176,2,M
1177,1,F
1178,2,F
1179,1,M
1180,1,M
1181,2,M
1182,2,F
1183,1,F
1184,2,F
1185,2,M
1186,1,M
1187,1,M
1188,1,F
1189,2,F
1190,2,F
1191,2,F
1192,2,M
1193,2,F
1194,2,M
1195,1,F
1196,2,F
1197,1,F
1198,1,M
1199,2,F
1200,2,M
1201,1,F
1202,1,M
1203,2,F
1204,1,F
1205,2,F
1206,2,F
1207,1,F
1208,2,M
1209,2,F
1210,1,M
1211,2,F
1212,2,F
1213,2,F
1214,1,F
1215,2,M
1216,2,M
1217,2,M
1218,2,F
1219,1,F
1220,1,M
1221,1,F
1222,1,F
1223,2,M
1224,1,F
1225,1,M
1226,1,M
1227,2,F
1228,2,F
1229,1,F
1230,1,M
1231,1,F
1232,2,M
1233,1,M
1234,1,F
1235,2,F
1236,1,M
1237,1,M
1238,1,M
1239,1,M
1240,1,F
1241,2,M
1242,1,F
1243,2,F
1244,1,F
1245,1,M
1246,1,M
1247,2,M
1248,1,F
1249,2,F
1250,2,F
1251,2,M
1252,2,F
1253,1,F
1254,1,M
1255,2,M
1256,1,M
1257,2,M
1258,2,F
1259,2,M
1260,1,M
1261,1,M
1262,2,M
1263,1,M
1264,1,F
1265,2,M
1266,1,F
1267,2,F
1268,1,F
1269,1,M
1270,2,F
1271,1,F
1272,1,F
1273,2,F
1274,1,F
1275,2,M
1276,1,M
1277,2,F
1278,1,M
1279,2,M
1280,2,F
1281,2,F
1282,2,M
1283,1,F
1284,2,M
1285,2,F
1286,2,M
1287,2,F
1288,2,M
1289,1,F
1290,2,F
1291,1,F
1292,1,F
1293,2,F
1294,2,F
1295,2,M
1296,2,F
1297,1,M
1298,2,F
1299,1,F
1300,1,M
1301,1,M
1302,1,F
1303,1,F
1304,2,M
1305,1,M
1306,2,M
1307,1,F
1308,2,F
1309,1,F
1310,2,M
1311,2,M
1312,1,M
1313,2,M
1314,2,M
1315,1,F
1316,1,M
1317,2,M
1318,1,M
1319,2,F
1320,2,F
1321,2,F
1322,1,F
1323,2,F
1324,1,M
1325,1,M
1326,2,M
1327,2,M
1328,2,F
1329,1,M
1330,1,F
1331,1,M
1332,1,F
1333,2,F
1334,1,M
1335,2,F
1336,1,F
1337,1,F
1338,2,F
1339,1,F
1340,1,F
1341,2,F
1342,2,F
1343,1,F
1344,1,F
1345,2,M
1346,1,F
1347,2,F
1348,2,M
1349,2,F
1350,1,F
1351,1,M
1352,2,F
1353,1,M
1354,1,F
1355,1,F
1356,1,F
1357,1,M
1358,1,F
1359,2,M
1360,2,F
1361,2,F
1362,1,F
1363,2,F
1364,1,F
1365,1,M
1366,1,F
1367,2,F
1368,1,M
1369,2,F
1370,2,F
1371,2,M
1372,2,F
1373,2,F
1374,1,M
1375,1,M
1376,1,F
1377,1,F
1378,2,M
1379,2,M
1380,1,M
1381,1,F
1382,1,M
1383,1,F
1384,2,F
1385,1,F
1386,2,M
1387,2,M
1388,1,F
1389,2,M
1390,1,F
1391,1,M
1392,2,F
1393,2,F
1394,1,F
1395,1,F
1396,2,F
1397,2,F
1398,2,F
1399,1,M
1400,1,F
1401,1,F
1402,1,M
1403,1,F
1404,2,M
1405,2,F
1406,2,F
1407,2,F
1408,2,F
1409,2,F
1410,2,M
1411,2,F
1412,2,M
1413,1,M
1414,2,M
1415,2,F
1416,1,F
1417,1,F
1418,1,F
1419,1,M
1420,2,M
1421,2,M
1422,2,F
1423,1,F
1424,2,F
1425,1,F
1426,1,M
1427,2,M
1428,1,F
1429,2,F
1430,1,F
1431,1,F
1432,1,F
1433,2,M
1434,1,M
1435,1,M
1436,1,M
1437,1,F
1438,2,M
1439,1,M
1440,1,F
1441,1,F
1442,2,F
1443,1,M
1444,2,M
1445,1,M
1446,1,F
1447,2,F
1448,1,F
1449,1,M
1450,1,F
1451,1,F
1452,2,F
1453,1,M
1454,1,M
1455,1,M
1456,1,M
1457,1,F
1458,2,M
1459,1,F
1460,1,M
1461,1,F
1462,1,M
1463,2,F
1464,2,F
1465,1,F
1466,1,M
1467,1,F
1468,2,F
1469,2,M
1470,2,F
1471,1,M
1472,1,M
1473,2,M
1474,2,M
1475,1,F
1476,2,M
1477,2,M
1478,1,M
1479,2,F
1480,2,M
1481,2,M
1482,1,F
1483,2,F
1484,2,M
1485,1,F
1486,1,F
1487,2,M
1488,1,M
1489,1,M
1490,1,F
1491,1,F
1492,2,M
1493,1,F
1494,2,M
1495,2,F
1496,2,M
1497,2,F
1498,1,F
1499,2,F
1500,1,M
1501,2,F
1502,2,F
1503,2,M
1504,1,M
1505,2,F
1506,2,M
1507,1,F
1508,2,F
1509,2,M
1510,2,F
1511,2,F
1512,1,M
1513,1,M
1514,2,F
1515,1,F
1516,1,F
1517,1,F
1518,2,M
1519,2,F
1520,2,M
1521,2,F
1522,1,M
1523,1,F
1524,1,F
1525,2,F
1526,1,M
1527,1,F
1528,1,M
1529,1,M
1530,2,F
1531,2,F
1532,2,F
1533,1,M
1534,2,F
1535,1,M
1536,1,M
1537,1,F
1538,1,F
1539,1,F
1540,1,F
1541,1,M
1542,1,M
1543,1,F
1544,1,M
1545,2,F
1546,2,F
1547,1,M
1548,1,F
1549,2,F
1550,1,F
1551,2,M
1552,2,F
1553,1,F
1554,1,F
1555,1,M
1556,2,M
1557,1,M
1558,2,M
1559,1,F
1560,2,F
1561,1,F
1562,1,F
1563,1,M
1564,1,F
1565,2,F
1566,1,M
1567,2,F
1568,1,F
1569,1,F
1570,1,F
1571,2,M
1572,1,M
1573,1,F
1574,1,M
1575,2,F
1576,2,F
1577,2,F
1578,1,M
1579,2,F
1580,1,F
1581,2,F
1582,1,M
1583,1,F
1584,1,F
1585,1,F
1586,1,M
1587,2,F
1588,2,M
1589,2,F
1590,1,F
1591,1,F
1592,1,F
1593,2,M
1594,2,M
1595,2,F
1596,2,F
1597,1,F
1598,1,F
1599,2,M
1600,1,M
1601,1,M
1602,1,F
1603,1,F
1604,2,F
1605,2,F
1606,1,F
1607,2,M
1608,2,F
1609,2,F
1610,2,F
1611,1,F
1612,2,F
1613,2,F
1614,1,F
1615,2,M
1616,2,M
1617,1,M
1618,2,M
1619,2,F
1620,1,F
1621,1,F
1622,2,M
1623,1,F
1624,2,M
1625,2,M
1626,1,M
1627,1,F
1628,1,F
1629,1,F
1630,1,M
1631,2,M
1632,1,F
1633,2,F
1634,1,F
1635,2,F
1636,1,M
1637,1,M
1638,1,F
1639,1,F
1640,1,F
1641,2,M
1642,1,F
1643,1,M
1644,2,M
1645,1,M
1646,1,M
1647,1,F
1648,2,M
1649,2,F
1650,1,M
1651,2,F
1652,2,M
1653,1,M
1654,2,M
1655,1,M
1656,1,F
1657,2,F
1658,1,M
1659,2,F
1660,1,F
1661,1,F
1662,1,F
1663,1,F
1664,2,F
1665,2,M
1666,1,M
1667,1,F
1668,2,M
1669,1,M
1670,1,M
1671,1,M
1672,1,F
1673,2,M
1674,2,F
1675,2,M
1676,1,M
1677,2,M
1678,2,F
1679,2,M
1680,1,F
1681,2,F
1682,1,F
1683,1,M
1684,2,M
1685,1,F
1686,2,F
1687,2,F
1688,1,M
1689,1,M
1690,1,M
1691,2,F
1692,2,F
1693,1,F
1694,2,F
1695,1,F
1696,2,M
1697,1,M
1698,2,F
1699,1,M
1700,2,M
1701,1,F
1702,1,F
1703,1,F
1704,2,F
1705,1,F
1706,1,M
1707,2,M
1708,2,F
1709,2,F
1710,2,F
1711,1,F
1712,2,M
1713,2,M
1714,2,F
1715,1,F
1716,1,F
1717,2,M
1718,2,M
1719,2,F
1720,1,F
1721,2,F
1722,1,M
1723,1,M
1724,2,F
1725,2,M
1726,2,F
1727,1,F
1728,1,F
1729,1,F
1730,1,M
1731,1,F
1732,2,F
1733,1,F
1734,1,M
1735,1,F
1736,1,M
1737,1,F
1738,2,M
1739,1,F
1740,1,M
1741,2,M
1742,2,M
1743,2,F
1744,1,M
1745,2,M
1746,1,F
1747,1,F
1748,2,F
1749,1,F
1750,1,F
1751,2,F
1752,1,M
1753,1,F
1754,1,F
1755,1,M
1756,1,M
1757,1,M
1758,2,F
1759,1,F
1760,1,M
1761,2,F
1762,2,M
1763,1,M
1764,2,M
1765,1,F
1766,1,F
1767,1,F
1768,1,F
1769,2,M
1770,1,F
1771,2,M
1772,1,F
1773,2,F
1774,1,M
1775,1,F
1776,1,F
1777,2,F
1778,1,M
1779,1,M
1780,1,M
1781,2,M
1782,1,F
1783,2,M
1784,1,F
1785,2,M
1786,2,M
1787,1,F
1788,2,F
1789,1,F
1790,1,M
1791,2,F
1792,2,F
1793,2,F
1794,2,F
1795,1,F
1796,2,M
1797,2,M
1798,2,F
1799,2,F
1800,1,M
1801,2,F
1802,1,M
1803,2,F
1804,1,F
1805,2,M
1806,2,M
1807,1,F
1808,1,F
1809,1,M
1810,2,F
1811,1,M
1812,1,M
1813,1,M
1814,2,F
1815,2,F
1816,1,M
1817,2,M
1818,2,F
1819,2,F
1820,2,F
1821,1,M
1822,1,F
1823,1,F
1824,2,F
1825,1,F
1826,2,F
1827,2,F
1828,1,M
1829,2,F
1830,1,M
1831,1,M
1832,2,M
1833,2,M
1834,1,M
1835,2,F
1836,1,F
1837,1,F
1838,2,F
1839,1,F
1840,2,F
1841,1,F
1842,2,F
1843,1,F
1844,1,M
1845,2,M
1846,2,F
1847,1,M
1848,1,M
1849,1,M
1850,1,M
1851,2,M
1852,2,F
1853,2,F
1854,2,F
1855,2,M
1856,2,F
1857,2,F
1858,2,M
1859,2,M
1860,1,M
1861,1,F
1862,1,M
1863,2,M
1864,1,F
1865,2,F
1866,1,F
1867,2,F
1868,1,M
1869,2,F
1870,1,F
1871,1,F
1872,1,F
1873,1,F
1874,1,F
1875,1,M
1876,2,F
1877,1,M
1878,2,M
1879,2,F
1880,1,F
1881,1,F
1882,1,F
1883,1,M
1884,1,F
1885,1,F
1886,1,M
1887,2,M
1888,2,F
1889,1,F
1890,2,F
1891,1,F
1892,1,M
1893,1,F
1894,1,F
1895,1,M
1896,2,M
1897,2,M
1898,2,F
1899,2,M
1900,1,F
1901,1,F
1902,1,F
1903,2,M
1904,2,F
1905,2,M
1906,2,F
1907,2,F
1908,2,F
1909,1,M
1910,1,F
1911,2,M
1912,2,F
1913,1,M
1914,2,M
1915,2,F
1916,2,F
1917,1,F
1918,2,F
1919,2,F
1920,1,M
1921,1,F
1922,2,M
1923,1,M
1924,2,F
1925,2,M
1926,2,F
1927,1,F
1928,1,F
1929,1,M
1930,2,M
1931,1,M
1932,1,F
1933,2,F
1934,1,M
1935,2,F
1936,2,F
1937,1,F
1938,2,F
1939,2,M
1940,1,M
1941,2,F
1942,2,M
1943,1,M
1944,2,M
1945,2,M
1946,1,F
1947,2,F
1948,2,M
1949,1,M
1950,2,M
1951,1,F
1952,1,M
1953,2,M
1954,1,M
1955,2,F
1956,1,M
1957,2,F
1958,1,F
1959,2,F
1960,1,F
1961,1,F
1962,1,F
1963,1,F
1964,1,M
1965,1,F
1966,1,F
1967,1,M
1968,2,F
1969,1,M
1970,2,F
1971,2,M
1972,1,M
1973,2,M
1974,2,M
1975,1,M
1976,1,F
1977,2,M
1978,2,F
1979,1,M
1980,2,F
1981,1,F
1982,1,F
1983,2,M
1984,1,M
1985,2,F
1986,1,F
1987,1,M
1988,1,F
1989,2,M
1990,1,M
1991,2,M
1992,2,M
1993,2,M
1994,2,F
1995,1,M
1996,2,F
1997,1,F
1998,1,F
1999,1,F
2000,2,M
2001,1,M
2002,1,M
2003,1,F
2004,1,F
2005,2,F
2006,1,M
2007,1,M
2008,2,M
2009,2,F
2010,2,F
2011,1,F
2012,2,M
2013,1,F
2014,1,F
2015,1,F
2016,2,F
2017,1,F
2018,2,M
2019,1,F
2020,1,F
2021,2,F
2022,2,F
2023,2,M
2024,1,F
2025,1,M
2026,1,F
2027,1,M
2028,2,M
2029,1,M
2030,1,F
2031,2,F
2032,2,F
2033,2,F
2034,2,F
2035,1,F
2036,1,F
2037,2,F
2038,2,F
2039,1,F
2040,2,F
2041,1,F
2042,2,M
2043,2,F
2044,1,F
2045,1,M
2046,1,M
2047,1,F
2048,1,F
2049,1,F
2050,2,F
2051,1,M
2052,1,M
2053,1,F
2054,2,M
2055,1,M
2056,1,M
2057,1,F
2058,1,F
2059,1,M
2060,2,M
2061,2,F
2062,2,M
2063,1,F
2064,1,M
2065,2,M
2066,1,M
2067,2,M
2068,1,M
2069,1,M
2070,1,F
2071,1,F
2072,1,M
2073,1,M
2074,2,M
2075,2,M
2076,2,F
2077,1,M
2078,2,M
2079,2,M
2080,2,M
2081,1,F
2082,2,F
2083,1,F
2084,2,M
2085,2,F
2086,2,M
2087,1,M
2088,1,F
2089,1,F
2090,1,F
2091,2,F
2092,2,M
2093,1,M
2094,1,F
2095,1,M
2096,2,F
2097,1,F
2098,1,F
2099,2,F
2100,1,F
2101,2,F
2102,1,F
2103,1,F
2104,2,M
2105,2,M
2106,1,M
2107,1,M
2108,1,F
2109,2,F
2110,1,F
2111,1,M
2112,2,M
2113,1,F
2114,1,M
2115,1,F
2116,1,F
2117,2,M
2118,1,M
2119,1,F
2120,2,M
2121,1,F
2122,2,F
2123,1,M
2124,2,F
2125,2,M
2126,1,F
2127,2,F
2128,1,F
2129,1,F
2130,2,F
2131,1,M
2132,1,M
2133,1,M
2134,1,F
2135,2,M
2136,2,M
2137,1,M
2138,2,F
2139,2,F
2140,2,M
2141,1,F
2142,1,M
2143,1,F
2144,1,M
2145,1,F
2146,2,M
2147,1,F
2148,1,M
2149,1,M
2150,2,F
2151,1,M
2152,1,M
2153,1,M
2154,1,M
2155,1,F
2156,1,F
2157,2,F
2158,2,F
2159,1,F
2160,2,M
2161,2,F
2162,2,M
2163,2,M
2164,1,M
2165,2,F
2166,2,F
2167,2,F
2168,2,M
2169,2,M
2170,2,F
2171,2,F
2172,2,M
2173,1,M
2174,2,M
2175,2,F
2176,2,M
2177,2,M
2178,2,F
2179,1,F
2180,1,F
2181,2,M
2182,1,F
2183,2,M
2184,1,F
2185,1,M
2186,2,M
2187,1,F
2188,1,M
2189,1,M
2190,1,F
2191,1,M
2192,2,F
2193,2,M
2194,2,M
2195,1,M
2196,1,M
2197,1,M
2198,2,F
2199,1,F
2200,1,M
2201,1,F
2202,2,F
2203,2,M
2204,1,M
2205,1,M
2206,1,F
2207,1,F
2208,1,F
2209,1,M
2210,1,F
2211,2,F
2212,2,M
2213,1,M
2214,2,M
2215,1,M
2216,2,F
2217,2,F
2218,1,M
2219,1,M
2220,2,F
2221,1,F
2222,1,M
2223,2,M
2224,2,M
2225,2,M
2226,1,M
2227,2,M
2228,1,F
2229,1,F
2230,2,F
2231,2,F
2232,2,F
2233,1,F
2234,1,F
2235,1,M
2236,1,F
2237,1,M
2238,2,F
2239,1,F
2240,2,F
2241,2,F
2242,1,F
2243,1,F
2244,1,F
2245,2,M
2246,2,F
2247,1,M
2248,2,M
2249,1,F
2250,2,F
2251,2,F
2252,1,F
2253,1,F
2254,1,M
2255,2,F
2256,1,F
2257,1,F
2258,2,F
2259,1,F
2260,2,F
2261,1,F
2262,1,M
2263,2,M
2264,1,F
2265,2,F
2266,1,F
2267,2,M
2268,2,F
2269,1,M
2270,1,F
2271,1,F
2272,1,F
2273,2,M
2274,2,F
2275,1,M
2276,2,F
2277,2,M
2278,2,F
2279,1,F
2280,2,F
2281,1,F
2282,2,M
2283,1,F
2284,1,F
2285,1,F
2286,2,M
2287,1,M
2288,2,F
2289,1,M
2290,1,M
2291,1,M
2292,1,M
2293,1,F
2294,2,F
2295,1,F
2296,2,F
2297,2,F
2298,2,M
2299,2,M
2300,1,F
2301,2,F
2302,2,F
2303,1,F
2304,2,M
2305,1,M
2306,2,F
2307,1,F
2308,1,F
2309,1,M
2310,1,M
2311,1,F
2312,2,M
2313,1,M
2314,2,F
2315,1,F
2316,1,F
2317,2,F
2318,1,M
2319,2,F
2320,1,F
2321,1,M
2322,1,F
2323,1,F
2324,1,M
2325,2,F
2326,1,M
2327,1,F
2328,1,F
2329,2,F
2330,1,F
2331,2,M
2332,1,F
2333,1,M
2334,2,F
2335,1,F
2336,1,F
2337,1,F
2338,2,F
2339,1,F
2340,2,M
2341,1,M
2342,1,F
2343,2,M
2344,1,M
2345,2,M
2346,1,M
2347,2,M
2348,2,F
2349,1,M
2350,1,M
2351,2,M
2352,2,M
2353,1,M
2354,2,F
2355,1,F
2356,1,M
2357,2,F
2358,2,F
2359,2,M
2360,2,M
2361,1,F
2362,1,F
2363,1,M
2364,2,M
2365,2,F
2366,1,M
2367,2,M
2368,1,F
2369,2,F
2370,2,F
2371,2,M
2372,1,F
2373,1,F
2374,2,F
2375,1,F
2376,1,M
2377,2,M
2378,2,M
2379,1,M
2380,2,F
2381,1,F
2382,2,M
2383,2,M
2384,1,M
2385,1,M
2386,2,F
2387,1,F
2388,1,F
2389,2,M
2390,1,F
2391,2,M
2392,2,M
2393,1,M
2394,1,F
2395,1,F
2396,1,F
2397,2,M
2398,1,F
2399,1,M
2400,2,M
2401,2,M
2402,2,F
2403,1,F
2404,2,M
2405,1,M
2406,1,F
2407,2,F
2408,2,M
2409,2,F
2410,2,F
2411,1,F
2412,2,M
2413,1,M
2414,1,M
2415,1,M
2416,1,F
2417,2,F
2418,1,F
2419,1,M
2420,2,F
2421,2,F
2422,1,F
2423,1,F
2424,1,F
2425,1,M
2426,1,M
2427,1,F
2428,1,M
2429,1,M
2430,2,F
2431,2,M
2432,1,M
2433,1,F
2434,1,F
2435,1,F
2436,1,F
2437,1,F
2438,1,M
2439,2,F
2440,1,F
2441,2,F
2442,2,F
2443,2,M
2444,1,F
2445,1,M
2446,2,M
2447,1,F
2448,1,F
2449,1,F
2450,2,M
2451,1,F
2452,2,M
2453,2,F
2454,1,F
2455,2,F
2456,2,M
2457,2,M
2458,1,F
2459,1,F
2460,2,F
2461,2,F
2462,1,F
2463,1,M
2464,1,M
2465,2,F
2466,1,F
2467,2,M
2468,1,F
2469,2,M
2470,2,F
2471,1,F
2472,1,M
2473,1,F
2474,1,F
2475,2,F
2476,1,F
2477,1,M
2478,2,M
2479,1,M
2480,2,F
2481,1,M
2482,1,M
2483,2,F
2484,1,F
2485,1,F
2486,2,F
2487,2,M
2488,2,M
2489,1,F
2490,1,M
2491,2,M
2492,2,M
2493,2,F
2494,2,F
2495,1,M
2496,2,M
2497,2,F
2498,2,F
2499,1,M
2500,2,F
2501,2,M
2502,2,F
2503,1,F
2504,2,M
2505,2,M
2506,2,M
2507,1,F
2508,1,M
2509,1,M
2510,1,M
2511,1,F
2512,2,F
2513,2,M
2514,2,M
2515,2,F
2516,2,F
2517,1,F
2518,2,F
2519,2,F
2520,1,F
2521,2,F
2522,1,M
2523,1,M
2524,1,F
2525,1,M
2526,1,F
2527,2,F
2528,2,M
2529,1,F
2530,1,M
2531,1,M
2532,2,M
2533,2,F
2534,1,F
2535,1,M
2536,1,M
2537,2,F
2538,2,M
2539,2,F
2540,1,M
2541,2,M
2542,1,F
2543,1,M
2544,2,F
2545,1,M
2546,1,M
2547,1,M
2548,1,M
2549,1,M
2550,1,M
2551,1,F
2552,1,M
2553,1,F
2554,2,F
2555,2,F
2556,1,F
2557,2,M
2558,2,F
2559,1,M
2560,1,F
2561,2,F
2562,2,M
2563,2,M
2564,1,F
2565,1,F
2566,2,F
2567,2,M
2568,2,M
2569,1,M
2570,1,F
2571,2,F
2572,1,F
2573,2,F
2574,1,F
2575,2,F
2576,2,M
2577,1,F
2578,1,M
2579,2,M
2580,1,F
2581,2,F
2582,2,F
2583,1,F
2584,2,F
2585,1,F
2586,1,M
2587,1,M
2588,1,F
2589,2,F
2590,2,F
2591,2,M
2592,1,F
2593,2,M
2594,1,F
2595,1,F
2596,1,M
2597,2,F
2598,1,F
2599,2,F
2600,2,M
2601,1,F
2602,2,M
2603,1,M
2604,2,M
2605,1,M
2606,1,M
2607,2,M
2608,2,M
2609,1,F
2610,2,M
2611,2,F
2612,1,M
2613,2,F
2614,1,M
2615,2,F
2616,2,F
2617,2,M
2618,1,F
2619,1,F
2620,1,F
2621,1,F
2622,2,F
2623,1,F
2624,1,M
2625,2,M
2626,1,F
2627,1,M
2628,1,F
2629,2,F
2630,1,F
2631,2,M
2632,1,F
2633,2,M
2634,1,M
2635,2,F
2636,2,F
2637,1,M
2638,2,M
2639,1,M
2640,1,F
2641,1,F
2642,1,F
2643,1,M
2644,2,M
2645,2,F
2646,1,M
2647,2,F
2648,2,M
2649,1,M
2650,2,F
2651,2,M
2652,2,F
2653,2,F
2654,2,F
2655,1,F
2656,2,F
2657,1,M
2658,1,F
2659,2,F
2660,1,M
2661,2,M
2662,2,F
2663,2,F
2664,2,M
2665,1,F
2666,1,F
2667,2,F
2668,1,F
2669,1,M
2670,1,M
2671,2,M
2672,2,F
2673,1,F
2674,2,M
2675,1,F
2676,1,M
2677,1,M
2678,1,F
2679,2,F
2680,1,M
2681,2,F
2682,1,F
2683,2,M
2684,2,F
2685,1,M
2686,1,M
2687,2,M
2688,2,F
2689,2,F
2690,2,F
2691,1,M
2692,2,F
2693,2,M
2694,1,F
2695,1,M
2696,2,F
2697,1,F
2698,1,F
2699,2,F
2700,1,M
2701,1,M
2702,1,F
2703,1,F
2704,1,F
2705,1,F
2706,2,F
2707,1,M
2708,1,F
2709,2,M
2710,1,F
2711,2,F
2712,2,F
2713,1,F
2714,1,F
2715,1,M
2716,1,F
2717,1,F
2718,2,M
2719,2,F
2720,2,M
2721,1,F
2722,1,F
2723,2,M
2724,2,F
2725,1,F
2726,1,F
2727,2,F
2728,2,M
2729,1,M
2730,2,F
2731,1,M
2732,2,M
2733,1,F
2734,2,F
2735,2,F
2736,2,F
2737,1,F
2738,2,F
2739,2,F
2740,2,M
2741,1,F
2742,1,M
2743,2,F
2744,2,F
2745,2,M
2746,2,F
2747,1,F
2748,2,F
2749,2,M
2750,1,M
2751,2,F
2752,2,F
2753,1,F
2754,1,F
2755,1,M
2756,2,F
2757,2,M
2758,1,M
2759,2,F
2760,1,F
2761,2,F
2762,2,F
2763,2,M
2764,1,F
2765,2,M
2766,2,M
2767,2,F
2768,1,F
2769,2,F
2770,1,F
2771,1,F
2772,2,M
2773,1,F
2774,1,M
2775,2,F
2776,2,F
2777,2,F
2778,2,M
2779,2,F
2780,2,F
2781,2,F
2782,1,F
2783,2,F
2784,2,F
2785,1,F
2786,1,F
2787,1,M
2788,1,F
2789,1,F
2790,1,M
2791,1,F
2792,1,M
2793,2,F
2794,2,F
2795,1,F
2796,1,M
2797,2,F
2798,2,M
2799,1,F
2800,1,M
2801,1,M
2802,1,M
2803,1,M
2804,1,M
2805,1,F
2806,1,F
2807,1,M
2808,2,F
2809,2,M
2810,2,M
2811,1,F
2812,1,F
2813,2,F
2814,1,M
2815,1,F
2816,1,F
2817,1,M
2818,1,F
2819,2,F
2820,2,F
2821,1,M
2822,1,F
2823,2,F
2824,1,F
2825,2,F
2826,1,F
2827,2,F
2828,1,F
2829,1,F
2830,2,F
2831,2,M
2832,1,F
2833,1,M
2834,1,F
2835,2,F
2836,1,M
2837,2,F
2838,1,F
2839,2,F
2840,2,F
2841,2,F
2842,2,M
2843,1,F
2844,1,F
2845,1,F
2846,2,F
2847,2,F
2848,2,F
2849,1,F
2850,1,M
2851,2,F
2852,1,F
2853,1,F
2854,2,F
2855,1,F
2856,2,M
2857,1,M
2858,2,F
2859,2,M
2860,2,F
2861,1,F
2862,2,F
2863,1,M
2864,1,M
2865,1,F
2866,1,M
2867,1,F
2868,1,M
2869,1,F
2870,2,F
2871,1,F
2872,2,F
2873,2,M
2874,2,F
2875,1,M
2876,1,F
2877,1,F
2878,2,F
2879,2,F
2880,1,F
2881,2,M
2882,1,M
2883,2,F
2884,2,M
2885,2,M
2886,2,F
2887,2,M
2888,2,F
2889,1,F
2890,1,M
2891,2,F
2892,2,F
2893,2,M
2894,1,F
2895,1,M
2896,2,M
2897,2,F
2898,2,M
2899,1,M
2900,1,F
2901,1,M
2902,2,M
2903,1,F
2904,1,F
2905,1,M
2906,1,M
2907,2,F
2908,2,M
2909,1,M
2910,2,M
2911,1,M
2912,2,M
2913,1,F
2914,2,F
2915,2,F
2916,2,M
2917,1,M
2918,2,F
2919,1,F
2920,2,F
2921,1,M
2922,1,M
2923,1,F
2924,1,M
2925,1,F
2926,1,M
2927,1,F
2928,2,M
2929,1,M
2930,1,F
2931,1,F
2932,2,F
2933,2,F
2934,1,F
2935,1,M
2936,1,F
2937,1,M
2938,1,F
2939,2,M
2940,2,M
2941,1,M
2942,1,M
2943,2,F
2944,1,M
2945,1,F
2946,2,M
2947,1,F
2948,1,F
2949,2,F
2950,1,F
2951,1,M
2952,1,F
2953,1,F
2954,1,M
2955,1,M
2956,2,F
2957,1,F
2958,1,F
2959,1,F
2960,2,F
2961,1,F
2962,2,M
2963,1,M
2964,1,F
2965,2,F
2966,1,F
2967,1,M
2968,1,M
2969,2,F
2970,2,M
2971,2,F
2972,1,F
2973,2,F
2974,1,F
2975,2,M
2976,2,F
2977,1,M
2978,2,M
2979,1,F
2980,2,M
2981,1,M
2982,1,M
2983,2,F
2984,2,F
2985,2,F
2986,1,M
2987,2,M
2988,1,M
2989,1,M
2990,1,F
2991,1,F
2992,1,F
2993,2,F
2994,2,M
2995,1,M
2996,1,F
2997,2,F
2998,1,F
2999,1,F
3000,1,F
3001,2,F
3002,2,M
3003,1,M
3004,1,M
3005,2,M
3006,2,F
3007,2,M
3008,1,F
3009,1,M
3010,1,M
3011,2,F
3012,2,F
3013,1,M
3014,2,F
3015,2,M
3016,2,M
3017,1,M
3018,1,M
3019,1,M
3020,1,F
3021,1,M
3022,2,F
3023,1,F
3024,1,F
3025,1,F
3026,1,M
3027,2,M
3028,1,F
3029,1,F
3030,2,F
3031,1,M
3032,1,M
3033,2,M
3034,1,F
3035,2,M
3036,2,M
3037,2,M
3038,2,M
3039,2,M
3040,2,M
3041,1,M
3042,1,M
3043,2,M
3044,1,F
3045,2,M
3046,2,M
3047,2,F
3048,2,F
3049,2,F
3050,2,M
3051,2,M
3052,2,M
3053,2,M
3054,1,M
3055,2,M
3056,2,F
3057,2,M
3058,1,M
3059,1,M
3060,2,M
3061,2,F
3062,1,M
3063,1,M
3064,1,M
3065,2,F
3066,1,M
3067,1,M
3068,2,F
3069,2,F
3070,1,M
3071,2,F
3072,2,F
3073,2,M
3074,2,M
3075,2,M
3076,2,F
3077,1,M
3078,2,M
3079,2,F
3080,1,F
3081,1,F
3082,2,F
3083,1,F
3084,2,M
3085,2,F
3086,1,M
3087,1,F
3088,2,M
3089,2,F
3090,2,M
3091,1,M
3092,2,F
3093,1,M
3094,2,F
3095,1,F
3096,2,F
3097,1,M
3098,2,F
3099,1,F
3100,2,M
3101,2,F
3102,2,M
3103,2,F
3104,2,F
3105,2,M
3106,2,F
3107,2,F
3108,2,F
3109,2,M
3110,2,M
3111,1,M
3112,1,M
3113,2,M
3114,2,F
3115,2,F
3116,2,M
3117,1,F
3118,1,F
3119,1,F
3120,2,M
3121,1,M
3122,2,M
3123,2,F
3124,2,M
3125,1,F
3126,2,F
3127,1,F
3128,2,M
3129,2,F
3130,2,M
3131,2,F
3132,1,F
3133,1,M
3134,2,F
3135,2,F
3136,1,F
3137,1,M
3138,1,M
3139,2,M
3140,1,M
3141,1,F
3142,1,F
3143,2,F
3144,1,F
3145,1,F
3146,1,M
3147,1,M
3148,1,F
3149,2,F
3150,2,F
3151,2,F
3152,2,M
3153,2,F
3154,1,F
3155,2,M
3156,2,F
3157,1,F
3158,1,F
3159,2,F
3160,2,M
3161,2,M
3162,1,F
3163,2,F
3164,1,F
3165,1,M
3166,1,F
3167,1,F
3168,2,F
3169,1,M
3170,1,F
3171,1,F
3172,1,M
3173,2,M
3174,1,M
3175,1,F
3176,2,M
3177,2,M
3178,1,F
3179,1,M
3180,2,F
3181,1,F
3182,1,F
3183,1,M
3184,2,M
3185,1,F
3186,1,M
3187,1,M
3188,2,M
3189,2,F
3190,1,F
3191,1,F
3192,1,F
3193,1,F
3194,1,M
3195,1,F
3196,1,M
3197,1,M
3198,1,M
3199,1,M
3200,2,M
3201,1,F
3202,1,M
3203,1,F
3204,1,F
3205,2,M
3206,2,M
3207,2,F
3208,2,M
3209,1,F
3210,1,F
3211,2,M
3212,1,F
3213,2,F
3214,2,M
3215,1,M
3216,2,F
3217,1,F
3218,2,M
3219,2,M
3220,1,F
3221,2,F
3222,1,F
3223,2,M
3224,1,F
3225,1,F
3226,1,F
3227,1,F
3228,2,F
3229,1,F
3230,1,F
3231,2,F
3232,2,F
3233,1,F
3234,1,F
3235,2,F
3236,2,F
3237,1,F
3238,1,F
3239,1,F
3240,2,F
3241,1,M
3242,2,M
3243,2,F
3244,1,F
3245,1,F
3246,1,M
3247,2,M
3248,1,F
3249,2,F
3250,1,M
3251,1,F
3252,1,M
3253,2,F
3254,1,M
3255,1,F
3256,1,M
3257,1,F
3258,2,M
3259,2,M
3260,1,M
3261,2,M
3262,2,F
3263,2,M
3264,2,F
3265,1,M
3266,2,F
3267,1,M
3268,2,M
3269,1,F
3270,1,F
3271,2,F
3272,2,M
3273,1,F
3274,1,M
3275,1,F
3276,1,M
3277,2,F
3278,1,F
3279,1,F
3280,2,F
3281,2,F
3282,2,F
3283,1,F
3284,2,F
3285,1,F
3286,2,M
3287,2,F
3288,1,F
3289,1,F
3290,2,F
3291,1,F
3292,1,M
3293,1,M
3294,1,M
3295,2,M
3296,1,F
3297,1,F
3298,2,M
3299,2,F
3300,2,M
3301,1,F
3302,1,F
3303,1,M
3304,2,M
3305,2,F
3306,1,M
3307,2,F
3308,1,F
3309,1,F
3310,2,F
3311,1,F
3312,2,F
3313,2,F
3314,2,M
3315,2,M
3316,2,M
3317,2,F
3318,2,M
3319,2,M
3320,2,F
3321,2,F
3322,1,F
3323,2,F
3324,1,F
3325,1,M
3326,2,F
3327,1,F
3328,2,F
3329,2,F
3330,2,F
3331,1,M
3332,1,F
3333,2,M
3334,2,F
3335,2,M
3336,1,F
3337,1,M
3338,1,M
3339,1,M
3340,2,M
3341,1,M
3342,1,F
3343,1,F
3344,2,F
3345,1,F
3346,1,F
3347,2,F
3348,1,M
3349,1,M
3350,2,M
3351,1,M
3352,1,F
3353,2,F
3354,1,M
3355,2,M
3356,2,F
3357,1,M
3358,1,F
3359,1,F
3360,1,M
3361,2,F
3362,2,F
3363,1,F
3364,2,M
3365,1,M
3366,2,F
3367,2,F
3368,1,F
3369,1,F
3370,1,M
3371,1,M
3372,1,F
3373,2,F
3374,1,F
3375,2,M
3376,1,M
3377,2,F
3378,1,M
3379,1,F
3380,2,F
3381,1,F
3382,2,F
3383,2,M
3384,1,F
3385,2,F
3386,2,F
3387,2,M
3388,2,M
3389,1,M
3390,2,M
3391,1,M
3392,2,F
3393,1,F
3394,2,F
3395,1,M
3396,2,F
3397,2,F
3398,1,F
3399,1,F
3400,1,M
3401,2,F
3402,1,M
3403,2,F
3404,2,F
3405,1,F
3406,2,F
3407,2,F
3408,1,F
3409,2,F
3410,2,F
3411,1,M
3412,1,F
3413,2,F
3414,2,M
3415,2,F
3416,2,F
3417,1,M
3418,2,F
3419,1,M
3420,2,M
3421,2,F
3422,1,M
3423,1,M
3424,1,F
3425,1,M
3426,2,M
3427,2,F
3428,1,M
3429,1,F
3430,2,M
3431,2,F
3432,2,F
3433,2,F
3434,1,M
3435,2,M
3436,2,F
3437,1,M
3438,2,F
3439,2,F
3440,2,M
3441,2,F
3442,1,M
3443,2,F
3444,2,F
3445,1,F
3446,1,F
3447,2,F
3448,1,F
3449,2,F
3450,2,M
3451,1,M
3452,1,F
3453,1,M
3454,1,M
3455,1,F
3456,1,M
3457,1,M
3458,2,M
3459,2,M
3460,2,M
3461,1,F
3462,1,F
3463,2,M
3464,1,F
3465,2,F
3466,2,F
3467,2,M
3468,2,M
3469,1,F
3470,2,F
3471,1,M
3472,1,M
3473,2,F
3474,2,F
3475,1,F
3476,1,M
3477,1,M
3478,2,F
3479,2,F
3480,2,F
3481,2,M
3482,1,F
3483,1,F
3484,1,M
3485,1,M
3486,1,F
3487,1,F
3488,1,F
3489,1,F
3490,1,M
3491,1,M
3492,2,F
3493,2,M
3494,1,F
3495,1,F
3496,1,F
3497,1,F
3498,2,M
3499,1,M
3500,2,F
3501,1,F
3502,2,F
3503,2,F
3504,1,F
3505,2,M
3506,1,F
3507,2,M
3508,1,F
3509,2,F
3510,1,F
3511,1,M
3512,2,M
3513,1,F
3514,1,F
3515,2,F
3516,1,M
3517,2,F
3518,2,F
3519,2,M
3520,2,F
3521,2,M
3522,1,M
3523,1,M
3524,2,F
3525,1,M
3526,1,M
3527,1,M
3528,1,F
3529,1,F
3530,2,M
3531,1,F
3532,2,F
3533,2,F
3534,1,M
3535,1,F
3536,1,M
3537,1,M
3538,2,F
3539,2,F
3540,1,M
3541,1,F
3542,1,M
3543,1,F
3544,1,M
3545,1,F
3546,1,M
3547,2,F
3548,2,M
3549,1,F
3550,1,M
3551,1,M
3552,2,M
3553,1,F
3554,1,F
3555,1,F
3556,1,M
3557,2,M
3558,1,F
3559,1,F
3560,2,F
3561,1,M
3562,1,M
3563,1,F
3564,1,F
3565,1,F
3566,1,M
3567,2,M
3568,2,M
3569,1,M
3570,2,F
3571,2,F
3572,2,M
3573,1,F
3574,1,M
3575,1,F
3576,1,M
3577,2,F
3578,1,M
3579,2,F
3580,1,F
3581,2,M
3582,1,M
3583,2,F
3584,1,M
3585,1,F
3586,1,F
3587,1,F
3588,2,M
3589,2,F
3590,1,F
3591,1,M
3592,2,M
3593,1,F
3594,1,M
3595,2,F
3596,2,M
3597,1,M
3598,1,F
3599,2,M
3600,1,F
3601,2,F
3602,2,F
3603,2,F
3604,2,M
3605,1,F
3606,1,F
3607,2,M
3608,2,M
3609,2,M
3610,2,M
3611,2,F
3612,2,F
3613,1,F
3614,1,M
3615,1,M
3616,2,M
3617,1,M
3618,2,F
3619,2,M
3620,2,F
3621,1,F
3622,2,F
3623,1,M
3624,2,M
3625,2,F
3626,2,M
3627,1,M
3628,1,M
3629,2,M
3630,1,M
3631,1,F
3632,2,F
3633,1,M
3634,2,F
3635,1,F
3636,2,F
3637,1,M
3638,1,M
3639,2,F
3640,1,F
3641,1,M
3642,2,M
3643,1,M
3644,2,F
3645,1,M
3646,2,M
3647,2,M
3648,2,M
3649,2,F
3650,1,M
3651,2,F
3652,1,M
3653,2,F
3654,1,M
3655,1,M
3656,2,F
3657,1,F
3658,2,F
3659,2,F
3660,2,F
3661,2,F
3662,2,M
3663,2,F
3664,1,F
3665,1,F
3666,1,F
3667,2,M
3668,2,F
3669,2,F
3670,2,F
3671,2,F
3672,1,F
3673,1,F
3674,1,M
3675,2,F
3676,1,F
3677,1,M
3678,2,M
3679,1,F
3680,1,F
3681,1,M
3682,2,F
3683,1,F
3684,1,M
3685,1,F
3686,2,M
3687,1,M
3688,1,F
3689,2,F
3690,2,M
3691,2,M
3692,2,M
3693,2,M
3694,1,M
3695,1,M
3696,1,F
3697,1,F
3698,1,M
3699,2,M
3700,1,F
3701,1,F
3702,2,F
3703,1,M
3704,1,F
3705,1,F
3706,1,F
3707,1,M
3708,1,F
3709,2,F
3710,1,F
3711,2,F
3712,2,F
3713,1,F
3714,1,F
3715,1,M
3716,2,F
3717,2,F
3718,1,F
3719,1,F
3720,1,M
3721,1,F
3722,1,M
3723,1,M
3724,1,F
3725,1,F
3726,1,M
3727,2,F
3728,1,F
3729,1,F
3730,2,M
3731,1,F
3732,2,M
3733,1,F
3734,2,F
3735,1,M
3736,1,M
3737,2,F
3738,2,M
3739,2,F
3740,1,F
3741,1,M
3742,1,M
3743,2,F
3744,1,M
3745,1,F
3746,2,M
3747,2,M
3748,2,M
3749,1,M
3750,1,F
3751,2,F
3752,2,F
3753,2,F
3754,1,F
3755,2,F
3756,2,M
3757,1,M
3758,2,F
3759,1,M
3760,2,F
3761,1,M
3762,1,M
3763,2,F
3764,1,F
3765,2,M
3766,1,F
3767,1,F
3768,2,F
3769,2,F
3770,2,F
3771,1,M
3772,2,M
3773,2,F
3774,1,F
3775,2,F
3776,2,M
3777,2,F
3778,1,M
3779,2,M
3780,1,M
3781,1,F
3782,2,F
3783,1,F
3784,1,F
3785,1,M
3786,1,M
3787,2,F
3788,2,F
3789,1,M
3790,1,F
3791,2,M
3792,1,M
3793,1,M
3794,2,F
3795,1,F
3796,1,F
3797,1,F
3798,1,M
3799,1,F
3800,1,F
3801,1,F
3802,2,F
3803,1,M
3804,1,M
3805,1,M
3806,2,F
3807,1,M
3808,1,F
3809,2,M
3810,1,F
3811,1,F
3812,1,M
3813,2,F
3814,1,F
3815,2,F
3816,1,M
3817,1,M
3818,1,M
3819,2,M
3820,1,F
3821,2,M
3822,2,F
3823,1,F
3824,2,M
3825,2,F
3826,2,F
3827,2,M
3828,1,M
3829,1,M
3830,1,F
3831,2,F
3832,1,M
3833,1,F
3834,1,F
3835,1,F
3836,2,F
3837,2,F
3838,1,M
3839,1,F
3840,1,M
3841,2,F
3842,2,M
3843,1,M
3844,1,F
3845,2,F
3846,1,F
3847,1,F
3848,2,M
3849,1,F
3850,1,F
3851,1,M
3852,1,F
3853,1,M
3854,1,M
3855,1,F
3856,1,F
3857,2,F
3858,1,F
3859,2,M
3860,1,F
3861,1,M
3862,2,F
3863,2,M
3864,1,M
3865,1,F
3866,2,M
3867,1,F
3868,2,F
3869,1,F
3870,1,F
3871,1,M
3872,1,M
3873,1,M
3874,1,M
3875,2,F
3876,2,F
3877,2,F
3878,1,F
3879,1,M
3880,1,M
3881,2,M
3882,2,F
3883,2,M
3884,1,M
3885,1,M
3886,2,M
3887,1,M
3888,2,M
3889,2,F
3890,2,F
3891,1,F
3892,1,F
3893,2,F
3894,1,F
3895,1,M
3896,1,F
3897,1,F
3898,2,F
3899,1,F
3900,1,F
3901,1,M
3902,1,F
3903,1,M
3904,1,M
3905,2,M
3906,2,M
3907,2,F
3908,1,F
3909,1,M
3910,2,M
3911,1,F
3912,1,F
3913,1,M
3914,2,M
3915,1,M
3916,2,F
3917,1,M
3918,2,M
3919,2,F
3920,2,M
3921,2,F
3922,1,M
3923,1,F
3924,2,F
3925,2,F
3926,1,M
3927,1,M
3928,2,F
3929,2,F
3930,1,F
3931,1,M
3932,1,F
3933,2,F
3934,1,M
3935,1,M
3936,1,F
3937,1,F
3938,1,F
3939,2,M
3940,2,M
3941,2,F
3942,2,F
3943,1,F
3944,2,F
3945,1,M
3946,2,F
3947,1,F
3948,2,M
3949,1,F
3950,1,M
3951,1,M
3952,1,M
3953,2,F
3954,1,F
3955,2,F
3956,2,F
3957,2,M
3958,1,F
3959,1,F
3960,1,M
3961,1,F
3962,2,F
3963,2,F
3964,1,F
3965,1,F
3966,2,F
3967,1,F
3968,1,M
3969,1,F
3970,1,F
3971,2,M
3972,2,M
3973,2,M
3974,2,M
3975,2,M
3976,2,F
3977,1,F
3978,2,F
3979,1,M
3980,2,F
3981,2,F
3982,1,M
3983,2,F
3984,1,F
3985,2,F
3986,1,F
3987,2,M
3988,2,F
3989,2,M
3990,1,M
3991,2,M
3992,1,F
3993,1,M
3994,1,F
3995,2,M
3996,2,M
3997,1,F
3998,1,M
3999,1,F
4000,2,M
4001,1,F
4002,2,F
4003,2,M
4004,1,M
4005,2,F
4006,1,F
4007,1,M
4008,1,F
4009,1,F
4010,1,M
4011,1,F
4012,1,M
4013,2,M
4014,1,F
4015,1,F
4016,1,M
4017,2,F
4018,1,F
4019,2,F
4020,1,F
4021,1,M
4022,2,F
4023,2,F
4024,2,M
4025,1,F
4026,2,F
4027,2,F
4028,2,M
4029,1,F
4030,2,F
4031,1,F
4032,1,F
4033,2,F
4034,2,F
4035,1,M
4036,2,F
4037,1,F
4038,1,F
4039,1,M
4040,2,F
4041,2,M
4042,1,M
4043,2,F
4044,2,F
4045,2,F
4046,1,M
4047,1,M
4048,2,F
4049,2,M
4050,2,M
4051,2,F
4052,2,F
4053,2,M
4054,1,F
4055,1,M
4056,1,F
4057,1,F
4058,1,F
4059,2,M
4060,2,F
4061,2,F
4062,2,M
4063,1,F
4064,2,M
4065,1,F
4066,1,F
4067,1,M
4068,1,M
4069,1,M
4070,2,F
4071,2,F
4072,1,F
4073,2,M
4074,1,M
4075,2,M
4076,1,F
4077,1,M
4078,1,M
4079,2,M
4080,2,F
4081,1,F
4082,2,F
4083,1,M
4084,2,M
4085,1,F
4086,2,F
4087,2,M
4088,2,M
4089,1,F
4090,2,F
4091,1,M
4092,2,M
4093,1,M
4094,1,M
4095,2,M
4096,1,M
4097,2,M
4098,1,F
4099,1,F
4100,2,F
4101,1,M
4102,1,M
4103,2,F
4104,1,F
4105,2,M
4106,1,F
4107,2,F
4108,2,M
4109,2,M
4110,2,M
4111,1,F
4112,2,F
4113,2,F
4114,1,F
4115,1,M
4116,2,F
4117,1,F
4118,2,F
4119,1,M
4120,2,M
4121,1,M
4122,1,F
4123,1,F
4124,1,F
4125,1,F
4126,1,F
4127,2,F
4128,1,M
4129,2,F
4130,2,F
4131,1,M
4132,2,F
4133,2,F
4134,2,F
4135,2,F
4136,1,F
4137,2,F
4138,1,M
4139,1,F
4140,2,M
4141,1,F
4142,1,F
4143,1,M
4144,1,F
4145,2,F
4146,1,F
4147,1,F
4148,1,M
4149,1,F
4150,1,M
4151,2,M
4152,2,F
4153,2,F
4154,2,F
4155,1,F
4156,2,M
4157,1,M
4158,2,F
4159,1,F
4160,2,F
4161,1,M
4162,2,F
4163,2,M
4164,2,F
4165,2,M
4166,1,M
4167,2,F
4168,1,M
4169,1,M
4170,1,M
4171,1,M
4172,2,F
4173,2,M
4174,2,M
4175,1,F
4176,2,F
4177,2,M
4178,1,F
4179,2,M
4180,2,F
4181,1,F
4182,1,F
4183,1,M
4184,2,F
4185,2,F
4186,2,M
4187,2,M
4188,1,M
4189,2,F
4190,1,M
4191,2,M
4192,1,M
4193,1,F
4194,1,F
4195,2,M
4196,2,M
4197,1,F
4198,2,F
4199,2,M
4200,2,F
4201,2,F
4202,2,M
4203,2,M
4204,2,F
4205,1,F
4206,1,M
4207,1,F
4208,1,F
4209,1,M
4210,2,F
4211,1,F
4212,1,F
4213,1,M
4214,1,M
4215,1,F
4216,1,M
4217,2,M
4218,1,M
4219,1,F
4220,2,F
4221,2,F
4222,2,F
4223,1,M
4224,1,M
4225,1,M
4226,2,F
4227,2,M
4228,2,M
4229,2,F
4230,1,F
4231,2,M
4232,2,F
4233,2,M
4234,1,F
4235,2,F
4236,2,M
4237,2,M
4238,2,F
4239,1,F
4240,2,M
4241,2,M
4242,1,F
4243,1,M
4244,1,M
4245,2,F
4246,2,F
4247,1,M
4248,1,M
4249,1,M
4250,1,M
4251,2,M
4252,2,F
4253,2,M
4254,1,M
4255,1,F
4256,1,M
4257,1,F
4258,2,M
4259,2,F
4260,1,M
4261,1,M
4262,1,F
4263,1,F
4264,1,F
4265,2,M
4266,2,F
4267,1,M
4268,2,M
4269,2,M
4270,1,M
4271,2,F
4272,1,M
4273,2,F
4274,2,M
4275,2,F
4276,2,M
4277,1,M
4278,2,F
4279,1,F
4280,1,F
4281,2,F
4282,1,F
4283,2,M
4284,1,F
4285,1,F
4286,1,M
4287,1,F
4288,1,M
4289,1,F
4290,1,M
4291,1,F
4292,1,F
4293,1,F
4294,2,F
4295,1,M
4296,2,M
4297,2,M
4298,1,M
4299,1,F
4300,2,F
4301,1,M
4302,2,F
4303,2,F
4304,2,F
4305,1,F
4306,1,F
4307,1,F
4308,2,F
4309,1,M
4310,2,M
4311,1,F
4312,2,M
4313,2,F
4314,1,F
4315,2,F
4316,1,F
4317,1,M
4318,1,M
4319,2,F
4320,1,F
4321,2,F
4322,1,F
4323,2,F
4324,2,M
4325,1,F
4326,2,F
4327,1,M
4328,2,M
4329,1,M
4330,1,F
4331,1,M
4332,2,M
4333,2,F
4334,1,M
4335,1,F
4336,1,M
4337,2,F
4338,1,F
4339,1,F
4340,2,M
4341,2,F
4342,1,M
4343,1,F
4344,2,F
4345,1,F
4346,2,F
4347,1,F
4348,2,M
4349,2,F
4350,1,M
4351,2,F
4352,1,F
4353,1,M
4354,1,M
4355,1,F
4356,1,F
4357,2,F
4358,1,F
4359,1,F
4360,1,M
4361,2,M
4362,2,M
4363,2,M
4364,1,F
4365,2,F
4366,2,M
4367,1,M
4368,1,F
4369,1,M
4370,2,F
4371,2,F
4372,1,F
4373,2,F
4374,1,F
4375,1,F
4376,1,M
4377,1,F
4378,1,M
4379,2,F
4380,2,F
4381,2,F
4382,1,F
4383,1,F
4384,2,F
4385,1,F
4386,1,F
4387,2,M
4388,1,M
4389,2,F
4390,1,F
4391,1,F
4392,2,M
4393,1,M
4394,1,F
4395,2,M
4396,1,F
4397,1,F
4398,2,M
4399,2,M
4400,2,F
4401,1,M
4402,1,F
4403,2,M
4404,1,M
4405,1,F
4406,2,M
4407,1,M
4408,1,M
4409,2,F
4410,1,F
4411,1,M
4412,1,M
4413,1,M
4414,2,F
4415,2,M
4416,2,M
4417,2,F
4418,2,F
4419,2,F
4420,2,F
4421,2,M
4422,2,F
4423,1,F
4424,1,M
4425,2,F
4426,2,M
4427,1,F
4428,2,F
4429,2,F
4430,2,F
4431,2,F
4432,1,M
4433,1,F
4434,2,F
4435,2,M
4436,2,F
4437,1,F
4438,1,F
4439,2,F
4440,2,M
4441,1,F
4442,1,M
4443,2,F
4444,2,M
4445,1,M
4446,1,F
4447,1,F
4448,1,M
4449,1,M
4450,2,M
4451,1,M
4452,1,F
4453,1,F
4454,1,M
4455,1,F
4456,1,F
4457,2,F
4458,2,F
4459,1,F
4460,1,F
4461,2,F
4462,1,M
4463,1,M
4464,2,F
4465,1,M
4466,1,M
4467,1,M
4468,1,F
4469,2,F
4470,2,M
4471,1,M
4472,1,F
4473,1,M
4474,2,F
4475,1,M
4476,2,F
4477,2,M
4478,1,F
4479,2,F
4480,1,M
4481,1,F
4482,2,M
4483,1,M
4484,2,F
4485,2,F
4486,1,M
4487,1,M
4488,1,M
4489,1,M
4490,1,M
4491,1,F
4492,1,M
4493,1,M
4494,2,M
4495,1,M
4496,1,M
4497,1,M
4498,2,M
4499,2,M
4500,1,F
4501,2,F
4502,2,M
4503,1,F
4504,2,F
4505,1,M
4506,1,F
4507,1,F
4508,1,M
4509,1,F
4510,1,F
4511,1,M
4512,1,F
4513,2,M
4514,2,M
4515,1,F
4516,2,M
4517,1,F
4518,1,M
4519,2,F
4520,2,M
4521,2,F
4522,1,M
4523,2,F
4524,2,F
4525,1,F
4526,1,M
4527,2,M
4528,1,F
4529,2,F
4530,1,F
4531,1,F
4532,1,F
4533,1,M
4534,2,F
4535,1,F
4536,2,M
4537,2,F
4538,1,M
4539,1,F
4540,1,F
4541,2,F
4542,2,M
4543,1,F
4544,1,F
4545,2,M
4546,2,F
4547,2,F
4548,2,M
4549,2,F
4550,2,F
4551,1,M
4552,1,F
4553,2,F
4554,2,F
4555,2,M
4556,1,M
4557,1,M
4558,2,F
4559,1,M
4560,2,F
4561,1,M
4562,2,F
4563,2,F
4564,2,M
4565,2,M
4566,1,M
4567,1,F
4568,2,F
4569,1,M
4570,1,F
4571,2,M
4572,1,F
4573,1,F
4574,2,M
4575,2,F
4576,1,M
4577,1,F
4578,2,F
4579,1,F
4580,2,M
4581,1,M
4582,2,M
4583,1,F
4584,1,M
4585,2,M
4586,1,F
4587,1,M
4588,1,M
4589,1,M
4590,2,M
4591,2,M
4592,2,M
4593,1,M
4594,1,M
4595,1,M
4596,1,F
4597,1,M
4598,1,F
4599,1,F
4600,2,F
4601,1,M
4602,1,M
4603,1,M
4604,2,F
4605,1,M
4606,2,F
4607,1,F
4608,1,F
4609,2,M
4610,2,F
4611,1,F
4612,2,M
4613,1,F
4614,1,M
4615,2,M
4616,1,M
4617,1,M
4618,1,M
4619,1,M
4620,2,M
4621,2,F
4622,1,M
4623,2,F
4624,1,M
4625,2,F
4626,2,F
4627,2,M
4628,2,F
4629,2,F
4630,2,F
4631,1,M
4632,1,F
4633,1,F
4634,1,F
4635,2,M
4636,1,M
4637,1,F
4638,1,M
4639,1,M
4640,2,F
4641,2,M
4642,1,M
4643,2,F
4644,2,F
4645,1,F
4646,2,M
4647,1,M
4648,1,M
4649,2,F
4650,1,F
4651,1,F
4652,2,F
4653,2,M
4654,1,F
4655,1,F
4656,1,F
4657,1,F
4658,1,F
4659,2,F
4660,1,F
4661,1,M
4662,2,M
4663,1,F
4664,1,M
4665,1,F
4666,2,M
4667,1,F
4668,1,M
4669,1,M
4670,1,M
4671,2,M
4672,1,M
4673,1,F
4674,1,M
4675,2,F
4676,1,F
4677,2,F
4678,2,F
4679,2,M
4680,1,M
4681,2,F
4682,2,F
4683,2,F
4684,2,M
4685,2,F
4686,2,M
4687,1,F
4688,2,M
4689,1,F
4690,2,M
4691,2,F
4692,1,F
4693,2,F
4694,1,F
4695,1,M
4696,2,M
4697,2,F
4698,1,M
4699,2,F
4700,1,F
4701,2,M
4702,2,F
4703,2,F
4704,2,M
4705,1,M
4706,1,F
4707,2,F
4708,1,F
4709,1,F
4710,2,M
4711,1,F
4712,1,F
4713,1,M
4714,1,M
4715,2,F
4716,2,F
4717,1,M
4718,1,F
4719,1,M
4720,1,M
4721,2,M
4722,2,F
4723,1,M
4724,2,F
4725,2,F
4726,1,M
4727,1,F
4728,1,F
4729,1,F
4730,2,F
4731,2,F
4732,1,M
4733,1,F
4734,2,M
4735,2,M
4736,2,M
4737,2,F
4738,2,M
4739,1,M
4740,2,F
4741,1,M
4742,2,M
4743,1,F
4744,2,M
4745,1,M
4746,2,M
4747,1,M
4748,2,F
4749,1,M
4750,1,M
4751,1,F
4752,1,F
4753,1,M
4754,2,F
4755,2,F
4756,1,M
4757,2,F
4758,2,F
4759,2,M
4760,2,F
4761,2,F
4762,2,M
4763,1,F
4764,2,F
4765,1,M
4766,2,M
4767,2,M
4768,2,M
4769,2,M
4770,1,F
4771,2,F
4772,2,M
4773,1,F
4774,1,M
4775,1,F
4776,2,F
4777,1,F
4778,1,M
4779,1,M
4780,1,F
4781,2,M
4782,1,F
4783,2,F
4784,2,F
4785,1,M
4786,1,M
4787,1,F
4788,2,F
4789,1,M
4790,1,F
4791,1,F
4792,1,M
4793,1,M
4794,2,M
4795,2,F
4796,1,M
4797,1,F
4798,2,F
4799,2,M
4800,1,F
4801,1,M
4802,2,M
4803,1,M
4804,1,F
4805,1,M
4806,2,F
4807,1,M
4808,2,M
4809,2,M
4810,2,M
4811,2,F
4812,1,M
4813,1,F
4814,1,F
4815,1,M
4816,1,M
4817,1,F
4818,1,F
4819,2,F
4820,1,F
4821,1,F
4822,2,F
4823,2,F
4824,2,F
4825,2,M
4826,1,M
4827,1,F
4828,1,F
4829,1,F
4830,1,F
4831,1,M
4832,2,M
4833,1,F
4834,1,M
4835,1,F
4836,1,F
4837,2,M
4838,1,M
4839,1,F
4840,2,F
4841,1,M
4842,2,F
4843,2,M
4844,1,F
4845,2,M
4846,2,M
4847,1,F
4848,1,M
4849,1,F
4850,1,F
4851,1,F
4852,1,F
4853,1,F
4854,2,M
4855,2,F
4856,1,F
4857,1,M
4858,1,F
4859,1,F
4860,2,F
4861,2,M
4862,1,F
4863,1,F
4864,2,F
4865,1,F
4866,2,F
4867,1,F
4868,2,M
4869,2,M
4870,2,F
4871,2,F
4872,1,M
4873,1,M
4874,2,F
4875,2,F
4876,1,F
4877,1,F
4878,1,M
4879,1,F
4880,1,F
4881,2,F
4882,1,F
4883,1,M
4884,2,F
4885,1,M
4886,1,M
4887,2,F
4888,1,M
4889,2,F
4890,1,F
4891,2,F
4892,2,F
4893,1,F
4894,2,F
4895,1,F
4896,2,F
4897,2,F
4898,1,F
4899,2,F
4900,2,F
4901,2,F
4902,1,F
4903,2,F
4904,2,M
4905,1,F
4906,2,F
4907,2,F
4908,1,F
4909,1,M
4910,1,M
4911,1,F
4912,2,M
4913,2,M
4914,2,M
4915,1,M
4916,1,M
4917,2,F
4918,2,F
4919,2,F
4920,2,F
4921,1,F
4922,2,F
4923,2,F
4924,1,F
4925,2,M
4926,1,M
4927,2,M
4928,2,F
4929,1,F
4930,2,F
4931,1,M
4932,1,F
4933,1,M
4934,1,F
4935,1,F
4936,1,M
4937,1,M
4938,2,M
4939,1,M
4940,2,M
4941,1,M
4942,1,F
4943,2,F
4944,1,F
4945,1,M
4946,1,F
4947,2,M
4948,2,M
4949,1,M
4950,1,M
4951,2,M
4952,1,M
4953,2,F
4954,2,F
4955,2,M
4956,2,M
4957,2,M
4958,1,M
4959,2,M
4960,2,F
4961,2,F
4962,1,M
4963,1,F
4964,2,F
4965,2,M
4966,1,F
4967,1,M
4968,1,F
4969,1,F
4970,1,F
4971,1,M
4972,2,M
4973,1,F
4974,2,F
4975,2,F
4976,1,F
4977,2,F
4978,2,M
4979,1,F
4980,1,F
4981,1,M
4982,2,M
4983,2,F
4984,2,F
4985,2,F
4986,2,F
4987,2,F
4988,1,F
4989,1,F
4990,1,F
4991,1,M
4992,2,F
4993,1,M
4994,2,F
4995,2,F
4996,1,F
4997,2,F
4998,2,F
4999,2,M
5000,2,M
5001,2,F
5002,2,M
5003,1,F
5004,1,F
5005,2,F
5006,1,F
5007,2,F
5008,1,M
5009,2,F
5010,1,F
5011,1,M
5012,2,F
5013,1,F
5014,2,F
5015,2,F
5016,2,F
5017,2,F
5018,2,F
5019,1,M
5020,1,M
5021,2,F
5022,2,F
5023,2,F
5024,2,M
5025,2,F
5026,1,M
5027,1,M
5028,2,M
5029,1,F
5030,2,M
5031,2,M
5032,2,M
5033,1,F
5034,2,F
5035,1,F
5036,2,M
5037,2,F
5038,2,M
5039,1,M
5040,2,F
5041,1,F
5042,2,M
5043,1,F
5044,1,M
5045,2,F
5046,2,M
5047,2,F
5048,2,F
5049,1,M
5050,1,F
5051,1,F
5052,1,F
5053,1,F
5054,2,M
5055,2,F
5056,1,F
5057,1,F
5058,1,M
5059,2,F
5060,1,F
5061,1,M
5062,1,M
5063,1,M
5064,2,F
5065,1,M
5066,2,F
5067,2,F
5068,1,F
5069,1,M
5070,1,M
5071,2,F
5072,1,F
5073,1,F
5074,1,F
5075,2,F
5076,1,F
5077,1,M
5078,2,F
5079,1,F
5080,2,F
5081,1,M
5082,2,F
5083,1,F
5084,1,F
5085,2,M
5086,1,M
5087,1,F
5088,1,F
5089,2,F
5090,1,F
5091,1,F
5092,2,F
5093,2,M
5094,2,F
5095,2,M
5096,1,M
5097,1,F
5098,2,F
5099,1,M
5100,1,M
5101,2,F
5102,1,F
5103,1,M
5104,2,F
5105,1,F
5106,1,M
5107,1,F
5108,2,F
5109,1,M
5110,2,F
5111,1,M
5112,2,F
5113,2,M
5114,1,F
5115,2,F
5116,1,M
5117,1,M
5118,2,M
5119,2,F
5120,2,F
5121,2,M
5122,2,M
5123,1,F
5124,2,F
5125,1,F
5126,2,F
5127,1,F
5128,2,M
5129,1,F
5130,2,F
5131,2,M
5132,2,F
5133,2,F
5134,1,M
5135,1,M
5136,2,F
5137,1,M
5138,2,M
5139,1,F
5140,2,F
5141,2,M
5142,1,F
5143,1,F
5144,2,F
5145,1,M
5146,2,F
5147,2,F
5148,1,F
5149,1,M
5150,1,M
5151,1,M
5152,1,M
5153,2,M
5154,1,M
5155,2,F
5156,1,M
5157,1,M
5158,1,M
5159,2,M
5160,2,F
5161,2,M
5162,1,M
5163,2,M
5164,1,F
5165,1,F
5166,1,M
5167,2,M
5168,2,M
5169,2,F
5170,1,F
5171,2,M
5172,1,M
5173,2,F
5174,2,F
5175,1,F
5176,2,F
5177,2,F
5178,2,M
5179,2,M
5180,2,M
5181,2,F
5182,2,F
5183,1,F
5184,1,M
5185,1,F
5186,2,F
5187,2,M
5188,2,M
5189,1,M
5190,1,M
5191,1,F
5192,1,M
5193,2,F
5194,2,F
5195,2,F
5196,1,F
5197,1,F
5198,1,F
5199,1,M
5200,1,F
5201,1,F
5202,2,M
5203,1,M
5204,2,M
5205,2,F
5206,1,F
5207,2,F
5208,1,M
5209,1,F
5210,1,F
5211,1,M
5212,1,M
5213,2,M
5214,2,F
5215,2,M
5216,2,F
5217,1,M
5218,1,F
5219,1,F
5220,1,F
5221,2,M
5222,1,F
5223,2,M
5224,1,F
5225,1,M
5226,1,F
5227,1,F
5228,2,F
5229,2,F
5230,2,F
5231,1,M
5232,1,M
5233,1,M
5234,1,M
5235,1,F
5236,1,F
5237,2,F
5238,2,M
5239,2,M
5240,2,F
5241,1,F
5242,1,F
5243,1,F
5244,1,F
5245,2,F
5246,2,F
5247,2,F
5248,1,M
5249,1,F
5250,2,F
5251,1,F
5252,2,F
5253,2,F
5254,2,M
5255,1,M
5256,2,F
5257,2,F
5258,1,F
5259,2,F
5260,2,M
5261,1,F
5262,1,F
5263,2,F
5264,2,F
5265,1,M
5266,2,F
5267,2,M
5268,2,F
5269,1,M
5270,2,F
5271,1,F
5272,2,F
5273,1,M
5274,1,F
5275,1,M
5276,1,M
5277,1,M
5278,2,F
5279,2,M
5280,1,F
5281,1,M
5282,1,M
5283,2,F
5284,1,F
5285,1,M
5286,2,F
5287,2,F
5288,2,F
5289,2,F
5290,1,F
5291,2,F
5292,1,F
5293,1,M
5294,1,M
5295,1,M
5296,2,M
5297,2,F
5298,1,M
5299,2,F
5300,2,F
5301,2,F
5302,1,M
5303,1,F
5304,2,F
5305,1,F
5306,2,M
5307,2,M
5308,2,F
5309,1,M
5310,1,M
5311,1,F
5312,1,M
5313,1,F
5314,1,F
5315,2,M
5316,2,F
5317,1,F
5318,1,F
5319,2,F
5320,1,F
5321,2,M
5322,1,F
5323,1,F
5324,2,F
5325,1,F
5326,2,M
5327,2,F
5328,2,F
5329,2,F
5330,2,M
5331,1,M
5332,1,F
5333,1,F
5334,2,F
5335,1,F
5336,1,F
5337,1,M
5338,1,F
5339,1,M
5340,1,F
5341,1,M
5342,1,F
5343,1,F
5344,1,M
5345,2,F
5346,1,F
5347,1,F
5348,2,F
5349,2,M
5350,1,F
5351,1,M
5352,2,M
5353,1,F
5354,1,M
5355,2,M
5356,1,F
5357,2,M
5358,2,F
5359,2,F
5360,2,F
5361,1,M
5362,2,M
5363,1,F
5364,2,F
5365,1,F
5366,1,M
5367,1,M
5368,2,F
5369,1,F
5370,2,F
5371,2,M
5372,1,M
5373,2,M
5374,2,M
5375,1,F
5376,2,F
5377,1,F
5378,2,F
5379,2,M
5380,1,M
5381,1,M
5382,1,M
5383,1,F
5384,1,M
5385,1,F
5386,1,F
5387,1,F
5388,1,M
5389,1,M
5390,2,F
5391,2,M
5392,1,F
5393,1,M
5394,1,F
5395,1,M
5396,2,F
5397,1,M
5398,2,M
5399,1,F
5400,1,F
5401,2,F
5402,2,M
5403,1,M
5404,2,M
5405,1,F
5406,1,F
5407,1,F
5408,2,M
5409,1,F
5410,1,M
5411,2,F
5412,2,M
5413,1,M
5414,2,F
5415,2,F
5416,2,M
5417,1,M
5418,2,F
5419,2,M
5420,1,M
5421,2,M
5422,1,F
5423,1,M
5424,1,F
5425,2,M
5426,2,F
5427,1,F
5428,1,F
5429,1,M
5430,1,M
5431,2,F
5432,1,F
5433,1,M
5434,1,F
5435,1,M
5436,2,F
5437,1,M
5438,2,F
5439,1,M
5440,1,F
5441,1,F
5442,2,F
5443,2,M
5444,1,M
5445,2,M
5446,1,M
5447,1,F
5448,2,F
5449,1,M
5450,2,M
5451,1,M
5452,1,F
5453,2,F
5454,1,M
5455,1,F
5456,1,F
5457,2,M
5458,1,F
5459,2,M
5460,2,M
5461,2,M
5462,2,F
5463,2,M
5464,1,F
5465,1,F
5466,1,F
5467,1,M
5468,2,F
5469,2,F
5470,2,F
5471,1,M
5472,1,M
5473,1,F
5474,2,M
5475,2,F
5476,1,F
5477,1,F
5478,1,F
5479,2,F
5480,2,F
5481,1,F
5482,1,F
5483,1,F
5484,1,F
5485,1,F
5486,1,M
5487,1,F
5488,1,M
5489,1,M
5490,2,M
5491,2,M
5492,1,M
5493,2,F
5494,1,M
5495,2,M
5496,1,F
5497,2,F
5498,1,M
5499,2,M
5500,2,F
5501,2,F
5502,2,F
5503,2,M
5504,1,F
5505,2,F
5506,1,M
5507,1,M
5508,1,F
5509,1,M
5510,2,M
5511,2,M
5512,1,M
5513,2,F
5514,1,F
5515,2,F
5516,1,F
5517,1,F
5518,2,M
5519,2,F
5520,1,F
5521,1,M
5522,1,F
5523,1,F
5524,2,M
5525,1,M
5526,1,M
5527,2,M
5528,1,M
5529,1,F
5530,1,M
5531,1,F
5532,2,F
5533,2,M
5534,2,M
5535,1,M
5536,2,F
5537,1,F
5538,2,M
5539,1,F
5540,2,M
5541,1,F
5542,1,M
5543,2,M
5544,1,M
5545,2,M
5546,1,F
5547,1,F
5548,2,F
5549,2,F
5550,1,M
5551,1,M
5552,1,M
5553,1,M
5554,2,F
5555,2,F
5556,1,F
5557,1,F
5558,1,F
5559,1,F
5560,1,M
5561,1,F
5562,1,M
5563,1,M
5564,2,F
5565,2,F
5566,2,F
5567,1,F
5568,1,F
5569,1,M
5570,1,F
5571,1,M
5572,1,F
5573,2,F
5574,2,F
5575,1,F
5576,2,F
5577,1,M
5578,1,M
5579,1,F
5580,1,F
5581,2,M
5582,2,M
5583,1,M
5584,1,M
5585,1,F
5586,2,M
5587,2,F
5588,2,F
5589,1,F
5590,1,F
5591,1,F
5592,1,F
5593,1,M
5594,2,F
5595,1,F
5596,1,F
5597,2,F
5598,1,F
5599,2,F
5600,2,M
5601,1,F
5602,1,F
5603,1,F
5604,2,F
5605,1,M
5606,2,F
5607,1,F
5608,2,F
5609,2,F
5610,1,M
5611,2,F
5612,1,M
5613,1,F
5614,1,F
5615,1,M
5616,2,F
5617,1,F
5618,1,F
5619,2,F
5620,1,F
5621,1,F
5622,1,M
5623,1,M
5624,1,F
5625,2,F
5626,2,F
5627,2,M
5628,1,F
5629,1,F
5630,2,F
5631,1,F
5632,2,M
5633,1,M
5634,2,M
5635,2,F
5636,2,F
5637,2,F
5638,2,M
5639,1,F
5640,1,M
5641,2,M
5642,1,F
5643,1,F
5644,2,F
5645,2,M
5646,1,F
5647,2,F
5648,1,F
5649,1,M
5650,2,M
5651,1,F
5652,1,F
5653,2,F
5654,1,F
5655,2,F
5656,1,M
5657,2,M
5658,2,F
5659,1,F
5660,1,F
5661,1,M
5662,2,F
5663,2,F
5664,2,F
5665,1,F
5666,2,F
5667,2,M
5668,2,F
5669,1,F
5670,1,F
5671,2,F
5672,2,M
5673,1,F
5674,2,M
5675,1,F
5676,2,F
5677,2,M
5678,1,M
5679,1,F
5680,1,F
5681,2,F
5682,1,F
5683,1,F
5684,1,F
5685,2,F
5686,2,M
5687,2,M
5688,2,F
5689,2,F
5690,2,M
5691,1,M
5692,2,M
5693,1,F
5694,1,F
5695,2,M
5696,1,M
5697,2,F
5698,1,F
5699,2,F
5700,1,F
5701,2,F
5702,2,F
5703,2,M
5704,2,F
5705,2,F
5706,1,M
5707,2,F
5708,1,F
5709,2,F
5710,1,M
5711,1,F
5712,1,F
5713,2,F
5714,1,F
5715,2,F
5716,2,F
5717,2,F
5718,2,F
5719,1,M
5720,2,M
5721,2,F
5722,1,F
5723,2,M
5724,1,F
5725,1,F
5726,2,F
5727,1,F
5728,2,M
5729,2,M
5730,1,F
5731,1,F
5732,2,F
5733,2,M
5734,1,F
5735,1,M
5736,2,F
5737,1,F
5738,1,F
5739,1,M
5740,2,F
5741,2,M
5742,2,M
5743,1,F
5744,1,F
5745,2,F
5746,2,F
5747,1,M
5748,2,F
5749,2,F
5750,2,F
5751,2,F
5752,2,M
5753,1,M
5754,2,F
5755,2,F
5756,1,F
5757,2,M
5758,2,F
5759,1,F
5760,2,F
5761,1,F
5762,2,F
5763,1,M
5764,1,M
5765,1,F
5766,2,M
5767,1,F
5768,1,F
5769,2,M
5770,2,M
5771,2,M
5772,2,M
5773,1,F
5774,2,F
5775,1,F
5776,2,F
5777,1,M
5778,1,F
5779,1,F
5780,1,M
5781,1,F
5782,1,M
5783,2,F
5784,1,M
5785,1,F
5786,1,M
5787,2,F
5788,2,F
5789,2,F
5790,2,M
5791,1,F
5792,2,F
5793,2,F
5794,1,M
5795,2,F
5796,1,F
5797,1,F
5798,1,F
5799,1,F
5800,1,M
5801,1,M
5802,2,F
5803,1,M
5804,1,F
5805,1,F
5806,1,F
5807,1,F
5808,1,F
5809,2,M
5810,2,M
5811,1,F
5812,2,F
5813,2,M
5814,1,F
5815,1,M
5816,1,F
5817,2,M
5818,1,F
5819,2,F
5820,1,F
5821,1,F
5822,1,M
5823,2,F
5824,1,F
5825,1,F
5826,1,M
5827,1,F
5828,2,F
5829,1,M
5830,1,F
5831,1,F
5832,1,M
5833,2,M
5834,1,F
5835,2,M
5836,2,F
5837,1,F
5838,1,M
5839,1,F
5840,1,F
5841,1,F
5842,2,M
5843,1,M
5844,1,M
5845,2,F
5846,1,F
5847,1,F
5848,1,F
5849,1,M
5850,2,F
5851,2,M
5852,1,M
5853,2,F
5854,1,F
5855,1,M
5856,2,F
5857,2,F
5858,2,M
5859,1,M
5860,1,M
5861,2,F
5862,1,M
5863,2,F
5864,2,M
5865,1,F
5866,2,F
5867,2,M
5868,1,M
5869,2,M
5870,1,F
5871,2,F
5872,2,F
5873,1,F
5874,1,F
5875,1,M
5876,2,F
5877,2,F
5878,2,F
5879,2,M
5880,1,F
5881,2,M
5882,2,F
5883,1,F
5884,1,F
5885,1,F
5886,1,F
5887,1,M
5888,2,F
5889,2,M
5890,2,M
5891,2,F
5892,2,M
5893,1,M
5894,1,F
5895,2,F
5896,2,F
5897,2,F
5898,2,F
5899,2,F
5900,2,F
5901,1,M
5902,2,F
5903,1,M
5904,1,F
5905,1,M
5906,2,F
5907,1,F
5908,1,M
5909,1,F
5910,1,F
5911,1,F
5912,1,F
5913,2,M
5914,2,F
5915,2,F
5916,1,F
5917,1,F
5918,2,F
5919,2,F
5920,1,F
5921,2,F
5922,2,F
5923,1,M
5924,2,F
5925,2,F
5926,2,F
5927,1,F
5928,2,F
5929,2,F
5930,1,F
5931,1,M
5932,2,F
5933,1,F
5934,1,F
5935,1,F
5936,2,F
5937,2,M
5938,2,F
5939,1,F
5940,1,F
5941,1,F
5942,1,F
5943,2,F
5944,1,F
5945,2,F
5946,2,M
5947,1,F
5948,1,F
5949,2,F
5950,1,F
5951,1,F
5952,2,M
5953,2,F
5954,1,F
5955,2,M
5956,1,M
5957,2,M
5958,1,F
5959,2,M
5960,1,F
5961,2,F
5962,2,F
5963,2,F
5964,2,F
5965,1,M
5966,1,F
5967,1,M
5968,2,M
5969,2,F
5970,2,F
5971,1,F
5972,1,M
5973,1,M
5974,2,M
5975,1,M
5976,1,F
5977,1,F
5978,1,F
5979,1,F
5980,1,F
5981,1,F
5982,2,M
5983,1,M
5984,1,M
5985,1,M
5986,1,M
5987,2,F
5988,2,F
5989,2,M
5990,2,M
5991,2,M
5992,2,M
5993,1,F
5994,2,M
5995,2,F
5996,1,M
5997,1,F
5998,2,F
5999,2,M
6000,2,F
6001,1,M
6002,2,F
6003,1,F
6004,2,M
6005,1,F
6006,2,M
6007,1,F
6008,2,F
6009,2,M
6010,1,F
6011,2,F
6012,2,F
6013,2,F
6014,1,F
6015,1,F
6016,1,F
6017,1,F
6018,1,M
6019,1,M
6020,2,M
6021,1,F
6022,2,F
6023,2,F
6024,1,F
6025,2,F
6026,2,M
6027,2,M
6028,1,M
6029,2,F
6030,2,F
6031,1,F
6032,2,F
6033,2,F
6034,2,F
6035,2,F
6036,2,M
6037,1,F
6038,2,F
6039,1,F
6040,2,F
6041,1,F
6042,2,F
6043,1,F
6044,1,M
6045,2,M
6046,2,F
6047,2,F
6048,1,F
6049,2,M
6050,2,F
6051,1,F
6052,1,M
6053,1,M
6054,2,F
6055,2,F
6056,1,F
6057,2,F
6058,2,M
6059,2,F
6060,2,F
6061,2,F
6062,2,F
6063,1,F
6064,2,F
6065,1,F
6066,1,F
6067,2,F
6068,1,F
6069,2,M
6070,2,M
6071,1,F
6072,2,F
6073,1,F
6074,2,M
6075,2,F
6076,1,F
6077,1,M
6078,1,F
6079,2,F
6080,2,M
6081,2,M
6082,1,F
6083,1,F
6084,1,F
6085,1,M
6086,2,F
6087,1,F
6088,2,M
6089,1,F
6090,1,F
6091,2,F
6092,1,F
6093,1,F
6094,1,M
6095,1,F
6096,2,M
6097,1,F
6098,1,M
6099,2,F
6100,1,F
6101,2,M
6102,2,M
6103,1,M
6104,1,F
6105,2,M
6106,1,F
6107,1,M
6108,1,F
6109,1,M
6110,2,F
6111,2,M
6112,1,F
6113,2,M
6114,1,F
6115,1,F
6116,2,M
6117,2,F
6118,1,M
6119,2,M
6120,1,F
6121,1,F
6122,2,F
6123,2,F
6124,1,F
6125,2,M
6126,1,F
6127,2,M
6128,2,F
6129,2,F
6130,1,M
6131,2,M
6132,2,M
6133,2,M
6134,2,F
6135,2,F
6136,1,F
6137,2,M
6138,1,F
6139,1,F
6140,2,M
6141,2,F
6142,2,F
6143,2,M
6144,2,M
6145,1,F
6146,1,F
6147,1,M
6148,2,M
6149,2,F
6150,2,F
6151,2,F
6152,1,M
6153,2,M
6154,2,M
6155,1,F
6156,1,F
6157,1,M
6158,2,M
6159,1,F
6160,2,F
6161,2,M
6162,2,M
6163,1,M
6164,2,M
6165,2,F
6166,2,F
6167,1,F
6168,2,M
6169,1,F
6170,2,M
6171,1,F
6172,1,F
6173,2,F
6174,2,F
6175,1,F
6176,1,M
6177,1,M
6178,1,M
6179,2,F
6180,1,M
6181,1,F
6182,1,F
6183,1,F
6184,2,F
6185,2,M
6186,1,M
6187,2,M
6188,1,F
6189,1,M
6190,2,M
6191,1,F
6192,1,M
6193,2,M
6194,1,F
6195,2,M
6196,1,M
6197,1,F
6198,1,F
6199,1,M
6200,1,F
6201,1,F
6202,2,M
6203,2,F
6204,2,F
6205,1,M
6206,2,M
6207,2,M
6208,2,M
6209,2,M
6210,2,F
6211,1,F
6212,1,M
6213,1,F
6214,2,F
6215,2,F
6216,2,M
6217,1,M
6218,2,F
6219,2,F
6220,1,M
6221,1,F
6222,1,F
6223,1,F
6224,1,F
6225,2,F
6226,2,F
6227,2,F
6228,1,M
6229,2,M
6230,2,F
6231,1,M
6232,2,F
6233,1,F
6234,2,M
6235,1,M
6236,1,F
6237,2,M
6238,2,M
6239,1,M
6240,2,M
6241,2,F
6242,2,M
6243,1,M
6244,1,F
6245,2,M
6246,2,F
6247,2,M
6248,2,F
6249,2,M
6250,1,M
6251,1,F
6252,1,F
6253,2,M
6254,1,F
6255,1,F
6256,1,F
6257,1,F
6258,1,M
6259,2,M
6260,1,M
6261,1,M
6262,2,F
6263,2,F
6264,2,M
6265,2,F
6266,1,F
6267,2,M
6268,2,F
6269,1,M
6270,2,F
6271,1,F
6272,1,F
6273,1,M
6274,2,M
6275,1,F
6276,2,M
6277,1,M
6278,1,F
6279,1,F
6280,2,F
6281,2,F
6282,1,M
6283,1,F
6284,1,M
6285,1,F
6286,1,M
6287,1,F
6288,2,F
6289,2,M
6290,1,F
6291,1,F
6292,2,M
6293,2,F
6294,2,M
6295,2,F
6296,2,F
6297,1,M
6298,2,F
6299,1,F
6300,1,F
6301,1,F
6302,1,F
6303,2,F
6304,1,F
6305,2,M
6306,1,F
6307,2,M
6308,1,M
6309,1,F
6310,1,F
6311,2,F
6312,2,M
6313,2,M
6314,2,M
6315,2,M
6316,1,M
6317,2,F
6318,2,M
6319,1,M
6320,2,M
6321,1,M
6322,2,F
6323,1,F
6324,1,F
6325,2,M
6326,1,M
6327,1,F
6328,1,F
6329,2,M
6330,1,F
6331,2,F
6332,1,M
6333,2,M
6334,2,F
6335,1,F
6336,2,F
6337,2,F
6338,1,M
6339,2,F
6340,2,F
6341,1,F
6342,1,M
6343,1,M
6344,1,M
6345,2,F
6346,2,F
6347,1,F
6348,2,F
6349,1,M
6350,2,M
6351,2,M
6352,2,F
6353,1,M
6354,2,F
6355,2,F
6356,1,F
6357,1,F
6358,1,F
6359,2,M
6360,1,M
6361,1,F
6362,1,F
6363,1,M
6364,1,F
6365,1,F
6366,1,M
6367,2,F
6368,2,F
6369,1,F
6370,1,F
6371,1,M
6372,1,F
6373,1,M
6374,1,M
6375,2,M
6376,1,F
6377,1,F
6378,1,F
6379,1,M
6380,1,F
6381,2,M
6382,2,F
6383,1,F
6384,1,M
6385,1,F
6386,2,F
6387,1,M
6388,2,F
6389,2,F
6390,1,M
6391,1,F
6392,2,F
6393,2,M
6394,1,F
6395,2,M
6396,1,M
6397,1,F
6398,1,M
6399,1,M
6400,1,M
6401,1,M
6402,1,M
6403,1,F
6404,1,F
6405,2,F
6406,2,M
6407,2,F
6408,1,F
6409,1,F
6410,1,M
6411,2,F
6412,2,M
6413,2,M
6414,1,M
6415,1,F
6416,1,M
6417,1,F
6418,1,M
6419,1,M
6420,1,F
6421,2,M
6422,2,F
6423,2,M
6424,2,M
6425,2,M
6426,2,M
6427,1,F
6428,1,F
6429,1,F
6430,1,M
6431,1,M
6432,2,M
6433,1,F
6434,1,F
6435,1,F
6436,2,M
6437,1,M
6438,2,F
6439,1,F
6440,2,F
6441,1,F
6442,1,F
6443,2,F
6444,1,F
6445,1,F
6446,2,F
6447,2,F
6448,2,F
6449,1,F
6450,1,F
6451,1,F
6452,1,F
6453,2,M
6454,1,F
6455,2,F
6456,1,F
6457,2,F
6458,1,F
6459,2,F
6460,2,M
6461,2,F
6462,1,M
6463,2,F
6464,2,F
6465,1,M
6466,2,F
6467,2,F
6468,2,M
6469,2,F
6470,2,M
6471,2,F
6472,2,F
6473,1,M
6474,2,F
6475,2,F
6476,2,M
6477,2,M
6478,2,F
6479,1,M
6480,1,M
6481,1,F
6482,1,M
6483,2,M
6484,2,F
6485,2,F
6486,1,M
6487,1,F
6488,1,F
6489,2,F
6490,2,F
6491,1,M
6492,2,M
6493,1,F
6494,1,M
6495,2,F
6496,1,F
6497,1,M
6498,2,F
6499,2,F
6500,2,F
6501,1,M
6502,2,F
6503,2,F
6504,1,M
6505,2,M
6506,2,F
6507,1,M
6508,2,F
6509,2,F
6510,1,M
6511,1,M
6512,2,F
6513,2,M
6514,1,F
6515,2,F
6516,1,M
6517,1,F
6518,1,M
6519,1,M
6520,1,M
6521,2,F
6522,1,F
6523,2,F
6524,1,M
6525,1,M
6526,2,F
6527,1,F
6528,1,F
6529,1,F
6530,1,F
6531,2,M
6532,2,M
6533,2,F
6534,1,M
6535,2,M
6536,2,F
6537,1,F
6538,2,F
6539,2,F
6540,1,F
6541,1,M
6542,1,F
6543,1,F
6544,2,F
6545,2,M
6546,2,F
6547,1,M
6548,1,F
6549,1,F
6550,1,M
6551,1,M
6552,2,F
6553,2,F
6554,2,M
6555,2,M
6556,1,M
6557,1,M
6558,2,M
6559,2,F
6560,2,F
6561,1,F
6562,2,M
6563,2,F
6564,1,M
6565,1,M
6566,2,M
6567,2,F
6568,1,F
6569,1,F
6570,1,M
6571,1,F
6572,1,F
6573,1,F
6574,1,F
6575,2,M
6576,1,F
6577,2,M
6578,2,F
6579,2,F
6580,1,F
6581,1,M
6582,2,M
6583,2,M
6584,2,F
6585,2,F
6586,1,M
6587,2,M
6588,2,F
6589,2,M
6590,2,F
6591,2,F
6592,1,F
6593,2,M
6594,1,M
6595,1,F
6596,1,F
6597,1,F
6598,2,F
6599,2,M
6600,1,M
6601,1,M
6602,2,M
6603,1,F
6604,2,F
6605,1,F
6606,1,M
6607,2,F
6608,1,F
6609,1,F
6610,2,M
6611,1,F
6612,1,F
6613,1,M
6614,1,F
6615,2,F
6616,1,M
6617,1,F
6618,1,M
6619,2,M
6620,2,F
6621,2,F
6622,1,F
6623,1,F
6624,1,F
6625,2,F
6626,2,M
6627,2,F
6628,1,F
6629,2,M
6630,1,F
6631,1,F
6632,1,M
6633,1,M
6634,2,F
6635,1,F
6636,1,M
6637,1,F
6638,2,M
6639,2,F
6640,1,M
6641,1,M
6642,2,M
6643,2,M
6644,1,M
6645,1,F
6646,1,F
6647,2,M
6648,2,M
6649,2,M
6650,2,F
6651,1,F
6652,1,M
6653,2,F
6654,1,F
6655,2,F
6656,2,M
6657,2,F
6658,1,F
6659,1,M
6660,1,M
6661,2,F
6662,2,F
6663,2,M
6664,2,M
6665,2,F
6666,1,M
6667,1,F
6668,1,M
6669,1,M
6670,2,F
6671,2,M
6672,2,F
6673,1,F
6674,1,M
6675,2,M
6676,2,F
6677,2,M
6678,1,M
6679,1,F
6680,1,F
6681,1,M
6682,1,F
6683,1,M
6684,1,M
6685,2,M
6686,2,F
6687,2,M
6688,2,M
6689,1,M
6690,1,F
6691,2,F
6692,2,M
6693,1,M
6694,2,M
6695,1,M
6696,2,F
6697,2,M
6698,1,M
6699,2,M
6700,1,M
6701,1,F
6702,1,F
6703,2,F
6704,1,M
6705,1,M
6706,1,M
6707,2,F
6708,1,F
6709,1,F
6710,1,F
6711,1,M
6712,1,F
6713,1,M
6714,2,M
6715,2,M
6716,1,F
6717,2,F
6718,1,M
6719,2,F
6720,2,F
6721,2,F
6722,2,M
6723,2,M
6724,2,M
6725,2,F
6726,2,M
6727,2,M
6728,2,M
6729,1,M
6730,2,F
6731,2,F
6732,1,M
6733,2,M
6734,1,F
6735,2,F
6736,1,F
6737,1,F
6738,2,M
6739,2,M
6740,1,F
6741,1,F
6742,1,F
6743,2,F
6744,1,F
6745,1,M
6746,2,F
6747,1,M
6748,1,F
6749,1,M
6750,2,F
6751,1,F
6752,1,M
6753,1,F
6754,1,F
6755,1,F
6756,2,M
6757,1,M
6758,1,M
6759,2,F
6760,2,F
6761,1,F
6762,2,F
6763,2,F
6764,2,F
6765,1,F
6766,2,F
6767,2,F
6768,2,M
6769,2,F
6770,1,F
6771,2,M
6772,1,M
6773,1,F
6774,2,F
6775,2,M
6776,1,M
6777,1,M
6778,1,F
6779,2,M
6780,2,M
6781,2,M
6782,2,F
6783,2,M
6784,1,F
6785,1,F
6786,1,F
6787,1,F
6788,2,F
6789,1,F
6790,1,F
6791,2,M
6792,1,M
6793,1,M
6794,2,F
6795,1,M
6796,2,F
6797,1,M
6798,2,M
6799,1,F
6800,1,M
6801,1,M
6802,2,M
6803,2,F
6804,1,M
6805,2,M
6806,1,F
6807,1,M
6808,1,M
6809,2,F
6810,2,M
6811,1,M
6812,2,F
6813,2,F
6814,1,F
6815,1,M
6816,2,M
6817,1,F
6818,2,M
6819,2,M
6820,1,M
6821,2,F
6822,2,F
6823,1,F
6824,1,F
6825,1,F
6826,2,F
6827,1,F
6828,1,F
6829,1,M
6830,2,M
6831,1,F
6832,1,F
6833,1,M
6834,1,M
6835,1,F
6836,2,F
6837,1,M
6838,1,M
6839,1,F
6840,2,F
6841,2,M
6842,2,F
6843,1,M
6844,1,M
6845,1,F
6846,1,F
6847,2,F
6848,2,M
6849,2,F
6850,1,F
6851,2,M
6852,1,F
6853,2,M
6854,2,M
6855,2,M
6856,2,F
6857,2,F
6858,2,F
6859,1,F
6860,1,M
6861,2,M
6862,2,F
6863,2,F
6864,1,F
6865,2,M
6866,2,F
6867,2,F
6868,1,M
6869,1,F
6870,2,M
6871,1,M
6872,2,M
6873,2,M
6874,1,M
6875,1,M
6876,1,F
6877,2,M
6878,2,M
6879,1,M
6880,2,F
6881,1,F
6882,2,F
6883,2,F
6884,2,M
6885,1,M
6886,2,F
6887,1,F
6888,1,M
6889,1,M
6890,2,M
6891,1,M
6892,1,F
6893,2,F
6894,2,F
6895,1,F
6896,2,M
6897,1,M
6898,1,M
6899,1,F
6900,2,F
6901,2,F
6902,2,F
6903,2,F
6904,1,F
6905,2,F
6906,1,M
6907,1,M
6908,1,M
6909,1,F
6910,1,F
6911,2,M
6912,2,F
6913,2,M
6914,1,M
6915,1,M
6916,1,F
6917,1,M
6918,2,M
6919,2,F
6920,2,F
6921,2,F
6922,2,F
6923,2,F
6924,2,M
6925,1,F
6926,2,F
6927,1,F
6928,1,F
6929,1,F
6930,1,M
6931,2,F
6932,2,M
6933,2,M
6934,1,M
6935,2,F
6936,2,M
6937,2,M
6938,2,M
6939,2,M
6940,1,F
6941,2,F
6942,2,F
6943,1,M
6944,2,M
6945,2,F
6946,1,M
6947,2,F
6948,1,M
6949,2,F
6950,1,F
6951,1,F
6952,1,F
6953,2,F
6954,1,M
6955,2,F
6956,2,F
6957,1,F
6958,1,F
6959,2,F
6960,2,F
6961,1,M
6962,1,M
6963,1,M
6964,2,M
6965,2,F
6966,1,F
6967,2,F
6968,1,F
6969,1,M
6970,2,F
6971,2,M
6972,1,M
6973,2,M
6974,1,M
6975,2,M
6976,1,F
6977,1,M
6978,2,M
6979,2,M
6980,2,F
6981,2,F
6982,1,F
6983,1,F
6984,2,F
6985,1,M
6986,1,M
6987,1,F
6988,1,F
6989,1,M
6990,1,F
6991,1,M
6992,2,F
6993,2,F
6994,2,F
6995,2,F
6996,1,M
6997,1,M
6998,1,M
6999,2,M
7000,1,F
7001,1,F
7002,2,M
7003,1,F
7004,1,M
7005,2,F
7006,1,F
7007,2,F
7008,2,F
7009,1,F
7010,1,M
7011,2,M
7012,2,F
7013,2,M
7014,1,M
7015,1,F
7016,2,F
7017,2,M
7018,1,M
7019,2,F
7020,1,F
7021,2,M
7022,2,F
7023,1,M
7024,2,F
7025,2,F
7026,1,M
7027,2,F
7028,2,F
7029,1,M
7030,2,F
7031,1,F
7032,2,F
7033,1,F
7034,1,F
7035,1,F
7036,2,F
7037,1,M
7038,1,M
7039,2,M
7040,2,F
7041,2,F
7042,1,M
7043,2,F
7044,1,M
7045,2,F
7046,1,F
7047,1,F
7048,2,M
7049,2,F
7050,1,F
7051,2,F
7052,1,M
7053,2,F
7054,1,F
7055,1,F
7056,1,M
7057,1,M
7058,2,M
7059,2,F
7060,1,F
7061,1,F
7062,1,F
7063,2,F
7064,1,M
7065,1,F
7066,1,F
7067,2,F
7068,1,F
7069,2,M
7070,1,M
7071,1,M
7072,1,M
7073,2,F
7074,2,F
7075,1,F
7076,1,F
7077,1,F
7078,1,M
7079,2,F
7080,1,F
7081,2,F
7082,2,F
7083,1,M
7084,2,F
7085,2,F
7086,2,F
7087,1,M
7088,2,F
7089,2,F
7090,2,F
7091,1,F
7092,1,F
7093,2,F
7094,2,F
7095,2,F
7096,1,F
7097,2,F
7098,2,M
7099,1,F
7100,2,M
7101,2,F
7102,2,F
7103,1,M
7104,2,F
7105,2,F
7106,1,M
7107,2,M
7108,1,F
7109,2,F
7110,1,F
7111,2,M
7112,2,M
7113,2,F
7114,1,F
7115,2,M
7116,1,F
7117,1,M
7118,1,F
7119,1,F
7120,1,F
7121,2,F
7122,2,F
7123,2,M
7124,2,F
7125,1,F
7126,2,F
7127,1,M
7128,2,M
7129,2,F
7130,2,F
7131,1,M
7132,2,F
7133,2,M
7134,1,F
7135,1,F
7136,1,M
7137,2,F
7138,2,M
7139,1,M
7140,1,F
7141,1,F
7142,1,F
7143,1,M
7144,1,M
7145,1,F
7146,1,M
7147,2,M
7148,1,F
7149,2,F
7150,2,M
7151,2,F
7152,1,F
7153,2,F
7154,2,F
7155,1,F
7156,1,F
7157,1,M
7158,2,F
7159,2,F
7160,1,F
7161,1,M
7162,1,F
7163,1,F
7164,1,M
7165,2,F
7166,1,F
7167,2,M
7168,2,M
7169,1,M
7170,1,M
7171,1,F
7172,2,F
7173,1,F
7174,1,M
7175,1,M
7176,1,F
7177,2,M
7178,2,M
7179,1,F
7180,2,M
7181,2,F
7182,2,M
7183,1,F
7184,1,F
7185,1,F
7186,1,M
7187,2,F
7188,1,M
7189,2,M
7190,1,F
7191,1,F
7192,1,M
7193,1,F
7194,1,F
7195,2,M
7196,1,F
7197,1,F
7198,1,F
7199,1,M
7200,2,F
7201,1,M
7202,1,M
7203,1,M
7204,1,M
7205,2,F
7206,1,F
7207,2,F
7208,2,F
7209,1,M
7210,2,F
7211,1,F
7212,1,M
7213,2,M
7214,1,M
7215,2,M
7216,1,F
7217,1,F
7218,1,F
7219,2,F
7220,2,F
7221,1,M
7222,1,F
7223,2,F
7224,1,F
7225,1,F
7226,1,M
7227,1,M
7228,2,M
7229,1,F
7230,1,F
7231,1,F
7232,2,M
7233,1,F
7234,1,M
7235,1,M
7236,1,F
7237,2,M
7238,1,F
7239,2,M
7240,2,F
7241,2,F
7242,1,F
7243,2,F
7244,1,M
7245,2,F
7246,1,M
7247,2,F
7248,1,M
7249,2,F
7250,1,F
7251,2,F
7252,1,M
7253,1,F
7254,1,M
7255,1,M
7256,2,F
7257,2,M
7258,1,F
7259,2,F
7260,2,M
7261,2,F
7262,1,M
7263,1,F
7264,1,F
7265,1,M
7266,2,F
7267,2,M
7268,1,F
7269,1,M
7270,2,F
7271,1,F
7272,2,F
7273,1,F
7274,2,F
7275,2,F
7276,1,F
7277,1,F
7278,1,F
7279,2,M
7280,2,M
7281,2,F
7282,2,M
7283,1,F
7284,1,M
7285,1,F
7286,1,F
7287,1,M
7288,1,F
7289,1,F
7290,1,M
7291,1,F
7292,2,M
7293,2,F
7294,1,F
7295,1,F
7296,1,M
7297,2,F
7298,2,M
7299,1,F
7300,1,F
7301,1,F
7302,1,M
7303,2,F
7304,1,F
7305,2,F
7306,1,M
7307,1,F
7308,1,F
7309,1,F
7310,2,M
7311,1,F
7312,1,F
7313,2,M
7314,1,F
7315,1,F
7316,2,M
7317,2,M
7318,1,M
7319,2,F
7320,2,M
7321,2,F
7322,2,M
7323,2,M
7324,2,M
7325,1,F
7326,1,F
7327,2,F
7328,2,F
7329,2,F
7330,1,F
7331,2,F
7332,1,F
7333,2,F
7334,2,M
7335,1,F
7336,2,M
7337,1,M
7338,2,F
7339,1,M
7340,1,M
7341,2,F
7342,1,F
7343,1,F
7344,2,F
7345,1,F
7346,2,M
7347,2,F
7348,1,F
7349,1,M
7350,1,M
7351,2,F
7352,2,F
7353,1,F
7354,2,M
7355,1,M
7356,1,F
7357,2,F
7358,1,M
7359,2,F
7360,1,M
7361,2,F
7362,2,F
7363,2,M
7364,1,F
7365,1,F
7366,2,F
7367,1,F
7368,1,F
7369,1,F
7370,1,M
7371,2,F
7372,2,F
7373,1,F
7374,2,M
7375,2,M
7376,1,F
7377,1,F
7378,1,M
7379,2,F
7380,1,F
7381,2,F
7382,1,F
7383,2,F
7384,1,M
7385,1,M
7386,1,F
7387,1,F
7388,1,F
7389,2,M
7390,2,M
7391,2,F
7392,1,F
7393,2,F
7394,1,F
7395,1,F
7396,2,M
7397,2,F
7398,2,M
7399,1,F
7400,1,F
7401,1,F
7402,1,M
7403,2,F
7404,1,M
7405,1,F
7406,2,F
7407,1,M
7408,1,F
7409,1,F
7410,1,M
7411,1,M
7412,1,F
7413,1,M
7414,2,F
7415,1,F
7416,1,M
7417,1,M
7418,2,F
7419,1,M
7420,1,M
7421,2,F
7422,1,F
7423,1,F
7424,1,M
7425,2,F
7426,2,F
7427,2,F
7428,1,M
7429,1,F
7430,1,M
7431,2,F
7432,1,F
7433,1,M
7434,2,F
7435,2,F
7436,1,M
7437,1,F
7438,2,F
7439,1,F
7440,1,F
7441,1,F
7442,1,M
7443,2,F
7444,2,M
7445,1,F
7446,1,F
7447,1,M
7448,2,F
7449,2,M
7450,1,F
7451,2,F
7452,2,F
7453,2,F
7454,1,F
7455,1,F
7456,2,M
7457,2,M
7458,1,F
7459,1,F
7460,2,F
7461,2,M
7462,1,M
7463,2,F
7464,2,M
7465,1,F
7466,2,M
7467,2,F
7468,2,M
7469,1,M
7470,2,F
7471,2,F
7472,1,F
7473,1,F
7474,2,M
7475,1,M
7476,2,F
7477,1,F
7478,2,M
7479,1,F
7480,1,M
7481,1,M
7482,1,F
7483,1,F
7484,2,F
7485,1,M
7486,1,F
7487,1,F
7488,1,F
7489,1,M
7490,2,F
7491,1,M
7492,1,M
7493,1,F
7494,1,F
7495,2,M
7496,1,F
7497,1,F
7498,1,F
7499,2,F
7500,1,F
7501,2,F
7502,1,F
7503,1,F
7504,1,F
7505,1,M
7506,1,F
7507,2,F
7508,1,M
7509,1,F
7510,2,F
7511,2,F
7512,2,F
7513,1,F
7514,2,F
7515,1,F
7516,2,F
7517,1,F
7518,2,F
7519,2,M
7520,2,F
7521,2,F
7522,1,F
7523,2,M
7524,2,M
7525,2,F
7526,2,F
7527,2,M
7528,1,M
7529,2,F
7530,2,F
7531,2,M
7532,1,M
7533,2,M
7534,2,F
7535,2,M
7536,1,M
7537,2,M
7538,1,F
7539,1,M
7540,2,F
7541,2,F
7542,1,M
7543,1,F
7544,1,F
7545,1,F
7546,1,F
7547,2,M
7548,2,F
7549,1,F
7550,2,F
7551,1,M
7552,2,M
7553,1,F
7554,1,F
7555,1,M
7556,2,M
7557,1,M
7558,1,M
7559,2,F
7560,1,F
7561,1,F
7562,1,F
7563,1,F
7564,2,M
7565,1,M
7566,2,M
7567,1,F
7568,2,F
7569,1,M
7570,1,F
7571,1,M
7572,2,F
7573,1,M
7574,2,M
7575,1,F
7576,2,F
7577,1,M
7578,2,M
7579,1,M
7580,2,F
7581,2,M
7582,1,F
7583,1,F
7584,2,F
7585,1,F
7586,2,M
7587,2,F
7588,2,F
7589,1,M
7590,1,F
7591,1,F
7592,2,F
7593,1,F
7594,2,M
7595,1,F
7596,1,M
7597,2,F
7598,1,F
7599,1,M
7600,2,F
7601,1,F
7602,1,F
7603,1,F
7604,1,F
7605,2,F
7606,2,F
7607,1,F
7608,1,F
7609,1,F
7610,2,F
7611,1,F
7612,1,M
7613,2,F
7614,2,M
7615,1,F
7616,1,F
7617,1,M
7618,1,F
7619,1,M
7620,1,M
7621,2,M
7622,1,M
7623,1,F
7624,1,F
7625,1,M
7626,1,F
7627,2,M
7628,2,M
7629,2,F
7630,1,F
7631,2,M
7632,2,F
7633,1,M
7634,1,F
7635,1,F
7636,1,F
7637,2,F
7638,2,F
7639,1,M
7640,1,M
7641,2,M
7642,2,M
7643,1,M
7644,1,F
7645,1,M
7646,1,F
7647,1,F
7648,2,M
7649,1,F
7650,1,M
7651,2,M
7652,2,M
7653,1,F
7654,1,M
7655,1,M
7656,2,M
7657,2,M
7658,2,F
7659,1,F
7660,1,F
7661,1,M
7662,1,M
7663,1,F
7664,1,F
7665,1,F
7666,1,F
7667,1,M
7668,1,M
7669,2,F
7670,2,F
7671,1,F
7672,2,M
7673,2,F
7674,1,F
7675,2,F
7676,1,F
7677,1,F
7678,1,F
7679,1,F
7680,1,F
7681,2,M
7682,1,F
7683,2,M
7684,2,F
7685,1,M
7686,2,F
7687,2,F
7688,2,F
7689,1,M
7690,1,M
7691,1,M
7692,1,F
7693,2,M
7694,2,F
7695,1,M
7696,1,F
7697,2,F
7698,2,F
7699,1,F
7700,1,F
7701,1,M
7702,2,F
7703,2,M
7704,1,F
7705,2,M
7706,1,F
7707,1,M
7708,1,M
7709,2,F
7710,1,M
7711,2,M
7712,1,M
7713,1,M
7714,2,M
7715,1,M
7716,2,M
7717,1,F
7718,1,M
7719,1,F
7720,2,F
7721,1,F
7722,2,F
7723,2,F
7724,2,M
7725,1,F
7726,2,M
7727,2,M
7728,2,F
7729,2,F
7730,2,M
7731,1,F
7732,1,F
7733,1,M
7734,1,M
7735,1,F
7736,1,F
7737,1,M
7738,2,F
7739,1,F
7740,2,M
7741,2,M
7742,1,M
7743,2,F
7744,1,F
7745,1,F
7746,1,M
7747,2,F
7748,2,M
7749,2,F
7750,2,M
7751,1,F
7752,1,F
7753,1,M
7754,2,M
7755,1,M
7756,1,F
7757,2,F
7758,2,M
7759,2,M
7760,1,M
7761,1,M
7762,2,M
7763,1,M
7764,1,F
7765,2,F
7766,2,F
7767,1,M
7768,2,M
7769,1,F
7770,2,F
7771,1,M
7772,2,M
7773,1,M
7774,1,F
7775,1,M
7776,1,F
7777,2,F
7778,2,M
7779,2,M
7780,1,F
7781,1,F
7782,1,M
7783,1,M
7784,1,F
7785,1,M
7786,1,M
7787,1,F
7788,1,M
7789,2,M
7790,2,F
7791,1,F
7792,2,F
7793,1,F
7794,1,F
7795,2,F
7796,2,F
7797,1,M
7798,1,F
7799,1,M
7800,1,F
7801,2,F
7802,2,F
7803,1,F
7804,1,F
7805,1,F
7806,2,M
7807,1,M
7808,2,M
7809,1,M
7810,1,F
7811,2,M
7812,2,F
7813,1,F
7814,2,F
7815,1,F
7816,2,M
7817,1,F
7818,1,M
7819,1,M
7820,1,M
7821,2,M
7822,1,M
7823,1,F
7824,1,M
7825,1,M
7826,1,F
7827,1,M
7828,1,F
7829,1,M
7830,1,M
7831,1,M
7832,2,F
7833,2,F
7834,1,M
7835,2,M
7836,1,F
7837,1,M
7838,2,F
7839,1,M
7840,1,F
7841,1,F
7842,1,F
7843,1,F
7844,2,M
7845,1,F
7846,1,M
7847,1,M
7848,1,M
7849,1,F
7850,1,F
7851,2,F
7852,2,M
7853,1,M
7854,2,M
7855,2,F
7856,1,F
7857,2,F
7858,2,F
7859,2,M
7860,1,F
7861,1,M
7862,1,F
7863,2,M
7864,1,M
7865,1,F
7866,1,M
7867,2,F
7868,1,F
7869,1,F
7870,2,F
7871,2,M
7872,1,F
7873,2,F
7874,1,F
7875,1,F
7876,2,F
7877,1,F
7878,2,F
7879,1,M
7880,2,F
7881,1,F
7882,2,F
7883,2,M
7884,2,M
7885,1,M
7886,1,F
7887,2,M
7888,2,M
7889,2,F
7890,1,M
7891,2,M
7892,2,M
7893,1,F
7894,1,F
7895,1,F
7896,2,F
7897,2,M
7898,2,M
7899,1,F
7900,1,F
7901,2,F
7902,1,F
7903,1,F
7904,2,F
7905,1,F
7906,2,F
7907,1,F
7908,1,M
7909,1,F
7910,1,F
7911,2,F
7912,2,F
7913,2,F
7914,1,F
7915,2,F
7916,2,M
7917,2,F
7918,1,M
7919,1,M
7920,1,F
7921,1,M
7922,1,M
7923,1,M
7924,1,F
7925,2,F
7926,1,M
7927,2,M
7928,1,F
7929,2,F
7930,2,F
7931,2,F
7932,1,F
7933,1,M
7934,1,F
7935,2,F
7936,1,F
7937,2,F
7938,1,F
7939,2,M
7940,2,M
7941,1,M
7942,1,F
7943,2,F
7944,1,F
7945,1,F
7946,1,F
7947,1,F
7948,2,F
7949,2,M
7950,2,M
7951,1,F
7952,1,F
7953,1,M
7954,2,M
7955,2,M
7956,1,F
7957,1,F
7958,2,M
7959,2,F
7960,1,F
7961,1,F
7962,1,M
7963,1,M
7964,2,M
7965,1,F
7966,1,M
7967,1,F
7968,1,F
7969,1,M
7970,1,F
7971,1,M
7972,2,M
7973,2,F
7974,1,M
7975,1,M
7976,2,F
7977,2,F
7978,1,F
7979,1,F
7980,2,M
7981,1,F
7982,1,F
7983,2,M
7984,2,F
7985,1,F
7986,2,F
7987,1,M
7988,1,F
7989,2,F
7990,2,F
7991,1,M
7992,1,F
7993,1,F
7994,2,F
7995,1,F
7996,2,F
7997,1,M
7998,2,F
7999,2,F
8000,1,M
8001,1,M
8002,1,F
8003,2,M
8004,2,M
8005,2,M
8006,2,F
8007,1,F
8008,2,F
8009,1,F
8010,1,M
8011,1,F
8012,2,M
8013,2,M
8014,1,F
8015,2,F
8016,1,F
8017,2,M
8018,2,F
8019,1,F
8020,2,M
8021,1,F
8022,1,F
8023,1,M
8024,2,M
8025,2,M
8026,1,F
8027,2,M
8028,1,F
8029,1,F
8030,2,F
8031,1,F
8032,1,F
8033,1,M
8034,1,M
8035,2,F
8036,2,F
8037,1,F
8038,2,F
8039,1,F
8040,2,M
8041,1,M
8042,1,M
8043,2,F
8044,2,M
8045,2,F
8046,2,F
8047,1,M
8048,2,F
8049,1,M
8050,2,M
8051,2,F
8052,1,M
8053,1,M
8054,2,M
8055,2,F
8056,1,F
8057,2,M
8058,2,M
8059,1,F
8060,1,M
8061,2,M
8062,1,F
8063,2,M
8064,2,M
8065,1,F
8066,1,F
8067,2,F
8068,1,M
8069,1,F
8070,2,M
8071,1,F
8072,1,M
8073,2,F
8074,2,M
8075,1,F
8076,1,F
8077,1,F
8078,2,F
8079,2,F
8080,2,M
8081,2,M
8082,2,M
8083,1,M
8084,2,M
8085,1,M
8086,2,M
8087,1,F
8088,2,M
8089,2,F
8090,1,M
8091,2,F
8092,2,F
8093,2,F
8094,1,F
8095,1,F
8096,2,F
8097,2,M
8098,2,F
8099,1,F
8100,1,F
8101,1,M
8102,1,M
8103,2,M
8104,2,F
8105,2,F
8106,2,F
8107,1,M
8108,1,M
8109,2,F
8110,2,F
8111,1,F
8112,1,F
8113,1,F
8114,2,F
8115,1,F
8116,1,F
8117,1,M
8118,2,M
8119,2,M
8120,1,M
8121,1,F
8122,1,M
8123,1,M
8124,2,F
8125,2,M
8126,2,F
8127,1,F
8128,2,F
8129,1,M
8130,1,M
8131,2,F
8132,2,F
8133,2,F
8134,2,F
8135,1,F
8136,1,M
8137,2,F
8138,1,M
8139,2,M
8140,1,F
8141,1,M
8142,1,F
8143,2,F
8144,1,F
8145,1,M
8146,1,M
8147,2,F
8148,1,M
8149,1,F
8150,2,M
8151,2,F
8152,2,F
8153,2,F
8154,2,F
8155,1,M
8156,2,F
8157,1,F
8158,1,M
8159,2,F
8160,2,M
8161,1,F
8162,1,M
8163,2,M
8164,1,M
8165,2,M
8166,1,M
8167,2,F
8168,1,M
8169,2,F
8170,2,M
8171,1,F
8172,2,M
8173,2,M
8174,2,M
8175,1,M
8176,2,M
8177,2,M
8178,1,F
8179,1,M
8180,2,M
8181,1,M
8182,1,F
8183,1,M
8184,2,F
8185,1,F
8186,1,M
8187,2,F
8188,2,F
8189,2,F
8190,1,F
8191,2,M
8192,2,F
8193,1,M
8194,2,M
8195,1,M
8196,2,F
8197,1,F
8198,2,F
8199,1,M
8200,2,M
8201,1,F
8202,1,F
8203,1,F
8204,1,F
8205,2,M
8206,2,M
8207,1,M
8208,1,M
8209,2,M
8210,1,F
8211,2,F
8212,2,M
8213,1,F
8214,1,M
8215,2,F
8216,2,M
8217,1,M
8218,2,F
8219,1,F
8220,1,M
8221,1,F
8222,1,M
8223,1,F
8224,1,M
8225,1,F
8226,1,M
8227,1,M
8228,1,F
8229,2,F
8230,2,M
8231,1,F
8232,2,M
8233,1,M
8234,1,F
8235,1,M
8236,2,F
8237,2,M
8238,1,M
8239,1,F
8240,1,F
8241,1,F
8242,1,M
8243,2,F
8244,2,M
8245,2,M
8246,2,F
8247,2,M
8248,2,F
8249,1,F
8250,2,M
8251,2,F
8252,1,F
8253,2,M
8254,2,M
8255,1,M
8256,1,M
8257,1,M
8258,2,M
8259,2,F
8260,1,F
8261,2,F
8262,2,F
8263,2,M
8264,2,M
8265,2,M
8266,2,M
8267,2,F
8268,1,M
8269,2,M
8270,1,F
8271,2,M
8272,1,F
8273,1,M
8274,1,M
8275,1,M
8276,2,F
8277,1,F
8278,1,M
8279,1,F
8280,1,F
8281,1,F
8282,1,F
8283,2,F
8284,1,M
8285,1,F
8286,1,M
8287,2,F
8288,1,M
8289,1,F
8290,1,F
8291,2,M
8292,1,F
8293,2,M
8294,1,F
8295,2,M
8296,1,M
8297,1,M
8298,1,F
8299,1,F
8300,1,F
8301,2,F
8302,1,F
8303,1,F
8304,1,F
8305,2,F
8306,1,M
8307,2,F
8308,1,M
8309,1,M
8310,1,F
8311,2,F
8312,2,F
8313,2,M
8314,1,F
8315,2,F
8316,1,F
8317,2,F
8318,1,M
8319,1,M
8320,1,M
8321,2,M
8322,1,F
8323,2,F
8324,1,M
8325,1,F
8326,2,F
8327,2,F
8328,1,F
8329,2,F
8330,1,M
8331,2,F
8332,1,F
8333,1,M
8334,2,M
8335,2,F
8336,1,F
8337,2,F
8338,1,F
8339,2,M
8340,2,M
8341,2,F
8342,2,M
8343,2,F
8344,1,F
8345,2,F
8346,1,F
8347,2,F
8348,2,M
8349,1,F
8350,1,F
8351,1,M
8352,2,F
8353,2,F
8354,2,F
8355,2,M
8356,2,F
8357,2,M
8358,2,F
8359,2,M
8360,1,F
8361,1,F
8362,1,M
8363,1,F
8364,2,F
8365,1,M
8366,1,F
8367,1,F
8368,2,F
8369,1,M
8370,2,F
8371,1,M
8372,2,M
8373,2,F
8374,1,F
8375,2,M
8376,2,F
8377,2,F
8378,1,F
8379,1,M
8380,2,F
8381,2,F
8382,1,M
8383,2,F
8384,2,M
8385,2,F
8386,2,F
8387,1,M
8388,1,M
8389,2,M
8390,1,M
8391,1,M
8392,2,F
8393,2,M
8394,2,F
8395,1,F
8396,2,F
8397,1,F
8398,1,F
8399,1,M
8400,2,M
8401,1,F
8402,1,M
8403,2,M
8404,2,F
8405,1,F
8406,1,M
8407,2,F
8408,1,F
8409,1,M
8410,1,F
8411,2,F
8412,1,M
8413,1,F
8414,2,F
8415,1,M
8416,2,F
8417,1,F
8418,2,M
8419,2,F
8420,1,M
8421,1,M
8422,1,F
8423,2,M
8424,2,M
8425,1,M
8426,1,F
8427,1,M
8428,2,F
8429,2,M
8430,2,M
8431,2,M
8432,2,M
8433,2,F
8434,2,F
8435,2,F
8436,2,F
8437,2,M
8438,1,M
8439,2,F
8440,1,F
8441,1,M
8442,1,M
8443,1,F
8444,1,M
8445,2,F
8446,1,M
8447,1,M
8448,1,F
8449,2,F
8450,2,F
8451,2,M
8452,1,M
8453,1,M
8454,2,F
8455,1,F
8456,2,M
8457,2,F
8458,2,M
8459,2,F
8460,1,F
8461,2,F
8462,1,F
8463,2,M
8464,2,F
8465,2,M
8466,1,M
8467,1,M
8468,1,M
8469,1,M
8470,2,F
8471,1,F
8472,1,F
8473,1,F
8474,2,F
8475,2,F
8476,2,F
8477,1,M
8478,2,F
8479,1,F
8480,2,M
8481,1,F
8482,2,F
8483,1,F
8484,1,F
8485,1,M
8486,1,F
8487,2,F
8488,2,F
8489,2,M
8490,2,F
8491,1,M
8492,1,M
8493,1,M
8494,2,F
8495,1,F
8496,1,M
8497,2,F
8498,1,M
8499,1,M
8500,2,F
8501,2,F
8502,1,F
8503,1,F
8504,2,F
8505,1,F
8506,1,F
8507,1,F
8508,1,F
8509,1,M
8510,2,F
8511,1,F
8512,1,F
8513,1,F
8514,2,M
8515,1,F
8516,2,M
8517,1,F
8518,2,F
8519,1,F
8520,1,F
8521,1,M
8522,2,F
8523,2,F
8524,1,M
8525,2,F
8526,2,F
8527,1,F
8528,1,M
8529,1,F
8530,2,M
8531,1,F
8532,1,M
8533,2,M
8534,1,F
8535,1,M
8536,2,M
8537,2,F
8538,1,M
8539,1,F
8540,1,F
8541,2,F
8542,2,M
8543,1,F
8544,1,M
8545,2,M
8546,1,F
8547,1,M
8548,2,F
8549,1,M
8550,2,M
8551,1,F
8552,1,F
8553,1,F
8554,2,F
8555,2,M
8556,2,M
8557,2,F
8558,2,M
8559,2,M
8560,1,M
8561,1,F
8562,1,M
8563,1,F
8564,1,M
8565,2,F
8566,2,M
8567,1,F
8568,1,F
8569,2,M
8570,2,M
8571,1,F
8572,1,F
8573,1,F
8574,1,F
8575,1,F
8576,1,M
8577,2,M
8578,2,F
8579,1,F
8580,1,F
8581,2,F
8582,2,F
8583,2,F
8584,2,F
8585,2,M
8586,2,F
8587,2,F
8588,1,F
8589,2,M
8590,2,F
8591,2,F
8592,1,M
8593,1,F
8594,2,F
8595,2,F
8596,1,M
8597,2,M
8598,2,M
8599,1,F
8600,1,F
8601,1,M
8602,2,M
8603,1,M
8604,1,F
8605,1,M
8606,2,M
8607,1,M
8608,1,M
8609,1,M
8610,1,M
8611,2,M
8612,2,F
8613,1,M
8614,2,F
8615,2,M
8616,2,F
8617,2,M
8618,1,F
8619,2,F
8620,1,M
8621,2,M
8622,1,F
8623,1,M
8624,2,F
8625,1,F
8626,2,F
8627,1,M
8628,1,M
8629,2,F
8630,1,M
8631,1,M
8632,2,F
8633,1,M
8634,1,F
8635,2,M
8636,1,M
8637,1,F
8638,1,M
8639,1,F
8640,1,M
8641,2,M
8642,1,M
8643,2,M
8644,1,M
8645,1,M
8646,2,M
8647,2,F
8648,1,F
8649,2,M
8650,1,F
8651,1,M
8652,1,M
8653,2,F
8654,1,F
8655,1,M
8656,1,F
8657,1,M
8658,1,F
8659,2,F
8660,1,F
8661,1,F
8662,2,F
8663,2,F
8664,1,F
8665,2,M
8666,2,F
8667,2,F
8668,1,F
8669,2,F
8670,2,M
8671,2,F
8672,2,M
8673,1,M
8674,2,M
8675,2,M
8676,2,F
8677,2,F
8678,2,M
8679,2,M
8680,1,M
8681,1,M
8682,2,M
8683,1,F
8684,2,M
8685,1,F
8686,1,F
8687,1,F
8688,1,F
8689,1,M
8690,2,F
8691,2,F
8692,2,F
8693,1,F
8694,2,M
8695,2,F
8696,1,F
8697,1,M
8698,2,F
8699,2,M
8700,1,M
8701,2,M
8702,2,F
8703,2,M
8704,2,M
8705,1,F
8706,2,M
8707,2,F
8708,1,F
8709,1,M
8710,1,M
8711,2,F
8712,1,F
8713,2,F
8714,1,F
8715,1,M
8716,2,F
8717,2,M
8718,1,M
8719,1,M
8720,1,M
8721,1,M
8722,2,F
8723,1,M
8724,1,F
8725,2,F
8726,2,F
8727,1,F
8728,1,M
8729,2,F
8730,1,M
8731,1,F
8732,2,F
8733,2,F
8734,2,F
8735,1,F
8736,1,M
8737,1,F
8738,1,M
8739,1,M
8740,2,F
8741,2,M
8742,1,F
8743,2,F
8744,2,F
8745,1,F
8746,2,F
8747,1,M
8748,2,M
8749,2,F
8750,1,F
8751,2,F
8752,2,M
8753,1,M
8754,1,F
8755,2,F
8756,2,M
8757,2,F
8758,2,F
8759,2,F
8760,1,F
8761,1,F
8762,1,F
8763,2,F
8764,2,F
8765,1,F
8766,1,M
8767,1,F
8768,1,M
8769,1,M
8770,2,F
8771,1,M
8772,2,F
8773,2,F
8774,1,M
8775,1,F
8776,2,M
8777,2,F
8778,1,F
8779,1,F
8780,2,F
8781,1,M
8782,2,M
8783,2,F
8784,1,F
8785,1,F
8786,2,F
8787,2,F
8788,2,F
8789,1,F
8790,2,M
8791,2,M
8792,1,M
8793,1,M
8794,2,F
8795,1,F
8796,1,F
8797,2,F
8798,1,M
8799,2,F
8800,2,F
8801,1,M
8802,1,F
8803,1,M
8804,1,M
8805,1,F
8806,1,M
8807,1,M
8808,2,M
8809,1,F
8810,1,M
8811,2,F
8812,1,F
8813,1,M
8814,2,F
8815,1,F
8816,1,M
8817,2,F
8818,1,F
8819,2,F
8820,1,F
8821,1,F
8822,1,F
8823,2,M
8824,2,F
8825,2,M
8826,1,F
8827,1,F
8828,1,M
8829,2,M
8830,2,F
8831,1,M
8832,1,M
8833,2,M
8834,1,M
8835,2,F
8836,2,F
8837,1,F
8838,2,F
8839,2,F
8840,2,M
8841,1,M
8842,1,F
8843,2,F
8844,1,F
8845,2,F
8846,2,F
8847,1,F
8848,2,M
8849,2,M
8850,1,F
8851,1,F
8852,1,M
8853,2,F
8854,1,F
8855,1,M
8856,1,M
8857,1,F
8858,2,M
8859,2,F
8860,2,M
8861,1,F
8862,2,M
8863,1,F
8864,2,M
8865,1,M
8866,2,F
8867,2,M
8868,2,F
8869,1,F
8870,2,M
8871,2,F
8872,1,M
8873,2,F
8874,2,F
8875,1,M
8876,1,F
8877,1,F
8878,1,M
8879,1,F
8880,2,F
8881,2,F
8882,2,M
8883,2,F
8884,1,M
8885,1,M
8886,2,M
8887,1,M
8888,2,F
8889,2,F
8890,2,M
8891,2,F
8892,2,M
8893,1,M
8894,2,F
8895,1,M
8896,2,M
8897,1,F
8898,1,F
8899,1,F
8900,2,F
8901,1,M
8902,2,F
8903,2,M
8904,2,M
8905,1,M
8906,1,M
8907,2,M
8908,1,F
8909,2,M
8910,1,M
8911,1,F
8912,1,F
8913,2,F
8914,1,F
8915,2,M
8916,1,F
8917,2,M
8918,1,F
8919,2,M
8920,1,M
8921,1,M
8922,2,M
8923,2,F
8924,2,M
8925,2,F
8926,1,M
8927,2,M
8928,1,F
8929,2,F
8930,1,M
8931,2,F
8932,2,M
8933,2,F
8934,2,F
8935,2,M
8936,2,F
8937,1,M
8938,2,F
8939,2,F
8940,1,M
8941,2,F
8942,2,M
8943,1,F
8944,2,F
8945,1,F
8946,1,M
8947,1,M
8948,2,F
8949,1,F
8950,1,F
8951,2,M
8952,1,M
8953,2,F
8954,1,M
8955,1,M
8956,1,M
8957,2,M
8958,2,F
8959,2,M
8960,2,F
8961,1,F
8962,2,F
8963,2,M
8964,2,M
8965,1,M
8966,1,F
8967,1,F
8968,2,F
8969,1,F
8970,2,M
8971,2,F
8972,1,F
8973,1,F
8974,1,M
8975,2,M
8976,2,F
8977,2,F
8978,2,M
8979,2,F
8980,2,F
8981,2,M
8982,1,M
8983,2,F
8984,2,F
8985,1,F
8986,1,F
8987,2,M
8988,2,F
8989,1,F
8990,2,F
8991,1,F
8992,1,F
8993,2,F
8994,1,M
8995,1,M
8996,2,M
8997,2,F
8998,1,M
8999,1,F
9000,2,F
9001,1,M
9002,2,F
9003,1,M
9004,1,F
9005,1,M
9006,1,F
9007,2,M
9008,2,F
9009,2,M
9010,1,M
9011,2,M
9012,2,F
9013,1,F
9014,1,M
9015,1,M
9016,1,M
9017,1,F
9018,2,F
9019,2,F
9020,2,M
9021,2,F
9022,2,F
9023,1,F
9024,1,M
9025,1,F
9026,1,M
9027,1,F
9028,2,M
9029,1,F
9030,1,F
9031,1,F
9032,1,M
9033,2,F
9034,2,F
9035,2,F
9036,2,F
9037,1,M
9038,1,M
9039,2,F
9040,2,F
9041,1,M
9042,2,F
9043,2,F
9044,1,M
9045,2,F
9046,2,F
9047,1,F
9048,1,M
9049,1,F
9050,2,M
9051,1,F
9052,1,F
9053,2,F
9054,1,M
9055,1,M
9056,2,F
9057,2,M
9058,1,F
9059,1,F
9060,1,F
9061,1,M
9062,2,F
9063,1,F
9064,1,F
9065,1,F
9066,1,F
9067,1,F
9068,1,F
9069,1,F
9070,1,M
9071,1,F
9072,2,F
9073,2,F
9074,1,F
9075,1,F
9076,2,F
9077,2,F
9078,2,F
9079,1,F
9080,1,M
9081,2,F
9082,1,F
9083,1,F
9084,2,M
9085,1,F
9086,1,F
9087,1,M
9088,2,F
9089,1,M
9090,2,F
9091,2,F
9092,2,F
9093,1,M
9094,1,F
9095,2,M
9096,2,M
9097,2,F
9098,1,M
9099,1,F
9100,1,M
9101,1,M
9102,1,F
9103,1,M
9104,1,M
9105,2,F
9106,2,F
9107,2,F
9108,1,M
9109,1,M
9110,2,F
9111,2,M
9112,2,M
9113,1,F
9114,2,M
9115,2,F
9116,1,F
9117,2,M
9118,2,F
9119,2,M
9120,1,M
9121,2,M
9122,1,M
9123,1,F
9124,1,F
9125,2,M
9126,2,F
9127,2,F
9128,2,F
9129,2,F
9130,1,F
9131,1,F
9132,1,F
9133,2,M
9134,1,F
9135,2,M
9136,2,M
9137,2,F
9138,2,F
9139,2,F
9140,1,F
9141,1,F
9142,2,M
9143,1,F
9144,1,F
9145,2,M
9146,1,F
9147,1,F
9148,1,M
9149,1,F
9150,1,M
9151,2,M
9152,2,M
9153,1,M
9154,2,M
9155,2,F
9156,2,M
9157,2,F
9158,2,F
9159,1,M
9160,1,F
9161,2,F
9162,2,F
9163,1,F
9164,2,F
9165,1,M
9166,2,M
9167,1,M
9168,1,F
9169,1,F
9170,1,M
9171,1,F
9172,1,F
9173,2,M
9174,1,M
9175,2,F
9176,2,M
9177,1,F
9178,1,M
9179,1,M
9180,2,M
9181,2,F
9182,1,F
9183,1,M
9184,1,M
9185,1,F
9186,2,F
9187,1,M
9188,1,F
9189,1,M
9190,1,F
9191,1,F
9192,2,F
9193,1,F
9194,2,F
9195,2,M
9196,1,M
9197,2,F
9198,1,M
9199,2,M
9200,2,F
9201,2,M
9202,1,M
9203,2,F
9204,1,F
9205,2,F
9206,2,F
9207,2,F
9208,2,F
9209,1,F
9210,2,F
9211,1,F
9212,2,M
9213,1,M
9214,2,F
9215,1,M
9216,1,M
9217,1,M
9218,2,F
9219,2,F
9220,2,F
9221,2,M
9222,2,M
9223,1,F
9224,2,M
9225,1,M
9226,2,F
9227,2,F
9228,1,M
9229,1,M
9230,2,M
9231,1,M
9232,2,M
9233,2,M
9234,2,M
9235,1,F
9236,1,M
9237,2,F
9238,1,M
9239,2,F
9240,2,F
9241,2,F
9242,2,M
9243,2,F
9244,2,F
9245,1,F
9246,1,F
9247,2,M
9248,2,M
9249,2,F
9250,1,M
9251,2,F
9252,1,M
9253,2,F
9254,2,M
9255,1,M
9256,1,F
9257,1,F
9258,2,F
9259,1,F
9260,2,F
9261,1,M
9262,2,F
9263,1,F
9264,1,M
9265,1,F
9266,1,F
9267,2,M
9268,1,M
9269,1,F
9270,1,F
9271,2,M
9272,1,M
9273,1,F
9274,2,M
9275,1,M
9276,2,F
9277,2,M
9278,2,M
9279,2,M
9280,1,M
9281,2,M
9282,1,F
9283,2,M
9284,2,F
9285,1,F
9286,1,M
9287,1,F
9288,1,F
9289,1,F
9290,2,M
9291,2,F
9292,2,F
9293,1,F
9294,2,M
9295,1,F
9296,1,M
9297,1,M
9298,1,M
9299,1,M
9300,2,M
9301,1,F
9302,1,F
9303,2,M
9304,2,M
9305,1,M
9306,1,M
9307,2,F
9308,1,F
9309,1,M
9310,2,M
9311,2,F
9312,2,F
9313,2,M
9314,1,F
9315,2,F
9316,2,F
9317,1,F
9318,2,M
9319,2,F
9320,2,M
9321,2,F
9322,2,F
9323,1,F
9324,2,M
9325,1,F
9326,1,F
9327,2,M
9328,2,F
9329,1,M
9330,1,M
9331,2,F
9332,2,M
9333,2,F
9334,2,M
9335,1,M
9336,2,M
9337,1,M
9338,1,F
9339,1,F
9340,1,F
9341,1,F
9342,1,M
9343,1,F
9344,2,M
9345,2,F
9346,2,M
9347,1,F
9348,1,F
9349,2,F
9350,2,F
9351,2,F
9352,2,F
9353,1,F
9354,1,M
9355,1,M
9356,2,F
9357,1,F
9358,2,F
9359,2,M
9360,2,M
9361,2,M
9362,1,F
9363,2,M
9364,2,F
9365,2,F
9366,1,M
9367,1,M
9368,1,F
9369,2,F
9370,2,F
9371,1,F
9372,2,F
9373,1,F
9374,1,F
9375,1,M
9376,1,M
9377,2,F
9378,1,F
9379,2,M
9380,1,M
9381,2,M
9382,2,F
9383,1,M
9384,2,F
9385,1,M
9386,1,F
9387,2,F
9388,1,F
9389,1,M
9390,1,M
9391,2,M
9392,1,M
9393,1,M
9394,2,M
9395,2,M
9396,1,M
9397,1,F
9398,1,M
9399,2,F
9400,1,F
9401,1,M
9402,1,F
9403,1,F
9404,2,F
9405,1,F
9406,1,F
9407,1,M
9408,2,M
9409,2,M
9410,2,F
9411,2,M
9412,1,M
9413,1,M
9414,1,F
9415,2,F
9416,2,F
9417,1,F
9418,1,F
9419,2,M
9420,1,F
9421,2,M
9422,2,M
9423,2,M
9424,1,F
9425,1,F
9426,1,F
9427,2,F
9428,1,M
9429,1,F
9430,2,F
9431,1,M
9432,2,F
9433,2,F
9434,2,F
9435,1,F
9436,1,M
9437,1,F
9438,1,F
9439,2,F
9440,2,F
9441,1,F
9442,2,F
9443,1,F
9444,1,M
9445,1,F
9446,1,M
9447,2,F
9448,2,M
9449,1,F
9450,1,M
9451,2,M
9452,1,M
9453,2,F
9454,1,M
9455,1,M
9456,1,M
9457,2,F
9458,2,M
9459,1,M
9460,2,F
9461,1,F
9462,2,F
9463,1,M
9464,1,M
9465,1,F
9466,1,F
9467,2,M
9468,1,F
9469,2,F
9470,1,F
9471,1,F
9472,2,M
9473,2,F
9474,2,F
9475,2,F
9476,2,M
9477,2,M
9478,1,M
9479,2,F
9480,2,F
9481,2,M
9482,1,M
9483,2,F
9484,1,F
9485,1,M
9486,1,M
9487,2,M
9488,2,F
9489,1,M
9490,1,F
9491,1,F
9492,2,F
9493,1,M
9494,1,F
9495,1,M
9496,1,M
9497,2,F
9498,2,M
9499,1,F
9500,2,F
9501,1,F
9502,2,F
9503,1,F
9504,1,M
9505,2,M
9506,1,M
9507,1,F
9508,2,F
9509,1,F
9510,1,M
9511,2,F
9512,1,M
9513,2,F
9514,2,M
9515,1,M
9516,1,F
9517,2,M
9518,1,M
9519,2,F
9520,1,F
9521,2,F
9522,2,M
9523,2,F
9524,1,F
9525,1,M
9526,1,F
9527,2,F
9528,1,F
9529,1,M
9530,2,F
9531,1,F
9532,2,F
9533,2,M
9534,1,M
9535,2,F
9536,2,M
9537,2,F
9538,1,F
9539,1,M
9540,1,M
9541,1,F
9542,2,F
9543,1,M
9544,2,F
9545,2,F
9546,2,F
9547,1,F
9548,2,F
9549,2,F
9550,1,M
9551,1,M
9552,1,F
9553,1,F
9554,1,F
9555,2,F
9556,2,M
9557,2,M
9558,2,F
9559,1,F
9560,1,F
9561,1,F
9562,1,F
9563,1,M
9564,2,F
9565,1,F
9566,2,M
9567,1,M
9568,2,F
9569,1,M
9570,1,M
9571,1,F
9572,2,M
9573,2,F
9574,2,M
9575,1,M
9576,2,M
9577,1,M
9578,1,F
9579,1,M
9580,1,M
9581,1,F
9582,1,M
9583,1,F
9584,1,M
9585,1,M
9586,1,F
9587,1,M
9588,1,M
9589,1,M
9590,2,F
9591,1,M
9592,1,F
9593,2,F
9594,1,F
9595,1,M
9596,2,F
9597,1,M
9598,2,F
9599,2,M
9600,2,F
9601,1,F
9602,1,F
9603,2,F
9604,1,F
9605,2,M
9606,1,F
9607,1,M
9608,1,F
9609,1,M
9610,1,M
9611,1,M
9612,2,F
9613,2,M
9614,1,M
9615,2,M
9616,1,M
9617,1,M
9618,1,M
9619,1,M
9620,2,M
9621,2,F
9622,1,F
9623,1,M
9624,1,F
9625,1,M
9626,1,M
9627,2,F
9628,2,M
9629,1,F
9630,1,F
9631,1,F
9632,2,M
9633,1,M
9634,1,F
9635,2,F
9636,2,M
9637,1,F
9638,1,F
9639,1,F
9640,2,M
9641,1,F
9642,2,F
9643,2,F
9644,1,M
9645,2,M
9646,2,M
9647,1,F
9648,2,F
9649,2,F
9650,1,M
9651,1,M
9652,1,M
9653,2,F
9654,2,F
9655,2,M
9656,1,F
9657,2,F
9658,1,M
9659,2,F
9660,2,F
9661,1,F
9662,1,F
9663,1,M
9664,2,F
9665,1,M
9666,2,F
9667,1,F
9668,1,F
9669,2,M
9670,2,M
9671,2,M
9672,2,M
9673,2,F
9674,2,M
9675,2,M
9676,1,M
9677,1,M
9678,2,F
9679,1,F
9680,1,M
9681,2,F
9682,2,F
9683,1,F
9684,2,M
9685,2,M
9686,1,M
9687,1,F
9688,2,F
9689,1,F
9690,2,M
9691,2,F
9692,1,F
9693,2,M
9694,2,F
9695,1,M
9696,1,F
9697,1,M
9698,1,F
9699,1,M
9700,1,M
9701,2,F
9702,1,F
9703,1,F
9704,1,F
9705,2,F
9706,1,M
9707,1,F
9708,2,M
9709,2,M
9710,1,F
9711,1,F
9712,1,F
9713,1,F
9714,2,F
9715,1,F
9716,2,F
9717,2,M
9718,2,F
9719,1,F
9720,2,M
9721,2,F
9722,1,M
9723,2,F
9724,2,M
9725,1,M
9726,2,M
9727,1,M
9728,1,F
9729,2,F
9730,2,F
9731,1,F
9732,2,F
9733,1,M
9734,1,M
9735,2,F
9736,1,M
9737,1,F
9738,1,F
9739,2,M
9740,1,M
9741,1,M
9742,1,M
9743,1,M
9744,1,M
9745,1,M
9746,1,M
9747,2,F
9748,1,M
9749,1,F
9750,1,F
9751,2,M
9752,2,F
9753,1,F
9754,1,F
9755,2,F
9756,1,M
9757,1,M
9758,1,M
9759,2,F
9760,2,F
9761,2,F
9762,2,M
9763,1,F
9764,2,M
9765,1,M
9766,2,F
9767,2,M
9768,2,M
9769,1,F
9770,1,M
9771,1,F
9772,2,F
9773,1,M
9774,1,F
9775,1,F
9776,1,M
9777,2,M
9778,2,F
9779,1,F
9780,2,F
9781,2,M
9782,1,M
9783,2,F
9784,1,M
9785,1,F
9786,1,F
9787,2,M
9788,1,M
9789,2,M
9790,2,F
9791,1,M
9792,2,F
9793,2,F
9794,2,M
9795,1,F
9796,2,M
9797,1,M
9798,2,F
9799,1,F
9800,1,F
9801,1,M
9802,2,F
9803,1,F
9804,2,F
9805,1,M
9806,2,F
9807,2,M
9808,1,M
9809,2,F
9810,2,M
9811,1,F
9812,1,M
9813,1,M
9814,1,F
9815,1,M
9816,1,F
9817,1,F
9818,2,F
9819,1,M
9820,1,F
9821,1,M
9822,1,F
9823,1,M
9824,1,F
9825,2,M
9826,2,M
9827,2,F
9828,2,F
9829,1,F
9830,2,M
9831,2,M
9832,1,F
9833,1,M
9834,1,F
9835,2,F
9836,1,F
9837,1,F
9838,2,F
9839,2,F
9840,1,F
9841,2,F
9842,2,M
9843,1,M
9844,2,F
9845,1,F
9846,1,F
9847,2,F
9848,2,M
9849,2,M
9850,1,F
9851,2,F
9852,1,M
9853,1,F
9854,1,F
9855,2,F
9856,2,M
9857,1,F
9858,1,M
9859,2,F
9860,2,F
9861,2,F
9862,2,M
9863,2,F
9864,2,F
9865,1,F
9866,1,F
9867,1,F
9868,2,M
9869,1,F
9870,1,M
9871,1,F
9872,1,F
9873,1,F
9874,1,M
9875,1,F
9876,1,F
9877,1,F
9878,2,M
9879,2,F
9880,1,F
9881,2,M
9882,2,M
9883,1,F
9884,2,F
9885,2,F
9886,2,M
9887,2,F
9888,2,M
9889,2,F
9890,1,F
9891,1,M
9892,1,M
9893,2,F
9894,1,M
9895,2,F
9896,1,M
9897,2,M
9898,2,F
9899,2,F
9900,2,F
9901,1,F
9902,2,F
9903,1,F
9904,2,M
9905,1,F
9906,2,F
9907,2,F
9908,2,F
9909,2,F
9910,1,F
9911,1,M
9912,1,M
9913,2,F
9914,1,F
9915,2,F
9916,1,F
9917,2,F
9918,2,M
9919,1,M
9920,2,F
9921,2,M
9922,2,F
9923,1,M
9924,1,M
9925,2,F
9926,2,M
9927,1,F
9928,2,F
9929,2,F
9930,2,F
9931,1,F
9932,2,F
9933,1,M
9934,2,M
9935,1,F
9936,1,M
9937,1,M
9938,1,F
9939,1,M
9940,2,M
9941,2,M
9942,1,F
9943,1,F
9944,2,F
9945,1,M
9946,2,F
9947,1,F
9948,2,F
9949,2,F
9950,1,F
9951,1,F
9952,2,F
9953,1,M
9954,1,F
9955,1,M
9956,2,F
9957,2,M
9958,1,F
9959,2,F
9960,1,F
9961,2,F
9962,2,M
9963,1,M
9964,2,F
9965,2,F
9966,1,F
9967,2,F
9968,1,F
9969,1,F
9970,2,F
9971,1,M
9972,1,M
9973,2,F
9974,1,F
9975,1,F
9976,1,F
9977,1,F
9978,2,F
9979,2,M
9980,1,M
9981,2,M
9982,2,F
9983,1,F
9984,1,F
9985,1,M
9986,2,F
9987,2,F
9988,1,M
9989,2,F
9990,2,F
9991,2,F
9992,1,F
9993,1,M
9994,1,F
9995,2,M
9996,1,F
9997,1,F
9998,2,M
9999,1,F
10000,2,M
10001,2,F
10002,1,F
10003,2,M
10004,1,M
10005,2,F
10006,2,F
10007,2,M
10008,1,F
10009,2,F
10010,1,F
10011,1,F
10012,1,M
10013,1,F
10014,1,M
10015,1,F
10016,1,M
10017,2,F
10018,2,F
10019,2,M
10020,1,M
10021,2,F
10022,2,F
10023,2,F
10024,1,F
10025,2,M
10026,1,F
10027,1,F
10028,2,F
10029,2,M
10030,2,F
10031,2,F
10032,1,M
10033,2,M
10034,2,F
10035,2,M
10036,2,M
10037,2,F
10038,2,F
10039,1,F
10040,2,F
10041,2,F
10042,1,F
10043,1,F
10044,1,M
10045,2,F
10046,1,F
10047,1,M
10048,2,M
10049,1,F
10050,1,M
10051,2,F
10052,1,F
10053,1,M
10054,2,M
10055,1,M
10056,2,F
10057,1,F
10058,2,F
10059,1,F
10060,1,M
10061,1,F
10062,1,F
10063,2,M
10064,2,M
10065,1,M
10066,1,M
10067,1,F
10068,2,M
10069,2,F
10070,1,F
10071,2,F
10072,1,F
10073,2,M
10074,2,F
10075,2,F
10076,2,F
10077,2,F
10078,2,M
10079,1,F
10080,2,F
10081,1,F
10082,2,M
10083,2,M
10084,1,F
10085,2,M
10086,1,M
10087,1,F
10088,1,M
10089,1,M
10090,2,F
10091,2,F
10092,2,F
10093,2,F
10094,2,F
10095,2,M
10096,1,F
10097,1,M
10098,1,F
10099,1,F
10100,2,F
10101,2,F
10102,2,F
10103,1,F
10104,2,M
10105,1,F
10106,1,M
10107,2,M
10108,1,F
10109,1,M
10110,2,F
10111,2,F
10112,1,M
10113,1,F
10114,1,F
10115,1,M
10116,1,M
10117,1,F
10118,2,F
10119,2,F
10120,1,F
10121,2,F
10122,1,F
10123,1,M
10124,1,M
10125,1,M
10126,1,M
10127,1,F
10128,2,F
10129,1,F
10130,1,F
10131,2,M
10132,2,M
10133,1,M
10134,1,F
10135,1,F
10136,1,F
10137,1,F
10138,2,F
10139,1,F
10140,1,F
10141,2,M
10142,1,F
10143,2,M
10144,1,F
10145,2,F
10146,2,M
10147,2,F
10148,1,F
10149,1,F
10150,2,F
10151,2,M
10152,1,F
10153,2,F
10154,2,F
10155,1,M
10156,1,F
10157,1,M
10158,2,M
10159,2,F
10160,1,M
10161,2,F
10162,1,M
10163,2,F
10164,1,F
10165,1,F
10166,1,M
10167,1,M
10168,1,F
10169,1,F
10170,1,F
10171,2,F
10172,1,F
10173,2,F
10174,2,M
10175,2,M
10176,1,F
10177,1,F
10178,1,F
10179,1,M
10180,2,F
10181,1,F
10182,1,F
10183,1,F
10184,1,M
10185,2,M
10186,2,F
10187,1,F
10188,2,M
10189,2,M
10190,2,F
10191,2,F
10192,2,F
10193,2,F
10194,1,F
10195,1,M
10196,2,F
10197,1,F
10198,2,M
10199,1,F
10200,1,M
10201,2,F
10202,1,F
10203,1,M
10204,1,M
10205,1,F
10206,2,F
10207,2,M
10208,1,M
10209,1,F
10210,1,F
10211,1,F
10212,2,F
10213,1,M
10214,2,F
10215,1,F
10216,1,M
10217,1,F
10218,1,M
10219,1,F
10220,1,M
10221,1,M
10222,1,M
10223,1,F
10224,1,M
10225,1,F
10226,1,M
10227,1,F
10228,1,F
10229,1,M
10230,2,M
10231,2,M
10232,2,F
10233,1,M
10234,2,M
10235,1,F
10236,2,M
10237,2,F
10238,1,M
10239,1,M
10240,1,M
10241,1,M
10242,1,F
10243,2,F
10244,2,M
10245,1,M
10246,2,M
10247,2,M
10248,1,F
10249,2,F
10250,2,M
10251,1,M
10252,2,F
10253,2,F
10254,2,F
10255,2,M
10256,1,M
10257,1,M
10258,2,M
10259,2,F
10260,1,F
10261,2,F
10262,1,F
10263,1,M
10264,2,F
10265,1,M
10266,1,F
10267,1,F
10268,2,M
10269,2,M
10270,1,F
10271,1,M
10272,1,F
10273,2,F
10274,2,M
10275,1,F
10276,2,F
10277,2,F
10278,1,F
10279,1,M
10280,2,F
10281,2,F
10282,1,F
10283,1,F
10284,1,F
10285,2,F
10286,2,M
10287,1,F
10288,1,M
10289,1,F
10290,1,M
10291,1,F
10292,2,M
10293,1,M
10294,2,M
10295,2,F
10296,2,M
10297,1,F
10298,1,M
10299,1,F
10300,1,M
10301,2,F
10302,1,F
10303,1,M
10304,2,F
10305,1,F
10306,1,F
10307,2,F
10308,1,M
10309,1,M
10310,1,M
10311,1,F
10312,1,F
10313,2,F
10314,2,F
10315,1,M
10316,2,F
10317,1,F
10318,1,M
10319,2,F
10320,2,F
10321,1,F
10322,2,F
10323,1,M
10324,1,F
10325,2,M
10326,1,F
10327,1,M
10328,1,F
10329,1,F
10330,2,F
10331,1,F
10332,1,M
10333,2,M
10334,1,M
10335,1,F
10336,1,F
10337,1,M
10338,1,F
10339,2,M
10340,2,M
10341,1,F
10342,2,M
10343,1,F
10344,2,F
10345,1,M
10346,2,M
10347,2,M
10348,2,M
10349,2,M
10350,1,M
10351,1,M
10352,1,F
10353,2,M
10354,1,M
10355,1,M
10356,2,M
10357,1,M
10358,2,F
10359,2,F
10360,1,M
10361,1,M
10362,1,F
10363,1,F
10364,1,F
10365,2,F
10366,1,F
10367,2,F
10368,1,F
10369,2,F
10370,1,F
10371,2,F
10372,1,M
10373,2,F
10374,1,F
10375,2,F
10376,1,F
10377,2,F
10378,1,F
10379,1,F
10380,2,F
10381,2,F
10382,1,F
10383,2,F
10384,1,F
10385,1,M
10386,2,M
10387,1,F
10388,2,F
10389,1,M
10390,1,F
10391,2,F
10392,1,F
10393,1,M
10394,1,M
10395,2,M
10396,1,M
10397,2,M
10398,1,M
10399,1,M
10400,2,M
10401,2,F
10402,2,M
10403,1,F
10404,2,M
10405,2,F
10406,2,M
10407,2,M
10408,2,M
10409,2,M
10410,1,M
10411,1,F
10412,1,M
10413,1,F
10414,1,M
10415,1,M
10416,1,M
10417,1,F
10418,2,F
10419,2,M
10420,1,M
10421,1,F
10422,1,F
10423,2,F
10424,2,F
10425,1,F
10426,2,F
10427,2,F
10428,1,F
10429,2,F
10430,1,M
10431,1,M
10432,2,M
10433,2,M
10434,1,M
10435,2,M
10436,1,F
10437,2,F
10438,1,M
10439,2,M
10440,2,F
10441,2,M
10442,1,M
10443,2,M
10444,2,M
10445,1,F
10446,2,F
10447,1,F
10448,1,M
10449,1,M
10450,2,F
10451,2,F
10452,1,M
10453,1,M
10454,1,M
10455,1,M
10456,1,F
10457,1,F
10458,2,F
10459,1,F
10460,1,M
10461,1,M
10462,2,F
10463,2,F
10464,2,F
10465,1,F
10466,2,F
10467,1,F
10468,1,M
10469,2,F
10470,1,F
10471,1,M
10472,2,F
10473,2,F
10474,1,F
10475,1,F
10476,2,F
10477,2,F
10478,1,F
10479,2,F
10480,2,M
10481,1,M
10482,2,F
10483,1,F
10484,1,M
10485,1,F
10486,1,F
10487,2,F
10488,2,F
10489,2,F
10490,2,F
10491,1,F
10492,2,M
10493,1,M
10494,1,M
10495,2,F
10496,2,F
10497,2,F
10498,1,F
10499,1,F
10500,2,F
10501,1,M
10502,1,F
10503,2,F
10504,2,M
10505,2,M
10506,1,M
10507,1,F
10508,2,F
10509,1,M
10510,2,M
10511,1,F
10512,2,M
10513,2,F
10514,2,F
10515,2,F
10516,2,F
10517,2,F
10518,2,F
10519,2,M
10520,2,F
10521,1,M
10522,1,M
10523,1,M
10524,2,F
10525,1,M
10526,1,M
10527,2,F
10528,2,F
10529,1,F
10530,1,F
10531,2,F
10532,2,F
10533,1,M
10534,1,F
10535,2,F
10536,1,F
10537,1,F
10538,2,F
10539,1,F
10540,2,M
10541,2,M
10542,1,F
10543,2,M
10544,1,F
10545,1,M
10546,1,M
10547,1,F
10548,1,F
10549,2,M
10550,2,M
10551,2,F
10552,2,M
10553,2,F
10554,1,F
10555,1,M
10556,2,F
10557,2,F
10558,1,M
10559,2,M
10560,2,F
10561,1,M
10562,2,F
10563,2,M
10564,2,M
10565,1,F
10566,1,F
10567,1,M
10568,2,F
10569,2,F
10570,1,M
10571,2,F
10572,1,F
10573,2,F
10574,1,F
10575,1,F
10576,1,M
10577,1,M
10578,2,F
10579,1,F
10580,2,F
10581,2,M
10582,1,F
10583,1,F
10584,1,M
10585,1,F
10586,2,F
10587,1,F
10588,2,F
10589,1,F
10590,1,M
10591,1,M
10592,2,F
10593,1,M
10594,1,M
10595,2,F
10596,1,F
10597,1,F
10598,1,M
10599,1,M
10600,1,M
10601,2,F
10602,1,F
10603,1,F
10604,1,F
10605,2,M
10606,1,F
10607,1,M
10608,1,F
10609,1,M
10610,2,F
10611,1,F
10612,1,M
10613,1,F
10614,2,M
10615,1,M
10616,2,M
10617,2,M
10618,2,M
10619,2,M
10620,1,M
10621,1,F
10622,1,F
10623,2,M
10624,1,F
10625,1,F
10626,1,M
10627,2,M
10628,2,M
10629,2,F
10630,2,M
10631,2,M
10632,1,F
10633,1,M
10634,1,M
10635,1,M
10636,1,F
10637,1,F
10638,1,M
10639,2,F
10640,1,M
10641,2,F
10642,1,F
10643,2,M
10644,2,F
10645,2,M
10646,1,M
10647,1,F
10648,2,F
10649,1,M
10650,2,F
10651,2,F
10652,2,M
10653,1,M
10654,2,F
10655,2,F
10656,2,F
10657,2,F
10658,2,F
10659,1,F
10660,1,F
10661,2,M
10662,2,F
10663,1,M
10664,1,F
10665,2,M
10666,2,F
10667,1,F
10668,1,M
10669,1,M
10670,1,M
10671,2,M
10672,1,F
10673,1,M
10674,2,F
10675,2,F
10676,1,M
10677,2,M
10678,1,F
10679,2,M
10680,2,F
10681,2,M
10682,1,F
10683,2,F
10684,1,M
10685,2,M
10686,2,M
10687,1,M
10688,1,F
10689,2,F
10690,1,F
10691,2,M
10692,2,F
10693,2,M
10694,2,M
10695,2,M
10696,1,F
10697,1,M
10698,2,F
10699,2,F
10700,2,M
10701,1,F
10702,1,F
10703,1,F
10704,1,F
10705,2,F
10706,1,F
10707,1,M
10708,1,F
10709,2,F
10710,2,F
10711,2,F
10712,1,M
10713,2,M
10714,1,F
10715,1,F
10716,1,F
10717,2,M
10718,2,F
10719,1,M
10720,1,M
10721,2,M
10722,1,F
10723,2,M
10724,2,F
10725,2,F
10726,2,F
10727,2,M
10728,1,F
10729,1,M
10730,2,M
10731,1,M
10732,2,F
10733,2,F
10734,2,F
10735,2,M
10736,1,M
10737,2,F
10738,2,F
10739,1,M
10740,2,M
10741,2,M
10742,2,M
10743,2,M
10744,2,F
10745,2,M
10746,2,M
10747,1,F
10748,2,M
10749,2,M
10750,1,M
10751,1,M
10752,1,M
10753,2,M
10754,2,F
10755,2,M
10756,1,F
10757,1,M
10758,2,F
10759,1,F
10760,2,M
10761,1,F
10762,2,M
10763,1,M
10764,2,F
10765,1,F
10766,1,M
10767,1,M
10768,2,F
10769,2,M
10770,1,F
10771,1,F
10772,1,M
10773,1,F
10774,1,M
10775,1,F
10776,1,F
10777,2,M
10778,2,F
10779,1,M
10780,1,F
10781,2,M
10782,1,F
10783,1,M
10784,2,F
10785,1,F
10786,2,F
10787,1,F
10788,2,F
10789,1,M
10790,1,M
10791,1,M
10792,1,F
10793,1,F
10794,2,M
10795,1,F
10796,2,M
10797,2,F
10798,2,M
10799,1,M
10800,1,F
10801,1,M
10802,1,M
10803,2,F
10804,1,M
10805,1,F
10806,2,F
10807,1,M
10808,1,F
10809,2,M
10810,2,M
10811,2,F
10812,2,F
10813,1,F
10814,2,F
10815,1,M
10816,1,M
10817,1,M
10818,2,F
10819,2,F
10820,1,F
10821,1,F
10822,2,M
10823,1,F
10824,1,F
10825,1,F
10826,1,M
10827,1,F
10828,2,F
10829,2,F
10830,2,F
10831,1,M
10832,1,F
10833,1,F
10834,1,F
10835,2,M
10836,2,F
10837,1,M
10838,1,F
10839,1,M
10840,2,F
10841,2,F
10842,1,F
10843,1,F
10844,1,F
10845,1,M
10846,2,M
10847,2,M
10848,2,F
10849,1,M
10850,1,F
10851,2,M
10852,1,M
10853,1,F
10854,1,F
10855,2,M
10856,1,F
10857,2,F
10858,2,F
10859,1,M
10860,2,M
10861,1,M
10862,1,F
10863,1,M
10864,1,F
10865,1,F
10866,1,F
10867,2,F
10868,1,M
10869,1,F
10870,1,M
10871,1,M
10872,2,F
10873,2,F
10874,1,M
10875,2,F
10876,2,M
10877,2,F
10878,1,F
10879,1,M
10880,2,M
10881,1,F
10882,2,F
10883,2,F
10884,2,F
10885,2,M
10886,1,M
10887,1,F
10888,1,F
10889,2,F
10890,1,F
10891,1,F
10892,1,M
10893,2,F
10894,1,M
10895,2,F
10896,2,F
10897,1,F
10898,1,M
10899,2,M
10900,1,M
10901,2,M
10902,2,F
10903,1,F
10904,2,M
10905,1,F
10906,2,F
10907,1,F
10908,1,M
10909,1,F
10910,2,M
10911,2,F
10912,1,F
10913,1,F
10914,2,F
10915,1,M
10916,2,F
10917,1,F
10918,2,F
10919,2,F
10920,2,F
10921,2,F
10922,2,F
10923,1,M
10924,2,M
10925,2,F
10926,2,M
10927,1,M
10928,1,M
10929,2,F
10930,1,M
10931,2,F
10932,1,F
10933,1,F
10934,2,F
10935,2,M
10936,1,F
10937,2,F
10938,2,F
10939,2,F
10940,2,F
10941,2,F
10942,2,M
10943,1,F
10944,2,M
10945,2,F
10946,2,M
10947,1,F
10948,1,F
10949,2,M
10950,1,F
10951,1,F
10952,1,F
10953,2,F
10954,1,F
10955,2,F
10956,2,F
10957,1,F
10958,2,F
10959,2,F
10960,1,F
10961,2,F
10962,1,M
10963,2,F
10964,1,F
10965,2,M
10966,1,M
10967,2,F
10968,1,M
10969,2,M
10970,1,F
10971,1,M
10972,2,F
10973,1,F
10974,1,F
10975,1,M
10976,2,F
10977,2,M
10978,1,F
10979,2,M
10980,1,M
10981,2,F
10982,2,F
10983,2,F
10984,1,F
10985,2,M
10986,1,F
10987,1,M
10988,2,F
10989,2,F
10990,1,F
10991,2,M
10992,1,F
10993,2,F
10994,2,F
10995,2,F
10996,2,F
10997,1,M
10998,2,F
10999,1,F
11000,1,M
11001,1,M
11002,1,F
11003,2,F
11004,1,M
11005,1,F
11006,1,M
11007,1,M
11008,2,M
11009,1,M
11010,2,F
11011,2,F
11012,2,M
11013,1,F
11014,2,F
11015,1,M
11016,1,M
11017,2,M
11018,1,F
11019,2,F
11020,2,F
11021,2,F
11022,2,M
11023,1,M
11024,1,M
11025,1,F
11026,2,F
11027,1,M
11028,2,M
11029,2,M
11030,1,F
11031,1,M
11032,1,F
11033,2,F
11034,1,F
11035,1,F
11036,1,F
11037,1,M
11038,1,M
11039,2,M
11040,1,F
11041,2,F
11042,1,M
11043,1,F
11044,1,M
11045,2,F
11046,1,F
11047,2,F
11048,1,F
11049,1,M
11050,1,F
11051,2,M
11052,1,F
11053,1,M
11054,1,F
11055,2,F
11056,1,F
11057,2,F
11058,2,F
11059,2,M
11060,2,M
11061,2,M
11062,1,M
11063,1,F
11064,1,F
11065,2,M
11066,1,M
11067,1,M
11068,1,F
11069,1,F
11070,1,F
11071,1,M
11072,2,M
11073,1,M
11074,1,F
11075,2,F
11076,1,M
11077,2,F
11078,2,F
11079,2,M
11080,1,F
11081,2,M
11082,1,M
11083,1,F
11084,2,F
11085,2,M
11086,2,F
11087,2,F
11088,2,M
11089,1,F
11090,2,M
11091,2,F
11092,1,F
11093,1,M
11094,2,M
11095,2,F
11096,2,F
11097,2,F
11098,1,M
11099,2,M
11100,2,F
11101,1,M
11102,1,F
11103,2,F
11104,2,F
11105,1,F
11106,2,M
11107,1,M
11108,2,M
11109,2,F
11110,2,F
11111,1,M
11112,2,M
11113,2,F
11114,1,F
11115,1,M
11116,2,F
11117,1,M
11118,2,M
11119,2,M
11120,1,F
11121,1,F
11122,2,F
11123,1,M
11124,1,F
11125,2,M
11126,2,F
11127,1,F
11128,1,F
11129,1,F
11130,1,M
11131,1,F
11132,2,F
11133,1,F
11134,2,F
11135,2,F
11136,1,F
11137,1,F
11138,2,F
11139,1,M
11140,1,F
11141,2,F
11142,2,F
11143,2,F
11144,2,F
11145,1,M
11146,2,M
11147,1,F
11148,2,F
11149,1,M
11150,1,M
11151,1,M
11152,1,M
11153,2,M
11154,2,F
11155,1,F
11156,2,F
11157,2,M
11158,1,M
11159,2,F
11160,2,F
11161,1,M
11162,2,F
11163,2,F
11164,2,F
11165,2,M
11166,2,F
11167,1,M
11168,1,F
11169,1,F
11170,2,M
11171,1,F
11172,1,M
11173,1,F
11174,2,F
11175,1,F
11176,2,M
11177,2,F
11178,1,F
11179,2,M
11180,1,F
11181,2,F
11182,1,F
11183,1,M
11184,2,M
11185,2,M
11186,2,F
11187,2,M
11188,2,F
11189,2,F
11190,1,F
11191,1,M
11192,1,M
11193,2,M
11194,1,F
11195,2,M
11196,1,M
11197,1,F
11198,1,M
11199,2,M
11200,1,F
11201,2,M
11202,2,M
11203,1,F
11204,2,M
11205,1,F
11206,1,F
11207,2,M
11208,2,M
11209,2,M
11210,2,F
11211,2,F
11212,1,M
11213,1,F
11214,1,M
11215,1,M
11216,2,F
11217,1,M
11218,1,F
11219,1,M
11220,1,F
11221,1,M
11222,1,F
11223,1,M
11224,2,F
11225,1,M
11226,1,F
11227,2,F
11228,2,M
11229,2,M
11230,1,M
11231,2,F
11232,1,M
11233,2,F
11234,1,F
11235,2,F
11236,2,M
11237,2,M
11238,1,M
11239,2,F
11240,2,M
11241,1,M
11242,1,F
11243,2,M
11244,1,F
11245,1,M
11246,2,M
11247,2,F
11248,2,M
11249,1,F
11250,2,F
11251,2,F
11252,2,M
11253,2,M
11254,2,M
11255,2,F
11256,2,M
11257,1,F
11258,2,F
11259,2,M
11260,1,M
11261,1,F
11262,1,F
11263,1,M
11264,1,F
11265,1,M
11266,1,M
11267,1,F
11268,2,M
11269,1,F
11270,2,M
11271,1,M
11272,1,F
11273,1,M
11274,1,F
11275,2,F
11276,1,M
11277,1,M
11278,2,F
11279,2,M
11280,2,F
11281,1,F
11282,2,M
11283,1,M
11284,1,F
11285,2,F
11286,1,M
11287,2,F
11288,2,M
11289,1,M
11290,2,F
11291,1,F
11292,2,F
11293,1,F
11294,1,F
11295,1,M
11296,1,F
11297,1,F
11298,2,F
11299,2,M
11300,2,F
11301,1,F
11302,1,M
11303,1,M
11304,2,F
11305,2,M
11306,1,M
11307,1,F
11308,2,M
11309,2,M
11310,2,F
11311,1,M
11312,2,F
11313,2,M
11314,2,F
11315,1,M
11316,2,F
11317,1,M
11318,2,M
11319,1,F
11320,1,F
11321,1,F
11322,2,F
11323,1,F
11324,1,M
11325,1,M
11326,1,F
11327,1,F
11328,1,F
11329,2,M
11330,2,F
11331,2,M
11332,1,M
11333,1,F
11334,1,F
11335,2,F
11336,2,M
11337,2,M
11338,1,M
11339,1,F
11340,2,F
11341,2,F
11342,1,F
11343,1,M
11344,1,M
11345,2,F
11346,1,F
11347,2,F
11348,1,M
11349,2,F
11350,2,F
11351,1,M
11352,1,M
11353,1,F
11354,2,F
11355,1,F
11356,2,F
11357,1,F
11358,1,F
11359,2,F
11360,1,F
11361,1,F
11362,1,M
11363,1,F
11364,2,F
11365,1,M
11366,2,F
11367,2,M
11368,2,F
11369,2,F
11370,1,M
11371,1,M
11372,2,M
11373,1,F
11374,1,M
11375,2,M
11376,2,F
11377,2,F
11378,1,F
11379,2,M
11380,2,F
11381,1,M
11382,2,F
11383,1,F
11384,1,M
11385,1,M
11386,1,F
11387,1,M
11388,2,F
11389,1,M
11390,2,F
11391,2,F
11392,2,F
11393,1,M
11394,1,M
11395,1,M
11396,2,M
11397,1,F
11398,2,F
11399,2,M
11400,1,M
11401,2,M
11402,2,F
11403,2,M
11404,1,F
11405,1,M
11406,2,M
11407,2,F
11408,2,F
11409,2,M
11410,2,F
11411,1,M
11412,2,M
11413,1,M
11414,2,M
11415,1,F
11416,1,M
11417,2,F
11418,1,M
11419,1,F
11420,1,F
11421,2,F
11422,1,M
11423,1,M
11424,1,M
11425,1,F
11426,2,F
11427,1,M
11428,1,M
11429,2,F
11430,2,M
11431,1,M
11432,1,F
11433,1,F
11434,1,M
11435,2,F
11436,1,F
11437,2,F
11438,1,F
11439,1,M
11440,2,M
11441,2,F
11442,1,F
11443,1,M
11444,1,M
11445,1,F
11446,2,F
11447,1,F
11448,2,M
11449,2,M
11450,1,M
11451,1,M
11452,1,F
11453,1,M
11454,1,F
11455,2,F
11456,1,F
11457,1,M
11458,1,M
11459,1,M
11460,2,M
11461,1,M
11462,2,F
11463,1,F
11464,1,M
11465,1,F
11466,1,F
11467,2,F
11468,1,M
11469,2,M
11470,2,F
11471,1,M
11472,1,F
11473,1,M
11474,1,M
11475,1,F
11476,1,F
11477,2,F
11478,1,M
11479,2,M
11480,2,F
11481,1,F
11482,1,F
11483,1,F
11484,1,F
11485,1,F
11486,1,F
11487,1,M
11488,2,F
11489,1,F
11490,2,F
11491,2,F
11492,2,M
11493,2,M
11494,1,F
11495,2,F
11496,2,M
11497,1,M
11498,2,M
11499,2,M
11500,2,M
11501,2,F
11502,1,F
11503,2,F
11504,2,F
11505,1,M
11506,1,M
11507,1,M
11508,2,F
11509,2,F
11510,2,M
11511,1,M
11512,1,M
11513,2,F
11514,1,F
11515,2,M
11516,2,M
11517,1,M
11518,2,F
11519,1,M
11520,1,M
11521,2,F
11522,1,F
11523,2,F
11524,1,M
11525,2,F
11526,2,M
11527,1,F
11528,1,F
11529,2,M
11530,1,M
11531,2,F
11532,2,M
11533,1,M
11534,2,F
11535,2,M
11536,2,M
11537,2,F
11538,2,M
11539,2,M
11540,1,F
11541,1,M
11542,2,M
11543,1,M
11544,2,M
11545,2,F
11546,1,M
11547,1,F
11548,2,M
11549,1,F
11550,1,M
11551,2,M
11552,1,M
11553,2,M
11554,2,F
11555,2,M
11556,1,M
11557,1,F
11558,2,F
11559,1,M
11560,2,F
11561,2,F
11562,2,F
11563,1,F
11564,1,M
11565,1,F
11566,2,M
11567,2,M
11568,2,F
11569,2,M
11570,1,M
11571,2,M
11572,1,M
11573,2,F
11574,1,F
11575,1,F
11576,2,M
11577,1,M
11578,1,F
11579,2,F
11580,1,F
11581,2,F
11582,1,M
11583,2,F
11584,2,F
11585,2,F
11586,1,F
11587,2,F
11588,2,F
11589,2,M
11590,1,M
11591,2,F
11592,2,M
11593,2,F
11594,2,F
11595,2,F
11596,1,M
11597,2,F
11598,2,F
11599,2,F
11600,1,M
11601,1,M
11602,2,F
11603,1,M
11604,2,F
11605,2,F
11606,2,F
11607,2,F
11608,2,M
11609,1,F
11610,2,M
11611,1,M
11612,2,F
11613,1,F
11614,1,M
11615,2,F
11616,1,F
11617,1,F
11618,1,M
11619,2,F
11620,1,M
11621,2,F
11622,1,F
11623,1,F
11624,2,M
11625,2,F
11626,1,M
11627,1,F
11628,1,F
11629,2,M
11630,1,F
11631,2,F
11632,1,M
11633,2,F
11634,2,F
11635,2,M
11636,2,F
11637,1,M
11638,1,M
11639,1,F
11640,1,F
11641,1,F
11642,1,M
11643,1,F
11644,1,F
11645,1,M
11646,2,F
11647,1,M
11648,1,M
11649,1,F
11650,2,M
11651,2,M
11652,1,F
11653,1,M
11654,1,F
11655,2,F
11656,2,M
11657,2,M
11658,2,F
11659,1,M
11660,2,F
11661,1,F
11662,1,F
11663,2,F
11664,1,F
11665,2,F
11666,2,F
11667,2,M
11668,1,F
11669,1,F
11670,2,M
11671,1,M
11672,1,M
11673,1,M
11674,1,M
11675,2,F
11676,2,F
11677,1,F
11678,1,M
11679,1,F
11680,1,F
11681,1,M
11682,1,M
11683,1,F
11684,1,M
11685,1,F
11686,2,F
11687,2,M
11688,2,F
11689,1,M
11690,2,F
11691,2,F
11692,2,F
11693,1,M
11694,2,F
11695,2,F
11696,1,F
11697,2,F
11698,2,F
11699,1,F
11700,1,M
11701,1,F
11702,1,F
11703,2,M
11704,2,M
11705,1,F
11706,1,M
11707,2,M
11708,2,F
11709,1,M
11710,2,F
11711,1,F
11712,1,M
11713,1,F
11714,1,M
11715,2,F
11716,1,M
11717,1,M
11718,1,M
11719,1,M
11720,1,F
11721,2,M
11722,2,F
11723,2,M
11724,2,M
11725,1,M
11726,2,M
11727,1,M
11728,1,F
11729,1,F
11730,1,F
11731,2,F
11732,1,M
11733,1,M
11734,2,F
11735,2,F
11736,1,F
11737,2,F
11738,1,M
11739,1,F
11740,2,F
11741,1,M
11742,2,M
11743,1,F
11744,1,M
11745,2,M
11746,1,F
11747,2,M
11748,1,F
11749,1,F
11750,1,F
11751,1,F
11752,1,F
11753,2,F
11754,2,M
11755,2,F
11756,1,M
11757,1,M
11758,1,F
11759,1,F
11760,1,F
11761,1,M
11762,2,M
11763,2,M
11764,1,M
11765,2,F
11766,1,M
11767,2,F
11768,2,F
11769,2,F
11770,1,M
11771,2,F
11772,1,M
11773,2,M
11774,1,M
11775,2,M
11776,1,F
11777,1,F
11778,1,M
11779,1,M
11780,1,M
11781,1,F
11782,2,M
11783,2,M
11784,1,F
11785,1,M
11786,1,F
11787,1,M
11788,2,M
11789,1,M
11790,2,M
11791,1,F
11792,2,M
11793,1,F
11794,1,F
11795,1,M
11796,2,F
11797,2,M
11798,1,F
11799,1,F
11800,2,M
11801,1,F
11802,1,F
11803,1,F
11804,1,F
11805,1,F
11806,1,F
11807,2,F
11808,2,F
11809,1,F
11810,2,M
11811,1,F
11812,1,F
11813,1,F
11814,1,M
11815,1,F
11816,2,F
11817,1,M
11818,1,F
11819,1,M
11820,2,F
11821,2,F
11822,1,M
11823,2,F
11824,2,M
11825,1,M
11826,2,M
11827,1,M
11828,1,F
11829,1,M
11830,1,F
11831,1,M
11832,2,F
11833,2,F
11834,2,F
11835,1,F
11836,2,M
11837,1,M
11838,1,M
11839,1,F
11840,2,F
11841,2,M
11842,2,F
11843,2,F
11844,2,F
11845,1,F
11846,2,F
11847,1,F
11848,2,F
11849,1,F
11850,2,M
11851,1,M
11852,1,F
11853,2,M
11854,2,M
11855,1,F
11856,2,M
11857,1,F
11858,2,M
11859,2,F
11860,2,F
11861,2,M
11862,1,F
11863,2,F
11864,2,M
11865,1,M
11866,2,M
11867,1,F
11868,2,M
11869,1,F
11870,2,F
11871,2,F
11872,1,M
11873,1,F
11874,1,M
11875,1,M
11876,2,M
11877,2,F
11878,2,M
11879,1,F
11880,1,F
11881,2,F
11882,2,F
11883,1,M
11884,2,M
11885,1,M
11886,2,F
11887,1,F
11888,2,F
11889,1,M
11890,1,F
11891,1,F
11892,1,F
11893,2,F
11894,1,F
11895,1,M
11896,1,M
11897,2,F
11898,1,M
11899,2,F
11900,1,F
11901,2,M
11902,1,M
11903,1,M
11904,2,M
11905,1,M
11906,1,F
11907,1,F
11908,1,F
11909,1,F
11910,2,F
11911,1,M
11912,1,F
11913,2,M
11914,1,F
11915,1,M
11916,2,F
11917,2,M
11918,1,F
11919,1,F
11920,1,F
11921,1,F
11922,1,M
11923,1,M
11924,2,M
11925,1,F
11926,1,M
11927,2,F
11928,1,F
11929,1,M
11930,1,M
11931,1,F
11932,2,F
11933,2,F
11934,1,F
11935,1,F
11936,1,F
11937,1,F
11938,2,M
11939,2,M
11940,2,F
11941,2,M
11942,1,F
11943,1,F
11944,1,F
11945,2,F
11946,2,M
11947,1,F
11948,2,F
11949,2,M
11950,2,M
11951,1,F
11952,2,M
11953,2,M
11954,1,M
11955,2,M
11956,2,M
11957,1,M
11958,2,F
11959,2,F
11960,1,F
11961,2,F
11962,2,M
11963,2,F
11964,2,F
11965,2,F
11966,2,F
11967,2,M
11968,1,M
11969,1,F
11970,2,F
11971,1,M
11972,1,M
11973,2,F
11974,1,F
11975,2,M
11976,1,M
11977,2,M
11978,2,F
11979,2,F
11980,1,F
11981,2,F
11982,2,F
11983,2,M
11984,1,M
11985,2,F
11986,1,F
11987,2,M
11988,1,M
11989,2,F
11990,1,F
11991,1,F
11992,1,M
11993,2,M
11994,1,F
11995,1,M
11996,2,M
11997,2,F
11998,1,M
11999,2,M
12000,1,M
12001,1,M
12002,2,F
12003,1,F
12004,1,M
12005,1,F
12006,1,M
12007,2,F
12008,2,M
12009,1,F
12010,2,F
12011,1,F
12012,2,F
12013,1,M
12014,1,M
12015,1,M
12016,1,F
12017,1,F
12018,1,F
12019,2,M
12020,2,M
12021,1,F
12022,1,M
12023,1,M
12024,1,M
12025,1,F
12026,2,F
12027,1,F
12028,2,F
12029,1,M
12030,1,M
12031,1,M
12032,2,M
12033,2,M
12034,1,F
12035,1,M
12036,1,M
12037,2,F
12038,1,F
12039,2,F
12040,1,M
12041,2,F
12042,1,F
12043,1,F
12044,1,F
12045,2,F
12046,1,F
12047,1,M
12048,1,M
12049,1,M
12050,1,M
12051,1,F
12052,1,F
12053,1,F
12054,1,M
12055,1,F
12056,2,F
12057,1,F
12058,2,F
12059,1,M
12060,2,F
12061,2,F
12062,2,M
12063,2,M
12064,1,M
12065,2,F
12066,2,M
12067,1,F
12068,1,M
12069,2,M
12070,1,F
12071,1,F
12072,1,F
12073,1,M
12074,2,F
12075,1,M
12076,1,F
12077,2,F
12078,2,F
12079,1,F
12080,2,F
12081,1,F
12082,2,M
12083,2,F
12084,1,F
12085,1,M
12086,2,M
12087,1,M
12088,2,F
12089,2,M
12090,2,M
12091,1,M
12092,2,M
12093,2,M
12094,1,F
12095,1,M
12096,1,M
12097,1,M
12098,2,F
12099,1,F
12100,2,F
12101,1,M
12102,2,M
12103,1,M
12104,1,M
12105,1,F
12106,2,F
12107,1,F
12108,2,M
12109,2,F
12110,2,M
12111,2,F
12112,2,F
12113,2,F
12114,2,M
12115,2,F
12116,2,F
12117,1,M
12118,1,F
12119,1,F
12120,1,F
12121,2,M
12122,1,M
12123,2,F
12124,1,F
12125,2,M
12126,1,F
12127,1,F
12128,2,F
12129,1,M
12130,1,F
12131,2,M
12132,1,F
12133,2,F
12134,2,M
12135,1,F
12136,2,F
12137,2,F
12138,2,F
12139,1,F
12140,1,F
12141,2,M
12142,2,M
12143,1,F
12144,1,F
12145,2,M
12146,2,F
12147,2,M
12148,1,M
12149,2,F
12150,2,M
12151,2,F
12152,1,M
12153,1,F
12154,1,F
12155,1,F
12156,1,M
12157,1,M
12158,1,M
12159,1,M
12160,1,M
12161,1,F
12162,2,F
12163,1,M
12164,1,M
12165,1,F
12166,1,F
12167,1,F
12168,2,F
12169,2,F
12170,1,F
12171,1,F
12172,2,M
12173,1,M
12174,2,M
12175,1,M
12176,2,F
12177,1,M
12178,1,F
12179,2,F
12180,2,M
12181,1,F
12182,2,F
12183,1,F
12184,1,M
12185,1,F
12186,1,F
12187,1,M
12188,1,F
12189,1,M
12190,2,F
12191,2,M
12192,1,F
12193,1,F
12194,2,F
12195,1,M
12196,2,M
12197,1,M
12198,2,F
12199,2,M
12200,1,F
12201,2,F
12202,1,M
12203,1,M
12204,2,F
12205,2,M
12206,2,F
12207,1,M
12208,2,M
12209,1,M
12210,2,M
12211,1,F
12212,1,M
12213,1,F
12214,1,F
12215,1,M
12216,2,M
12217,2,F
12218,1,F
12219,2,M
12220,1,F
12221,2,M
12222,2,F
12223,1,M
12224,1,F
12225,1,M
12226,1,F
12227,2,F
12228,2,F
12229,2,F
12230,2,F
12231,1,M
12232,1,F
12233,1,F
12234,2,M
12235,1,M
12236,1,F
12237,1,M
12238,1,M
12239,1,F
12240,2,F
12241,2,F
12242,2,F
12243,2,F
12244,2,F
12245,2,M
12246,1,F
12247,2,F
12248,1,M
12249,2,M
12250,2,F
12251,2,F
12252,2,F
12253,1,F
12254,1,M
12255,1,M
12256,1,F
12257,1,F
12258,2,F
12259,1,M
12260,1,F
12261,1,F
12262,2,F
12263,1,F
12264,1,M
12265,2,F
12266,1,F
12267,2,F
12268,2,M
12269,1,F
12270,1,M
12271,1,M
12272,2,F
12273,2,F
12274,2,M
12275,1,F
12276,1,F
12277,2,M
12278,1,M
12279,1,M
12280,1,F
12281,1,M
12282,1,M
12283,2,F
12284,2,F
12285,2,F
12286,1,F
12287,1,M
12288,2,M
12289,1,M
12290,1,M
12291,1,M
12292,2,F
12293,1,F
12294,2,F
12295,2,F
12296,2,M
12297,2,M
12298,1,F
12299,1,F
12300,2,M
12301,1,F
12302,1,M
12303,1,F
12304,2,F
12305,1,F
12306,1,F
12307,2,F
12308,2,F
12309,1,M
12310,1,F
12311,1,F
12312,2,F
12313,2,F
12314,1,M
12315,1,F
12316,2,F
12317,2,M
12318,2,M
12319,1,F
12320,2,F
12321,2,M
12322,2,F
12323,1,F
12324,1,M
12325,1,M
12326,1,F
12327,2,F
12328,2,F
12329,2,M
12330,1,F
12331,2,M
12332,2,F
12333,2,M
12334,1,F
12335,1,F
12336,2,M
12337,1,M
12338,2,F
12339,1,F
12340,2,F
12341,2,F
12342,2,M
12343,1,F
12344,2,M
12345,1,F
12346,1,F
12347,2,F
12348,1,F
12349,2,F
12350,1,M
12351,1,M
12352,2,F
12353,2,F
12354,1,F
12355,1,M
12356,1,F
12357,2,F
12358,1,F
12359,2,F
12360,1,M
12361,2,F
12362,1,F
12363,1,F
12364,1,F
12365,1,F
12366,2,M
12367,2,M
12368,1,M
12369,1,F
12370,1,F
12371,2,F
12372,1,F
12373,2,F
12374,2,F
12375,1,F
12376,1,M
12377,1,M
12378,1,F
12379,1,F
12380,1,F
12381,2,F
12382,2,F
12383,1,F
12384,2,F
12385,2,F
12386,1,F
12387,1,F
12388,1,M
12389,2,F
12390,1,F
12391,2,F
12392,2,F
12393,1,F
12394,1,M
12395,1,M
12396,1,F
12397,1,F
12398,2,F
12399,2,F
12400,1,F
12401,1,M
12402,2,F
12403,2,F
12404,1,F
12405,1,F
12406,1,M
12407,2,F
12408,2,F
12409,1,M
12410,2,F
12411,2,M
12412,2,M
12413,1,F
12414,1,M
12415,2,F
12416,2,F
12417,1,M
12418,1,M
12419,1,M
12420,1,F
12421,2,F
12422,2,M
12423,1,F
12424,1,F
12425,2,M
12426,1,F
12427,1,F
12428,2,F
12429,2,F
12430,1,M
12431,1,M
12432,2,F
12433,1,M
12434,2,M
12435,1,F
12436,2,F
12437,1,M
12438,1,M
12439,2,F
12440,1,M
12441,1,M
12442,2,M
12443,2,M
12444,2,M
12445,2,F
12446,2,F
12447,1,M
12448,1,F
12449,1,M
12450,2,F
12451,1,F
12452,2,M
12453,1,M
12454,1,F
12455,2,M
12456,2,F
12457,2,F
12458,1,M
12459,2,F
12460,2,M
12461,1,F
12462,2,F
12463,2,M
12464,2,M
12465,1,F
12466,2,M
12467,2,F
12468,1,F
12469,1,M
12470,2,F
12471,1,F
12472,1,M
12473,2,M
12474,2,M
12475,2,M
12476,2,F
12477,2,F
12478,2,F
12479,1,M
12480,1,F
12481,1,F
12482,1,F
12483,1,M
12484,2,F
12485,1,M
12486,1,F
12487,2,F
12488,1,F
12489,1,M
12490,2,F
12491,1,F
12492,1,F
12493,1,F
12494,1,M
12495,2,F
12496,1,M
12497,1,F
12498,2,M
12499,1,M
12500,2,F
12501,1,F
12502,2,M
12503,2,M
12504,2,F
12505,2,M
12506,1,F
12507,2,F
12508,1,F
12509,1,F
12510,1,F
12511,1,F
12512,1,F
12513,1,F
12514,2,F
12515,1,F
12516,1,M
12517,1,F
12518,2,F
12519,2,M
12520,1,F
12521,2,M
12522,2,F
12523,1,F
12524,2,M
12525,1,M
12526,2,M
12527,1,F
12528,1,F
12529,2,F
12530,2,F
12531,1,F
12532,1,F
12533,1,F
12534,1,F
12535,2,F
12536,1,M
12537,1,F
12538,1,M
12539,2,F
12540,2,F
12541,1,M
12542,2,M
12543,1,F
12544,1,F
12545,1,M
12546,2,M
12547,1,M
12548,2,M
12549,2,M
12550,1,M
12551,2,M
12552,2,F
12553,1,M
12554,1,F
12555,1,F
12556,2,F
12557,1,F
12558,1,F
12559,1,F
12560,2,M
12561,2,F
12562,1,F
12563,2,F
12564,2,F
12565,2,M
12566,1,M
12567,1,M
12568,2,M
12569,2,F
12570,1,M
12571,1,F
12572,2,F
12573,1,M
12574,1,F
12575,2,M
12576,1,F
12577,1,F
12578,1,F
12579,2,M
12580,2,M
12581,1,M
12582,2,F
12583,1,F
12584,1,F
12585,2,F
12586,2,F
12587,2,F
12588,1,M
12589,1,F
12590,1,F
12591,1,F
12592,2,M
12593,1,F
12594,1,F
12595,1,M
12596,1,M
12597,1,F
12598,1,F
12599,1,F
12600,1,M
12601,1,M
12602,1,M
12603,1,F
12604,1,M
12605,1,F
12606,1,M
12607,1,M
12608,1,F
12609,1,M
12610,1,F
12611,1,F
12612,1,M
12613,1,M
12614,2,M
12615,2,F
12616,2,F
12617,1,M
12618,1,F
12619,1,F
12620,1,F
12621,2,F
12622,2,F
12623,2,F
12624,2,M
12625,2,F
12626,2,F
12627,1,M
12628,2,F
12629,1,F
12630,1,M
12631,1,F
12632,1,F
12633,2,F
12634,1,M
12635,2,M
12636,2,F
12637,1,F
12638,1,M
12639,2,M
12640,2,M
12641,1,M
12642,1,F
12643,2,F
12644,1,M
12645,1,F
12646,2,F
12647,2,M
12648,2,F
12649,2,F
12650,1,F
12651,2,F
12652,2,F
12653,1,M
12654,2,M
12655,1,F
12656,2,F
12657,1,M
12658,2,M
12659,2,F
12660,2,M
12661,2,F
12662,1,M
12663,1,M
12664,1,M
12665,1,F
12666,2,F
12667,2,F
12668,2,F
12669,2,M
12670,1,M
12671,2,F
12672,1,F
12673,2,M
12674,2,F
12675,1,F
12676,1,F
12677,2,M
12678,1,F
12679,1,M
12680,1,F
12681,2,F
12682,1,M
12683,1,F
12684,2,F
12685,2,F
12686,1,M
12687,2,F
12688,2,M
12689,1,F
12690,2,M
12691,1,M
12692,2,M
12693,1,M
12694,2,F
12695,2,M
12696,1,F
12697,2,F
12698,1,F
12699,2,F
12700,2,M
12701,2,F
12702,2,F
12703,1,F
12704,1,F
12705,2,M
12706,1,F
12707,2,M
12708,2,F
12709,2,M
12710,2,M
12711,1,M
12712,2,F
12713,2,M
12714,2,F
12715,2,M
12716,2,F
12717,2,M
12718,2,F
12719,2,F
12720,2,F
12721,1,M
12722,1,F
12723,2,M
12724,1,F
12725,1,M
12726,2,M
12727,2,F
12728,2,F
12729,2,F
12730,1,M
12731,1,M
12732,1,F
12733,1,F
12734,1,M
12735,2,M
12736,2,F
12737,2,M
12738,1,F
12739,1,F
12740,1,M
12741,2,M
12742,2,M
12743,2,F
12744,2,F
12745,1,F
12746,1,M
12747,1,F
12748,1,M
12749,1,F
12750,1,M
12751,1,M
12752,2,M
12753,2,F
12754,1,F
12755,1,M
12756,2,M
12757,2,F
12758,1,M
12759,1,F
12760,2,F
12761,1,M
12762,1,M
12763,2,M
12764,2,M
12765,1,F
12766,2,F
12767,1,F
12768,2,F
12769,2,F
12770,1,F
12771,1,M
12772,2,F
12773,1,F
12774,2,M
12775,1,F
12776,2,F
12777,2,F
12778,1,F
12779,2,F
12780,2,F
12781,1,M
12782,2,M
12783,1,F
12784,2,F
12785,1,F
12786,2,F
12787,2,F
12788,2,M
12789,2,M
12790,2,F
12791,2,M
12792,1,F
12793,1,F
12794,2,M
12795,2,M
12796,2,F
12797,1,M
12798,2,M
12799,1,F
12800,1,M
12801,1,M
12802,1,F
12803,2,F
12804,2,M
12805,2,F
12806,1,F
12807,2,M
12808,2,F
12809,2,F
12810,2,F
12811,1,F
12812,1,M
12813,1,F
12814,1,M
12815,2,F
12816,1,M
12817,1,M
12818,2,M
12819,1,F
12820,1,F
12821,2,M
12822,2,F
12823,2,F
12824,2,F
12825,1,M
12826,2,M
12827,1,F
12828,1,M
12829,1,F
12830,2,M
12831,2,F
12832,1,M
12833,1,M
12834,2,F
12835,1,M
12836,1,M
12837,2,M
12838,2,F
12839,2,F
12840,2,F
12841,1,F
12842,1,M
12843,1,F
12844,2,F
12845,2,M
12846,1,M
12847,2,M
12848,2,F
12849,1,F
12850,1,M
12851,2,M
12852,2,M
12853,2,M
12854,2,M
12855,2,F
12856,2,F
12857,1,F
12858,1,F
12859,1,M
12860,2,M
12861,1,F
12862,1,M
12863,1,M
12864,2,F
12865,2,F
12866,2,F
12867,1,F
12868,1,M
12869,1,M
12870,2,M
12871,2,M
12872,2,M
12873,1,F
12874,1,M
12875,2,F
12876,1,M
12877,1,F
12878,1,F
12879,2,F
12880,2,F
12881,1,F
12882,1,F
12883,2,F
12884,1,M
12885,2,F
12886,1,F
12887,2,M
12888,2,M
12889,1,M
12890,2,M
12891,2,F
12892,2,F
12893,1,F
12894,2,F
12895,1,F
12896,1,F
12897,2,F
12898,1,F
12899,1,M
12900,1,F
12901,1,F
12902,2,M
12903,1,F
12904,1,M
12905,1,M
12906,2,F
12907,2,F
12908,1,F
12909,1,M
12910,2,F
12911,1,F
12912,1,M
12913,1,F
12914,1,F
12915,1,M
12916,2,F
12917,2,F
12918,2,M
12919,2,M
12920,1,F
12921,2,F
12922,1,M
12923,1,F
12924,2,F
12925,1,F
12926,1,F
12927,2,F
12928,1,F
12929,1,M
12930,2,M
12931,1,M
12932,2,M
12933,2,M
12934,2,F
12935,2,M
12936,2,F
12937,2,F
12938,2,F
12939,2,F
12940,1,F
12941,1,F
12942,2,M
12943,2,M
12944,1,F
12945,2,F
12946,1,F
12947,2,M
12948,2,M
12949,1,F
12950,2,F
12951,1,F
12952,1,F
12953,1,F
12954,2,F
12955,1,F
12956,2,F
12957,1,M
12958,1,M
12959,1,M
12960,1,F
12961,1,M
12962,2,F
12963,1,F
12964,1,F
12965,2,M
12966,1,F
12967,2,M
12968,1,M
12969,1,F
12970,1,F
12971,2,F
12972,2,F
12973,1,F
12974,2,M
12975,1,F
12976,1,F
12977,1,M
12978,2,M
12979,1,M
12980,1,M
12981,2,F
12982,2,F
12983,2,F
12984,1,M
12985,2,M
12986,2,M
12987,1,M
12988,1,F
12989,2,M
12990,1,F
12991,1,F
12992,1,M
12993,1,M
12994,2,F
12995,1,M
12996,1,F
12997,2,F
12998,1,M
12999,1,F
13000,1,M
13001,1,F
13002,1,F
13003,1,M
13004,2,M
13005,2,F
13006,1,F
13007,1,F
13008,1,F
13009,1,M
13010,1,F
13011,1,M
13012,1,M
13013,1,M
13014,2,F
13015,1,F
13016,1,F
13017,2,F
13018,1,M
13019,2,F
13020,2,M
13021,1,M
13022,1,M
13023,2,M
13024,1,M
13025,2,F
13026,2,F
13027,1,F
13028,1,M
13029,1,M
13030,1,M
13031,1,F
13032,1,F
13033,1,F
13034,2,F
13035,1,F
13036,1,M
13037,2,F
13038,1,F
13039,2,M
13040,2,F
13041,1,F
13042,1,M
13043,2,F
13044,2,F
13045,2,M
13046,1,M
13047,2,M
13048,2,F
13049,1,M
13050,1,F
13051,1,M
13052,1,F
13053,1,F
13054,2,M
13055,1,F
13056,2,M
13057,1,F
13058,2,F
13059,1,F
13060,1,M
13061,2,F
13062,1,M
13063,1,F
13064,1,M
13065,1,F
13066,1,F
13067,1,M
13068,1,F
13069,1,M
13070,2,F
13071,2,F
13072,1,M
13073,2,F
13074,2,F
13075,2,F
13076,1,M
13077,1,M
13078,1,F
13079,2,F
13080,1,F
13081,2,F
13082,2,F
13083,2,F
13084,1,M
13085,2,F
13086,2,M
13087,1,M
13088,2,F
13089,2,F
13090,2,M
13091,2,F
13092,2,M
13093,1,M
13094,2,F
13095,1,M
13096,1,M
13097,2,M
13098,1,F
13099,2,M
13100,1,M
13101,1,F
13102,1,F
13103,1,F
13104,1,F
13105,1,M
13106,2,F
13107,2,F
13108,2,F
13109,2,F
13110,1,F
13111,2,F
13112,2,F
13113,2,M
13114,2,M
13115,1,F
13116,2,F
13117,2,M
13118,2,F
13119,2,F
13120,1,F
13121,1,M
13122,2,F
13123,2,F
13124,1,M
13125,2,F
13126,2,M
13127,2,F
13128,1,F
13129,2,M
13130,1,M
13131,1,F
13132,1,M
13133,2,F
13134,2,F
13135,2,F
13136,2,M
13137,2,M
13138,2,F
13139,1,F
13140,2,F
13141,2,M
13142,1,M
13143,2,F
13144,1,M
13145,1,F
13146,2,F
13147,1,F
13148,2,F
13149,1,M
13150,1,F
13151,2,M
13152,2,F
13153,2,F
13154,2,F
13155,1,M
13156,1,M
13157,2,M
13158,2,F
13159,1,F
13160,1,F
13161,1,F
13162,2,M
13163,1,F
13164,1,M
13165,1,F
13166,1,M
13167,2,F
13168,2,M
13169,2,F
13170,2,M
13171,1,M
13172,2,F
13173,1,M
13174,1,F
13175,2,F
13176,1,M
13177,1,M
13178,2,F
13179,2,M
13180,1,M
13181,1,F
13182,1,F
13183,2,M
13184,2,M
13185,1,M
13186,1,F
13187,2,F
13188,1,M
13189,2,M
13190,1,F
13191,1,M
13192,1,F
13193,1,F
13194,1,M
13195,2,M
13196,2,F
13197,1,M
13198,2,F
13199,2,F
13200,2,F
13201,2,F
13202,2,M
13203,1,F
13204,2,F
13205,2,M
13206,2,F
13207,2,F
13208,2,M
13209,1,M
13210,1,M
13211,1,F
13212,1,F
13213,2,M
13214,2,M
13215,1,F
13216,1,F
13217,2,F
13218,2,F
13219,1,M
13220,1,M
13221,1,M
13222,1,M
13223,1,M
13224,1,M
13225,2,M
13226,1,M
13227,1,F
13228,2,F
13229,2,F
13230,2,F
13231,1,F
13232,1,M
13233,1,M
13234,1,M
13235,1,F
13236,1,F
13237,1,F
13238,2,F
13239,1,M
13240,1,M
13241,2,F
13242,2,M
13243,2,F
13244,2,M
13245,2,F
13246,2,F
13247,2,M
13248,1,M
13249,2,F
13250,2,F
13251,2,M
13252,1,F
13253,1,F
13254,1,M
13255,1,M
13256,2,F
13257,2,F
13258,2,M
13259,2,M
13260,2,F
13261,1,F
13262,1,F
13263,1,F
13264,1,M
13265,1,F
13266,2,M
13267,1,M
13268,1,M
13269,2,M
13270,2,F
13271,2,F
13272,2,F
13273,1,F
13274,2,F
13275,1,F
13276,2,M
13277,1,M
13278,1,M
13279,2,F
13280,1,M
13281,1,F
13282,2,F
13283,1,F
13284,2,F
13285,1,F
13286,1,F
13287,2,F
13288,1,F
13289,2,F
13290,2,F
13291,1,F
13292,1,F
13293,1,M
13294,2,M
13295,2,F
13296,1,M
13297,1,M
13298,1,F
13299,2,F
13300,1,M
13301,1,F
13302,1,M
13303,2,F
13304,2,F
13305,2,F
13306,2,M
13307,1,M
13308,1,M
13309,2,F
13310,1,F
13311,1,M
13312,1,F
13313,1,M
13314,1,F
13315,2,F
13316,2,F
13317,2,F
13318,2,M
13319,1,M
13320,2,F
13321,1,F
13322,1,F
13323,2,F
13324,1,F
13325,1,F
13326,2,F
13327,1,M
13328,1,M
13329,2,F
13330,2,F
13331,1,F
13332,1,F
13333,1,F
13334,1,F
13335,2,M
13336,1,M
13337,2,M
13338,1,F
13339,2,F
13340,2,F
13341,2,M
13342,1,F
13343,2,F
13344,2,M
13345,1,M
13346,1,F
13347,2,F
13348,1,M
13349,1,F
13350,2,M
13351,2,F
13352,2,F
13353,1,F
13354,1,M
13355,2,F
13356,1,M
13357,2,F
13358,1,F
13359,2,M
13360,2,F
13361,1,F
13362,2,M
13363,1,M
13364,2,F
13365,1,M
13366,1,M
13367,2,F
13368,2,M
13369,1,M
13370,2,M
13371,2,M
13372,2,M
13373,2,F
13374,1,F
13375,2,F
13376,1,F
13377,1,F
13378,1,F
13379,2,F
13380,1,F
13381,2,F
13382,2,F
13383,1,M
13384,1,M
13385,1,M
13386,1,F
13387,2,F
13388,2,M
13389,1,M
13390,2,F
13391,1,M
13392,1,M
13393,1,F
13394,2,F
13395,2,F
13396,2,F
13397,2,M
13398,1,F
13399,1,M
13400,1,F
13401,1,F
13402,2,F
13403,2,F
13404,2,F
13405,1,F
13406,1,M
13407,1,M
13408,2,F
13409,1,M
13410,1,F
13411,1,F
13412,2,M
13413,1,F
13414,2,F
13415,2,M
13416,2,F
13417,2,F
13418,1,M
13419,2,F
13420,1,M
13421,2,F
13422,1,F
13423,2,F
13424,1,F
13425,1,M
13426,2,M
13427,1,M
13428,1,M
13429,1,F
13430,1,F
13431,1,F
13432,2,F
13433,1,F
13434,1,M
13435,1,M
13436,2,M
13437,2,M
13438,2,M
13439,1,F
13440,2,F
13441,1,F
13442,2,M
13443,2,F
13444,1,F
13445,2,M
13446,2,M
13447,2,M
13448,2,M
13449,2,M
13450,2,F
13451,1,F
13452,2,F
13453,1,M
13454,1,M
13455,1,F
13456,1,M
13457,1,M
13458,2,F
13459,1,F
13460,2,F
13461,2,M
13462,1,F
13463,1,M
13464,1,F
13465,1,M
13466,1,F
13467,1,M
13468,2,M
13469,1,M
13470,2,F
13471,2,M
13472,1,M
13473,2,M
13474,2,M
13475,1,M
13476,1,F
13477,2,M
13478,2,M
13479,1,M
13480,2,M
13481,2,F
13482,2,M
13483,1,F
13484,1,F
13485,1,M
13486,2,M
13487,1,M
13488,2,F
13489,1,M
13490,1,F
13491,2,M
13492,2,F
13493,1,F
13494,2,M
13495,1,F
13496,2,M
13497,2,F
13498,1,M
13499,2,F
13500,2,M
13501,1,M
13502,1,F
13503,1,F
13504,1,F
13505,1,M
13506,2,M
13507,2,F
13508,2,F
13509,2,M
13510,1,F
13511,2,M
13512,2,M
13513,1,F
13514,2,F
13515,2,F
13516,1,F
13517,1,F
13518,2,M
13519,2,F
13520,1,F
13521,1,M
13522,2,M
13523,2,F
13524,2,F
13525,1,F
13526,2,F
13527,2,F
13528,1,M
13529,1,M
13530,1,M
13531,1,M
13532,2,M
13533,2,F
13534,1,M
13535,1,M
13536,1,M
13537,2,F
13538,2,M
13539,1,F
13540,2,M
13541,1,M
13542,1,M
13543,2,M
13544,1,F
13545,1,M
13546,2,F
13547,1,M
13548,1,F
13549,1,M
13550,2,F
13551,1,F
13552,2,F
13553,1,F
13554,2,F
13555,1,M
13556,2,F
13557,2,M
13558,1,F
13559,2,F
13560,1,M
13561,2,F
13562,2,M
13563,2,F
13564,2,F
13565,1,M
13566,2,F
13567,2,M
13568,2,F
13569,1,M
13570,1,M
13571,1,F
13572,2,M
13573,2,F
13574,2,F
13575,1,M
13576,1,F
13577,1,M
13578,2,F
13579,1,M
13580,1,M
13581,1,M
13582,1,F
13583,2,F
13584,2,M
13585,1,F
13586,2,F
13587,1,F
13588,1,F
13589,1,F
13590,1,M
13591,2,M
13592,1,F
13593,2,F
13594,2,F
13595,1,F
13596,1,F
13597,2,M
13598,1,M
13599,2,F
13600,1,F
13601,1,F
13602,1,F
13603,2,M
13604,1,F
13605,2,M
13606,1,F
13607,1,M
13608,2,F
13609,2,M
13610,2,F
13611,2,F
13612,1,M
13613,1,F
13614,2,M
13615,1,F
13616,1,F
13617,1,F
13618,1,M
13619,1,M
13620,1,M
13621,1,M
13622,1,M
13623,1,M
13624,1,F
13625,2,F
13626,2,F
13627,1,M
13628,1,F
13629,1,M
13630,1,F
13631,1,F
13632,1,F
13633,2,F
13634,1,F
13635,2,F
13636,1,M
13637,2,M
13638,1,F
13639,2,F
13640,1,F
13641,1,F
13642,1,F
13643,2,F
13644,2,F
13645,1,M
13646,2,M
13647,2,F
13648,1,F
13649,2,F
13650,2,M
13651,2,M
13652,1,F
13653,2,F
13654,1,F
13655,1,F
13656,1,F
13657,2,M
13658,1,F
13659,2,F
13660,2,F
13661,1,F
13662,2,F
13663,1,F
13664,2,M
13665,1,M
13666,1,F
13667,1,M
13668,1,M
13669,1,M
13670,2,M
13671,2,M
13672,2,M
13673,2,F
13674,1,F
13675,1,M
13676,2,F
13677,1,F
13678,1,M
13679,1,M
13680,1,M
13681,1,M
13682,1,F
13683,2,F
13684,2,M
13685,1,M
13686,2,F
13687,2,F
13688,2,M
13689,2,F
13690,1,M
13691,1,F
13692,2,F
13693,1,M
13694,2,M
13695,2,M
13696,1,F
13697,1,F
13698,2,F
13699,2,F
13700,1,M
13701,1,F
13702,2,F
13703,1,M
13704,1,M
13705,2,M
13706,1,M
13707,1,F
13708,2,F
13709,2,M
13710,2,F
13711,2,M
13712,2,M
13713,1,M
13714,1,F
13715,1,M
13716,2,F
13717,1,F
13718,1,F
13719,1,M
13720,1,F
13721,1,F
13722,1,M
13723,1,F
13724,1,F
13725,1,M
13726,2,M
13727,2,F
13728,1,F
13729,2,F
13730,1,F
13731,2,F
13732,1,F
13733,2,F
13734,2,F
13735,1,F
13736,1,F
13737,1,M
13738,2,M
13739,1,F
13740,1,M
13741,1,M
13742,1,M
13743,1,F
13744,2,M
13745,1,F
13746,2,M
13747,1,F
13748,2,F
13749,1,F
13750,1,F
13751,2,M
13752,2,F
13753,2,M
13754,2,M
13755,2,F
13756,2,M
13757,1,M
13758,1,M
13759,2,M
13760,1,F
13761,2,M
13762,1,F
13763,2,F
13764,2,F
13765,1,M
13766,2,F
13767,1,M
13768,1,F
13769,2,F
13770,2,M
13771,2,F
13772,1,F
13773,1,F
13774,2,F
13775,2,F
13776,2,F
13777,1,F
13778,1,F
13779,1,F
13780,1,M
13781,1,F
13782,2,F
13783,2,M
13784,1,F
13785,1,F
13786,2,F
13787,2,F
13788,2,M
13789,2,F
13790,1,F
13791,1,M
13792,1,M
13793,1,M
13794,1,M
13795,2,M
13796,2,M
13797,2,M
13798,1,F
13799,2,F
13800,1,M
13801,2,M
13802,1,M
13803,1,M
13804,1,M
13805,2,F
13806,2,F
13807,1,M
13808,1,F
13809,1,M
13810,1,M
13811,1,M
13812,1,M
13813,2,F
13814,2,M
13815,2,M
13816,1,M
13817,1,F
13818,2,M
13819,2,F
13820,1,M
13821,1,M
13822,2,F
13823,2,F
13824,1,M
13825,2,M
13826,1,F
13827,2,F
13828,2,F
13829,2,F
13830,1,F
13831,2,F
13832,2,M
13833,1,F
13834,1,F
13835,1,M
13836,2,M
13837,2,F
13838,2,M
13839,1,M
13840,2,F
13841,1,F
13842,2,M
13843,2,M
13844,1,M
13845,1,F
13846,1,M
13847,1,M
13848,2,M
13849,2,F
13850,2,M
13851,2,F
13852,1,M
13853,2,F
13854,2,M
13855,2,F
13856,1,F
13857,2,M
13858,1,M
13859,1,M
13860,2,F
13861,1,F
13862,1,F
13863,2,F
13864,2,F
13865,1,M
13866,2,F
13867,1,M
13868,2,F
13869,2,F
13870,2,M
13871,2,M
13872,2,M
13873,1,M
13874,2,F
13875,2,F
13876,1,M
13877,1,M
13878,1,F
13879,2,F
13880,2,F
13881,2,F
13882,1,F
13883,1,M
13884,2,F
13885,2,M
13886,2,M
13887,2,M
13888,2,M
13889,2,F
13890,2,F
13891,2,F
13892,1,M
13893,1,F
13894,2,F
13895,2,F
13896,1,M
13897,1,F
13898,1,M
13899,1,F
13900,1,F
13901,1,M
13902,1,M
13903,2,F
13904,2,M
13905,1,F
13906,1,F
13907,1,M
13908,1,M
13909,2,F
13910,2,M
13911,1,F
13912,2,M
13913,1,M
13914,2,F
13915,1,F
13916,2,F
13917,2,F
13918,2,F
13919,1,M
13920,2,F
13921,2,M
13922,1,F
13923,1,F
13924,2,M
13925,1,F
13926,2,F
13927,1,M
13928,2,F
13929,1,F
13930,2,F
13931,1,F
13932,1,F
13933,1,F
13934,2,F
13935,2,M
13936,2,F
13937,2,F
13938,1,F
13939,1,F
13940,2,M
13941,1,F
13942,1,M
13943,2,F
13944,1,F
13945,1,F
13946,2,F
13947,1,M
13948,2,F
13949,2,F
13950,1,M
13951,2,M
13952,1,F
13953,2,M
13954,2,F
13955,1,F
13956,2,F
13957,1,F
13958,1,F
13959,2,F
13960,1,F
13961,1,M
13962,2,F
13963,1,F
13964,2,F
13965,1,M
13966,2,F
13967,1,F
13968,2,F
13969,2,M
13970,2,F
13971,1,F
13972,2,F
13973,1,F
13974,2,F
13975,1,F
13976,2,M
13977,2,M
13978,2,F
13979,2,F
13980,1,F
13981,2,F
13982,1,F
13983,2,M
13984,2,M
13985,2,F
13986,2,F
13987,2,F
13988,1,F
13989,1,M
13990,2,F
13991,1,F
13992,2,M
13993,1,M
13994,2,F
13995,2,F
13996,2,M
13997,2,F
13998,1,M
13999,1,F
14000,2,F
14001,2,F
14002,2,M
14003,2,F
14004,1,M
14005,2,M
14006,2,M
14007,1,M
14008,1,F
14009,1,F
14010,2,F
14011,2,M
14012,2,M
14013,1,M
14014,1,M
14015,2,F
14016,1,F
14017,1,M
14018,1,M
14019,1,M
14020,2,M
14021,2,F
14022,2,F
14023,1,F
14024,1,F
14025,1,F
14026,1,M
14027,2,F
14028,2,F
14029,1,F
14030,2,F
14031,1,F
14032,1,F
14033,2,F
14034,1,F
14035,2,F
14036,1,M
14037,1,M
14038,2,F
14039,2,M
14040,1,F
14041,2,F
14042,2,F
14043,1,F
14044,2,F
14045,1,F
14046,2,F
14047,1,F
14048,2,M
14049,1,F
14050,1,F
14051,2,F
14052,2,F
14053,1,F
14054,1,F
14055,1,F
14056,1,F
14057,2,F
14058,2,F
14059,1,M
14060,2,M
14061,2,F
14062,2,M
14063,1,M
14064,1,M
14065,2,M
14066,1,F
14067,2,M
14068,1,M
14069,1,F
14070,1,F
14071,2,F
14072,1,F
14073,2,M
14074,1,M
14075,1,F
14076,2,M
14077,1,F
14078,1,F
14079,2,F
14080,2,M
14081,1,M
14082,1,M
14083,2,M
14084,2,M
14085,2,F
14086,2,F
14087,1,M
14088,1,M
14089,1,F
14090,2,M
14091,2,F
14092,1,F
14093,2,F
14094,2,F
14095,2,M
14096,1,F
14097,1,M
14098,1,M
14099,1,M
14100,1,M
14101,1,F
14102,1,F
14103,2,F
14104,1,F
14105,2,M
14106,1,F
14107,2,F
14108,2,M
14109,1,F
14110,1,M
14111,1,M
14112,1,F
14113,1,F
14114,1,F
14115,1,F
14116,1,F
14117,2,F
14118,2,M
14119,2,F
14120,1,M
14121,2,F
14122,2,F
14123,2,M
14124,2,F
14125,1,M
14126,2,F
14127,2,F
14128,1,M
14129,1,F
14130,2,F
14131,2,M
14132,1,M
14133,2,F
14134,2,M
14135,1,F
14136,2,M
14137,1,M
14138,1,M
14139,1,M
14140,1,F
14141,2,F
14142,1,M
14143,1,F
14144,1,F
14145,2,F
14146,2,M
14147,1,F
14148,1,F
14149,1,M
14150,2,M
14151,1,M
14152,1,F
14153,2,M
14154,1,M
14155,2,M
14156,1,F
14157,1,F
14158,1,M
14159,2,F
14160,2,F
14161,1,F
14162,1,M
14163,2,F
14164,1,M
14165,2,F
14166,2,M
14167,1,M
14168,1,F
14169,1,M
14170,2,M
14171,1,M
14172,1,M
14173,2,M
14174,2,M
14175,2,M
14176,2,F
14177,1,F
14178,2,F
14179,1,F
14180,2,M
14181,1,M
14182,1,M
14183,2,M
14184,2,M
14185,1,M
14186,2,F
14187,1,M
14188,2,F
14189,1,M
14190,1,M
14191,1,M
14192,1,F
14193,2,F
14194,1,M
14195,2,F
14196,2,M
14197,2,F
14198,2,F
14199,1,M
14200,2,F
14201,2,F
14202,2,F
14203,2,F
14204,1,F
14205,1,F
14206,2,F
14207,1,M
14208,1,F
14209,1,M
14210,2,F
14211,1,M
14212,2,F
14213,1,F
14214,1,F
14215,1,F
14216,2,M
14217,1,F
14218,2,F
14219,1,F
14220,1,F
14221,1,F
14222,1,M
14223,1,F
14224,1,M
14225,2,F
14226,1,M
14227,1,M
14228,1,M
14229,1,F
14230,1,F
14231,1,F
14232,1,M
14233,1,M
14234,1,M
14235,1,M
14236,1,F
14237,2,M
14238,2,M
14239,2,M
14240,1,F
14241,2,M
14242,2,F
14243,2,F
14244,2,M
14245,1,M
14246,2,F
14247,1,M
14248,2,F
14249,2,F
14250,2,M
14251,2,F
14252,1,F
14253,2,M
14254,1,M
14255,1,M
14256,2,F
14257,2,F
14258,1,F
14259,1,M
14260,1,F
14261,2,M
14262,1,M
14263,1,F
14264,1,M
14265,1,F
14266,2,F
14267,2,F
14268,2,M
14269,2,M
14270,2,M
14271,2,F
14272,2,M
14273,1,F
14274,2,M
14275,2,F
14276,2,F
14277,1,M
14278,1,F
14279,1,F
14280,2,F
14281,2,M
14282,1,F
14283,1,F
14284,2,F
14285,1,M
14286,2,M
14287,2,M
14288,2,F
14289,1,F
14290,2,F
14291,1,M
14292,1,M
14293,1,F
14294,2,F
14295,1,M
14296,1,F
14297,2,F
14298,1,M
14299,1,F
14300,2,M
14301,2,F
14302,1,M
14303,2,M
14304,1,M
14305,1,M
14306,2,M
14307,2,M
14308,2,F
14309,2,F
14310,1,F
14311,1,F
14312,2,F
14313,2,F
14314,1,F
14315,1,M
14316,1,M
14317,2,F
14318,2,F
14319,1,F
14320,2,M
14321,1,F
14322,1,F
14323,2,M
14324,2,M
14325,1,M
14326,1,F
14327,2,F
14328,1,M
14329,2,F
14330,1,M
14331,1,F
14332,2,F
14333,2,M
14334,1,F
14335,2,M
14336,2,M
14337,2,M
14338,2,F
14339,2,F
14340,2,M
14341,1,F
14342,2,F
14343,2,F
14344,2,F
14345,2,F
14346,1,M
14347,2,F
14348,1,M
14349,1,F
14350,2,M
14351,1,F
14352,2,M
14353,1,M
14354,1,F
14355,1,M
14356,2,M
14357,2,M
14358,1,F
14359,2,F
14360,2,F
14361,2,F
14362,2,M
14363,2,M
14364,1,M
14365,2,F
14366,1,F
14367,1,M
14368,1,M
14369,2,F
14370,2,M
14371,2,F
14372,1,F
14373,1,F
14374,1,F
14375,2,M
14376,2,F
14377,1,M
14378,2,F
14379,1,M
14380,2,M
14381,2,M
14382,2,F
14383,1,M
14384,1,F
14385,1,F
14386,1,F
14387,2,F
14388,2,F
14389,1,M
14390,1,M
14391,2,F
14392,2,F
14393,1,M
14394,1,M
14395,2,F
14396,2,F
14397,2,F
14398,1,F
14399,2,M
14400,2,M
14401,2,M
14402,2,M
14403,1,M
14404,2,M
14405,1,F
14406,1,F
14407,1,F
14408,1,F
14409,1,F
14410,2,F
14411,1,M
14412,2,F
14413,2,F
14414,1,M
14415,1,F
14416,2,F
14417,1,M
14418,2,F
14419,1,F
14420,2,F
14421,1,M
14422,2,M
14423,2,M
14424,1,F
14425,2,M
14426,2,F
14427,2,M
14428,2,F
14429,1,M
14430,2,M
14431,1,F
14432,2,F
14433,1,M
14434,1,F
14435,1,M
14436,2,F
14437,1,F
14438,1,F
14439,1,F
14440,1,F
14441,1,F
14442,2,M
14443,1,F
14444,1,M
14445,2,M
14446,1,F
14447,1,M
14448,1,M
14449,2,M
14450,2,M
14451,1,M
14452,1,M
14453,1,M
14454,2,F
14455,1,F
14456,2,F
14457,2,M
14458,1,M
14459,2,F
14460,1,F
14461,1,F
14462,1,M
14463,1,F
14464,2,M
14465,2,F
14466,1,M
14467,2,M
14468,1,M
14469,1,M
14470,2,F
14471,2,M
14472,1,F
14473,2,M
14474,1,F
14475,1,F
14476,2,F
14477,2,F
14478,1,M
14479,1,F
14480,2,M
14481,1,M
14482,2,M
14483,1,M
14484,1,M
14485,2,F
14486,1,F
14487,1,M
14488,1,F
14489,1,M
14490,1,M
14491,2,M
14492,1,F
14493,2,F
14494,1,F
14495,2,M
14496,2,F
14497,1,M
14498,2,M
14499,2,F
14500,1,F
14501,2,F
14502,1,F
14503,2,F
14504,1,F
14505,1,F
14506,1,F
14507,1,M
14508,2,M
14509,2,F
14510,1,F
14511,1,M
14512,2,M
14513,2,M
14514,2,F
14515,1,F
14516,2,F
14517,1,M
14518,1,M
14519,1,M
14520,2,M
14521,1,F
14522,2,M
14523,1,F
14524,2,F
14525,2,F
14526,2,M
14527,1,M
14528,2,M
14529,2,F
14530,2,M
14531,1,M
14532,1,M
14533,2,F
14534,1,M
14535,1,M
14536,2,M
14537,2,F
14538,1,M
14539,1,M
14540,2,F
14541,1,F
14542,1,F
14543,1,M
14544,2,M
14545,1,M
14546,1,M
14547,2,F
14548,2,F
14549,1,M
14550,2,F
14551,1,M
14552,1,F
14553,1,M
14554,2,M
14555,2,M
14556,2,F
14557,2,M
14558,2,M
14559,1,F
14560,1,F
14561,2,M
14562,1,M
14563,2,F
14564,1,M
14565,2,M
14566,2,F
14567,2,M
14568,2,F
14569,1,F
14570,1,F
14571,2,F
14572,1,F
14573,1,M
14574,1,M
14575,1,M
14576,2,M
14577,1,F
14578,2,M
14579,1,F
14580,1,F
14581,1,F
14582,1,F
14583,2,M
14584,1,F
14585,1,M
14586,1,F
14587,2,F
14588,1,M
14589,2,M
14590,2,M
14591,1,F
14592,1,M
14593,1,F
14594,1,F
14595,2,F
14596,1,M
14597,1,M
14598,1,M
14599,2,F
14600,1,F
14601,1,F
14602,1,F
14603,1,F
14604,2,M
14605,2,F
14606,1,M
14607,2,F
14608,2,F
14609,2,M
14610,1,M
14611,1,M
14612,2,M
14613,1,M
14614,2,F
14615,1,M
14616,2,F
14617,2,M
14618,1,F
14619,2,F
14620,1,F
14621,2,F
14622,2,F
14623,2,F
14624,1,F
14625,1,F
14626,1,F
14627,1,F
14628,1,M
14629,1,M
14630,2,F
14631,1,M
14632,2,F
14633,1,M
14634,1,M
14635,2,M
14636,1,M
14637,2,M
14638,1,F
14639,1,M
14640,2,F
14641,2,F
14642,1,F
14643,2,F
14644,2,M
14645,1,F
14646,1,F
14647,1,F
14648,1,M
14649,1,F
14650,2,M
14651,2,M
14652,2,F
14653,1,M
14654,2,M
14655,2,M
14656,1,M
14657,1,F
14658,2,M
14659,1,M
14660,1,M
14661,1,M
14662,1,F
14663,2,F
14664,2,F
14665,1,F
14666,1,M
14667,2,F
14668,1,M
14669,2,M
14670,1,F
14671,2,F
14672,2,F
14673,2,F
14674,1,F
14675,1,F
14676,2,F
14677,1,M
14678,1,F
14679,2,F
14680,2,F
14681,1,F
14682,2,F
14683,1,M
14684,2,F
14685,1,F
14686,2,F
14687,2,F
14688,1,M
14689,2,M
14690,1,F
14691,1,M
14692,1,M
14693,2,M
14694,1,F
14695,2,F
14696,1,F
14697,2,F
14698,2,F
14699,1,M
14700,2,F
14701,1,F
14702,2,M
14703,2,F
14704,1,F
14705,1,M
14706,2,M
14707,1,M
14708,1,M
14709,1,M
14710,2,F
14711,1,F
14712,1,F
14713,2,F
14714,2,F
14715,1,F
14716,1,F
14717,1,F
14718,1,M
14719,2,F
14720,2,M
14721,2,M
14722,2,F
14723,1,F
14724,2,M
14725,1,F
14726,1,F
14727,2,F
14728,1,F
14729,1,M
14730,2,M
14731,1,F
14732,2,F
14733,2,F
14734,1,F
14735,2,M
14736,2,F
14737,1,F
14738,2,M
14739,2,F
14740,2,F
14741,2,M
14742,1,M
14743,2,M
14744,2,F
14745,1,F
14746,2,M
14747,2,M
14748,1,F
14749,1,M
14750,2,F
14751,1,M
14752,1,F
14753,2,F
14754,1,M
14755,2,F
14756,2,F
14757,2,M
14758,1,F
14759,2,M
14760,2,M
14761,1,F
14762,1,M
14763,2,F
14764,2,F
14765,1,F
14766,2,F
14767,1,F
14768,2,M
14769,2,M
14770,2,F
14771,2,F
14772,1,M
14773,1,M
14774,2,M
14775,2,F
14776,1,M
14777,2,M
14778,1,F
14779,2,F
14780,1,F
14781,1,M
14782,2,F
14783,1,F
14784,2,F
14785,1,M
14786,1,M
14787,1,M
14788,2,M
14789,1,F
14790,1,M
14791,1,M
14792,1,F
14793,2,F
14794,1,M
14795,2,F
14796,1,M
14797,1,F
14798,2,F
14799,1,M
14800,1,F
14801,1,M
14802,1,F
14803,1,F
14804,1,F
14805,1,M
14806,1,M
14807,2,F
14808,1,M
14809,2,M
14810,1,M
14811,2,F
14812,2,F
14813,1,F
14814,2,F
14815,2,F
14816,2,F
14817,1,F
14818,1,M
14819,2,M
14820,2,M
14821,1,M
14822,1,F
14823,1,F
14824,2,F
14825,1,M
14826,2,F
14827,1,F
14828,1,F
14829,1,F
14830,1,F
14831,1,F
14832,2,F
14833,1,F
14834,1,M
14835,2,M
14836,1,F
14837,2,F
14838,2,M
14839,1,F
14840,2,F
14841,2,M
14842,2,F
14843,2,F
14844,1,F
14845,2,F
14846,1,F
14847,2,M
14848,2,F
14849,1,M
14850,1,F
14851,2,M
14852,1,F
14853,1,F
14854,2,M
14855,1,M
14856,1,F
14857,2,F
14858,1,F
14859,1,F
14860,1,F
14861,1,F
14862,1,F
14863,1,F
14864,2,F
14865,2,F
14866,1,M
14867,2,M
14868,1,F
14869,1,F
14870,2,M
14871,1,M
14872,2,F
14873,1,M
14874,1,M
14875,1,F
14876,2,F
14877,1,M
14878,2,F
14879,1,F
14880,2,M
14881,1,M
14882,1,M
14883,1,M
14884,1,F
14885,1,M
14886,2,M
14887,2,F
14888,2,F
14889,2,F
14890,2,M
14891,1,F
14892,1,F
14893,2,F
14894,1,F
14895,1,F
14896,2,F
14897,1,M
14898,1,F
14899,2,F
14900,2,F
14901,1,F
14902,2,F
14903,2,F
14904,2,F
14905,2,F
14906,1,F
14907,1,M
14908,2,F
14909,2,M
14910,1,M
14911,2,F
14912,2,M
14913,2,F
14914,2,F
14915,1,M
14916,2,M
14917,2,F
14918,1,F
14919,2,M
14920,2,M
14921,2,F
14922,1,F
14923,1,M
14924,2,F
14925,2,F
14926,2,F
14927,2,F
14928,1,M
14929,2,F
14930,2,M
14931,2,M
14932,1,M
14933,1,M
14934,2,F
14935,1,M
14936,2,M
14937,1,F
14938,1,F
14939,2,F
14940,2,F
14941,1,M
14942,1,F
14943,2,F
14944,1,M
14945,2,M
14946,1,F
14947,1,F
14948,1,F
14949,2,M
14950,2,F
14951,2,M
14952,1,M
14953,2,M
14954,2,F
14955,1,M
14956,1,F
14957,1,F
14958,1,F
14959,2,M
14960,1,M
14961,2,F
14962,1,M
14963,1,F
14964,1,F
14965,1,M
14966,1,M
14967,1,F
14968,1,M
14969,1,F
14970,2,F
14971,2,F
14972,1,M
14973,1,F
14974,1,M
14975,1,M
14976,1,M
14977,1,F
14978,2,M
14979,2,F
14980,1,M
14981,1,M
14982,2,F
14983,2,F
14984,2,M
14985,1,M
14986,1,M
14987,1,F
14988,2,F
14989,1,F
14990,2,F
14991,2,M
14992,2,F
14993,2,M
14994,2,M
14995,1,F
14996,1,M
14997,1,F
14998,1,M
14999,1,M
15000,1,M
15001,1,F
15002,1,F
15003,1,F
15004,1,F
15005,2,F
15006,1,F
15007,2,F
15008,2,M
15009,1,M
15010,1,M
15011,2,M
15012,1,M
15013,1,M
15014,1,M
15015,2,M
15016,1,M
15017,1,M
15018,1,M
15019,1,M
15020,2,M
15021,1,M
15022,2,M
15023,1,M
15024,1,M
15025,1,M
15026,1,M
15027,1,M
15028,2,M
15029,2,M
15030,1,M
15031,2,M
15032,2,M
15033,1,M
15034,2,M
15035,1,M
15036,2,M
15037,2,M
15038,1,M
15039,1,M
15040,2,M
15041,2,M
15042,2,M
15043,2,M
15044,1,M
15045,2,M
15046,2,M
15047,1,M
15048,1,M
15049,2,M
15050,2,M
15051,1,M
15052,2,M
15053,2,M
15054,1,M
15055,2,M
15056,2,M
15057,1,M
15058,2,M
15059,2,M
15060,1,M
15061,1,M
15062,1,M
15063,1,M
15064,1,M
15065,2,M
15066,2,M
15067,2,M
15068,2,M
15069,2,M
15070,2,M
15071,1,M
15072,1,M
15073,2,M
15074,1,M
15075,1,M
15076,2,M
15077,1,M
15078,1,M
15079,2,M
15080,2,M
15081,2,M
15082,1,M
15083,1,M
15084,2,M
15085,1,M
15086,2,M
15087,2,M
15088,2,M
15089,1,M
15090,2,M
15091,2,M
15092,2,M
15093,2,M
15094,2,M
15095,1,M
15096,2,M
15097,1,M
15098,2,M
15099,2,M
15100,2,M
15101,1,M
15102,2,M
15103,1,M
15104,2,M
15105,2,M
15106,2,M
15107,2,M
15108,2,M
15109,2,M
15110,2,M
15111,1,M
15112,1,M
15113,2,M
15114,1,M
15115,1,M
15116,1,M
15117,1,M
15118,1,M
15119,2,M
15120,1,M
15121,2,M
15122,1,M
15123,2,M
15124,2,M
15125,2,M
15126,2,M
15127,2,M
15128,1,M
15129,1,M
15130,2,M
15131,1,M
15132,1,M
15133,2,M
15134,2,M
15135,1,M
15136,1,M
15137,2,M
15138,2,M
15139,1,M
15140,2,M
15141,1,M
15142,2,M
15143,1,F
15144,2,F
15145,2,F
15146,2,F
15147,1,F
15148,1,F
15149,2,M
15150,2,F
15151,1,F
15152,1,F
15153,1,F
15154,1,F
15155,1,F
15156,2,F
15157,1,F
15158,1,F
15159,1,F
15160,1,F
15161,1,F
15162,1,F
15163,2,F
15164,1,F
15165,1,F
15166,1,F
15167,1,F
15168,1,F
15169,1,F
15170,1,F
15171,2,F
15172,1,F
15173,1,F
15174,1,F
15175,1,F
15176,1,F
15177,1,F
15178,1,F
15179,1,F
15180,1,F
15181,1,F
15182,1,F
15183,1,F
15184,1,F
15185,1,F
15186,1,F
15187,1,F
15188,2,F
15189,2,F
15190,1,F
15191,1,F
15192,2,F
15193,1,F
15194,1,F
15195,1,F
15196,1,F
15197,2,F
15198,1,F
15199,1,F
15200,1,F
15201,1,F
15202,1,F
15203,1,F
15204,2,F
15205,2,F
15206,2,F
15207,1,F
15208,1,F
15209,1,F
15210,1,F
15211,2,F
15212,1,F
15213,2,F
15214,2,F
15215,2,F
15216,2,F
15217,1,F
15218,1,F
15219,1,F
15220,1,F
15221,1,F
15222,1,F
15223,1,F
15224,2,F
15225,1,F
15226,1,F
15227,1,F
15228,2,F
15229,1,F
15230,2,F
15231,1,F
15232,1,F
15233,2,F
15234,1,F
15235,1,F
15236,1,F
15237,1,F
15238,2,F
15239,2,F
15240,1,F
15241,2,F
15242,1,F
15243,1,F
15244,2,F
15245,1,F
15246,2,F
15247,2,F
15248,1,F
15249,2,F
15250,2,F
15251,1,F
15252,2,F
15253,2,F
15254,2,F
15255,2,F
15256,1,F
15257,2,F
15258,2,F
15259,1,F
15260,1,F
15261,2,F
15262,2,F
15263,2,F
15264,1,F
15265,2,F
15266,2,F
15267,2,F
15268,1,F
15269,1,F
15270,1,F
15271,2,F
15272,2,F
15273,2,F
15274,1,F
15275,2,F
15276,2,F
15277,2,F
15278,2,F
15279,2,F
15280,1,F
15281,2,F
15282,2,F
15283,2,F
15284,2,F
15285,2,F
15286,2,F
15287,2,F
15288,1,F
15289,2,F
15290,1,F
15291,2,F
15292,1,F
15293,2,F
15294,2,F
15295,2,F
15296,1,F
15297,2,F
15298,2,F
15299,2,F
15300,2,F
15301,2,F
15302,2,F
15303,2,F
15304,1,F
15305,1,F
15306,1,F
15307,1,F
15308,1,F
15309,1,F
15310,1,F
15311,2,F
15312,2,F
15313,2,F
15314,1,F
15315,2,F
15316,2,F
15317,2,F
15318,1,F
15319,1,F
15320,2,F
15321,2,F
15322,2,F
15323,1,F
15324,1,F
15325,1,F
15326,2,F
15327,1,F
15328,2,F
15329,1,F
15330,2,F
15331,2,F
15332,2,F
15333,2,F
15334,2,F
15335,2,F
15336,1,F
15337,2,F
15338,2,F
15339,2,F
15340,2,F
15341,1,F
15342,2,F
15343,2,F
15344,2,F
15345,1,F
15346,2,F
15347,1,F
15348,1,F
15349,1,F
15350,2,F
15351,1,F
15352,2,F
15353,2,F
15354,2,F
15355,2,F
15356,2,F
15357,2,F
15358,2,F
15359,1,F
15360,2,F
15361,2,F
15362,2,F
15363,2,F
15364,2,F
15365,2,F
15366,1,F
15367,2,F
15368,1,F
15369,2,F
15370,1,F
15371,2,F
15372,2,F
15373,2,F
15374,2,F
15375,2,F
15376,2,F
15377,2,F
15378,1,F
15379,1,F
15380,2,F
15381,2,F
15382,2,F
15383,2,F
15384,1,F
15385,1,F
15386,1,F
15387,1,F
15388,1,F
15389,2,F
15390,2,F
15391,1,F
15392,2,F
15393,1,F
15394,2,F
15395,1,F
15396,2,F
15397,1,F
15398,1,F
15399,1,F
15400,2,F
15401,2,F
15402,2,F
15403,1,F
15404,2,F
15405,2,F
15406,1,F
15407,1,F
15408,2,F
15409,1,F
15410,2,F
15411,1,F
15412,2,F
15413,2,F
15414,2,F
15415,1,F
15416,2,F
15417,2,F
15418,2,F
15419,2,F
15420,1,F
15421,1,F
15422,2,F
15423,2,F
15424,1,M
15425,2,M
15426,2,F
15427,1,M
15428,2,M
15429,1,M
15430,1,M
15431,1,M
15432,2,M
15433,1,M
15434,2,M
15435,1,M
15436,1,M
15437,1,M
15438,2,M
15439,1,M
15440,2,M
15441,1,M
15442,1,M
15443,1,M
15444,1,M
15445,1,M
15446,1,M
15447,1,M
15448,1,M
15449,1,M
15450,1,M
15451,1,M
15452,2,M
15453,1,M
15454,2,M
15455,1,M
15456,1,M
15457,2,M
15458,1,M
15459,2,M
15460,2,M
15461,1,M
15462,1,M
15463,1,M
15464,2,M
15465,2,M
15466,2,M
15467,2,M
15468,2,M
15469,2,M
15470,1,M
15471,2,M
15472,1,M
15473,2,M
15474,2,M
15475,2,M
15476,1,M
15477,1,M
15478,2,M
15479,2,M
15480,2,M
15481,1,M
15482,1,M
15483,1,M
15484,2,M
15485,2,M
15486,2,M
15487,2,M
15488,1,M
15489,2,M
15490,1,M
15491,1,M
15492,1,M
15493,1,M
15494,2,M
15495,1,M
15496,1,M
15497,1,M
15498,1,M
15499,2,M
15500,1,M
15501,1,M
15502,2,M
15503,2,M
15504,2,M
15505,2,M
15506,1,M
15507,1,M
15508,2,M
15509,1,M
15510,1,M
15511,2,M
15512,2,M
15513,1,M
15514,2,M
15515,2,M
15516,1,M
15517,1,M
15518,1,M
15519,1,M
15520,2,M
15521,2,M
15522,2,M
15523,2,M
15524,2,M
15525,1,M
15526,2,M
15527,1,M
15528,2,M
15529,2,M
15530,2,M
15531,2,M
15532,2,M
15533,1,M
15534,2,M
15535,2,M
15536,2,M
15537,1,M
15538,1,M
15539,2,M
15540,2,M
15541,2,M
15542,2,M
15543,2,M
15544,2,M
15545,1,M
15546,2,M
15547,2,M
15548,1,M
15549,2,M
15550,2,M
15551,1,M
15552,2,M
15553,2,M
15554,2,M
15555,2,M
15556,1,M
15557,2,M
15558,2,M
15559,1,M
15560,1,M
15561,2,M
15562,2,M
15563,2,M
15564,1,M
15565,2,M
15566,2,M
15567,1,M
15568,2,M
15569,1,M
15570,2,M
15571,1,M
15572,2,M
15573,2,M
15574,2,M
15575,1,M
15576,1,M
15577,2,M
15578,2,M
15579,1,M
15580,2,M
15581,2,M
15582,1,M
15583,2,M
15584,1,M
15585,2,M
15586,2,M
15587,2,M
15588,1,M
15589,2,M
15590,2,M
15591,1,M
15592,2,M
15593,1,M
15594,2,M
15595,1,M
15596,2,M
15597,1,M
15598,1,F
15599,1,F
15600,1,M
15601,2,M
15602,1,F
15603,1,F
15604,1,F
15605,1,F
15606,1,F
15607,1,F
15608,1,F
15609,2,F
15610,2,F
15611,1,F
15612,2,F
15613,1,F
15614,1,F
15615,1,F
15616,1,F
15617,1,F
15618,2,F
15619,1,F
15620,2,F
15621,2,F
15622,2,F
15623,2,F
15624,1,F
15625,2,F
15626,1,F
15627,2,F
15628,2,F
15629,1,F
15630,2,F
15631,1,F
15632,2,F
15633,1,F
15634,2,F
15635,2,F
15636,2,F
15637,1,F
15638,1,F
15639,2,F
15640,2,F
15641,2,F
15642,2,F
15643,2,F
15644,2,F
15645,2,F
15646,1,F
15647,2,F
15648,2,F
15649,2,F
15650,2,F
15651,1,F
15652,1,F
15653,2,F
15654,2,F
15655,1,F
15656,1,F
15657,1,F
15658,2,F
15659,2,F
15660,1,F
15661,2,F
15662,1,F
15663,1,F
15664,1,F
15665,2,F
15666,1,F
15667,1,M
15668,1,M
15669,2,M
15670,2,M
15671,1,M
15672,1,M
15673,1,M
15674,2,M
15675,2,M
15676,1,M
15677,1,M
15678,1,M
15679,1,M
15680,1,M
15681,2,M
15682,1,M
15683,2,M
15684,1,M
15685,2,M
15686,2,M
15687,2,M
15688,1,M
15689,2,M
15690,1,M
15691,1,M
15692,1,M
15693,1,M
15694,2,M
15695,2,M
15696,2,M
15697,1,M
15698,1,M
15699,2,M
15700,1,M
15701,2,M
15702,2,M
15703,2,M
15704,1,M
15705,2,M
15706,1,M
15707,2,M
15708,2,M
15709,2,M
15710,2,M
15711,2,M
15712,1,M
15713,2,M
15714,1,M
15715,2,M
15716,2,M
15717,1,M
15718,2,M
15719,1,M
15720,2,M
15721,2,M
15722,2,M
15723,2,M
15724,2,M
15725,2,M
15726,1,F
15727,1,F
15728,1,F
15729,1,F
15730,1,F
15731,2,M
15732,2,M
15733,1,F
15734,1,F
15735,1,F
15736,1,F
15737,2,F
15738,2,F
15739,2,F
15740,1,F
15741,2,F
15742,2,F
15743,1,F
15744,1,F
15745,1,F
15746,1,F
15747,1,F
15748,1,F
15749,1,F
15750,1,F
15751,1,F
15752,1,F
15753,1,F
15754,1,F
15755,2,F
15756,1,F
15757,1,F
15758,1,F
15759,1,F
15760,1,F
15761,1,F
15762,1,F
15763,1,F
15764,1,F
15765,1,F
15766,1,F
15767,1,F
15768,1,F
15769,1,F
15770,1,F
15771,1,F
15772,1,F
15773,1,F
15774,1,F
15775,1,F
15776,1,F
15777,1,F
15778,1,F
15779,1,F
15780,1,F
15781,1,F
15782,1,F
15783,1,F
15784,1,F
15785,1,F
15786,1,F
15787,1,F
15788,1,F
15789,1,F
15790,2,F
15791,1,F
15792,1,F
15793,1,F
15794,1,F
15795,1,F
15796,1,F
15797,2,F
15798,1,F
15799,1,F
15800,1,F
15801,1,F
15802,1,F
15803,1,F
15804,1,F
15805,1,F
15806,1,F
15807,1,F
15808,2,F
15809,1,F
15810,1,F
15811,1,F
15812,1,F
15813,1,F
15814,1,F
15815,1,F
15816,1,F
15817,1,F
15818,2,F
15819,2,F
15820,2,F
15821,1,F
15822,1,F
15823,1,F
15824,1,F
15825,1,F
15826,1,F
15827,1,F
15828,1,F
15829,2,F
15830,1,F
15831,1,F
15832,1,F
15833,1,F
15834,2,F
15835,2,F
15836,1,F
15837,1,F
15838,1,F
15839,2,F
15840,2,F
15841,2,F
15842,2,F
15843,2,F
15844,1,F
15845,1,F
15846,1,F
15847,1,F
15848,2,F
15849,1,F
15850,1,F
15851,1,F
15852,1,F
15853,1,F
15854,1,F
15855,1,F
15856,2,F
15857,1,F
15858,2,F
15859,1,F
15860,2,F
15861,2,F
15862,1,F
15863,1,F
15864,1,F
15865,1,F
15866,2,F
15867,2,F
15868,1,F
15869,2,F
15870,2,F
15871,2,F
15872,1,F
15873,1,F
15874,1,F
15875,1,F
15876,1,F
15877,1,F
15878,2,F
15879,1,F
15880,1,F
15881,1,F
15882,1,F
15883,1,F
15884,1,F
15885,1,F
15886,1,F
15887,1,F
15888,2,F
15889,1,F
15890,1,F
15891,1,F
15892,1,F
15893,1,F
15894,1,F
15895,2,F
15896,1,F
15897,1,F
15898,2,F
15899,1,F
15900,2,F
15901,1,F
15902,1,F
15903,2,F
15904,1,F
15905,2,F
15906,2,F
15907,2,F
15908,1,F
15909,1,F
15910,1,F
15911,2,F
15912,2,F
15913,1,F
15914,1,F
15915,2,F
15916,2,F
15917,1,F
15918,2,F
15919,1,F
15920,1,F
15921,2,F
15922,1,F
15923,1,F
15924,2,F
15925,1,F
15926,1,F
15927,2,F
15928,1,F
15929,2,F
15930,1,F
15931,2,F
15932,1,F
15933,1,F
15934,1,F
15935,1,F
15936,1,F
15937,1,F
15938,1,F
15939,2,F
15940,1,F
15941,2,F
15942,1,F
15943,2,F
15944,2,F
15945,1,F
15946,2,F
15947,2,F
15948,1,F
15949,1,F
15950,1,F
15951,1,F
15952,1,F
15953,2,F
15954,1,F
15955,1,F
15956,2,F
15957,1,F
15958,2,F
15959,1,F
15960,1,F
15961,2,F
15962,1,F
15963,2,F
15964,1,F
15965,1,F
15966,1,F
15967,1,F
15968,1,F
15969,1,F
15970,1,F
15971,1,F
15972,2,F
15973,1,F
15974,1,F
15975,1,F
15976,1,F
15977,1,F
15978,1,F
15979,1,F
15980,1,F
15981,1,F
15982,1,F
15983,1,F
15984,1,F
15985,2,F
15986,1,F
15987,2,F
15988,1,F
15989,1,F
15990,1,F
15991,1,F
15992,1,F
15993,1,F
15994,2,F
15995,2,F
15996,1,F
15997,2,F
15998,1,F
15999,1,F
16000,1,F
16001,1,F
16002,1,F
16003,1,F
16004,2,F
16005,2,F
16006,1,F
16007,2,F
16008,1,F
16009,1,F
16010,1,F
16011,1,F
16012,1,F
16013,2,F
16014,2,F
16015,1,F
16016,1,F
16017,2,F
16018,1,F
16019,2,F
16020,2,F
16021,2,F
16022,2,F
16023,2,F
16024,2,F
16025,1,F
16026,1,F
16027,1,F
16028,1,F
16029,1,F
16030,1,F
16031,2,F
16032,1,F
16033,1,F
16034,2,F
16035,1,F
16036,2,F
16037,1,F
16038,1,F
16039,1,F
16040,2,F
16041,1,F
16042,1,F
16043,1,F
16044,1,F
16045,1,F
16046,2,F
16047,1,F
16048,1,F
16049,1,F
16050,1,F
16051,1,F
16052,2,F
16053,1,F
16054,2,F
16055,2,F
16056,2,F
16057,1,F
16058,1,F
16059,1,F
16060,1,F
16061,1,F
16062,1,F
16063,1,F
16064,1,F
16065,1,F
16066,1,F
16067,1,F
16068,1,F
16069,2,F
16070,1,F
16071,1,F
16072,1,F
16073,1,F
16074,2,F
16075,1,F
16076,2,F
16077,1,F
16078,1,F
16079,2,F
16080,1,F
16081,2,F
16082,1,F
16083,1,F
16084,1,F
16085,1,F
16086,1,F
16087,2,F
16088,2,F
16089,2,F
16090,1,F
16091,2,F
16092,1,F
16093,1,F
16094,2,F
16095,2,F
16096,1,F
16097,1,F
16098,1,F
16099,1,F
16100,1,F
16101,1,F
16102,2,F
16103,2,F
16104,1,F
16105,1,F
16106,2,F
16107,1,F
16108,2,F
16109,1,F
16110,2,F
16111,2,F
16112,2,F
16113,2,F
16114,1,F
16115,2,F
16116,1,F
16117,2,F
16118,1,F
16119,1,F
16120,1,F
16121,1,F
16122,1,F
16123,2,F
16124,2,F
16125,1,F
16126,1,F
16127,1,F
16128,1,F
16129,2,F
16130,1,F
16131,1,F
16132,2,F
16133,1,F
16134,1,F
16135,1,F
16136,1,F
16137,2,F
16138,1,F
16139,1,F
16140,2,F
16141,1,F
16142,1,F
16143,1,F
16144,2,F
16145,2,F
16146,2,F
16147,1,F
16148,2,F
16149,2,F
16150,2,F
16151,2,F
16152,1,F
16153,1,F
16154,1,F
16155,1,F
16156,2,F
16157,1,F
16158,1,F
16159,2,F
16160,1,F
16161,2,F
16162,2,F
16163,1,F
16164,1,F
16165,1,F
16166,1,F
16167,1,F
16168,2,F
16169,1,F
16170,1,F
16171,1,F
16172,2,F
16173,1,F
16174,1,F
16175,2,F
16176,2,F
16177,1,F
16178,1,F
16179,2,F
16180,2,F
16181,2,F
16182,2,F
16183,2,F
16184,1,F
16185,1,F
16186,1,F
16187,2,F
16188,1,F
16189,1,F
16190,2,F
16191,1,F
16192,1,F
16193,2,F
16194,2,F
16195,1,F
16196,2,F
16197,2,F
16198,1,F
16199,1,F
16200,1,F
16201,2,F
16202,2,F
16203,1,F
16204,1,F
16205,1,F
16206,1,F
16207,2,F
16208,1,F
16209,2,F
16210,1,F
16211,1,F
16212,1,F
16213,1,F
16214,2,F
16215,2,F
16216,1,F
16217,1,F
16218,2,F
16219,1,F
16220,2,F
16221,2,F
16222,2,F
16223,1,F
16224,1,F
16225,1,F
16226,1,F
16227,1,F
16228,1,F
16229,1,F
16230,2,F
16231,1,F
16232,2,F
16233,2,F
16234,2,F
16235,2,F
16236,1,F
16237,1,F
16238,1,F
16239,1,F
16240,2,F
16241,2,F
16242,2,F
16243,2,F
16244,1,F
16245,1,F
16246,1,F
16247,1,F
16248,1,F
16249,2,F
16250,2,F
16251,1,F
16252,1,F
16253,2,F
16254,2,F
16255,1,F
16256,2,F
16257,1,F
16258,2,F
16259,1,F
16260,1,F
16261,1,F
16262,1,F
16263,1,F
16264,2,F
16265,1,F
16266,2,F
16267,2,F
16268,2,F
16269,2,F
16270,2,F
16271,2,F
16272,1,F
16273,1,F
16274,1,F
16275,2,F
16276,1,F
16277,2,F
16278,2,F
16279,1,F
16280,1,F
16281,2,F
16282,1,F
16283,2,F
16284,2,F
16285,1,F
16286,2,F
16287,2,F
16288,1,F
16289,1,F
16290,1,F
16291,2,F
16292,1,F
16293,1,F
16294,1,F
16295,1,F
16296,1,F
16297,1,F
16298,1,F
16299,1,F
16300,1,F
16301,2,F
16302,1,F
16303,1,F
16304,2,F
16305,1,F
16306,1,F
16307,1,F
16308,1,F
16309,1,F
16310,1,F
16311,2,F
16312,1,F
16313,1,F
16314,1,F
16315,1,F
16316,1,F
16317,2,F
16318,1,F
16319,1,F
16320,1,F
16321,1,F
16322,2,F
16323,1,F
16324,2,F
16325,1,F
16326,1,F
16327,2,F
16328,2,F
16329,1,F
16330,2,F
16331,1,F
16332,1,F
16333,1,F
16334,1,F
16335,1,F
16336,1,F
16337,1,F
16338,2,F
16339,2,F
16340,1,F
16341,2,F
16342,2,F
16343,2,F
16344,2,F
16345,1,F
16346,2,F
16347,1,F
16348,2,F
16349,2,F
16350,2,F
16351,1,F
16352,2,F
16353,1,F
16354,1,F
16355,2,F
16356,2,F
16357,1,F
16358,1,F
16359,2,F
16360,2,F
16361,2,F
16362,2,F
16363,2,F
16364,2,F
16365,2,F
16366,2,F
16367,1,F
16368,2,F
16369,2,F
16370,2,F
16371,2,F
16372,2,F
16373,1,F
16374,2,F
16375,1,F
16376,1,F
16377,1,F
16378,2,F
16379,1,F
16380,1,F
16381,1,F
16382,1,F
16383,1,F
16384,1,F
16385,2,F
16386,2,F
16387,2,F
16388,2,F
16389,2,F
16390,1,F
16391,1,F
16392,2,F
16393,1,F
16394,2,F
16395,2,F
16396,2,F
16397,1,F
16398,1,F
16399,1,F
16400,1,F
16401,1,F
16402,1,F
16403,1,F
16404,1,F
16405,2,F
16406,2,F
16407,2,F
16408,2,F
16409,2,F
16410,2,F
16411,1,F
16412,2,F
16413,2,F
16414,1,F
16415,1,F
16416,1,F
16417,2,F
16418,2,F
16419,2,F
16420,2,F
16421,2,F
16422,1,F
16423,1,F
16424,1,F
16425,2,F
16426,2,F
16427,1,F
16428,2,F
16429,1,F
16430,1,F
16431,2,F
16432,1,F
16433,1,F
16434,1,F
16435,1,F
16436,2,F
16437,1,F
16438,2,F
16439,1,F
16440,1,F
16441,1,F
16442,2,F
16443,1,F
16444,1,F
16445,1,F
16446,1,F
16447,1,F
16448,1,F
16449,1,F
16450,1,F
16451,1,F
16452,1,F
16453,1,F
16454,1,F
16455,1,F
16456,1,F
16457,1,F
16458,1,F
16459,1,F
16460,1,F
16461,1,F
16462,1,F
16463,1,F
16464,1,F
16465,1,F
16466,1,F
16467,1,F
16468,1,F
16469,1,F
16470,1,F
16471,2,F
16472,2,F
16473,1,F
16474,1,F
16475,1,F
16476,1,F
16477,1,F
16478,1,F
16479,1,F
16480,1,F
16481,1,F
16482,2,F
16483,1,F
16484,1,F
16485,2,F
16486,2,F
16487,1,F
16488,1,M
16489,1,M
16490,1,M
16491,1,M
16492,1,M
16493,1,M
16494,1,M
16495,1,F
16496,1,M
16497,1,M
16498,1,M
16499,1,M
16500,1,M
16501,1,M
16502,1,M
16503,1,M
16504,1,M
16505,1,M
16506,1,M
16507,2,M
16508,1,M
16509,1,M
16510,1,M
16511,1,M
16512,1,M
16513,1,M
16514,2,M
16515,1,M
16516,1,M
16517,2,M
16518,1,M
16519,1,M
16520,2,M
16521,1,M
16522,1,M
16523,1,M
16524,1,M
16525,1,M
16526,2,M
16527,1,M
16528,1,M
16529,1,M
16530,2,M
16531,1,M
16532,1,M
16533,1,M
16534,2,M
16535,2,M
16536,1,M
16537,2,M
16538,2,M
16539,1,M
16540,2,M
16541,1,M
16542,1,M
16543,1,M
16544,1,M
16545,1,M
16546,1,M
16547,1,M
16548,1,M
16549,1,M
16550,1,M
16551,2,M
16552,1,M
16553,1,M
16554,1,M
16555,1,M
16556,2,M
16557,2,M
16558,2,M
16559,1,M
16560,2,M
16561,1,M
16562,1,M
16563,2,M
16564,1,M
16565,2,M
16566,1,M
16567,1,M
16568,1,M
16569,2,M
16570,1,M
16571,1,M
16572,1,M
16573,1,M
16574,1,M
16575,1,M
16576,1,M
16577,1,M
16578,2,M
16579,1,M
16580,1,M
16581,2,M
16582,1,M
16583,2,M
16584,1,M
16585,1,M
16586,2,M
16587,2,M
16588,2,M
16589,2,M
16590,1,M
16591,1,M
16592,1,M
16593,1,M
16594,1,M
16595,1,M
16596,2,M
16597,1,M
16598,2,M
16599,1,M
16600,1,M
16601,1,M
16602,1,M
16603,1,M
16604,2,M
16605,2,M
16606,1,M
16607,1,M
16608,1,M
16609,1,M
16610,2,M
16611,2,M
16612,1,M
16613,1,M
16614,1,M
16615,2,M
16616,1,M
16617,2,M
16618,2,M
16619,2,M
16620,2,M
16621,1,M
16622,1,M
16623,1,M
16624,1,M
16625,2,M
16626,1,M
16627,2,M
16628,1,M
16629,2,M
16630,2,M
16631,1,M
16632,1,M
16633,2,M
16634,1,M
16635,1,M
16636,2,M
16637,1,M
16638,1,M
16639,1,M
16640,1,M
16641,1,M
16642,2,M
16643,1,M
16644,1,M
16645,2,M
16646,2,M
16647,1,M
16648,1,M
16649,2,M
16650,1,M
16651,2,M
16652,1,M
16653,1,M
16654,2,M
16655,1,M
16656,1,M
16657,2,M
16658,2,M
16659,1,M
16660,1,M
16661,2,M
16662,2,M
16663,2,M
16664,1,M
16665,2,M
16666,2,M
16667,1,M
16668,1,M
16669,1,M
16670,2,M
16671,1,M
16672,2,M
16673,1,M
16674,1,M
16675,1,M
16676,2,M
16677,1,M
16678,1,M
16679,1,M
16680,1,M
16681,1,M
16682,1,M
16683,2,M
16684,1,M
16685,1,M
16686,1,M
16687,1,M
16688,1,M
16689,2,M
16690,2,M
16691,2,M
16692,1,M
16693,1,M
16694,2,M
16695,1,M
16696,1,M
16697,1,M
16698,1,M
16699,1,M
16700,2,M
16701,1,M
16702,2,M
16703,1,M
16704,1,M
16705,1,M
16706,2,M
16707,2,M
16708,1,M
16709,1,M
16710,2,M
16711,1,M
16712,1,M
16713,1,M
16714,2,M
16715,1,M
16716,2,M
16717,2,M
16718,1,M
16719,1,M
16720,2,M
16721,1,M
16722,1,M
16723,2,M
16724,1,M
16725,2,M
16726,2,M
16727,1,M
16728,1,M
16729,1,M
16730,1,M
16731,2,M
16732,1,M
16733,2,M
16734,1,M
16735,1,M
16736,1,M
16737,2,M
16738,2,M
16739,2,M
16740,2,M
16741,1,M
16742,2,M
16743,1,M
16744,1,M
16745,1,M
16746,1,M
16747,2,M
16748,1,M
16749,2,M
16750,1,M
16751,2,M
16752,1,M
16753,1,M
16754,1,M
16755,1,M
16756,1,M
16757,2,M
16758,1,M
16759,1,M
16760,1,M
16761,1,M
16762,1,M
16763,1,M
16764,1,M
16765,1,M
16766,1,M
16767,1,M
16768,1,M
16769,1,M
16770,1,M
16771,1,M
16772,2,M
16773,1,M
16774,1,M
16775,1,M
16776,1,M
16777,1,M
16778,2,M
16779,2,M
16780,1,M
16781,2,M
16782,1,M
16783,1,M
16784,1,M
16785,1,M
16786,1,M
16787,1,M
16788,1,M
16789,1,M
16790,2,M
16791,2,M
16792,2,M
16793,1,M
16794,2,M
16795,2,M
16796,2,M
16797,1,M
16798,1,M
16799,1,M
16800,1,M
16801,2,M
16802,1,M
16803,1,M
16804,2,M
16805,1,M
16806,1,M
16807,1,M
16808,1,M
16809,1,M
16810,2,M
16811,2,M
16812,1,M
16813,1,M
16814,1,M
16815,1,M
16816,1,M
16817,2,M
16818,1,M
16819,1,M
16820,2,M
16821,1,M
16822,2,M
16823,1,M
16824,1,M
16825,1,M
16826,1,M
16827,1,M
16828,1,M
16829,2,M
16830,2,M
16831,1,M
16832,1,M
16833,1,M
16834,1,M
16835,1,M
16836,2,M
16837,1,M
16838,2,M
16839,1,M
16840,2,M
16841,2,M
16842,2,M
16843,1,M
16844,1,M
16845,2,M
16846,1,M
16847,1,M
16848,1,M
16849,1,M
16850,2,M
16851,2,M
16852,1,M
16853,2,M
16854,1,M
16855,2,M
16856,1,M
16857,2,M
16858,1,M
16859,2,M
16860,2,M
16861,2,M
16862,2,M
16863,2,M
16864,2,M
16865,1,M
16866,2,M
16867,2,M
16868,2,M
16869,2,M
16870,1,M
16871,1,M
16872,1,M
16873,1,M
16874,2,M
16875,2,M
16876,2,M
16877,2,M
16878,2,M
16879,2,M
16880,1,M
16881,1,M
16882,1,M
16883,1,M
16884,2,M
16885,1,M
16886,1,M
16887,1,M
16888,2,M
16889,2,M
16890,1,M
16891,2,M
16892,1,M
16893,1,M
16894,2,M
16895,1,M
16896,1,M
16897,2,M
16898,2,M
16899,2,M
16900,2,M
16901,1,M
16902,1,M
16903,1,M
16904,1,M
16905,2,M
16906,2,M
16907,1,M
16908,1,M
16909,2,M
16910,1,M
16911,2,M
16912,1,M
16913,1,M
16914,1,M
16915,1,M
16916,2,M
16917,1,M
16918,2,M
16919,2,M
16920,1,M
16921,2,M
16922,2,M
16923,1,M
16924,1,M
16925,2,M
16926,1,M
16927,1,M
16928,2,M
16929,1,M
16930,1,M
16931,1,M
16932,1,M
16933,1,M
16934,1,M
16935,2,M
16936,2,M
16937,2,M
16938,1,M
16939,1,M
16940,2,M
16941,2,M
16942,1,M
16943,1,M
16944,1,M
16945,2,M
16946,2,M
16947,1,M
16948,1,M
16949,1,M
16950,1,M
16951,1,M
16952,2,M
16953,1,M
16954,1,M
16955,1,M
16956,2,M
16957,2,M
16958,2,M
16959,2,M
16960,1,M
16961,1,M
16962,2,M
16963,2,M
16964,1,M
16965,2,M
16966,1,M
16967,2,M
16968,1,M
16969,1,M
16970,2,M
16971,1,M
16972,1,M
16973,2,M
16974,2,F
16975,1,F
16976,1,F
16977,2,F
16978,1,F
16979,1,F
16980,1,F
16981,1,F
16982,2,F
16983,2,F
16984,1,F
16985,2,F
16986,2,F
16987,2,F
16988,1,F
16989,1,F
16990,1,F
16991,1,F
16992,1,F
16993,1,F
16994,1,F
16995,1,F
16996,1,F
16997,1,F
16998,1,F
16999,1,F
17000,1,F
17001,1,F
17002,1,F
17003,1,F
17004,1,F
17005,1,F
17006,1,F
17007,1,F
17008,1,F
17009,1,F
17010,2,F
17011,1,F
17012,1,F
17013,1,F
17014,1,F
17015,1,F
17016,1,F
17017,1,F
17018,1,F
17019,1,F
17020,1,F
17021,1,F
17022,1,F
17023,1,F
17024,1,F
17025,1,F
17026,1,F
17027,1,F
17028,1,F
17029,1,F
17030,1,F
17031,1,F
17032,1,F
17033,1,F
17034,1,F
17035,1,F
17036,1,F
17037,1,F
17038,1,F
17039,1,F
17040,1,F
17041,1,F
17042,2,F
17043,2,F
17044,1,F
17045,1,F
17046,1,F
17047,1,F
17048,1,F
17049,1,F
17050,1,F
17051,1,F
17052,1,F
17053,1,F
17054,1,F
17055,1,F
17056,1,F
17057,1,F
17058,1,F
17059,1,F
17060,1,F
17061,1,F
17062,1,F
17063,1,F
17064,1,F
17065,1,F
17066,1,F
17067,1,F
17068,2,F
17069,1,F
17070,1,F
17071,2,F
17072,1,F
17073,1,F
17074,2,F
17075,2,F
17076,1,F
17077,1,F
17078,1,F
17079,1,F
17080,1,F
17081,2,F
17082,1,F
17083,1,F
17084,1,F
17085,1,F
17086,1,F
17087,1,F
17088,1,F
17089,1,F
17090,1,F
17091,1,F
17092,1,F
17093,1,F
17094,1,F
17095,2,F
17096,1,F
17097,1,F
17098,2,F
17099,1,F
17100,2,F
17101,1,F
17102,1,F
17103,1,F
17104,1,F
17105,1,F
17106,1,F
17107,1,F
17108,1,F
17109,2,F
17110,2,F
17111,1,F
17112,1,F
17113,1,F
17114,1,F
17115,1,F
17116,2,F
17117,1,F
17118,1,F
17119,2,F
17120,2,F
17121,1,F
17122,1,F
17123,1,F
17124,1,F
17125,1,F
17126,1,F
17127,2,F
17128,2,F
17129,1,F
17130,1,F
17131,1,F
17132,1,F
17133,1,F
17134,1,F
17135,1,F
17136,1,F
17137,1,F
17138,1,F
17139,1,F
17140,1,F
17141,1,F
17142,1,F
17143,1,F
17144,2,F
17145,2,F
17146,2,F
17147,1,F
17148,1,F
17149,1,F
17150,1,F
17151,1,F
17152,2,F
17153,2,F
17154,1,F
17155,1,F
17156,1,F
17157,2,F
17158,2,F
17159,1,F
17160,2,F
17161,2,F
17162,1,F
17163,1,F
17164,1,F
17165,1,F
17166,2,F
17167,1,F
17168,2,F
17169,1,F
17170,1,F
17171,1,F
17172,1,F
17173,1,F
17174,1,F
17175,2,F
17176,2,F
17177,2,F
17178,2,F
17179,1,F
17180,1,F
17181,2,F
17182,2,F
17183,1,F
17184,2,F
17185,2,F
17186,1,F
17187,2,F
17188,1,F
17189,1,F
17190,1,F
17191,1,F
17192,2,F
17193,2,F
17194,1,F
17195,2,F
17196,2,F
17197,1,F
17198,1,F
17199,2,F
17200,1,F
17201,1,F
17202,2,F
17203,2,F
17204,1,F
17205,1,M
17206,2,F
17207,2,F
17208,1,F
17209,1,F
17210,1,F
17211,2,F
17212,1,F
17213,1,F
17214,1,F
17215,1,F
17216,1,F
17217,2,F
17218,1,F
17219,1,F
17220,1,F
17221,1,F
17222,1,F
17223,1,F
17224,1,F
17225,1,F
17226,2,F
17227,1,F
17228,2,F
17229,2,F
17230,1,F
17231,1,F
17232,1,F
17233,1,F
17234,1,F
17235,1,F
17236,1,F
17237,1,F
17238,2,F
17239,1,F
17240,1,F
17241,1,F
17242,1,F
17243,1,F
17244,1,F
17245,1,F
17246,1,F
17247,1,F
17248,2,F
17249,1,F
17250,2,F
17251,1,F
17252,1,F
17253,2,F
17254,1,F
17255,1,F
17256,1,F
17257,1,F
17258,1,F
17259,1,F
17260,2,F
17261,1,F
17262,1,F
17263,1,F
17264,1,F
17265,2,F
17266,2,F
17267,1,F
17268,1,F
17269,1,F
17270,1,F
17271,2,F
17272,2,F
17273,2,F
17274,1,F
17275,1,F
17276,1,F
17277,2,F
17278,1,F
17279,1,F
17280,1,F
17281,1,F
17282,1,F
17283,1,F
17284,1,F
17285,2,F
17286,1,F
17287,2,F
17288,1,F
17289,1,F
17290,2,F
17291,2,F
17292,1,F
17293,2,F
17294,1,F
17295,1,F
17296,2,F
17297,2,F
17298,1,F
17299,1,F
17300,2,F
17301,1,F
17302,1,F
17303,2,F
17304,1,F
17305,2,F
17306,1,F
17307,1,F
17308,2,F
17309,1,F
17310,1,F
17311,2,F
17312,2,F
17313,1,F
17314,1,F
17315,1,F
17316,1,F
17317,1,F
17318,1,F
17319,1,F
17320,2,F
17321,1,F
17322,2,F
17323,2,F
17324,2,F
17325,2,F
17326,1,F
17327,1,F
17328,1,F
17329,1,F
17330,2,F
17331,1,F
17332,1,F
17333,1,F
17334,2,F
17335,2,F
17336,2,F
17337,2,F
17338,2,F
17339,1,F
17340,1,F
17341,2,F
17342,1,F
17343,1,F
17344,2,F
17345,2,F
17346,1,F
17347,2,F
17348,2,F
17349,2,F
17350,1,F
17351,1,F
17352,1,F
17353,1,F
17354,1,F
17355,1,F
17356,1,F
17357,2,F
17358,2,F
17359,1,F
17360,2,F
17361,2,F
17362,1,F
17363,1,F
17364,1,F
17365,1,F
17366,2,F
17367,1,F
17368,1,F
17369,1,F
17370,1,F
17371,2,F
17372,1,F
17373,1,F
17374,1,F
17375,1,F
17376,2,F
17377,1,F
17378,2,F
17379,2,F
17380,1,F
17381,2,F
17382,2,F
17383,2,F
17384,2,F
17385,2,F
17386,2,F
17387,1,F
17388,1,F
17389,1,F
17390,1,F
17391,2,F
17392,2,F
17393,2,F
17394,1,F
17395,2,F
17396,1,F
17397,2,F
17398,2,F
17399,1,F
17400,1,F
17401,2,F
17402,1,F
17403,1,F
17404,1,F
17405,1,F
17406,1,F
17407,2,F
17408,1,F
17409,1,F
17410,1,F
17411,1,F
17412,1,F
17413,1,F
17414,1,F
17415,2,F
17416,1,F
17417,1,F
17418,2,F
17419,1,F
17420,2,F
17421,2,F
17422,2,F
17423,2,F
17424,1,F
17425,2,F
17426,1,F
17427,1,F
17428,2,F
17429,1,F
17430,1,F
17431,2,F
17432,1,F
17433,1,F
17434,2,F
17435,1,F
17436,2,F
17437,1,F
17438,2,F
17439,1,F
17440,2,F
17441,1,F
17442,1,F
17443,1,F
17444,1,F
17445,1,F
17446,2,F
17447,1,F
17448,2,F
17449,1,F
17450,1,F
17451,1,F
17452,1,F
17453,1,F
17454,2,F
17455,2,F
17456,1,F
17457,1,F
17458,2,F
17459,1,F
17460,2,F
17461,1,F
17462,2,F
17463,2,F
17464,1,F
17465,2,F
17466,2,F
17467,2,F
17468,2,F
17469,2,F
17470,1,F
17471,1,F
17472,2,F
17473,1,F
17474,1,F
17475,2,F
17476,2,F
17477,1,F
17478,1,F
17479,2,F
17480,1,F
17481,2,F
17482,1,F
17483,2,F
17484,1,F
17485,1,F
17486,1,F
17487,1,F
17488,2,F
17489,1,F
17490,2,F
17491,1,F
17492,1,F
17493,1,F
17494,2,F
17495,1,F
17496,1,F
17497,1,F
17498,1,F
17499,1,F
17500,2,F
17501,1,F
17502,2,F
17503,2,F
17504,2,F
17505,2,F
17506,2,F
17507,2,F
17508,2,F
17509,2,F
17510,2,F
17511,1,F
17512,1,F
17513,1,F
17514,1,F
17515,2,F
17516,1,F
17517,1,F
17518,2,F
17519,2,F
17520,1,F
17521,1,F
17522,2,F
17523,1,F
17524,2,F
17525,1,F
17526,1,F
17527,2,F
17528,2,F
17529,2,F
17530,1,F
17531,2,F
17532,2,F
17533,2,F
17534,1,F
17535,1,F
17536,2,F
17537,2,F
17538,2,F
17539,1,F
17540,1,F
17541,1,F
17542,1,F
17543,1,F
17544,1,F
17545,1,F
17546,1,F
17547,1,F
17548,1,F
17549,1,F
17550,1,F
17551,2,F
17552,2,F
17553,1,F
17554,2,F
17555,2,F
17556,2,F
17557,1,F
17558,2,F
17559,1,F
17560,1,F
17561,1,F
17562,1,F
17563,1,F
17564,1,F
17565,1,F
17566,2,F
17567,1,F
17568,2,F
17569,1,F
17570,1,F
17571,2,F
17572,2,F
17573,2,F
17574,2,F
17575,1,F
17576,2,F
17577,1,F
17578,2,F
17579,2,F
17580,1,F
17581,1,F
17582,1,F
17583,1,F
17584,2,F
17585,2,F
17586,1,F
17587,2,F
17588,1,F
17589,1,F
17590,2,F
17591,2,F
17592,1,F
17593,1,F
17594,1,F
17595,1,F
17596,2,F
17597,2,F
17598,2,F
17599,1,F
17600,2,F
17601,1,F
17602,1,F
17603,1,F
17604,2,F
17605,2,F
17606,1,F
17607,1,F
17608,1,F
17609,1,F
17610,1,F
17611,2,F
17612,2,F
17613,2,F
17614,2,F
17615,1,F
17616,2,F
17617,2,F
17618,2,F
17619,1,F
17620,2,F
17621,2,F
17622,1,F
17623,1,F
17624,2,F
17625,2,F
17626,2,F
17627,1,F
17628,1,F
17629,1,F
17630,1,F
17631,2,F
17632,2,F
17633,1,F
17634,1,F
17635,1,F
17636,2,F
17637,2,F
17638,2,F
17639,2,F
17640,2,F
17641,2,F
17642,1,F
17643,2,F
17644,2,F
17645,2,F
17646,2,F
17647,2,F
17648,2,F
17649,1,F
17650,1,F
17651,1,F
17652,2,F
17653,2,F
17654,1,F
17655,2,F
17656,1,F
17657,1,F
17658,1,F
17659,2,F
17660,1,F
17661,2,F
17662,2,F
17663,2,F
17664,1,F
17665,1,F
17666,1,F
17667,2,F
17668,1,F
17669,2,F
17670,2,F
17671,2,F
17672,1,F
17673,2,F
17674,2,F
17675,1,F
17676,1,F
17677,2,F
17678,2,F
17679,2,F
17680,1,F
17681,1,F
17682,2,F
17683,1,F
17684,1,F
17685,1,F
17686,2,F
17687,1,F
17688,1,F
17689,2,F
17690,2,F
17691,2,F
17692,1,F
17693,2,F
17694,1,F
17695,2,F
17696,2,F
17697,2,F
17698,1,F
17699,1,F
17700,2,F
17701,2,F
17702,2,F
17703,1,F
17704,2,F
17705,2,F
17706,2,F
17707,1,F
17708,1,F
17709,1,F
17710,2,F
17711,2,F
17712,2,F
17713,1,F
17714,1,F
17715,1,F
17716,2,F
17717,1,F
17718,1,F
17719,2,F
17720,2,F
17721,1,F
17722,2,F
17723,1,F
17724,1,F
17725,1,F
17726,2,F
17727,2,F
17728,2,F
17729,1,F
17730,2,F
17731,2,F
17732,1,F
17733,1,F
17734,1,F
17735,2,F
17736,2,F
17737,1,F
17738,1,F
17739,1,F
17740,1,F
17741,2,F
17742,2,F
17743,1,F
17744,1,F
17745,2,F
17746,2,F
17747,1,F
17748,1,F
17749,2,F
17750,1,F
17751,2,F
17752,1,F
17753,2,F
17754,2,F
17755,2,F
17756,1,F
17757,1,F
17758,2,F
17759,1,F
17760,2,F
17761,1,F
17762,1,F
17763,2,F
17764,1,F
17765,1,F
17766,1,F
17767,1,F
17768,2,F
17769,2,F
17770,2,F
17771,1,F
17772,1,F
17773,1,F
17774,1,F
17775,1,F
17776,1,F
17777,2,F
17778,1,F
17779,1,F
17780,1,F
17781,1,F
17782,2,F
17783,1,F
17784,2,F
17785,1,F
17786,2,F
17787,1,M
17788,1,M
17789,1,M
17790,1,M
17791,1,M
17792,1,M
17793,1,M
17794,2,F
17795,2,F
17796,2,F
17797,2,F
17798,1,M
17799,1,M
17800,1,M
17801,1,M
17802,1,M
17803,1,M
17804,1,M
17805,2,M
17806,2,M
17807,1,M
17808,1,M
17809,1,M
17810,1,M
17811,1,M
17812,1,M
17813,1,M
17814,1,M
17815,1,M
17816,1,M
17817,1,M
17818,1,M
17819,1,M
17820,1,M
17821,1,M
17822,1,M
17823,1,M
17824,1,M
17825,1,M
17826,1,M
17827,1,M
17828,1,M
17829,1,M
17830,1,M
17831,2,M
17832,1,M
17833,1,M
17834,1,M
17835,2,M
17836,1,M
17837,1,M
17838,1,M
17839,1,M
17840,2,M
17841,1,M
17842,1,M
17843,1,M
17844,2,M
17845,1,M
17846,1,M
17847,2,M
17848,2,M
17849,1,M
17850,2,M
17851,1,M
17852,1,M
17853,1,M
17854,2,M
17855,2,M
17856,2,M
17857,1,M
17858,1,M
17859,1,M
17860,1,M
17861,1,M
17862,1,M
17863,1,M
17864,1,M
17865,2,M
17866,1,M
17867,1,M
17868,1,M
17869,1,M
17870,1,M
17871,1,M
17872,1,M
17873,1,M
17874,1,M
17875,1,M
17876,2,M
17877,1,M
17878,1,M
17879,1,M
17880,1,M
17881,1,M
17882,1,M
17883,2,M
17884,1,M
17885,1,M
17886,1,M
17887,2,M
17888,2,M
17889,2,M
17890,2,M
17891,2,M
17892,1,M
17893,1,M
17894,2,M
17895,2,M
17896,1,M
17897,1,M
17898,1,M
17899,1,M
17900,1,M
17901,1,M
17902,1,M
17903,1,M
17904,1,M
17905,1,M
17906,1,M
17907,1,M
17908,1,M
17909,1,M
17910,1,M
17911,1,M
17912,1,M
17913,2,M
17914,1,M
17915,2,M
17916,1,M
17917,1,M
17918,1,M
17919,1,M
17920,2,M
17921,1,M
17922,1,M
17923,2,M
17924,1,M
17925,1,M
17926,2,M
17927,1,M
17928,1,M
17929,2,M
17930,2,M
17931,1,M
17932,2,M
17933,2,M
17934,2,M
17935,2,M
17936,1,M
17937,1,M
17938,1,M
17939,2,M
17940,1,M
17941,1,M
17942,2,M
17943,2,M
17944,1,M
17945,1,M
17946,1,M
17947,2,M
17948,2,M
17949,1,M
17950,1,M
17951,2,M
17952,2,M
17953,1,M
17954,2,M
17955,2,M
17956,1,M
17957,1,M
17958,2,M
17959,1,M
17960,1,M
17961,1,M
17962,1,M
17963,2,M
17964,1,M
17965,1,M
17966,2,M
17967,1,M
17968,2,M
17969,2,M
17970,1,M
17971,1,M
17972,1,M
17973,2,M
17974,1,M
17975,1,M
17976,1,M
17977,1,M
17978,2,M
17979,1,M
17980,1,M
17981,2,M
17982,2,M
17983,1,M
17984,2,M
17985,1,M
17986,2,M
17987,2,M
17988,2,M
17989,1,M
17990,1,M
17991,1,M
17992,1,M
17993,2,M
17994,2,M
17995,1,M
17996,2,M
17997,2,M
17998,2,M
17999,1,M
18000,1,M
18001,2,M
18002,2,M
18003,1,M
18004,1,M
18005,2,M
18006,1,M
18007,2,M
18008,2,M
18009,1,M
18010,2,M
18011,1,M
18012,1,M
18013,1,M
18014,1,M
18015,2,M
18016,1,M
18017,1,M
18018,1,M
18019,1,M
18020,1,M
18021,1,M
18022,1,M
18023,1,M
18024,2,M
18025,2,M
18026,1,M
18027,2,M
18028,2,M
18029,1,M
18030,2,M
18031,1,M
18032,1,M
18033,2,M
18034,2,M
18035,2,M
18036,1,M
18037,2,M
18038,1,M
18039,2,M
18040,1,M
18041,1,M
18042,1,M
18043,1,M
18044,1,M
18045,2,M
18046,1,M
18047,1,M
18048,1,M
18049,1,M
18050,1,M
18051,2,M
18052,2,M
18053,2,M
18054,2,M
18055,2,M
18056,1,M
18057,2,M
18058,1,M
18059,1,M
18060,2,M
18061,2,M
18062,2,M
18063,1,M
18064,1,M
18065,1,M
18066,2,M
18067,1,M
18068,1,M
18069,2,M
18070,2,M
18071,1,M
18072,1,M
18073,1,M
18074,1,M
18075,1,M
18076,1,M
18077,1,M
18078,2,M
18079,2,M
18080,1,M
18081,2,M
18082,1,M
18083,1,M
18084,2,M
18085,1,M
18086,1,M
18087,2,M
18088,2,M
18089,2,M
18090,2,M
18091,2,M
18092,2,M
18093,1,M
18094,2,M
18095,1,M
18096,2,M
18097,2,M
18098,1,M
18099,1,M
18100,1,M
18101,2,M
18102,2,M
18103,1,M
18104,2,M
18105,2,M
18106,2,M
18107,2,M
18108,2,M
18109,2,M
18110,1,M
18111,1,M
18112,1,M
18113,1,M
18114,2,M
18115,1,M
18116,2,M
18117,1,M
18118,2,M
18119,2,M
18120,1,M
18121,2,M
18122,2,M
18123,1,M
18124,1,M
18125,2,M
18126,2,M
18127,2,M
18128,1,M
18129,1,M
18130,2,M
18131,1,M
18132,2,M
18133,2,M
18134,2,M
18135,2,M
18136,1,M
18137,1,M
18138,1,M
18139,2,M
18140,2,M
18141,2,M
18142,2,M
18143,2,M
18144,2,M
18145,2,M
18146,2,M
18147,2,M
18148,2,M
18149,2,M
18150,2,M
18151,2,M
18152,1,M
18153,2,M
18154,1,M
18155,1,M
18156,2,M
18157,1,M
18158,1,M
18159,2,M
18160,2,M
18161,1,M
18162,1,M
18163,2,M
18164,2,M
18165,2,M
18166,1,M
18167,1,M
18168,2,M
18169,2,M
18170,1,M
18171,2,M
18172,2,M
18173,2,M
18174,1,M
18175,2,M
18176,1,M
18177,1,M
18178,1,M
18179,2,M
18180,1,M
18181,2,M
18182,2,M
18183,2,M
18184,2,M
18185,1,M
18186,2,M
18187,2,M
18188,1,M
18189,1,M
18190,1,M
18191,1,M
18192,1,M
18193,1,M
18194,1,M
18195,2,M
18196,1,M
18197,1,M
18198,1,M
18199,1,M
18200,2,M
18201,2,M
18202,2,M
18203,2,M
18204,1,M
18205,2,M
18206,2,M
18207,2,M
18208,2,M
18209,2,M
18210,2,M
18211,2,M
18212,1,M
18213,1,M
18214,2,M
18215,1,M
18216,2,M
18217,1,M
18218,1,M
18219,2,M
18220,2,M
18221,1,M
18222,1,M
18223,2,M
18224,2,M
18225,2,M
18226,1,M
18227,1,M
18228,1,M
18229,1,M
18230,1,M
18231,2,M
18232,2,M
18233,1,M
18234,2,M
18235,1,M
18236,1,M
18237,1,M
18238,2,M
18239,1,M
18240,2,M
18241,1,M
18242,2,M
18243,2,M
18244,1,M
18245,2,M
18246,2,M
18247,1,M
18248,2,M
18249,1,M
18250,1,M
18251,1,M
18252,2,M
18253,1,M
18254,2,M
18255,1,M
18256,1,M
18257,1,M
18258,2,M
18259,2,M
18260,1,M
18261,2,M
18262,2,M
18263,2,M
18264,1,M
18265,2,M
18266,1,M
18267,2,M
18268,1,M
18269,1,M
18270,2,M
18271,1,M
18272,1,M
18273,2,M
18274,1,M
18275,2,M
18276,1,M
18277,2,M
18278,2,M
18279,2,M
18280,2,M
18281,2,M
18282,1,M
18283,2,M
18284,2,M
18285,1,M
18286,1,M
18287,2,M
18288,2,M
18289,2,M
18290,2,M
18291,1,F
18292,1,F
18293,2,M
18294,2,M
18295,1,M
18296,2,M
18297,1,F
18298,2,F
18299,2,F
18300,2,F
18301,1,F
18302,1,F
18303,1,F
18304,1,F
18305,1,F
18306,1,F
18307,2,F
18308,1,F
18309,1,F
18310,2,F
18311,2,F
18312,2,F
18313,1,F
18314,1,F
18315,1,F
18316,1,F
18317,1,F
18318,1,F
18319,2,F
18320,1,F
18321,1,F
18322,2,F
18323,1,F
18324,1,F
18325,1,F
18326,2,F
18327,2,F
18328,1,F
18329,1,F
18330,1,F
18331,1,F
18332,1,F
18333,2,F
18334,1,F
18335,1,F
18336,1,F
18337,1,F
18338,1,F
18339,1,F
18340,1,F
18341,1,F
18342,1,F
18343,1,F
18344,1,F
18345,1,F
18346,1,F
18347,1,F
18348,1,F
18349,1,F
18350,1,F
18351,1,F
18352,1,F
18353,1,F
18354,1,F
18355,1,F
18356,2,F
18357,1,F
18358,1,F
18359,1,F
18360,1,F
18361,1,F
18362,1,F
18363,1,F
18364,2,F
18365,1,F
18366,1,F
18367,1,F
18368,1,F
18369,1,F
18370,1,F
18371,1,F
18372,1,F
18373,1,F
18374,1,F
18375,1,F
18376,1,F
18377,1,F
18378,1,F
18379,1,F
18380,1,F
18381,1,F
18382,1,F
18383,1,F
18384,1,F
18385,1,F
18386,1,F
18387,1,F
18388,1,F
18389,1,F
18390,2,F
18391,1,F
18392,2,F
18393,2,F
18394,1,F
18395,2,F
18396,1,F
18397,1,F
18398,1,F
18399,2,F
18400,2,F
18401,1,F
18402,1,F
18403,1,F
18404,1,F
18405,2,F
18406,2,F
18407,1,F
18408,1,F
18409,1,F
18410,1,F
18411,1,F
18412,1,F
18413,1,F
18414,1,F
18415,1,F
18416,1,F
18417,1,F
18418,1,F
18419,2,F
18420,1,F
18421,1,F
18422,2,F
18423,1,F
18424,2,F
18425,1,F
18426,1,F
18427,1,F
18428,1,F
18429,1,F
18430,1,F
18431,1,F
18432,1,F
18433,2,F
18434,1,F
18435,1,F
18436,2,F
18437,1,F
18438,1,F
18439,1,F
18440,1,F
18441,1,F
18442,2,F
18443,1,F
18444,1,F
18445,1,F
18446,1,F
18447,1,F
18448,2,F
18449,1,F
18450,1,F
18451,1,F
18452,2,F
18453,1,F
18454,1,F
18455,1,F
18456,2,F
18457,1,F
18458,1,F
18459,1,F
18460,1,F
18461,1,F
18462,1,F
18463,1,F
18464,1,F
18465,1,F
18466,1,F
18467,1,F
18468,1,F
18469,1,F
18470,1,F
18471,1,F
18472,2,F
18473,2,F
18474,1,F
18475,2,F
18476,1,F
18477,2,F
18478,1,F
18479,1,F
18480,1,F
18481,2,F
18482,1,F
18483,1,F
18484,1,F
18485,1,F
18486,1,F
18487,2,F
18488,1,F
18489,2,F
18490,1,F
18491,1,F
18492,2,F
18493,1,F
18494,2,F
18495,1,F
18496,1,F
18497,2,F
18498,2,F
18499,1,F
18500,1,F
18501,1,F
18502,1,F
18503,2,F
18504,1,F
18505,1,F
18506,2,F
18507,1,F
18508,1,F
18509,1,F
18510,2,F
18511,1,F
18512,1,F
18513,1,F
18514,1,F
18515,1,F
18516,1,F
18517,2,F
18518,1,F
18519,1,F
18520,1,F
18521,1,F
18522,2,F
18523,1,F
18524,1,F
18525,2,F
18526,1,F
18527,1,F
18528,1,F
18529,2,F
18530,1,F
18531,2,F
18532,2,F
18533,1,F
18534,2,F
18535,2,F
18536,2,F
18537,1,F
18538,1,F
18539,1,F
18540,1,F
18541,1,F
18542,2,F
18543,1,F
18544,2,F
18545,2,F
18546,2,F
18547,1,F
18548,2,F
18549,2,F
18550,2,F
18551,1,F
18552,1,F
18553,2,F
18554,1,F
18555,1,F
18556,1,F
18557,2,F
18558,1,F
18559,2,F
18560,1,F
18561,2,F
18562,2,F
18563,1,F
18564,2,F
18565,2,F
18566,2,F
18567,2,F
18568,1,F
18569,2,F
18570,1,F
18571,2,F
18572,2,F
18573,1,F
18574,2,F
18575,1,F
18576,1,F
18577,1,F
18578,1,F
18579,2,F
18580,1,F
18581,1,F
18582,2,F
18583,1,F
18584,2,F
18585,1,F
18586,2,F
18587,1,F
18588,2,F
18589,1,F
18590,1,F
18591,2,F
18592,1,F
18593,1,F
18594,1,F
18595,1,F
18596,1,F
18597,1,F
18598,1,F
18599,1,F
18600,2,F
18601,1,F
18602,1,F
18603,2,F
18604,1,F
18605,1,F
18606,1,F
18607,1,F
18608,1,F
18609,1,F
18610,1,F
18611,1,F
18612,1,F
18613,2,F
18614,1,F
18615,1,F
18616,2,F
18617,1,F
18618,1,F
18619,1,F
18620,2,F
18621,1,F
18622,2,F
18623,1,F
18624,2,F
18625,1,F
18626,1,F
18627,1,F
18628,2,F
18629,2,F
18630,1,F
18631,1,F
18632,1,F
18633,1,F
18634,1,F
18635,1,F
18636,1,F
18637,1,F
18638,2,F
18639,1,F
18640,1,F
18641,2,F
18642,2,F
18643,1,F
18644,2,F
18645,1,F
18646,1,F
18647,2,F
18648,2,F
18649,2,F
18650,2,F
18651,1,F
18652,1,F
18653,2,F
18654,1,F
18655,1,F
18656,1,F
18657,1,F
18658,1,F
18659,1,F
18660,1,F
18661,2,F
18662,2,F
18663,1,F
18664,2,F
18665,1,F
18666,1,F
18667,1,F
18668,2,F
18669,1,F
18670,2,F
18671,1,F
18672,1,F
18673,1,F
18674,1,F
18675,2,F
18676,1,F
18677,2,F
18678,2,F
18679,1,F
18680,2,F
18681,1,F
18682,1,F
18683,1,F
18684,2,F
18685,1,F
18686,2,F
18687,1,F
18688,1,F
18689,2,F
18690,1,F
18691,2,F
18692,1,F
18693,1,F
18694,1,F
18695,1,F
18696,2,F
18697,2,F
18698,2,F
18699,2,F
18700,2,F
18701,1,F
18702,2,F
18703,1,F
18704,1,F
18705,2,F
18706,2,F
18707,1,F
18708,1,F
18709,1,F
18710,1,F
18711,1,F
18712,1,F
18713,2,F
18714,2,F
18715,2,F
18716,1,F
18717,1,F
18718,2,F
18719,1,F
18720,1,F
18721,1,F
18722,2,F
18723,2,F
18724,2,F
18725,1,F
18726,1,F
18727,2,F
18728,2,F
18729,1,F
18730,2,F
18731,1,F
18732,1,F
18733,1,F
18734,1,F
18735,1,F
18736,1,F
18737,1,F
18738,1,F
18739,1,F
18740,2,F
18741,2,F
18742,1,F
18743,1,F
18744,1,F
18745,2,F
18746,2,F
18747,1,F
18748,1,F
18749,1,F
18750,2,F
18751,2,F
18752,2,F
18753,2,F
18754,2,F
18755,2,F
18756,2,F
18757,2,F
18758,2,F
18759,2,F
18760,2,F
18761,2,F
18762,2,F
18763,2,F
18764,2,F
18765,2,F
18766,2,F
18767,2,F
18768,2,F
18769,1,F
18770,1,F
18771,1,F
18772,1,F
18773,1,F
18774,1,F
18775,2,F
18776,1,F
18777,2,F
18778,1,F
18779,2,F
18780,1,F
18781,2,F
18782,2,F
18783,1,F
18784,2,F
18785,2,F
18786,2,F
18787,1,F
18788,1,F
18789,2,F
18790,2,F
18791,1,F
18792,1,F
18793,1,F
18794,1,F
18795,2,F
18796,1,F
18797,2,F
18798,1,F
18799,1,F
18800,1,F
18801,1,F
18802,1,F
18803,2,F
18804,2,F
18805,2,F
18806,1,F
18807,2,F
18808,1,F
18809,2,F
18810,1,F
18811,1,F
18812,2,F
18813,2,F
18814,1,F
18815,2,F
18816,1,F
18817,2,F
18818,2,F
18819,1,F
18820,1,F
18821,2,F
18822,2,F
18823,2,F
18824,2,F
18825,1,F
18826,2,F
18827,1,F
18828,2,F
18829,2,F
18830,2,F
18831,1,F
18832,1,F
18833,1,F
18834,1,F
18835,1,F
18836,1,F
18837,1,F
18838,2,F
18839,2,F
18840,1,F
18841,2,F
18842,1,F
18843,1,F
18844,2,F
18845,2,F
18846,1,F
18847,1,F
18848,2,F
18849,1,F
18850,2,F
18851,2,F
18852,1,F
18853,2,F
18854,1,F
18855,2,F
18856,1,F
18857,1,F
18858,2,F
18859,1,F
18860,2,F
18861,2,F
18862,1,F
18863,1,F
18864,2,F
18865,1,F
18866,1,F
18867,2,F
18868,2,F
18869,2,F
18870,1,F
18871,1,F
18872,1,F
18873,1,F
18874,1,F
18875,1,F
18876,2,F
18877,1,F
18878,2,F
18879,1,F
18880,2,F
18881,2,F
18882,1,F
18883,2,F
18884,1,F
18885,2,F
18886,2,F
18887,2,F
18888,2,F
18889,2,F
18890,2,F
18891,2,F
18892,2,F
18893,2,F
18894,2,F
18895,2,F
18896,1,F
18897,2,F
18898,2,F
18899,1,F
18900,2,F
18901,2,F
18902,1,F
18903,1,F
18904,1,F
18905,2,F
18906,2,F
18907,2,F
18908,2,F
18909,2,F
18910,2,F
18911,1,F
18912,1,F
18913,2,F
18914,1,F
18915,1,F
18916,1,F
18917,1,F
18918,1,F
18919,2,F
18920,1,F
18921,2,F
18922,1,F
18923,2,F
18924,1,F
18925,1,F
18926,1,F
18927,2,F
18928,2,F
18929,1,F
18930,2,F
18931,2,F
18932,2,F
18933,2,F
18934,2,F
18935,1,F
18936,1,F
18937,1,F
18938,2,F
18939,1,F
18940,2,F
18941,1,F
18942,2,F
18943,1,F
18944,2,F
18945,2,F
18946,2,F
18947,2,F
18948,2,F
18949,1,F
18950,2,F
18951,1,F
18952,1,F
18953,1,F
18954,1,F
18955,1,F
18956,1,F
18957,1,F
18958,2,F
18959,2,F
18960,2,F
18961,2,F
18962,1,F
18963,1,F
18964,1,F
18965,2,F
18966,2,F
18967,1,F
18968,2,F
18969,2,F
18970,2,F
18971,2,F
18972,2,F
18973,1,F
18974,1,F
18975,2,F
18976,1,F
18977,2,F
18978,2,F
18979,1,F
18980,2,F
18981,1,F
18982,2,F
18983,2,F
18984,1,F
18985,2,F
18986,2,F
18987,1,F
18988,2,F
18989,1,F
18990,1,F
18991,1,F
18992,1,F
18993,2,F
18994,1,F
18995,1,F
18996,1,F
18997,2,F
18998,2,F
18999,2,F
19000,1,F
19001,2,F
19002,2,F
19003,1,F
19004,2,F
19005,2,F
19006,1,F
19007,1,F
19008,2,F
19009,2,F
19010,2,F
19011,2,F
19012,1,F
19013,1,F
19014,2,F
19015,1,F
19016,2,F
19017,2,F
19018,1,F
19019,1,F
19020,2,F
19021,2,F
19022,1,F
19023,2,F
19024,1,F
19025,2,F
19026,2,F
19027,1,F
19028,1,F
19029,2,F
19030,1,F
19031,1,F
19032,1,F
19033,1,F
19034,1,F
19035,2,F
19036,1,F
19037,1,F
19038,1,F
19039,1,F
19040,1,F
19041,2,F
19042,1,F
19043,1,F
19044,1,F
19045,2,F
19046,1,F
19047,2,F
19048,2,F
19049,2,F
19050,1,F
19051,1,F
19052,2,F
19053,1,F
19054,1,F
19055,1,F
19056,1,F
19057,1,F
19058,1,F
19059,1,F
19060,1,F
19061,1,F
19062,2,F
19063,1,F
19064,1,F
19065,1,F
19066,1,F
19067,1,F
19068,1,F
19069,1,F
19070,1,F
19071,1,F
19072,2,F
19073,1,F
19074,1,F
19075,2,F
19076,2,F
19077,2,F
19078,1,F
19079,1,F
19080,1,F
19081,2,F
19082,2,F
19083,1,F
19084,1,F
19085,2,F
19086,1,F
19087,2,F
19088,1,F
19089,1,F
19090,2,F
19091,1,F
19092,1,F
19093,2,F
19094,1,F
19095,1,F
19096,1,F
19097,1,F
19098,1,F
19099,1,F
19100,1,F
19101,1,F
19102,1,F
19103,1,F
19104,1,F
19105,1,F
19106,2,F
19107,1,F
19108,2,F
19109,2,F
19110,2,F
19111,1,F
19112,1,F
19113,1,F
19114,2,F
19115,1,F
19116,1,F
19117,1,F
19118,1,F
19119,1,F
19120,1,F
19121,2,F
19122,1,F
19123,2,F
19124,2,F
19125,1,F
19126,1,F
19127,1,F
19128,2,F
19129,1,F
19130,1,F
19131,1,F
19132,2,F
19133,2,F
19134,1,F
19135,2,F
19136,1,F
19137,2,F
19138,2,F
19139,2,F
19140,2,F
19141,2,F
19142,2,F
19143,2,F
19144,2,F
19145,1,F
19146,1,F
19147,2,F
19148,2,F
19149,1,F
19150,1,F
19151,2,F
19152,1,F
19153,2,F
19154,1,F
19155,2,F
19156,2,F
19157,2,F
19158,1,F
19159,1,F
19160,2,F
19161,2,F
19162,2,F
19163,2,F
19164,2,F
19165,2,F
19166,2,F
19167,1,F
19168,2,F
19169,2,F
19170,1,F
19171,1,F
19172,1,F
19173,1,F
19174,1,F
19175,2,F
19176,1,F
19177,1,F
19178,2,F
19179,2,F
19180,2,F
19181,2,F
19182,1,F
19183,2,F
19184,2,F
19185,1,F
19186,1,F
19187,2,F
19188,2,F
19189,2,F
19190,2,F
19191,1,F
19192,1,F
19193,2,F
19194,2,F
19195,2,F
19196,1,F
19197,1,F
19198,2,F
19199,2,F
19200,2,F
19201,1,F
19202,1,F
19203,2,F
19204,1,F
19205,1,F
19206,1,F
19207,1,F
19208,2,F
19209,2,F
19210,2,F
19211,2,F
19212,2,F
19213,1,F
19214,2,F
19215,2,F
19216,1,F
19217,1,F
19218,2,F
19219,2,F
19220,2,F
19221,1,F
19222,2,F
19223,2,F
19224,2,F
19225,2,F
19226,2,F
19227,1,F
19228,1,F
19229,1,F
19230,2,F
19231,1,F
19232,1,F
19233,1,F
19234,1,F
19235,1,F
19236,2,F
19237,2,F
19238,2,F
19239,2,F
19240,1,F
19241,2,F
19242,1,F
19243,2,F
19244,1,F
19245,1,F
19246,1,F
19247,1,F
19248,1,F
19249,2,F
19250,2,F
19251,2,F
19252,2,F
19253,2,F
19254,1,F
19255,2,F
19256,2,F
19257,2,F
19258,2,F
19259,1,F
19260,2,F
19261,2,F
19262,1,F
19263,2,F
19264,1,F
19265,1,F
19266,2,F
19267,2,F
19268,2,F
19269,2,F
19270,1,F
19271,1,F
19272,1,F
19273,2,F
19274,1,F
19275,2,F
19276,2,F
19277,1,F
19278,1,F
19279,1,F
19280,1,F
19281,2,F
19282,2,F
19283,2,F
19284,1,F
19285,1,F
19286,2,F
19287,2,F
19288,2,F
19289,1,F
19290,2,F
19291,2,F
19292,1,F
19293,1,F
19294,2,F
19295,2,F
19296,2,F
19297,2,F
19298,2,F
19299,2,F
19300,2,F
19301,2,F
19302,2,F
19303,1,F
19304,1,F
19305,2,F
19306,2,F
19307,1,F
19308,2,F
19309,1,F
19310,2,F
19311,2,F
19312,2,F
19313,2,F
19314,2,F
19315,1,F
19316,1,F
19317,2,F
19318,1,F
19319,2,F
19320,1,F
19321,1,F
19322,2,F
19323,1,F
19324,2,F
19325,2,F
19326,2,F
19327,2,F
19328,1,F
19329,1,F
19330,1,F
19331,2,F
19332,1,F
19333,1,F
19334,1,F
19335,2,F
19336,2,F
19337,2,F
19338,1,F
19339,2,F
19340,1,F
19341,1,F
19342,1,F
19343,2,F
19344,2,F
19345,1,F
19346,2,F
19347,1,F
19348,2,F
19349,1,F
19350,1,F
19351,1,F
19352,1,F
19353,2,F
19354,1,F
19355,1,F
19356,2,F
19357,2,F
19358,1,F
19359,2,F
19360,2,F
19361,1,F
19362,2,F
19363,2,F
19364,1,F
19365,1,F
19366,1,F
19367,2,F
19368,1,F
19369,1,F
19370,2,F
19371,2,F
19372,1,F
19373,2,F
19374,2,F
19375,2,F
19376,2,F
19377,2,F
19378,1,F
19379,1,F
19380,2,F
19381,2,F
19382,1,F
19383,1,F
19384,1,F
19385,2,F
19386,2,F
19387,1,F
19388,2,F
19389,1,F
19390,1,F
19391,2,F
19392,1,F
19393,2,F
19394,2,F
19395,1,F
19396,1,F
19397,2,F
19398,2,F
19399,2,F
19400,2,F
19401,1,F
19402,2,F
19403,2,F
19404,1,F
19405,2,F
19406,2,F
19407,2,F
19408,2,F
19409,2,F
19410,2,F
19411,2,F
19412,2,F
19413,1,F
19414,2,F
19415,2,F
19416,2,F
19417,2,F
19418,2,F
19419,1,F
19420,1,F
19421,2,F
19422,2,F
19423,1,F
19424,1,F
19425,1,F
19426,2,F
19427,2,F
19428,2,F
19429,2,F
19430,2,F
19431,2,F
19432,2,F
19433,1,F
19434,2,F
19435,1,F
19436,1,F
19437,2,F
19438,2,F
19439,1,F
19440,2,F
19441,2,F
19442,1,F
19443,2,F
19444,2,F
19445,1,F
19446,1,F
19447,2,F
19448,1,F
19449,1,F
19450,1,F
19451,2,F
19452,1,F
19453,2,F
19454,2,F
19455,2,F
19456,1,F
19457,2,F
19458,2,F
19459,2,F
19460,1,F
19461,1,F
19462,2,F
19463,1,F
19464,2,F
19465,1,F
19466,1,F
19467,2,F
19468,2,F
19469,2,F
19470,2,F
19471,1,F
19472,2,F
19473,1,F
19474,1,F
19475,2,F
19476,2,F
19477,2,F
19478,1,F
19479,2,F
19480,1,F
19481,1,F
19482,1,F
19483,1,F
19484,2,F
19485,1,F
19486,2,F
19487,2,F
19488,2,F
19489,2,F
19490,2,F
19491,2,F
19492,1,F
19493,2,F
19494,1,F
19495,2,F
19496,2,F
19497,1,F
19498,2,F
19499,2,F
19500,2,F
19501,1,F
19502,2,F
19503,1,F
19504,2,F
19505,2,F
19506,2,F
19507,1,F
19508,2,F
19509,1,F
19510,2,F
19511,1,F
19512,2,F
19513,2,F
19514,2,F
19515,2,F
19516,2,F
19517,2,F
19518,2,F
19519,1,F
19520,1,F
19521,1,F
19522,1,F
19523,1,F
19524,1,F
19525,2,F
19526,2,F
19527,2,F
19528,1,F
19529,1,F
19530,2,F
19531,1,F
19532,2,F
19533,2,F
19534,1,F
19535,1,F
19536,2,F
19537,1,F
19538,1,F
19539,2,F
19540,1,F
19541,2,F
19542,2,F
19543,1,F
19544,1,F
19545,1,F
19546,2,F
19547,1,F
19548,2,F
19549,1,F
19550,2,F
19551,2,F
19552,1,F
19553,1,F
19554,1,F
19555,2,F
19556,2,F
19557,1,F
19558,2,F
19559,2,F
19560,2,F
19561,2,F
19562,1,F
19563,2,F
19564,2,F
19565,1,F
19566,1,F
19567,2,F
19568,2,F
19569,2,F
19570,1,F
19571,1,F
19572,1,F
19573,1,F
19574,1,F
19575,2,F
19576,2,F
19577,2,F
19578,1,F
19579,2,F
19580,2,F
19581,2,F
19582,2,F
19583,1,F
19584,2,F
19585,2,F
19586,2,F
19587,1,F
19588,1,F
19589,2,F
19590,2,F
19591,1,F
19592,2,F
19593,2,F
19594,2,F
19595,2,F
19596,2,F
19597,1,F
19598,2,F
19599,1,F
19600,2,F
19601,2,F
19602,2,F
19603,1,F
19604,2,F
19605,1,F
19606,2,F
19607,2,F
19608,2,F
19609,1,F
19610,2,F
19611,2,F
19612,2,F
19613,2,F
19614,2,F
19615,2,F
19616,1,M
19617,2,F
19618,2,F
19619,2,F
19620,2,F
19621,1,F
19622,1,F
19623,1,F
19624,2,F
19625,1,F
19626,2,F
19627,1,F
19628,1,F
19629,1,F
19630,1,F
19631,1,F
19632,2,F
19633,2,F
19634,2,F
19635,2,F
19636,2,F
19637,1,F
19638,1,F
19639,2,F
19640,1,F
19641,1,F
19642,2,F
19643,2,F
19644,2,F
19645,2,F
19646,2,F
19647,1,F
19648,2,F
19649,2,F
19650,2,F
19651,2,F
19652,2,F
19653,1,F
19654,2,F
19655,2,F
19656,1,F
19657,1,F
19658,1,F
19659,2,F
19660,1,F
19661,1,F
19662,1,F
19663,2,F
19664,2,F
19665,2,F
19666,2,F
19667,2,F
19668,2,F
19669,2,F
19670,2,F
19671,1,F
19672,2,F
19673,1,F
19674,1,F
19675,2,F
19676,2,F
19677,1,F
19678,2,F
19679,2,F
19680,2,F
19681,1,F
19682,1,F
19683,2,F
19684,1,F
19685,2,F
19686,1,F
19687,1,F
19688,2,F
19689,2,F
19690,2,F
19691,2,F
19692,1,F
19693,1,F
19694,1,F
19695,2,F
19696,2,F
19697,2,F
19698,1,F
19699,2,F
19700,1,F
19701,1,F
19702,2,F
19703,2,F
19704,1,F
19705,1,F
19706,1,F
19707,1,F
19708,1,F
19709,2,F
19710,1,F
19711,2,F
19712,2,F
19713,1,F
19714,2,F
19715,2,F
19716,2,F
19717,2,F
19718,2,F
19719,1,F
19720,2,F
19721,1,F
19722,1,F
19723,1,F
19724,2,F
19725,2,F
19726,1,F
19727,2,F
19728,1,F
19729,2,F
19730,2,F
19731,2,F
19732,1,F
19733,1,F
19734,2,F
19735,1,F
19736,2,F
19737,1,F
19738,1,F
19739,1,F
19740,1,F
19741,1,F
19742,2,F
19743,1,F
19744,2,F
19745,2,F
19746,1,F
19747,1,F
19748,2,F
19749,2,F
19750,2,F
19751,2,F
19752,1,F
19753,1,F
19754,2,F
19755,2,F
19756,1,F
19757,2,F
19758,1,F
19759,2,F
19760,2,F
19761,2,F
19762,1,F
19763,1,F
19764,2,F
19765,1,F
19766,1,F
19767,2,F
19768,1,F
19769,2,F
19770,1,F
19771,1,F
19772,2,F
19773,2,F
19774,1,F
19775,2,F
19776,1,F
19777,2,F
19778,1,F
19779,2,F
19780,1,F
19781,2,F
19782,2,F
19783,1,F
19784,2,F
19785,2,F
19786,2,F
19787,2,F
19788,2,F
19789,2,F
19790,1,F
19791,2,F
19792,1,F
19793,2,F
19794,1,F
19795,2,F
19796,2,F
19797,2,F
19798,2,F
19799,1,F
19800,1,F
19801,1,F
19802,1,F
19803,2,F
19804,2,F
19805,2,F
19806,2,F
19807,2,F
19808,1,F
19809,1,F
19810,1,F
19811,2,F
19812,2,F
19813,2,F
19814,1,F
19815,1,F
19816,2,F
19817,2,F
19818,1,F
19819,1,F
19820,2,F
19821,2,F
19822,1,F
19823,1,F
19824,1,F
19825,1,F
19826,2,F
19827,1,F
19828,1,F
19829,2,F
19830,1,F
19831,2,F
19832,1,F
19833,1,F
19834,2,F
19835,1,F
19836,2,F
19837,1,F
19838,2,F
19839,2,F
19840,1,F
19841,1,F
19842,1,F
19843,2,F
19844,1,F
19845,2,F
19846,2,F
19847,2,F
19848,1,F
19849,2,F
19850,2,F
19851,2,F
19852,2,F
19853,1,F
19854,2,F
19855,1,F
19856,1,F
19857,2,F
19858,2,F
19859,2,F
19860,1,F
19861,1,F
19862,1,F
19863,2,F
19864,2,F
19865,2,F
19866,1,F
19867,2,F
19868,2,F
19869,2,F
19870,2,F
19871,2,F
19872,2,F
19873,1,F
19874,2,F
19875,2,F
19876,1,F
19877,1,F
19878,1,F
19879,2,F
19880,2,F
19881,2,F
19882,2,F
19883,2,F
19884,2,F
19885,2,F
19886,2,F
19887,2,F
19888,1,F
19889,1,F
19890,2,F
19891,2,F
19892,2,F
19893,2,F
19894,1,F
19895,2,F
19896,2,F
19897,2,F
19898,1,F
19899,1,F
19900,2,F
19901,2,F
19902,1,F
19903,2,F
19904,2,F
19905,2,F
19906,2,F
19907,1,F
19908,1,F
19909,1,F
19910,2,F
19911,2,F
19912,2,F
19913,1,F
19914,1,F
19915,2,F
19916,2,F
19917,1,F
19918,2,F
19919,2,F
19920,2,F
19921,1,F
19922,1,F
19923,1,F
19924,1,F
19925,2,F
19926,1,F
19927,1,F
19928,2,F
19929,2,F
19930,2,F
19931,1,F
19932,1,F
19933,1,F
19934,1,F
19935,1,F
19936,1,F
19937,2,F
19938,2,F
19939,2,F
19940,2,F
19941,2,F
19942,2,F
19943,2,F
19944,1,F
19945,2,F
19946,2,F
19947,1,F
19948,1,F
19949,2,F
19950,2,F
19951,2,F
19952,1,F
19953,2,F
19954,2,F
19955,2,F
19956,1,F
19957,2,F
19958,1,F
19959,2,F
19960,1,F
19961,1,F
19962,1,F
19963,2,F
19964,2,F
19965,2,F
19966,2,F
19967,2,F
19968,2,F
19969,2,F
19970,2,F
19971,2,F
19972,1,F
19973,2,F
19974,2,F
19975,2,F
19976,2,F
19977,2,F
19978,2,F
19979,2,F
19980,1,F
19981,2,F
19982,2,F
19983,2,F
19984,1,F
19985,1,F
19986,2,F
19987,2,F
19988,2,F
19989,1,F
19990,1,F
19991,1,F
19992,1,F
19993,2,F
19994,2,F
19995,2,F
19996,1,F
19997,1,F
19998,2,F
19999,1,F
20000,2,F
20001,2,F
20002,1,F
20003,2,F
20004,2,F
20005,2,F
20006,2,F
20007,1,F
20008,2,F
20009,2,F
20010,2,F
20011,2,F
20012,2,F
20013,2,F
20014,2,F
20015,2,F
20016,2,F
20017,2,F
20018,1,F
20019,2,F
20020,2,F
20021,2,F
20022,1,F
20023,2,F
20024,2,F
20025,1,F
20026,1,F
20027,1,F
20028,2,F
20029,2,F
20030,2,F
20031,2,F
20032,2,F
20033,2,F
20034,1,F
20035,2,F
20036,2,F
20037,2,F
20038,2,F
20039,2,F
20040,2,F
20041,1,F
20042,2,F
20043,2,F
20044,2,F
20045,1,F
20046,2,F
20047,1,F
20048,2,F
20049,2,F
20050,2,F
20051,1,F
20052,2,F
20053,1,F
20054,2,F
20055,1,F
20056,2,F
20057,2,F
20058,1,F
20059,1,F
20060,1,F
20061,2,F
20062,2,F
20063,2,F
20064,1,F
20065,2,F
20066,1,F
20067,1,F
20068,2,F
20069,1,F
20070,2,F
20071,2,F
20072,2,F
20073,2,F
20074,1,F
20075,2,F
20076,2,F
20077,2,F
20078,2,F
20079,2,F
20080,2,F
20081,2,F
20082,1,F
20083,1,F
20084,2,F
20085,2,F
20086,1,F
20087,1,F
20088,1,F
20089,2,F
20090,1,F
20091,1,F
20092,1,F
20093,1,F
20094,2,F
20095,1,F
20096,2,F
20097,2,F
20098,2,F
20099,2,F
20100,1,F
20101,1,F
20102,2,F
20103,1,F
20104,1,F
20105,2,F
20106,2,F
20107,2,F
20108,1,F
20109,1,F
20110,2,F
20111,2,F
20112,2,F
20113,2,F
20114,1,F
20115,2,F
20116,2,F
20117,2,F
20118,1,F
20119,2,F
20120,2,F
20121,1,F
20122,2,F
20123,2,F
20124,2,F
20125,1,F
20126,1,F
20127,1,F
20128,2,F
20129,1,F
20130,2,F
20131,1,F
20132,2,F
20133,2,F
20134,1,F
20135,1,F
20136,1,F
20137,2,F
20138,2,F
20139,2,F
20140,2,F
20141,1,F
20142,2,F
20143,2,F
20144,2,F
20145,1,F
20146,2,F
20147,1,F
20148,1,F
20149,1,F
20150,1,F
20151,1,F
20152,1,F
20153,2,F
20154,2,F
20155,1,F
20156,2,F
20157,2,F
20158,2,F
20159,2,F
20160,1,F
20161,2,F
20162,1,F
20163,2,F
20164,1,F
20165,1,F
20166,1,F
20167,2,F
20168,2,F
20169,2,F
20170,2,F
20171,2,F
20172,1,F
20173,2,F
20174,1,F
20175,2,F
20176,2,F
20177,2,F
20178,1,F
20179,2,F
20180,2,F
20181,2,F
20182,2,F
20183,2,F
20184,2,F
20185,2,F
20186,2,F
20187,1,F
20188,2,F
20189,1,F
20190,2,F
20191,2,F
20192,1,F
20193,2,F
20194,2,F
20195,2,F
20196,2,F
20197,2,F
20198,2,F
20199,2,F
20200,2,F
20201,2,F
20202,2,F
20203,2,F
20204,1,F
20205,1,F
20206,1,F
20207,1,F
20208,2,F
20209,1,F
20210,1,F
20211,1,F
20212,1,F
20213,1,F
20214,1,F
20215,1,F
20216,2,F
20217,2,F
20218,1,F
20219,2,F
20220,2,F
20221,1,F
20222,1,F
20223,1,F
20224,1,F
20225,1,F
20226,1,F
20227,2,F
20228,2,F
20229,1,F
20230,1,F
20231,1,F
20232,1,F
20233,2,F
20234,1,F
20235,2,F
20236,2,F
20237,1,F
20238,1,F
20239,1,F
20240,2,F
20241,1,F
20242,2,F
20243,1,F
20244,2,F
20245,2,F
20246,1,F
20247,2,F
20248,1,F
20249,2,F
20250,1,F
20251,1,F
20252,1,F
20253,1,F
20254,2,F
20255,2,F
20256,1,F
20257,1,F
20258,2,F
20259,2,F
20260,1,F
20261,1,F
20262,2,F
20263,1,F
20264,1,F
20265,1,F
20266,1,F
20267,1,F
20268,1,F
20269,1,F
20270,2,F
20271,1,F
20272,1,F
20273,2,F
20274,2,F
20275,2,F
20276,1,F
20277,1,F
20278,1,F
20279,1,F
20280,2,F
20281,1,F
20282,1,F
20283,1,F
20284,1,F
20285,1,F
20286,2,F
20287,1,F
20288,2,F
20289,1,F
20290,2,F
20291,1,F
20292,2,F
20293,1,F
20294,2,F
20295,1,F
20296,2,F
20297,2,F
20298,2,F
20299,2,F
20300,2,F
20301,1,F
20302,1,F
20303,2,F
20304,1,F
20305,2,F
20306,1,F
20307,1,F
20308,1,F
20309,1,F
20310,1,F
20311,2,F
20312,1,F
20313,1,F
20314,2,F
20315,1,F
20316,1,F
20317,1,F
20318,2,F
20319,1,F
20320,2,F
20321,2,F
20322,2,F
20323,1,F
20324,2,F
20325,2,F
20326,1,F
20327,2,F
20328,2,F
20329,1,F
20330,1,F
20331,2,F
20332,1,F
20333,1,F
20334,2,F
20335,2,F
20336,1,F
20337,1,F
20338,1,F
20339,1,F
20340,1,F
20341,2,F
20342,2,F
20343,2,F
20344,1,F
20345,1,F
20346,1,F
20347,1,F
20348,1,F
20349,2,M
20350,1,M
20351,2,M
20352,1,M
20353,1,M
20354,1,M
20355,1,M
20356,2,M
20357,1,M
20358,1,M
20359,1,M
20360,1,M
20361,2,M
20362,2,M
20363,1,M
20364,1,M
20365,1,M
20366,1,M
20367,1,M
20368,1,M
20369,1,M
20370,2,M
20371,1,M
20372,1,M
20373,1,M
20374,1,M
20375,1,M
20376,1,M
20377,2,M
20378,1,M
20379,1,M
20380,1,M
20381,1,M
20382,1,M
20383,1,M
20384,1,M
20385,1,M
20386,1,M
20387,1,M
20388,1,M
20389,1,M
20390,1,M
20391,1,M
20392,1,M
20393,2,M
20394,2,M
20395,1,M
20396,1,M
20397,1,M
20398,2,M
20399,1,M
20400,1,M
20401,1,M
20402,1,M
20403,1,M
20404,2,M
20405,2,M
20406,1,M
20407,1,M
20408,1,M
20409,1,M
20410,1,M
20411,1,M
20412,1,M
20413,2,M
20414,1,M
20415,1,M
20416,1,M
20417,1,M
20418,1,M
20419,1,M
20420,1,M
20421,1,M
20422,1,M
20423,1,M
20424,2,M
20425,2,M
20426,1,M
20427,1,M
20428,1,M
20429,1,M
20430,1,M
20431,1,M
20432,1,M
20433,2,M
20434,1,M
20435,2,M
20436,1,M
20437,2,M
20438,1,M
20439,1,M
20440,1,M
20441,1,M
20442,2,M
20443,1,M
20444,1,M
20445,2,M
20446,2,M
20447,1,M
20448,1,M
20449,2,M
20450,1,M
20451,1,M
20452,1,M
20453,2,M
20454,1,M
20455,2,M
20456,1,M
20457,2,M
20458,1,M
20459,1,M
20460,1,M
20461,1,M
20462,1,M
20463,1,M
20464,1,M
20465,2,M
20466,2,M
20467,1,M
20468,1,M
20469,1,M
20470,1,M
20471,1,M
20472,1,M
20473,1,M
20474,1,M
20475,2,M
20476,2,M
20477,2,M
20478,1,M
20479,1,M
20480,1,M
20481,1,M
20482,1,M
20483,2,M
20484,1,M
20485,2,M
20486,1,M
20487,1,M
20488,1,M
20489,2,M
20490,1,M
20491,2,M
20492,2,M
20493,1,M
20494,1,M
20495,1,M
20496,2,M
20497,2,M
20498,1,M
20499,2,M
20500,2,M
20501,2,M
20502,2,M
20503,2,M
20504,2,M
20505,1,M
20506,1,M
20507,2,M
20508,2,M
20509,1,M
20510,2,M
20511,1,M
20512,1,M
20513,2,M
20514,1,M
20515,1,M
20516,1,M
20517,2,M
20518,1,M
20519,1,M
20520,1,M
20521,2,M
20522,1,M
20523,1,M
20524,1,M
20525,2,M
20526,1,M
20527,2,M
20528,1,M
20529,1,M
20530,1,M
20531,2,M
20532,1,M
20533,2,M
20534,2,M
20535,1,M
20536,2,M
20537,2,M
20538,2,M
20539,1,M
20540,2,M
20541,2,M
20542,1,M
20543,1,M
20544,2,M
20545,2,M
20546,1,M
20547,2,M
20548,1,M
20549,1,M
20550,1,M
20551,1,M
20552,1,M
20553,2,M
20554,1,M
20555,2,M
20556,1,M
20557,2,M
20558,2,M
20559,1,M
20560,1,M
20561,2,M
20562,2,M
20563,1,M
20564,1,M
20565,1,M
20566,2,M
20567,1,M
20568,2,M
20569,1,M
20570,1,M
20571,1,M
20572,1,M
20573,1,M
20574,2,M
20575,2,M
20576,2,M
20577,1,M
20578,2,M
20579,1,M
20580,1,M
20581,2,M
20582,1,M
20583,1,M
20584,1,M
20585,1,M
20586,2,M
20587,2,M
20588,1,M
20589,1,M
20590,1,M
20591,2,M
20592,2,M
20593,1,M
20594,1,M
20595,1,M
20596,1,M
20597,2,M
20598,1,M
20599,2,M
20600,1,M
20601,2,M
20602,2,M
20603,2,M
20604,2,M
20605,1,M
20606,2,M
20607,1,M
20608,2,M
20609,2,M
20610,1,M
20611,2,M
20612,2,M
20613,1,M
20614,1,M
20615,1,M
20616,2,M
20617,1,M
20618,1,M
20619,2,M
20620,1,M
20621,2,M
20622,2,M
20623,1,M
20624,1,M
20625,1,M
20626,1,M
20627,2,M
20628,2,M
20629,2,M
20630,2,M
20631,1,M
20632,2,M
20633,2,M
20634,1,M
20635,1,M
20636,1,M
20637,1,M
20638,1,M
20639,1,M
20640,2,M
20641,1,M
20642,2,M
20643,2,M
20644,1,M
20645,1,M
20646,1,M
20647,1,M
20648,2,M
20649,1,M
20650,1,M
20651,1,M
20652,1,M
20653,1,M
20654,2,M
20655,1,M
20656,2,M
20657,2,M
20658,1,M
20659,1,M
20660,2,M
20661,1,M
20662,1,M
20663,1,M
20664,1,M
20665,2,M
20666,2,M
20667,1,M
20668,2,M
20669,1,M
20670,2,M
20671,1,M
20672,2,M
20673,1,M
20674,1,M
20675,2,M
20676,1,M
20677,2,M
20678,1,M
20679,1,M
20680,1,M
20681,1,M
20682,1,M
20683,1,M
20684,2,M
20685,1,M
20686,2,M
20687,2,M
20688,2,M
20689,2,M
20690,1,M
20691,2,M
20692,1,M
20693,1,M
20694,1,M
20695,2,M
20696,1,M
20697,1,M
20698,1,M
20699,1,M
20700,1,M
20701,1,M
20702,1,M
20703,2,M
20704,1,M
20705,2,M
20706,1,M
20707,2,M
20708,1,M
20709,2,M
20710,1,M
20711,2,M
20712,2,M
20713,1,M
20714,2,M
20715,2,M
20716,2,M
20717,2,M
20718,1,M
20719,1,M
20720,1,M
20721,2,M
20722,1,M
20723,2,M
20724,2,M
20725,2,M
20726,2,M
20727,1,M
20728,1,M
20729,1,M
20730,2,M
20731,2,M
20732,1,M
20733,1,M
20734,1,M
20735,1,M
20736,1,M
20737,1,M
20738,1,M
20739,1,M
20740,2,M
20741,2,M
20742,1,M
20743,2,M
20744,2,M
20745,2,M
20746,1,M
20747,1,M
20748,2,M
20749,2,M
20750,1,M
20751,2,M
20752,1,M
20753,2,M
20754,1,M
20755,1,M
20756,1,M
20757,1,M
20758,1,M
20759,1,M
20760,1,M
20761,2,M
20762,1,M
20763,2,M
20764,2,M
20765,1,M
20766,1,M
20767,1,M
20768,2,M
20769,1,M
20770,2,M
20771,1,M
20772,1,M
20773,2,M
20774,2,M
20775,1,M
20776,2,M
20777,1,M
20778,2,M
20779,2,M
20780,1,M
20781,1,M
20782,2,M
20783,2,M
20784,2,M
20785,2,M
20786,1,M
20787,2,M
20788,2,M
20789,1,M
20790,2,M
20791,2,M
20792,2,M
20793,2,M
20794,1,M
20795,2,M
20796,1,M
20797,2,M
20798,1,M
20799,1,M
20800,1,M
20801,2,M
20802,2,M
20803,1,M
20804,1,M
20805,2,M
20806,1,M
20807,2,M
20808,1,M
20809,2,M
20810,1,M
20811,2,M
20812,2,M
20813,1,M
20814,1,M
20815,2,M
20816,1,M
20817,1,M
20818,1,M
20819,1,M
20820,2,M
20821,2,M
20822,2,M
20823,2,M
20824,1,M
20825,2,M
20826,1,M
20827,2,M
20828,2,M
20829,1,M
20830,1,M
20831,1,M
20832,1,M
20833,2,M
20834,1,M
20835,2,M
20836,2,M
20837,2,M
20838,2,M
20839,2,M
20840,1,M
20841,2,M
20842,1,M
20843,2,M
20844,2,M
20845,1,M
20846,2,M
20847,2,M
20848,2,M
20849,1,M
20850,1,M
20851,2,M
20852,2,M
20853,1,M
20854,1,M
20855,1,M
20856,1,M
20857,2,M
20858,2,M
20859,2,M
20860,1,M
20861,2,M
20862,1,M
20863,2,M
20864,1,M
20865,2,M
20866,1,M
20867,1,M
20868,2,M
20869,1,M
20870,2,M
20871,2,M
20872,1,M
20873,2,M
20874,2,M
20875,2,M
20876,2,M
20877,2,M
20878,2,M
20879,2,M
20880,2,M
20881,1,M
20882,1,M
20883,2,M
20884,1,M
20885,1,M
20886,2,M
20887,2,M
20888,2,M
20889,2,M
20890,2,M
20891,2,M
20892,2,M
20893,2,M
20894,2,M
20895,1,M
20896,2,M
20897,1,M
20898,1,M
20899,2,M
20900,1,M
20901,2,M
20902,1,M
20903,2,M
20904,1,M
20905,2,M
20906,2,M
20907,2,M
20908,1,M
20909,2,M
20910,1,M
20911,2,M
20912,2,M
20913,2,M
20914,1,M
20915,1,M
20916,2,M
20917,1,M
20918,1,M
20919,2,M
20920,1,M
20921,2,M
20922,1,M
20923,2,M
20924,1,M
20925,1,M
20926,2,M
20927,2,M
20928,1,M
20929,2,M
20930,2,M
20931,1,M
20932,2,M
20933,1,M
20934,1,M
20935,2,M
20936,1,M
20937,1,M
20938,2,M
20939,2,M
20940,1,M
20941,2,M
20942,2,M
20943,2,M
20944,2,M
20945,2,M
20946,1,M
20947,1,M
20948,2,M
20949,1,M
20950,1,M
20951,2,M
20952,2,M
20953,1,M
20954,2,M
20955,1,M
20956,2,M
20957,2,M
20958,1,M
20959,1,M
20960,2,M
20961,2,M
20962,1,M
20963,2,M
20964,1,M
20965,2,M
20966,2,M
20967,2,M
20968,2,M
20969,2,M
20970,2,M
20971,2,M
20972,1,M
20973,1,M
20974,1,M
20975,1,M
20976,2,M
20977,2,M
20978,1,M
20979,1,M
20980,1,M
20981,1,M
20982,2,M
20983,1,M
20984,1,M
20985,2,M
20986,2,M
20987,1,M
20988,2,M
20989,2,M
20990,2,M
20991,2,M
20992,2,M
20993,2,M
20994,2,M
20995,1,M
20996,1,M
20997,2,M
20998,1,M
20999,2,M
21000,1,M
21001,1,M
21002,2,M
21003,2,M
21004,2,M
21005,1,M
21006,2,M
21007,1,M
21008,2,M
21009,1,M
21010,1,M
21011,1,M
21012,1,M
21013,2,M
21014,1,M
21015,1,M
21016,1,M
21017,2,M
21018,1,M
21019,1,M
21020,2,M
21021,2,M
21022,2,M
21023,2,M
21024,1,M
21025,1,M
21026,2,M
21027,1,M
21028,1,M
21029,1,M
21030,1,M
21031,2,M
21032,1,M
21033,2,M
21034,1,M
21035,2,M
21036,1,M
21037,1,M
21038,1,M
21039,2,M
21040,1,M
21041,2,M
21042,1,M
21043,2,M
21044,1,M
21045,1,M
21046,1,M
21047,2,M
21048,2,M
21049,1,M
21050,2,M
21051,1,M
21052,2,M
21053,1,M
21054,2,M
21055,1,M
21056,1,M
21057,1,M
21058,2,M
21059,1,M
21060,2,M
21061,1,M
21062,2,M
21063,2,M
21064,2,M
21065,2,M
21066,2,M
21067,1,M
21068,2,M
21069,2,M
21070,2,M
21071,2,M
21072,2,M
21073,1,M
21074,2,M
21075,2,M
21076,2,M
21077,2,M
21078,2,M
21079,1,M
21080,2,M
21081,2,M
21082,2,M
21083,1,M
21084,2,M
21085,2,M
21086,2,M
21087,1,M
21088,2,M
21089,1,M
21090,1,M
21091,2,M
21092,2,M
21093,2,M
21094,2,M
21095,2,M
21096,2,M
21097,1,M
21098,2,M
21099,2,M
21100,1,M
21101,2,M
21102,1,M
21103,2,M
21104,1,M
21105,2,M
21106,1,M
21107,1,M
21108,1,M
21109,1,M
21110,1,M
21111,2,M
21112,1,M
21113,2,M
21114,2,M
21115,2,M
21116,2,M
21117,2,M
21118,2,M
21119,2,M
21120,2,M
21121,1,M
21122,2,M
21123,2,M
21124,2,M
21125,2,M
21126,1,M
21127,2,M
21128,2,M
21129,2,M
21130,2,M
21131,1,M
21132,2,M
21133,2,M
21134,2,M
21135,2,M
21136,2,M
21137,2,M
21138,2,M
21139,1,M
21140,2,M
21141,2,M
21142,2,M
21143,1,M
21144,1,M
21145,1,M
21146,2,M
21147,1,M
21148,1,M
21149,2,M
21150,2,M
21151,1,M
21152,1,M
21153,1,M
21154,2,M
21155,2,M
21156,2,M
21157,2,M
21158,2,M
21159,2,M
21160,1,M
21161,2,M
21162,1,M
21163,1,M
21164,2,M
21165,2,M
21166,2,M
21167,2,M
21168,2,M
21169,1,M
21170,1,M
21171,2,M
21172,1,M
21173,2,M
21174,2,M
21175,2,M
21176,1,M
21177,2,M
21178,2,M
21179,1,M
21180,2,M
21181,2,M
21182,1,M
21183,2,M
21184,1,M
21185,1,M
21186,1,M
21187,2,M
21188,2,M
21189,1,M
21190,2,M
21191,2,M
21192,2,M
21193,1,M
21194,1,M
21195,2,M
21196,1,M
21197,2,M
21198,1,M
21199,1,M
21200,2,M
21201,2,M
21202,1,M
21203,1,M
21204,2,M
21205,2,M
21206,2,M
21207,1,M
21208,2,M
21209,2,M
21210,2,M
21211,1,M
21212,2,M
21213,1,M
21214,2,M
21215,1,M
21216,1,M
21217,2,M
21218,1,M
21219,2,M
21220,1,M
21221,2,M
21222,1,M
21223,1,M
21224,1,M
21225,1,M
21226,1,M
21227,2,M
21228,2,M
21229,1,M
21230,2,M
21231,1,M
21232,1,M
21233,2,M
21234,1,M
21235,2,M
21236,1,M
21237,2,M
21238,1,M
21239,2,M
21240,2,M
21241,2,M
21242,1,M
21243,2,M
21244,2,M
21245,2,M
21246,1,M
21247,1,M
21248,2,M
21249,1,M
21250,2,M
21251,2,M
21252,2,M
21253,2,M
21254,2,M
21255,1,M
21256,1,M
21257,2,M
21258,2,M
21259,2,M
21260,2,M
21261,1,M
21262,1,M
21263,1,M
21264,1,M
21265,1,M
21266,1,M
21267,1,M
21268,2,M
21269,1,M
21270,1,M
21271,1,M
21272,2,M
21273,1,M
21274,1,M
21275,1,M
21276,1,M
21277,1,M
21278,1,M
21279,1,M
21280,2,M
21281,1,M
21282,1,M
21283,2,M
21284,1,M
21285,1,M
21286,1,M
21287,1,M
21288,2,M
21289,1,M
21290,1,M
21291,2,M
21292,2,M
21293,1,M
21294,2,M
21295,2,M
21296,1,M
21297,2,M
21298,1,M
21299,1,M
21300,2,M
21301,1,M
21302,1,M
21303,1,M
21304,2,M
21305,2,M
21306,1,M
21307,1,M
21308,1,M
21309,1,M
21310,1,M
21311,1,M
21312,2,M
21313,2,M
21314,1,M
21315,1,M
21316,2,M
21317,1,M
21318,2,M
21319,2,M
21320,1,M
21321,2,M
21322,2,M
21323,2,M
21324,2,M
21325,1,M
21326,2,M
21327,1,M
21328,2,M
21329,1,M
21330,2,M
21331,1,M
21332,1,M
21333,1,M
21334,2,M
21335,2,M
21336,1,M
21337,2,M
21338,2,M
21339,1,M
21340,2,M
21341,1,M
21342,2,M
21343,1,M
21344,1,M
21345,1,M
21346,2,M
21347,2,M
21348,2,M
21349,1,M
21350,2,M
21351,2,M
21352,2,M
21353,2,M
21354,1,M
21355,1,M
21356,1,M
21357,1,M
21358,1,M
21359,2,M
21360,1,M
21361,2,M
21362,2,M
21363,1,M
21364,2,M
21365,1,M
21366,1,M
21367,2,M
21368,2,M
21369,1,M
21370,1,M
21371,2,M
21372,1,M
21373,1,M
21374,2,M
21375,1,M
21376,2,M
21377,1,M
21378,2,M
21379,2,M
21380,1,M
21381,1,M
21382,2,M
21383,2,M
21384,2,M
21385,2,M
21386,1,M
21387,1,M
21388,1,M
21389,2,M
21390,2,M
21391,2,M
21392,2,M
21393,1,M
21394,2,M
21395,1,M
21396,2,M
21397,2,M
21398,2,M
21399,2,M
21400,1,M
21401,2,F
21402,1,F
21403,1,F
21404,1,F
21405,1,F
21406,1,F
21407,1,F
21408,1,F
21409,1,F
21410,1,F
21411,1,F
21412,1,F
21413,2,F
21414,2,F
21415,2,F
21416,1,F
21417,2,F
21418,1,F
21419,1,F
21420,1,F
21421,1,F
21422,2,F
21423,2,F
21424,1,F
21425,1,F
21426,2,F
21427,1,F
21428,1,F
21429,2,F
21430,2,F
21431,2,F
21432,1,F
21433,1,F
21434,1,F
21435,1,F
21436,1,F
21437,1,F
21438,2,F
21439,2,F
21440,2,F
21441,2,F
21442,1,F
21443,2,F
21444,2,F
21445,1,F
21446,2,F
21447,1,F
21448,2,F
21449,2,F
21450,1,F
21451,2,F
21452,1,F
21453,1,F
21454,2,F
21455,1,F
21456,2,F
21457,2,F
21458,2,F
21459,1,F
21460,2,F
21461,2,F
21462,1,F
21463,1,F
21464,2,F
21465,2,F
21466,2,F
21467,1,F
21468,2,F
21469,2,F
21470,1,F
21471,1,F
21472,2,F
21473,2,F
21474,1,F
21475,1,F
21476,2,F
21477,1,F
21478,1,F
21479,1,F
21480,2,F
21481,1,F
21482,2,F
21483,2,F
21484,2,F
21485,1,F
21486,1,F
21487,1,F
21488,1,F
21489,1,F
21490,2,F
21491,2,F
21492,2,F
21493,2,F
21494,2,F
21495,1,F
21496,2,F
21497,2,F
21498,1,F
21499,1,F
21500,2,F
21501,2,F
21502,1,F
21503,1,F
21504,1,F
21505,1,F
21506,2,F
21507,2,F
21508,1,F
21509,1,F
21510,1,F
21511,1,F
21512,1,F
21513,1,F
21514,1,F
21515,2,F
21516,1,F
21517,1,F
21518,1,F
21519,1,F
21520,1,F
21521,2,F
21522,1,F
21523,1,F
21524,1,F
21525,1,F
21526,2,F
21527,2,F
21528,1,F
21529,1,F
21530,1,F
21531,1,F
21532,1,F
21533,1,F
21534,1,F
21535,1,F
21536,1,F
21537,1,F
21538,1,F
21539,1,F
21540,1,F
21541,1,F
21542,1,F
21543,1,F
21544,1,F
21545,1,F
21546,1,F
21547,1,F
21548,1,F
21549,1,F
21550,1,F
21551,1,F
21552,1,F
21553,1,F
21554,1,F
21555,1,F
21556,1,F
21557,1,F
21558,1,F
21559,1,F
21560,1,F
21561,1,F
21562,1,F
21563,1,F
21564,1,F
21565,1,F
21566,1,F
21567,1,F
21568,1,F
21569,1,F
21570,1,F
21571,2,F
21572,2,F
21573,1,F
21574,1,F
21575,1,F
21576,1,F
21577,1,F
21578,2,F
21579,1,F
21580,1,F
21581,1,F
21582,2,F
21583,1,F
21584,2,F
21585,1,F
21586,1,F
21587,1,F
21588,1,F
21589,2,F
21590,2,F
21591,1,F
21592,1,F
21593,1,F
21594,2,F
21595,1,F
21596,1,F
21597,1,F
21598,1,F
21599,1,F
21600,1,F
21601,1,F
21602,1,F
21603,1,F
21604,1,F
21605,1,F
21606,1,F
21607,1,F
21608,1,F
21609,1,F
21610,1,F
21611,1,F
21612,1,F
21613,1,F
21614,1,F
21615,1,F
21616,1,F
21617,1,F
21618,1,F
21619,1,F
21620,1,F
21621,1,F
21622,1,F
21623,1,F
21624,1,F
21625,1,F
21626,1,F
21627,1,F
21628,1,F
21629,1,F
21630,1,F
21631,2,F
21632,2,F
21633,1,F
21634,1,F
21635,1,F
21636,1,F
21637,1,F
21638,1,F
21639,1,F
21640,1,F
21641,1,F
21642,1,F
21643,1,F
21644,2,F
21645,2,F
21646,2,F
21647,1,F
21648,1,F
21649,2,F
21650,1,F
21651,1,F
21652,1,F
21653,1,F
21654,1,F
21655,2,F
21656,2,F
21657,2,F
21658,2,F
21659,1,F
21660,1,F
21661,1,F
21662,1,F
21663,1,F
21664,1,F
21665,1,F
21666,1,F
21667,1,F
21668,1,F
21669,1,F
21670,2,F
21671,1,F
21672,1,F
21673,1,F
21674,1,F
21675,2,F
21676,1,F
21677,1,F
21678,1,F
21679,1,F
21680,2,F
21681,1,F
21682,1,F
21683,1,F
21684,1,F
21685,1,F
21686,1,F
21687,1,F
21688,1,F
21689,1,F
21690,1,F
21691,1,F
21692,2,F
21693,1,F
21694,1,F
21695,1,F
21696,2,F
21697,2,F
21698,1,F
21699,1,F
21700,1,F
21701,2,F
21702,1,F
21703,1,F
21704,1,F
21705,2,F
21706,1,F
21707,1,F
21708,1,F
21709,2,F
21710,2,F
21711,1,F
21712,1,F
21713,1,F
21714,2,F
21715,1,F
21716,1,F
21717,1,F
21718,2,F
21719,1,F
21720,1,F
21721,1,F
21722,1,F
21723,1,F
21724,1,F
21725,1,F
21726,1,F
21727,1,F
21728,2,F
21729,1,F
21730,1,F
21731,2,F
21732,2,F
21733,2,F
21734,2,F
21735,1,F
21736,1,F
21737,1,F
21738,1,F
21739,1,F
21740,1,F
21741,1,F
21742,1,F
21743,1,F
21744,1,F
21745,1,F
21746,1,F
21747,1,F
21748,1,F
21749,1,F
21750,1,F
21751,1,F
21752,1,F
21753,1,F
21754,1,F
21755,1,F
21756,1,F
21757,2,F
21758,2,F
21759,1,F
21760,1,F
21761,2,F
21762,1,F
21763,1,F
21764,1,F
21765,2,F
21766,1,F
21767,2,F
21768,1,F
21769,1,F
21770,1,F
21771,2,F
21772,2,F
21773,2,F
21774,1,F
21775,1,F
21776,1,F
21777,2,F
21778,2,F
21779,2,F
21780,2,F
21781,1,F
21782,1,F
21783,1,F
21784,2,F
21785,2,F
21786,1,F
21787,2,F
21788,2,F
21789,2,F
21790,2,F
21791,2,F
21792,1,F
21793,1,F
21794,1,F
21795,1,F
21796,1,F
21797,1,F
21798,2,F
21799,1,F
21800,1,F
21801,1,F
21802,1,F
21803,1,F
21804,2,F
21805,1,F
21806,2,F
21807,1,F
21808,2,F
21809,1,F
21810,2,F
21811,2,F
21812,1,F
21813,1,F
21814,1,F
21815,2,F
21816,1,F
21817,1,F
21818,1,F
21819,2,F
21820,2,F
21821,1,F
21822,2,F
21823,2,F
21824,1,F
21825,2,F
21826,1,F
21827,2,F
21828,2,F
21829,2,F
21830,2,F
21831,1,F
21832,1,F
21833,1,F
21834,1,F
21835,2,F
21836,1,F
21837,1,F
21838,1,F
21839,2,F
21840,2,F
21841,1,F
21842,1,F
21843,2,F
21844,1,F
21845,2,F
21846,2,F
21847,2,F
21848,1,F
21849,1,F
21850,1,F
21851,2,F
21852,1,F
21853,2,F
21854,1,F
21855,2,F
21856,2,F
21857,2,F
21858,2,F
21859,1,F
21860,2,F
21861,2,F
21862,1,F
21863,2,F
21864,1,F
21865,1,F
21866,1,F
21867,1,F
21868,2,F
21869,1,F
21870,1,F
21871,2,F
21872,1,F
21873,1,F
21874,1,F
21875,1,F
21876,2,F
21877,1,F
21878,1,F
21879,1,F
21880,2,F
21881,1,F
21882,2,F
21883,2,F
21884,1,F
21885,2,F
21886,2,F
21887,1,F
21888,2,F
21889,1,F
21890,1,F
21891,2,F
21892,1,F
21893,2,F
21894,1,F
21895,1,F
21896,2,F
21897,2,F
21898,1,F
21899,1,F
21900,1,F
21901,1,F
21902,1,F
21903,1,F
21904,2,F
21905,2,F
21906,1,F
21907,2,F
21908,2,F
21909,2,F
21910,1,F
21911,2,F
21912,1,F
21913,1,F
21914,1,F
21915,1,F
21916,2,F
21917,2,F
21918,1,F
21919,1,F
21920,1,F
21921,1,F
21922,1,F
21923,2,F
21924,1,F
21925,1,F
21926,1,F
21927,2,F
21928,2,F
21929,1,F
21930,1,F
21931,2,F
21932,1,F
21933,2,F
21934,2,F
21935,1,F
21936,2,F
21937,2,F
21938,2,F
21939,1,F
21940,1,F
21941,1,F
21942,1,F
21943,2,F
21944,2,F
21945,1,F
21946,1,F
21947,2,F
21948,1,F
21949,2,F
21950,2,F
21951,1,F
21952,2,F
21953,2,F
21954,2,F
21955,1,F
21956,2,F
21957,1,F
21958,2,F
21959,1,F
21960,1,F
21961,1,F
21962,1,F
21963,1,F
21964,1,F
21965,2,F
21966,2,F
21967,2,F
21968,1,F
21969,1,F
21970,2,F
21971,2,F
21972,1,F
21973,1,F
21974,1,F
21975,1,F
21976,2,F
21977,1,F
21978,2,F
21979,2,F
21980,1,F
21981,2,F
21982,2,F
21983,2,F
21984,2,F
21985,1,F
21986,2,F
21987,2,F
21988,2,F
21989,2,F
21990,2,F
21991,1,F
21992,1,F
21993,1,F
21994,1,F
21995,2,F
21996,1,F
21997,2,F
21998,1,F
21999,2,F
22000,2,F
22001,1,F
22002,2,F
22003,2,F
22004,2,F
22005,2,F
22006,1,F
22007,1,F
22008,1,F
22009,2,F
22010,2,F
22011,1,F
22012,1,F
22013,1,F
22014,1,F
22015,1,F
22016,1,F
22017,1,F
22018,2,F
22019,1,F
22020,1,F
22021,1,F
22022,1,F
22023,1,F
22024,2,F
22025,1,F
22026,1,F
22027,2,F
22028,2,F
22029,2,F
22030,2,F
22031,1,F
22032,2,F
22033,1,F
22034,2,F
22035,2,F
22036,2,F
22037,2,F
22038,1,F
22039,1,F
22040,1,F
22041,1,F
22042,1,F
22043,1,F
22044,1,F
22045,2,F
22046,2,F
22047,2,F
22048,1,F
22049,2,F
22050,2,F
22051,1,F
22052,2,F
22053,1,F
22054,1,F
22055,2,F
22056,1,F
22057,1,F
22058,2,F
22059,1,F
22060,1,F
22061,1,F
22062,1,F
22063,1,F
22064,1,F
22065,1,F
22066,2,F
22067,2,F
22068,1,F
22069,2,F
22070,2,F
22071,1,F
22072,1,F
22073,1,F
22074,2,F
22075,2,F
22076,2,F
22077,1,F
22078,1,F
22079,1,F
22080,1,F
22081,1,F
22082,2,F
22083,1,F
22084,2,F
22085,2,F
22086,2,F
22087,1,F
22088,2,F
22089,1,F
22090,1,F
22091,2,F
22092,2,F
22093,2,F
22094,1,F
22095,2,F
22096,2,F
22097,2,F
22098,2,F
22099,2,F
22100,2,F
22101,1,F
22102,1,F
22103,1,F
22104,2,F
22105,1,F
22106,2,F
22107,2,F
22108,2,F
22109,2,F
22110,1,F
22111,2,F
22112,1,F
22113,1,F
22114,1,F
22115,2,F
22116,2,F
22117,2,F
22118,2,F
22119,1,F
22120,2,F
22121,1,F
22122,2,F
22123,1,F
22124,2,F
22125,1,F
22126,2,F
22127,2,F
22128,2,F
22129,2,F
22130,2,F
22131,1,F
22132,1,F
22133,1,F
22134,1,F
22135,1,F
22136,1,F
22137,1,F
22138,1,F
22139,2,F
22140,1,F
22141,2,F
22142,1,F
22143,2,F
22144,1,F
22145,2,F
22146,1,F
22147,2,F
22148,1,F
22149,1,F
22150,2,F
22151,2,F
22152,2,F
22153,2,F
22154,1,F
22155,2,F
22156,2,F
22157,2,F
22158,2,F
22159,2,F
22160,2,F
22161,2,F
22162,1,F
22163,2,F
22164,1,F
22165,1,F
22166,1,F
22167,2,F
22168,2,F
22169,1,F
22170,2,F
22171,1,F
22172,2,F
22173,1,F
22174,1,F
22175,1,F
22176,2,F
22177,2,F
22178,2,F
22179,2,F
22180,2,F
22181,1,F
22182,2,F
22183,1,F
22184,1,F
22185,2,F
22186,2,F
22187,1,F
22188,2,F
22189,1,F
22190,2,F
22191,2,F
22192,2,F
22193,1,F
22194,1,F
22195,2,F
22196,1,F
22197,2,F
22198,1,F
22199,2,F
22200,1,F
22201,1,F
22202,1,F
22203,2,F
22204,1,F
22205,2,F
22206,2,F
22207,1,F
22208,1,F
22209,1,F
22210,2,F
22211,1,F
22212,1,F
22213,1,F
22214,1,F
22215,1,F
22216,1,F
22217,1,F
22218,2,F
22219,2,F
22220,2,F
22221,2,F
22222,2,F
22223,2,F
22224,2,F
22225,1,F
22226,1,F
22227,2,F
22228,2,F
22229,2,F
22230,1,F
22231,1,F
22232,2,F
22233,2,F
22234,2,F
22235,2,F
22236,2,F
22237,1,F
22238,2,F
22239,2,F
22240,2,F
22241,1,F
22242,1,F
22243,1,F
22244,2,F
22245,1,F
22246,1,F
22247,1,F
22248,1,F
22249,1,F
22250,1,F
22251,1,F
22252,1,F
22253,2,F
22254,2,F
22255,2,F
22256,2,F
22257,2,F
22258,1,F
22259,1,F
22260,1,F
22261,2,F
22262,2,F
22263,2,F
22264,2,F
22265,2,F
22266,2,F
22267,2,F
22268,2,F
22269,1,F
22270,1,F
22271,2,F
22272,2,F
22273,2,F
22274,2,F
22275,2,F
22276,2,F
22277,2,F
22278,1,F
22279,2,F
22280,1,F
22281,2,F
22282,2,F
22283,2,F
22284,2,F
22285,2,F
22286,1,F
22287,1,F
22288,2,F
22289,1,F
22290,1,F
22291,1,F
22292,1,F
22293,1,F
22294,2,F
22295,2,F
22296,1,F
22297,2,F
22298,2,F
22299,1,F
22300,2,F
22301,2,F
22302,2,F
22303,2,F
22304,1,F
22305,1,F
22306,2,F
22307,1,F
22308,2,F
22309,1,F
22310,1,F
22311,1,F
22312,2,F
22313,2,F
22314,2,F
22315,2,F
22316,1,F
22317,2,F
22318,2,F
22319,2,F
22320,2,F
22321,2,F
22322,2,F
22323,2,F
22324,2,F
22325,1,F
22326,1,F
22327,1,F
22328,1,F
22329,2,F
22330,1,F
22331,2,F
22332,2,F
22333,2,F
22334,2,F
22335,2,F
22336,1,F
22337,1,F
22338,2,F
22339,1,F
22340,2,F
22341,2,F
22342,1,F
22343,2,F
22344,2,F
22345,2,F
22346,2,F
22347,2,F
22348,2,F
22349,2,F
22350,2,F
22351,2,F
22352,2,F
22353,2,F
22354,1,F
22355,2,F
22356,1,F
22357,2,F
22358,2,F
22359,2,F
22360,2,F
22361,2,F
22362,2,F
22363,1,F
22364,2,F
22365,1,F
22366,1,F
22367,1,F
22368,2,F
22369,1,F
22370,2,F
22371,2,F
22372,1,F
22373,2,F
22374,2,F
22375,1,F
22376,2,F
22377,1,F
22378,2,F
22379,2,F
22380,1,F
22381,2,F
22382,2,F
22383,1,F
22384,1,F
22385,2,F
22386,1,F
22387,2,F
22388,2,F
22389,2,F
22390,2,F
22391,2,F
22392,2,F
22393,2,F
22394,1,F
22395,2,F
22396,2,F
22397,1,F
22398,2,F
22399,2,F
22400,2,F
22401,2,F
22402,2,F
22403,1,F
22404,2,F
22405,2,F
22406,2,F
22407,2,F
22408,2,F
22409,2,F
22410,2,F
22411,1,F
22412,1,F
22413,1,F
22414,1,F
22415,1,F
22416,1,F
22417,1,F
22418,1,F
22419,2,F
22420,2,F
22421,1,F
22422,1,F
22423,1,F
22424,1,F
22425,2,F
22426,2,F
22427,2,F
22428,2,F
22429,2,F
22430,1,F
22431,1,F
22432,2,F
22433,1,F
22434,1,F
22435,1,F
22436,2,F
22437,2,F
22438,2,F
22439,1,F
22440,2,F
22441,2,F
22442,2,F
22443,2,F
22444,1,F
22445,2,F
22446,2,F
22447,2,F
22448,1,F
22449,1,F
22450,1,F
22451,1,F
22452,1,F
22453,1,F
22454,2,F
22455,2,F
22456,2,F
22457,2,F
22458,1,F
22459,1,F
22460,2,F
22461,2,F
22462,2,F
22463,1,F
22464,1,F
22465,1,F
22466,2,F
22467,1,F
22468,1,F
22469,1,F
22470,1,F
22471,1,F
22472,1,F
22473,2,F
22474,1,F
22475,1,F
22476,2,F
22477,1,F
22478,1,F
22479,1,F
22480,2,F
22481,2,F
22482,1,F
22483,1,F
22484,2,F
22485,2,F
22486,1,F
22487,2,F
22488,2,F
22489,1,F
22490,2,F
22491,2,F
22492,1,F
22493,1,F
22494,1,F
22495,1,F
22496,1,F
22497,1,F
22498,2,F
22499,1,F
22500,2,F
22501,2,F
22502,2,F
22503,1,F
22504,2,F
22505,2,F
22506,2,F
22507,1,F
22508,1,F
22509,2,F
22510,1,F
22511,1,F
22512,2,F
22513,2,F
22514,2,F
22515,1,F
22516,1,F
22517,1,F
22518,1,F
22519,1,F
22520,2,F
22521,1,F
22522,2,F
22523,1,F
22524,2,F
22525,2,F
22526,2,F
22527,2,F
22528,1,F
22529,1,F
22530,2,F
22531,2,F
22532,1,F
22533,2,F
22534,2,F
22535,1,F
22536,1,F
22537,1,F
22538,1,F
22539,2,F
22540,1,F
22541,2,F
22542,1,F
22543,1,F
22544,2,F
22545,2,F
22546,2,F
22547,2,F
22548,2,F
22549,2,F
22550,2,F
22551,1,F
22552,1,F
22553,1,F
22554,2,F
22555,1,F
22556,2,F
22557,2,F
22558,1,F
22559,1,F
22560,2,F
22561,2,F
22562,2,F
22563,2,F
22564,2,F
22565,2,F
22566,2,M
22567,1,M
22568,2,M
22569,2,M
22570,2,M
22571,2,F
22572,2,F
22573,2,F
22574,2,F
22575,2,F
22576,2,F
22577,2,F
22578,1,F
22579,2,F
22580,2,F
22581,1,F
22582,2,F
22583,2,F
22584,2,F
22585,2,F
22586,1,F
22587,2,F
22588,1,F
22589,2,F
22590,2,F
22591,2,F
22592,2,F
22593,2,F
22594,2,F
22595,1,F
22596,2,F
22597,2,F
22598,2,F
22599,2,F
22600,2,F
22601,2,F
22602,2,F
22603,1,F
22604,1,F
22605,2,F
22606,2,F
22607,1,F
22608,2,F
22609,2,F
22610,1,F
22611,2,F
22612,1,F
22613,2,F
22614,2,F
22615,1,F
22616,2,F
22617,2,F
22618,2,F
22619,1,F
22620,2,F
22621,1,F
22622,1,F
22623,1,F
22624,1,F
22625,2,F
22626,2,F
22627,2,F
22628,2,F
22629,1,F
22630,2,F
22631,2,F
22632,2,F
22633,2,F
22634,2,F
22635,1,F
22636,2,F
22637,2,F
22638,1,F
22639,1,F
22640,2,F
22641,2,F
22642,1,F
22643,1,F
22644,2,F
22645,2,F
22646,2,F
22647,1,F
22648,1,F
22649,2,F
22650,2,F
22651,2,F
22652,1,F
22653,2,F
22654,2,F
22655,1,F
22656,2,F
22657,2,F
22658,1,F
22659,1,F
22660,2,F
22661,2,F
22662,2,F
22663,2,F
22664,2,F
22665,2,F
22666,1,F
22667,2,F
22668,1,F
22669,2,F
22670,1,F
22671,2,F
22672,2,F
22673,1,F
22674,1,F
22675,2,F
22676,2,F
22677,2,F
22678,2,F
22679,2,F
22680,2,F
22681,2,F
22682,1,F
22683,2,F
22684,1,F
22685,2,F
22686,2,F
22687,2,F
22688,2,F
22689,1,F
22690,2,F
22691,2,F
22692,1,F
22693,2,F
22694,2,F
22695,2,F
22696,2,F
22697,1,F
22698,2,F
22699,1,F
22700,1,F
22701,2,F
22702,2,F
22703,2,F
22704,2,F
22705,1,F
22706,2,F
22707,2,F
22708,2,F
22709,1,F
22710,2,F
22711,2,F
22712,2,F
22713,2,F
22714,2,F
22715,2,F
22716,1,F
22717,2,F
22718,2,F
22719,2,F
22720,2,F
22721,1,F
22722,1,F
22723,2,F
22724,2,F
22725,1,F
22726,1,F
22727,1,F
22728,2,F
22729,1,F
22730,1,F
22731,2,F
22732,2,F
22733,2,F
22734,2,F
22735,2,F
22736,1,F
22737,2,F
22738,2,F
22739,2,F
22740,1,F
22741,2,F
22742,1,F
22743,2,F
22744,1,F
22745,2,F
22746,2,F
22747,2,F
22748,2,F
22749,1,F
22750,2,F
22751,2,F
22752,2,F
22753,2,F
22754,1,F
22755,2,F
22756,2,F
22757,1,F
22758,2,F
22759,2,F
22760,2,F
22761,2,F
22762,2,F
22763,2,F
22764,2,F
22765,2,F
22766,2,F
22767,2,F
22768,2,F
22769,1,F
22770,1,F
22771,2,F
22772,1,F
22773,2,F
22774,1,F
22775,2,F
22776,2,F
22777,2,F
22778,1,F
22779,2,F
22780,2,F
22781,1,F
22782,1,F
22783,1,F
22784,2,F
22785,1,F
22786,2,F
22787,1,F
22788,2,F
22789,2,F
22790,2,F
22791,1,F
22792,2,F
22793,2,F
22794,2,F
22795,2,F
22796,2,F
22797,2,F
22798,1,F
22799,2,F
22800,2,F
22801,2,F
22802,2,F
22803,2,F
22804,2,F
22805,2,F
22806,1,F
22807,2,F
22808,2,F
22809,1,F
22810,2,F
22811,1,F
22812,2,F
22813,1,F
22814,1,F
22815,1,F
22816,2,F
22817,2,F
22818,2,F
22819,2,F
22820,2,F
22821,2,F
22822,2,F
22823,1,F
22824,1,F
22825,2,F
22826,1,F
22827,1,F
22828,2,F
22829,1,F
22830,2,F
22831,1,F
22832,1,F
22833,1,F
22834,2,F
22835,1,F
22836,2,F
22837,1,F
22838,2,F
22839,2,F
22840,1,F
22841,1,F
22842,1,F
22843,2,F
22844,1,F
22845,2,F
22846,2,F
22847,1,F
22848,2,F
22849,1,F
22850,2,F
22851,2,F
22852,2,F
22853,1,F
22854,2,F
22855,1,F
22856,1,F
22857,2,F
22858,2,F
22859,1,F
22860,2,F
22861,1,F
22862,1,F
22863,1,F
22864,2,F
22865,1,F
22866,1,F
22867,1,F
22868,2,F
22869,1,F
22870,1,F
22871,2,F
22872,2,F
22873,2,F
22874,2,F
22875,2,F
22876,1,F
22877,1,F
22878,2,F
22879,2,F
22880,1,F
22881,1,F
22882,2,F
22883,1,F
22884,1,F
22885,2,F
22886,2,F
22887,1,F
22888,2,F
22889,2,F
22890,2,F
22891,2,F
22892,2,F
22893,2,F
22894,2,F
22895,2,F
22896,1,F
22897,2,F
22898,1,F
22899,1,F
22900,1,F
22901,1,F
22902,1,F
22903,2,F
22904,1,F
22905,1,F
22906,2,F
22907,2,F
22908,2,F
22909,2,F
22910,2,F
22911,2,F
22912,2,F
22913,2,F
22914,1,F
22915,1,F
22916,2,F
22917,2,F
22918,2,F
22919,1,F
22920,2,F
22921,2,F
22922,2,F
22923,2,F
22924,2,F
22925,1,F
22926,2,F
22927,1,F
22928,1,F
22929,2,F
22930,1,F
22931,1,F
22932,1,F
22933,1,F
22934,2,F
22935,2,F
22936,2,F
22937,2,F
22938,2,F
22939,1,F
22940,2,F
22941,1,F
22942,2,F
22943,1,F
22944,1,F
22945,2,F
22946,2,F
22947,2,F
22948,2,F
22949,2,F
22950,2,F
22951,2,F
22952,2,F
22953,1,F
22954,1,F
22955,2,F
22956,2,F
22957,1,F
22958,1,F
22959,2,F
22960,2,F
22961,2,F
22962,1,F
22963,2,F
22964,2,F
22965,2,F
22966,2,F
22967,1,F
22968,1,F
22969,2,F
22970,2,F
22971,1,F
22972,2,F
22973,1,F
22974,2,F
22975,2,F
22976,2,F
22977,1,F
22978,2,F
22979,1,F
22980,1,F
22981,2,F
22982,2,F
22983,2,F
22984,2,F
22985,2,F
22986,2,F
22987,2,F
22988,1,F
22989,2,F
22990,1,F
22991,2,F
22992,1,F
22993,2,F
22994,1,F
22995,2,F
22996,2,F
22997,2,F
22998,2,F
22999,1,F
23000,1,F
23001,2,F
23002,1,F
23003,1,F
23004,2,F
23005,2,F
23006,2,F
23007,2,F
23008,2,F
23009,1,F
23010,1,F
23011,2,F
23012,1,F
23013,2,F
23014,2,F
23015,1,F
23016,2,F
23017,2,F
23018,2,F
23019,2,F
23020,1,F
23021,2,F
23022,2,F
23023,2,F
23024,1,F
23025,2,F
23026,1,F
23027,2,F
23028,2,F
23029,2,F
23030,1,F
23031,2,F
23032,2,F
23033,1,F
23034,1,F
23035,2,F
23036,2,F
23037,2,F
23038,2,F
23039,2,F
23040,2,F
23041,1,F
23042,2,F
23043,2,F
23044,2,F
23045,2,F
23046,1,F
23047,2,F
23048,2,F
23049,2,F
23050,2,F
23051,2,F
23052,2,F
23053,1,F
23054,1,F
23055,2,F
23056,1,F
23057,2,F
23058,2,F
23059,1,F
23060,2,F
23061,2,F
23062,1,F
23063,1,F
23064,1,F
23065,2,F
23066,2,F
23067,2,F
23068,2,F
23069,2,F
23070,2,F
23071,2,F
23072,2,F
23073,1,F
23074,2,F
23075,2,F
23076,2,F
23077,2,F
23078,2,F
23079,2,F
23080,2,F
23081,1,F
23082,2,F
23083,1,F
23084,2,F
23085,2,F
23086,2,F
23087,1,F
23088,1,F
23089,1,F
23090,2,F
23091,2,F
23092,2,F
23093,2,F
23094,1,F
23095,2,F
23096,2,F
23097,2,F
23098,2,F
23099,2,F
23100,1,F
23101,1,F
23102,2,F
23103,2,F
23104,1,F
23105,1,F
23106,2,F
23107,2,F
23108,2,F
23109,1,F
23110,1,F
23111,2,F
23112,1,F
23113,1,F
23114,2,F
23115,1,F
23116,1,F
23117,2,F
23118,1,F
23119,2,F
23120,1,F
23121,1,F
23122,1,F
23123,2,F
23124,2,F
23125,2,F
23126,1,F
23127,2,F
23128,2,F
23129,1,F
23130,1,F
23131,1,F
23132,1,F
23133,1,F
23134,2,F
23135,2,F
23136,1,F
23137,2,F
23138,1,F
23139,1,F
23140,2,F
23141,2,F
23142,1,F
23143,1,F
23144,1,F
23145,2,F
23146,2,F
23147,2,F
23148,2,F
23149,1,F
23150,2,F
23151,2,F
23152,2,F
23153,2,F
23154,2,F
23155,2,F
23156,1,F
23157,1,F
23158,2,F
23159,1,F
23160,2,F
23161,1,F
23162,1,F
23163,2,F
23164,2,F
23165,1,F
23166,1,F
23167,1,F
23168,2,F
23169,1,F
23170,2,F
23171,2,F
23172,2,F
23173,1,F
23174,2,F
23175,2,F
23176,2,F
23177,2,F
23178,1,F
23179,1,F
23180,2,F
23181,2,F
23182,2,F
23183,2,F
23184,1,F
23185,2,F
23186,2,F
23187,2,F
23188,2,F
23189,2,F
23190,1,F
23191,2,F
23192,2,F
23193,1,F
23194,1,F
23195,2,F
23196,1,F
23197,1,F
23198,1,F
23199,2,F
23200,1,F
23201,2,F
23202,2,F
23203,2,F
23204,2,F
23205,2,F
23206,2,F
23207,2,F
23208,2,F
23209,2,F
23210,2,F
23211,1,F
23212,1,F
23213,2,F
23214,1,F
23215,2,F
23216,1,F
23217,2,F
23218,1,F
23219,2,F
23220,1,F
23221,1,F
23222,1,F
23223,1,F
23224,2,F
23225,2,F
23226,2,F
23227,2,F
23228,1,F
23229,2,F
23230,2,F
23231,2,F
23232,2,F
23233,2,F
23234,2,F
23235,2,F
23236,1,F
23237,2,F
23238,2,F
23239,1,F
23240,2,F
23241,1,F
23242,1,F
23243,1,F
23244,2,F
23245,2,F
23246,2,F
23247,1,F
23248,1,F
23249,1,F
23250,2,F
23251,1,F
23252,1,F
23253,2,F
23254,2,F
23255,2,F
23256,2,F
23257,2,F
23258,2,F
23259,1,F
23260,1,F
23261,2,F
23262,1,F
23263,2,F
23264,1,F
23265,2,F
23266,2,F
23267,2,F
23268,1,F
23269,1,F
23270,2,F
23271,1,F
23272,2,F
23273,1,F
23274,2,F
23275,2,F
23276,2,F
23277,2,F
23278,2,F
23279,1,F
23280,2,F
23281,2,F
23282,1,F
23283,2,F
23284,1,F
23285,2,F
23286,1,F
23287,1,F
23288,1,F
23289,2,F
23290,1,F
23291,1,F
23292,2,F
23293,2,F
23294,1,F
23295,1,F
23296,2,F
23297,1,F
23298,1,F
23299,1,F
23300,2,F
23301,2,F
23302,1,F
23303,2,F
23304,1,F
23305,1,F
23306,1,F
23307,1,F
23308,2,F
23309,2,F
23310,1,F
23311,1,F
23312,2,F
23313,2,F
23314,2,F
23315,2,F
23316,1,F
23317,2,F
23318,2,F
23319,2,F
23320,1,F
23321,1,F
23322,2,F
23323,1,F
23324,1,F
23325,2,F
23326,1,F
23327,2,F
23328,2,F
23329,2,F
23330,2,F
23331,2,F
23332,2,F
23333,2,F
23334,1,F
23335,2,F
23336,2,F
23337,1,F
23338,2,F
23339,2,F
23340,2,F
23341,1,F
23342,1,F
23343,1,F
23344,2,F
23345,2,F
23346,2,F
23347,2,F
23348,2,F
23349,2,F
23350,2,F
23351,2,F
23352,1,F
23353,1,F
23354,2,F
23355,2,F
23356,1,F
23357,1,F
23358,1,F
23359,1,F
23360,2,F
23361,2,F
23362,2,F
23363,2,F
23364,2,F
23365,2,F
23366,2,F
23367,1,F
23368,1,F
23369,2,F
23370,2,F
23371,2,F
23372,2,F
23373,2,F
23374,1,F
23375,1,F
23376,1,F
23377,1,F
23378,2,F
23379,2,F
23380,1,F
23381,1,F
23382,2,F
23383,2,F
23384,1,F
23385,1,F
23386,2,F
23387,2,F
23388,2,F
23389,2,F
23390,2,F
23391,2,F
23392,2,F
23393,1,F
23394,2,F
23395,2,F
23396,1,F
23397,1,F
23398,1,F
23399,2,F
23400,2,F
23401,2,F
23402,1,F
23403,1,F
23404,1,F
23405,1,F
23406,1,F
23407,1,F
23408,2,F
23409,1,F
23410,2,F
23411,1,F
23412,2,F
23413,2,F
23414,2,F
23415,2,F
23416,1,F
23417,2,F
23418,1,F
23419,2,F
23420,2,F
23421,1,F
23422,2,F
23423,2,F
23424,1,F
23425,2,F
23426,2,F
23427,1,F
23428,2,F
23429,2,F
23430,2,F
23431,1,F
23432,2,F
23433,1,F
23434,2,F
23435,2,F
23436,2,F
23437,2,F
23438,2,F
23439,2,F
23440,2,F
23441,2,F
23442,2,F
23443,1,F
23444,2,F
23445,2,F
23446,2,F
23447,1,F
23448,2,F
23449,1,F
23450,2,F
23451,2,F
23452,1,F
23453,2,F
23454,2,F
23455,2,F
23456,1,F
23457,2,F
23458,1,F
23459,1,F
23460,2,F
23461,2,F
23462,2,F
23463,2,F
23464,1,F
23465,1,F
23466,1,F
23467,1,F
23468,2,F
23469,1,F
23470,1,F
23471,1,F
23472,1,F
23473,2,F
23474,2,F
23475,2,F
23476,1,F
23477,2,F
23478,1,F
23479,1,F
23480,1,F
23481,2,F
23482,1,F
23483,1,F
23484,1,F
23485,2,F
23486,1,F
23487,2,F
23488,2,F
23489,2,F
23490,1,F
23491,1,F
23492,1,F
23493,2,F
23494,2,F
23495,1,F
23496,1,F
23497,2,F
23498,2,F
23499,2,F
23500,1,F
23501,2,F
23502,1,F
23503,2,F
23504,2,F
23505,1,F
23506,1,F
23507,2,F
23508,2,F
23509,2,F
23510,1,F
23511,1,F
23512,2,F
23513,1,F
23514,2,F
23515,1,F
23516,1,F
23517,2,F
23518,2,F
23519,2,F
23520,2,F
23521,2,F
23522,1,F
23523,2,F
23524,2,F
23525,2,F
23526,1,F
23527,1,F
23528,2,F
23529,2,F
23530,2,F
23531,2,F
23532,2,F
23533,1,F
23534,2,F
23535,2,F
23536,1,F
23537,2,F
23538,1,F
23539,2,F
23540,2,F
23541,2,F
23542,2,F
23543,2,F
23544,2,F
23545,2,F
23546,1,F
23547,2,F
23548,1,F
23549,2,F
23550,1,F
23551,1,F
23552,2,F
23553,2,F
23554,2,F
23555,2,F
23556,2,F
23557,2,F
23558,1,F
23559,2,F
23560,2,F
23561,2,F
23562,1,F
23563,2,F
23564,2,F
23565,1,F
23566,2,F
23567,2,F
23568,2,F
23569,1,F
23570,2,F
23571,2,F
23572,2,F
23573,2,F
23574,2,F
23575,1,F
23576,2,F
23577,2,F
23578,2,F
23579,2,F
23580,2,F
23581,2,F
23582,2,F
23583,2,F
23584,2,F
23585,2,F
23586,2,F
23587,2,F
23588,2,F
23589,2,F
23590,2,F
23591,1,F
23592,2,F
23593,1,F
23594,2,F
23595,1,F
23596,2,F
23597,2,F
23598,2,F
23599,1,F
23600,2,F
23601,2,F
23602,2,F
23603,2,F
23604,1,F
23605,2,F
23606,2,F
23607,2,F
23608,2,F
23609,2,F
23610,1,F
23611,1,F
23612,2,F
23613,2,F
23614,1,F
23615,2,F
23616,1,F
23617,2,F
23618,1,F
23619,1,F
23620,1,F
23621,1,F
23622,2,F
23623,2,F
23624,1,F
23625,2,F
23626,1,F
23627,2,F
23628,2,F
23629,2,F
23630,1,F
23631,2,F
23632,2,F
23633,2,F
23634,1,F
23635,2,F
23636,2,F
23637,2,F
23638,2,F
23639,2,F
23640,2,F
23641,2,F
23642,2,F
23643,2,F
23644,2,F
23645,2,F
23646,2,F
23647,2,F
23648,2,F
23649,2,F
23650,1,F
23651,1,F
23652,2,F
23653,1,F
23654,1,F
23655,2,F
23656,2,F
23657,2,F
23658,2,F
23659,2,F
23660,1,F
23661,2,F
23662,2,F
23663,1,F
23664,1,F
23665,1,F
23666,1,F
23667,2,F
23668,2,F
23669,2,F
23670,2,F
23671,1,F
23672,2,F
23673,1,F
23674,2,F
23675,2,F
23676,2,F
23677,2,F
23678,1,F
23679,1,F
23680,2,F
23681,2,F
23682,2,F
23683,1,F
23684,2,F
23685,1,F
23686,1,F
23687,2,F
23688,1,F
23689,2,F
23690,1,F
23691,2,F
23692,1,F
23693,1,F
23694,1,F
23695,1,F
23696,1,F
23697,1,F
23698,2,F
23699,1,F
23700,1,F
23701,2,F
23702,1,F
23703,2,F
23704,2,F
23705,1,F
23706,2,F
23707,2,F
23708,2,F
23709,2,F
23710,1,F
23711,1,F
23712,2,F
23713,1,F
23714,2,F
23715,1,F
23716,2,F
23717,1,F
23718,1,F
23719,2,F
23720,1,F
23721,2,F
23722,2,F
23723,1,F
23724,1,F
23725,1,F
23726,2,F
23727,2,F
23728,2,F
23729,2,F
23730,1,F
23731,1,F
23732,1,F
23733,2,F
23734,1,F
23735,2,F
23736,2,F
23737,2,F
23738,1,F
23739,1,F
23740,1,F
23741,1,F
23742,2,F
23743,1,F
23744,2,F
23745,1,F
23746,2,F
23747,2,F
23748,1,F
23749,1,F
23750,2,F
23751,1,F
23752,1,F
23753,2,F
23754,1,F
23755,2,F
23756,1,F
23757,2,F
23758,2,F
23759,2,F
23760,1,F
23761,2,F
23762,2,F
23763,2,F
23764,1,F
23765,1,F
23766,2,F
23767,2,F
23768,2,F
23769,1,F
23770,1,F
23771,2,F
23772,1,F
23773,1,F
23774,2,F
23775,2,F
23776,1,F
23777,1,F
23778,1,F
23779,1,F
23780,2,F
23781,2,F
23782,1,F
23783,2,F
23784,1,F
23785,2,F
23786,1,F
23787,1,F
23788,1,F
23789,1,F
23790,1,F
23791,1,F
23792,1,F
23793,1,F
23794,1,F
23795,2,F
23796,1,F
23797,2,F
23798,2,F
23799,2,F
23800,2,F
23801,2,F
23802,2,F
23803,1,F
23804,1,F
23805,1,F
23806,2,F
23807,2,F
23808,2,F
23809,1,F
23810,2,F
23811,2,F
23812,1,F
23813,2,F
23814,1,F
23815,1,F
23816,2,F
23817,1,F
23818,2,F
23819,2,F
23820,2,F
23821,2,F
23822,1,F
23823,1,F
23824,2,F
23825,1,F
23826,1,F
23827,1,F
23828,2,F
23829,2,F
23830,2,F
23831,2,F
23832,2,F
23833,2,F
23834,1,F
23835,2,F
23836,1,F
23837,2,F
23838,2,F
23839,1,F
23840,2,F
23841,2,F
23842,2,F
23843,2,F
23844,2,F
23845,2,F
23846,2,F
23847,2,F
23848,2,F
23849,2,F
23850,1,F
23851,2,F
23852,2,F
23853,1,F
23854,2,F
23855,1,M
23856,2,M
23857,1,M
23858,1,M
23859,1,M
23860,1,M
23861,2,M
23862,2,M
23863,2,M
23864,1,M
23865,1,M
23866,1,M
23867,2,M
23868,2,M
23869,2,M
23870,2,M
23871,2,M
23872,2,M
23873,2,M
23874,1,M
23875,1,M
23876,1,M
23877,2,M
23878,2,M
23879,1,M
23880,2,M
23881,2,M
23882,2,M
23883,1,M
23884,1,M
23885,2,M
23886,2,M
23887,2,M
23888,1,M
23889,1,M
23890,1,M
23891,1,M
23892,1,M
23893,2,M
23894,2,M
23895,2,M
23896,1,M
23897,2,M
23898,1,M
23899,1,M
23900,1,M
23901,1,M
23902,2,M
23903,1,M
23904,1,M
23905,1,M
23906,1,M
23907,1,M
23908,1,M
23909,1,M
23910,1,M
23911,1,M
23912,1,M
23913,1,M
23914,1,M
23915,1,M
23916,1,M
23917,1,M
23918,1,M
23919,1,M
23920,1,M
23921,1,M
23922,1,M
23923,1,M
23924,1,M
23925,2,M
23926,1,M
23927,1,M
23928,1,M
23929,1,M
23930,1,M
23931,2,M
23932,1,M
23933,1,M
23934,1,M
23935,1,M
23936,1,M
23937,1,M
23938,1,M
23939,1,M
23940,1,M
23941,1,M
23942,1,M
23943,1,M
23944,1,M
23945,1,M
23946,1,M
23947,1,M
23948,2,M
23949,1,M
23950,1,M
23951,1,M
23952,1,M
23953,1,M
23954,1,M
23955,1,M
23956,1,M
23957,1,M
23958,1,M
23959,1,M
23960,1,M
23961,1,M
23962,1,M
23963,1,M
23964,1,M
23965,1,M
23966,1,M
23967,1,M
23968,2,M
23969,1,M
23970,1,M
23971,1,M
23972,1,M
23973,1,M
23974,1,M
23975,1,M
23976,1,M
23977,2,M
23978,1,M
23979,1,M
23980,1,M
23981,1,M
23982,1,M
23983,1,M
23984,2,M
23985,1,M
23986,1,M
23987,1,M
23988,2,M
23989,1,M
23990,2,M
23991,1,M
23992,1,M
23993,1,M
23994,1,M
23995,1,M
23996,1,M
23997,1,M
23998,1,M
23999,1,M
24000,1,M
24001,1,M
24002,1,M
24003,2,M
24004,1,M
24005,1,M
24006,1,M
24007,1,M
24008,2,M
24009,1,M
24010,1,M
24011,1,M
24012,1,M
24013,1,M
24014,1,M
24015,1,M
24016,1,M
24017,1,M
24018,1,M
24019,2,M
24020,2,M
24021,2,M
24022,1,M
24023,1,M
24024,2,M
24025,2,M
24026,1,M
24027,1,M
24028,2,M
24029,1,M
24030,2,M
24031,2,M
24032,1,M
24033,1,M
24034,1,M
24035,1,M
24036,2,M
24037,2,M
24038,2,M
24039,1,M
24040,1,M
24041,1,M
24042,1,M
24043,1,M
24044,2,M
24045,1,M
24046,1,M
24047,1,M
24048,1,M
24049,1,M
24050,1,M
24051,2,M
24052,1,M
24053,2,M
24054,2,M
24055,2,M
24056,1,M
24057,1,M
24058,1,M
24059,1,M
24060,2,M
24061,2,M
24062,1,M
24063,1,M
24064,2,M
24065,1,M
24066,1,M
24067,2,M
24068,1,M
24069,1,M
24070,1,M
24071,1,M
24072,1,M
24073,1,M
24074,1,M
24075,1,M
24076,2,M
24077,2,M
24078,1,M
24079,2,M
24080,1,M
24081,2,M
24082,1,M
24083,1,M
24084,1,M
24085,2,M
24086,2,M
24087,1,M
24088,1,M
24089,1,M
24090,1,M
24091,1,M
24092,1,M
24093,2,M
24094,2,M
24095,2,M
24096,2,M
24097,1,M
24098,1,M
24099,2,M
24100,1,M
24101,1,M
24102,1,M
24103,1,M
24104,2,M
24105,2,M
24106,1,M
24107,1,M
24108,1,M
24109,1,M
24110,1,M
24111,1,M
24112,2,M
24113,2,M
24114,2,M
24115,2,M
24116,1,M
24117,2,M
24118,2,M
24119,2,M
24120,2,M
24121,1,M
24122,1,M
24123,1,M
24124,1,M
24125,1,M
24126,1,M
24127,1,M
24128,2,M
24129,1,M
24130,1,M
24131,2,M
24132,1,M
24133,1,M
24134,1,M
24135,2,M
24136,2,F
24137,2,M
24138,1,M
24139,2,M
24140,1,M
24141,1,M
24142,2,M
24143,1,M
24144,1,M
24145,1,M
24146,2,M
24147,2,M
24148,1,M
24149,1,M
24150,1,M
24151,1,M
24152,1,M
24153,2,M
24154,2,M
24155,1,M
24156,2,M
24157,1,M
24158,1,M
24159,1,M
24160,2,M
24161,2,M
24162,2,M
24163,1,M
24164,2,M
24165,1,M
24166,1,M
24167,2,M
24168,1,M
24169,1,M
24170,1,M
24171,1,M
24172,1,M
24173,1,M
24174,1,M
24175,2,M
24176,1,M
24177,1,M
24178,2,M
24179,1,M
24180,2,M
24181,1,M
24182,2,M
24183,2,M
24184,2,M
24185,2,M
24186,1,M
24187,2,M
24188,2,M
24189,1,M
24190,2,M
24191,2,M
24192,1,M
24193,1,M
24194,2,M
24195,2,M
24196,1,M
24197,1,M
24198,1,M
24199,1,M
24200,2,M
24201,1,M
24202,2,M
24203,2,M
24204,2,M
24205,2,M
24206,2,M
24207,2,M
24208,2,M
24209,1,M
24210,1,M
24211,1,M
24212,2,M
24213,2,M
24214,1,M
24215,1,M
24216,2,M
24217,2,M
24218,2,M
24219,1,M
24220,2,M
24221,2,M
24222,1,M
24223,2,M
24224,2,M
24225,2,M
24226,2,M
24227,1,M
24228,2,M
24229,1,M
24230,2,M
24231,2,M
24232,1,M
24233,1,M
24234,2,M
24235,2,M
24236,2,M
24237,1,M
24238,1,M
24239,1,M
24240,1,M
24241,2,M
24242,1,M
24243,2,M
24244,2,M
24245,2,M
24246,1,M
24247,2,M
24248,1,M
24249,1,M
24250,2,M
24251,1,M
24252,2,M
24253,2,M
24254,2,M
24255,2,M
24256,1,M
24257,2,M
24258,1,M
24259,1,M
24260,1,M
24261,2,M
24262,2,M
24263,2,M
24264,2,M
24265,1,M
24266,2,M
24267,1,M
24268,1,M
24269,2,M
24270,1,M
24271,1,M
24272,1,M
24273,2,M
24274,2,M
24275,2,M
24276,2,M
24277,2,M
24278,1,M
24279,2,M
24280,1,M
24281,1,M
24282,2,M
24283,2,M
24284,1,M
24285,2,M
24286,1,M
24287,2,M
24288,2,M
24289,1,M
24290,2,M
24291,2,M
24292,2,M
24293,2,M
24294,1,M
24295,2,M
24296,2,M
24297,1,M
24298,1,M
24299,1,M
24300,2,M
24301,2,M
24302,1,M
24303,1,M
24304,1,M
24305,1,M
24306,2,M
24307,2,M
24308,2,M
24309,2,M
24310,1,M
24311,2,M
24312,2,M
24313,2,M
24314,1,M
24315,2,M
24316,1,M
24317,2,M
24318,1,M
24319,2,M
24320,1,M
24321,2,M
24322,2,M
24323,2,M
24324,1,M
24325,1,M
24326,1,M
24327,1,M
24328,2,M
24329,2,M
24330,1,M
24331,2,M
24332,2,M
24333,1,M
24334,1,M
24335,1,M
24336,1,M
24337,1,M
24338,2,M
24339,2,M
24340,2,M
24341,1,M
24342,2,M
24343,1,M
24344,2,M
24345,2,M
24346,2,M
24347,1,M
24348,2,M
24349,2,M
24350,1,M
24351,1,M
24352,2,M
24353,2,M
24354,1,M
24355,1,M
24356,2,M
24357,2,M
24358,2,M
24359,2,M
24360,1,M
24361,1,M
24362,2,M
24363,1,M
24364,1,M
24365,2,M
24366,1,M
24367,2,M
24368,2,M
24369,2,M
24370,1,F
24371,2,M
24372,2,M
24373,1,M
24374,1,M
24375,1,M
24376,2,M
24377,2,M
24378,2,M
24379,2,M
24380,2,M
24381,2,M
24382,2,M
24383,1,M
24384,1,M
24385,2,M
24386,2,M
24387,2,M
24388,2,M
24389,2,M
24390,2,M
24391,1,M
24392,2,M
24393,1,M
24394,2,M
24395,1,M
24396,2,M
24397,2,M
24398,1,M
24399,2,M
24400,2,M
24401,1,M
24402,1,M
24403,2,M
24404,2,M
24405,2,M
24406,1,M
24407,2,M
24408,2,M
24409,2,M
24410,1,M
24411,1,M
24412,2,M
24413,1,M
24414,2,M
24415,2,M
24416,1,M
24417,1,M
24418,2,M
24419,1,M
24420,2,M
24421,2,M
24422,2,M
24423,1,M
24424,1,M
24425,1,M
24426,2,M
24427,1,M
24428,1,M
24429,1,M
24430,1,M
24431,2,M
24432,1,M
24433,2,M
24434,2,M
24435,1,M
24436,1,M
24437,2,M
24438,2,M
24439,2,M
24440,2,M
24441,1,M
24442,1,M
24443,1,M
24444,2,M
24445,1,M
24446,2,M
24447,2,M
24448,2,M
24449,2,M
24450,2,M
24451,1,M
24452,1,M
24453,2,M
24454,1,M
24455,2,M
24456,1,M
24457,1,M
24458,1,M
24459,1,M
24460,2,M
24461,2,M
24462,2,M
24463,2,M
24464,2,M
24465,2,M
24466,1,M
24467,2,M
24468,2,M
24469,1,M
24470,1,M
24471,2,M
24472,1,M
24473,2,M
24474,2,M
24475,2,M
24476,2,M
24477,1,M
24478,2,M
24479,2,M
24480,1,M
24481,2,M
24482,2,M
24483,1,M
24484,2,M
24485,1,M
24486,2,M
24487,2,M
24488,1,M
24489,1,M
24490,2,M
24491,2,M
24492,2,M
24493,2,M
24494,2,M
24495,1,M
24496,2,M
24497,2,M
24498,1,M
24499,1,M
24500,1,M
24501,1,M
24502,1,M
24503,1,M
24504,2,M
24505,1,M
24506,2,M
24507,1,M
24508,2,M
24509,1,M
24510,1,M
24511,1,M
24512,1,M
24513,2,M
24514,2,M
24515,1,M
24516,1,M
24517,1,M
24518,2,M
24519,1,M
24520,2,M
24521,2,M
24522,2,M
24523,2,M
24524,2,M
24525,1,M
24526,2,M
24527,2,M
24528,2,M
24529,2,M
24530,2,M
24531,1,M
24532,1,M
24533,2,M
24534,2,M
24535,2,M
24536,1,M
24537,2,M
24538,1,M
24539,2,M
24540,2,M
24541,2,M
24542,2,M
24543,2,M
24544,1,M
24545,1,M
24546,2,M
24547,1,M
24548,2,M
24549,2,M
24550,1,M
24551,2,M
24552,2,M
24553,2,M
24554,2,M
24555,2,M
24556,1,M
24557,2,M
24558,1,M
24559,1,M
24560,2,M
24561,2,M
24562,1,M
24563,2,M
24564,2,M
24565,1,M
24566,2,M
24567,2,M
24568,2,M
24569,2,M
24570,2,M
24571,1,M
24572,1,M
24573,1,M
24574,1,M
24575,1,M
24576,1,M
24577,2,M
24578,2,M
24579,2,M
24580,2,M
24581,2,M
24582,1,M
24583,2,M
24584,2,M
24585,2,M
24586,1,M
24587,2,M
24588,2,M
24589,1,M
24590,1,M
24591,1,M
24592,2,M
24593,1,M
24594,2,M
24595,2,M
24596,2,M
24597,1,M
24598,2,M
24599,1,M
24600,2,M
24601,1,M
24602,2,M
24603,2,M
24604,2,M
24605,1,M
24606,2,M
24607,2,M
24608,2,M
24609,2,M
24610,2,M
24611,2,M
24612,1,M
24613,1,M
24614,1,M
24615,2,M
24616,1,M
24617,2,M
24618,2,M
24619,1,M
24620,2,M
24621,1,M
24622,2,M
24623,2,M
24624,2,M
24625,1,M
24626,2,M
24627,1,M
24628,1,M
24629,1,M
24630,1,M
24631,2,M
24632,2,M
24633,2,M
24634,2,M
24635,1,M
24636,2,M
24637,2,M
24638,2,M
24639,2,M
24640,1,M
24641,1,M
24642,1,M
24643,2,M
24644,1,M
24645,2,M
24646,2,M
24647,1,M
24648,1,M
24649,2,M
24650,2,M
24651,2,M
24652,1,M
24653,2,M
24654,2,M
24655,2,M
24656,2,M
24657,2,M
24658,2,M
24659,1,M
24660,2,M
24661,2,M
24662,1,M
24663,2,M
24664,2,M
24665,1,M
24666,1,M
24667,2,M
24668,2,M
24669,2,M
24670,2,M
24671,2,M
24672,2,M
24673,1,M
24674,2,M
24675,1,M
24676,2,M
24677,1,M
24678,1,F
24679,2,F
24680,1,F
24681,1,F
24682,2,M
24683,2,M
24684,2,M
24685,1,M
24686,1,M
24687,2,M
24688,1,M
24689,2,M
24690,2,M
24691,2,M
24692,1,M
24693,2,M
24694,2,M
24695,1,M
24696,2,M
24697,1,M
24698,1,M
24699,2,M
24700,2,M
24701,2,M
24702,2,M
24703,2,M
24704,2,M
24705,1,M
24706,2,M
24707,1,M
24708,2,M
24709,1,M
24710,1,M
24711,1,M
24712,2,M
24713,1,M
24714,2,M
24715,1,M
24716,1,M
24717,1,M
24718,1,M
24719,1,M
24720,2,M
24721,2,M
24722,2,M
24723,2,M
24724,1,M
24725,2,M
24726,1,M
24727,1,M
24728,2,M
24729,2,M
24730,1,M
24731,2,M
24732,2,M
24733,2,M
24734,1,M
24735,2,M
24736,2,M
24737,2,M
24738,1,M
24739,1,M
24740,2,M
24741,2,M
24742,1,M
24743,2,M
24744,1,M
24745,1,M
24746,2,M
24747,2,M
24748,2,M
24749,1,M
24750,1,M
24751,1,M
24752,2,M
24753,1,M
24754,2,M
24755,1,M
24756,2,M
24757,2,M
24758,2,M
24759,1,M
24760,2,M
24761,1,M
24762,1,M
24763,2,M
24764,1,M
24765,1,M
24766,1,M
24767,2,M
24768,1,M
24769,1,M
24770,2,M
24771,2,M
24772,1,M
24773,1,M
24774,2,M
24775,2,M
24776,1,M
24777,2,M
24778,2,M
24779,2,M
24780,1,M
24781,2,M
24782,1,M
24783,2,M
24784,2,M
24785,1,M
24786,2,M
24787,2,M
24788,1,M
24789,1,M
24790,1,M
24791,2,M
24792,1,M
24793,2,M
24794,2,M
24795,2,M
24796,1,M
24797,1,M
24798,1,M
24799,2,M
24800,2,M
24801,1,M
24802,1,M
24803,1,M
24804,2,M
24805,2,M
24806,1,M
24807,1,M
24808,2,M
24809,1,M
24810,1,M
24811,1,M
24812,1,M
24813,1,M
24814,1,M
24815,1,M
24816,2,M
24817,2,M
24818,1,M
24819,2,M
24820,1,M
24821,2,M
24822,2,M
24823,2,M
24824,1,M
24825,2,M
24826,2,M
24827,1,M
24828,1,M
24829,2,M
24830,1,M
24831,1,M
24832,2,M
24833,2,M
24834,2,M
24835,2,M
24836,2,M
24837,2,M
24838,1,M
24839,2,M
24840,1,M
24841,2,M
24842,2,M
24843,2,M
24844,2,M
24845,1,M
24846,2,M
24847,1,M
24848,2,M
24849,2,M
24850,2,M
24851,2,M
24852,2,M
24853,1,M
24854,2,M
24855,1,M
24856,1,M
24857,2,M
24858,1,M
24859,2,M
24860,2,M
24861,2,M
24862,2,M
24863,1,M
24864,1,M
24865,1,M
24866,1,M
24867,1,M
24868,2,M
24869,1,M
24870,1,M
24871,2,M
24872,2,M
24873,2,M
24874,1,M
24875,2,M
24876,1,M
24877,2,M
24878,1,M
24879,1,M
24880,2,M
24881,1,M
24882,2,M
24883,2,M
24884,2,M
24885,1,M
24886,2,M
24887,1,M
24888,1,M
24889,2,M
24890,2,M
24891,1,M
24892,2,M
24893,1,M
24894,2,M
24895,2,M
24896,2,M
24897,2,M
24898,1,M
24899,1,M
24900,1,M
24901,2,M
24902,2,M
24903,2,M
24904,2,M
24905,2,M
24906,2,M
24907,1,M
24908,2,M
24909,2,M
24910,2,M
24911,2,M
24912,1,M
24913,1,M
24914,1,M
24915,2,M
24916,2,M
24917,2,M
24918,1,M
24919,2,M
24920,1,M
24921,2,M
24922,2,M
24923,2,M
24924,2,M
24925,2,M
24926,1,M
24927,1,M
24928,2,M
24929,2,M
24930,2,M
24931,2,M
24932,1,M
24933,2,M
24934,1,M
24935,1,M
24936,2,M
24937,2,M
24938,2,M
24939,2,M
24940,2,M
24941,1,M
24942,2,M
24943,2,M
24944,2,M
24945,2,M
24946,1,M
24947,2,M
24948,1,M
24949,2,M
24950,1,M
24951,1,M
24952,2,M
24953,1,M
24954,1,M
24955,2,M
24956,2,M
24957,1,M
24958,1,M
24959,1,M
24960,2,M
24961,1,M
24962,1,M
24963,1,M
24964,2,M
24965,2,M
24966,1,M
24967,2,M
24968,2,M
24969,1,M
24970,1,M
24971,1,M
24972,1,M
24973,1,M
24974,1,M
24975,2,M
24976,1,M
24977,2,M
24978,2,M
24979,2,M
24980,1,M
24981,1,M
24982,2,M
24983,2,M
24984,1,M
24985,1,M
24986,2,M
24987,1,M
24988,2,M
24989,1,M
24990,2,M
24991,1,M
24992,2,M
24993,2,M
24994,2,M
24995,1,M
24996,2,M
24997,1,M
24998,2,M
24999,1,M
25000,1,M
25001,2,M
25002,2,M
25003,1,M
25004,2,M
25005,1,M
25006,2,M
25007,1,M
25008,2,M
25009,1,M
25010,2,M
25011,1,M
25012,2,M
25013,1,M
25014,2,M
25015,1,M
25016,2,M
25017,2,M
25018,1,M
25019,1,M
25020,2,M
25021,2,M
25022,1,M
25023,2,M
25024,1,M
25025,2,M
25026,2,M
25027,1,M
25028,2,M
25029,2,M
25030,2,M
25031,2,M
25032,1,M
25033,1,M
25034,1,M
25035,1,M
25036,1,M
25037,2,M
25038,2,M
25039,2,M
25040,2,M
25041,1,M
25042,2,M
25043,1,M
25044,2,M
25045,1,M
25046,1,M
25047,2,M
25048,2,M
25049,1,M
25050,1,M
25051,2,M
25052,2,M
25053,1,M
25054,2,M
25055,1,M
25056,2,M
25057,2,M
25058,1,M
25059,1,M
25060,2,M
25061,1,M
25062,2,M
25063,1,M
25064,1,M
25065,2,M
25066,2,M
25067,1,M
25068,2,M
25069,2,M
25070,1,M
25071,2,M
25072,1,M
25073,1,M
25074,1,M
25075,1,M
25076,2,M
25077,2,M
25078,2,M
25079,2,M
25080,1,M
25081,1,M
25082,2,M
25083,2,M
25084,2,M
25085,2,M
25086,1,M
25087,2,M
25088,2,M
25089,2,M
25090,2,M
25091,2,M
25092,2,M
25093,1,M
25094,2,M
25095,2,M
25096,2,M
25097,1,M
25098,1,M
25099,2,M
25100,2,M
25101,1,M
25102,2,M
25103,1,M
25104,2,M
25105,1,M
25106,1,M
25107,1,M
25108,1,M
25109,2,M
25110,1,M
25111,1,M
25112,1,M
25113,1,M
25114,1,M
25115,2,M
25116,1,M
25117,1,M
25118,2,M
25119,2,M
25120,2,M
25121,2,M
25122,2,M
25123,2,M
25124,2,M
25125,2,M
25126,1,M
25127,2,M
25128,1,M
25129,2,M
25130,2,M
25131,2,M
25132,2,M
25133,2,M
25134,1,M
25135,1,M
25136,2,M
25137,2,M
25138,2,M
25139,1,M
25140,2,M
25141,1,M
25142,2,M
25143,2,M
25144,1,M
25145,1,M
25146,2,M
25147,2,M
25148,2,F
25149,2,F
25150,2,F
25151,1,F
25152,2,F
25153,1,F
25154,1,F
25155,1,F
25156,1,F
25157,1,F
25158,2,F
25159,1,F
25160,2,F
25161,1,F
25162,1,F
25163,1,F
25164,1,F
25165,2,F
25166,1,F
25167,2,F
25168,1,F
25169,1,F
25170,1,F
25171,1,F
25172,1,F
25173,1,F
25174,1,F
25175,1,F
25176,1,F
25177,1,F
25178,1,F
25179,1,F
25180,1,F
25181,1,F
25182,1,F
25183,1,F
25184,1,F
25185,1,F
25186,1,F
25187,1,F
25188,1,F
25189,1,F
25190,1,F
25191,1,F
25192,1,F
25193,1,F
25194,1,F
25195,1,F
25196,1,F
25197,1,F
25198,1,F
25199,1,F
25200,1,F
25201,1,F
25202,1,F
25203,1,F
25204,1,F
25205,1,F
25206,1,F
25207,1,F
25208,1,F
25209,1,F
25210,1,F
25211,2,F
25212,1,F
25213,1,F
25214,1,F
25215,2,F
25216,1,F
25217,1,F
25218,1,F
25219,1,F
25220,1,F
25221,1,F
25222,1,F
25223,1,F
25224,1,F
25225,2,F
25226,1,F
25227,1,F
25228,1,F
25229,1,F
25230,1,F
25231,1,F
25232,2,F
25233,1,F
25234,1,F
25235,1,F
25236,1,F
25237,1,F
25238,2,F
25239,1,F
25240,1,F
25241,1,F
25242,1,F
25243,1,F
25244,1,F
25245,1,F
25246,2,F
25247,2,F
25248,1,F
25249,1,F
25250,1,F
25251,1,F
25252,2,F
25253,1,F
25254,1,F
25255,2,F
25256,1,F
25257,1,F
25258,1,F
25259,1,F
25260,1,F
25261,1,F
25262,1,F
25263,1,F
25264,1,F
25265,2,F
25266,1,F
25267,1,F
25268,1,F
25269,1,F
25270,1,F
25271,1,F
25272,1,F
25273,1,F
25274,1,F
25275,1,F
25276,1,F
25277,1,F
25278,2,F
25279,1,F
25280,2,F
25281,2,F
25282,1,F
25283,1,F
25284,1,F
25285,1,F
25286,2,F
25287,1,F
25288,1,F
25289,1,F
25290,2,F
25291,1,F
25292,1,F
25293,1,F
25294,1,F
25295,1,F
25296,1,F
25297,1,F
25298,1,F
25299,1,F
25300,1,F
25301,1,F
25302,1,F
25303,1,F
25304,1,F
25305,1,F
25306,1,F
25307,2,F
25308,1,F
25309,2,F
25310,1,F
25311,2,F
25312,1,F
25313,1,F
25314,1,F
25315,1,F
25316,1,F
25317,1,F
25318,2,F
25319,1,F
25320,2,F
25321,1,F
25322,1,F
25323,2,F
25324,1,F
25325,2,F
25326,2,F
25327,1,F
25328,2,F
25329,2,F
25330,1,F
25331,2,F
25332,1,F
25333,2,F
25334,1,F
25335,1,F
25336,2,F
25337,1,F
25338,2,F
25339,1,F
25340,1,F
25341,1,F
25342,1,F
25343,1,F
25344,2,F
25345,1,F
25346,1,F
25347,2,F
25348,1,F
25349,1,F
25350,1,F
25351,1,F
25352,2,F
25353,1,F
25354,1,F
25355,1,F
25356,1,F
25357,1,F
25358,2,F
25359,2,F
25360,2,F
25361,2,F
25362,2,F
25363,2,F
25364,1,F
25365,1,F
25366,2,F
25367,1,F
25368,1,F
25369,1,F
25370,2,F
25371,2,F
25372,2,F
25373,2,F
25374,1,F
25375,1,F
25376,1,F
25377,2,F
25378,2,F
25379,2,F
25380,1,F
25381,1,F
25382,1,F
25383,2,F
25384,1,F
25385,2,F
25386,2,F
25387,1,F
25388,2,F
25389,2,F
25390,2,F
25391,2,F
25392,2,F
25393,2,F
25394,1,F
25395,1,F
25396,1,F
25397,2,F
25398,2,F
25399,2,F
25400,2,F
25401,1,F
25402,1,F
25403,1,F
25404,1,F
25405,2,F
25406,1,F
25407,1,F
25408,1,F
25409,1,F
25410,2,F
25411,2,F
25412,1,F
25413,1,F
25414,1,F
25415,2,F
25416,1,F
25417,2,F
25418,2,F
25419,1,F
25420,1,F
25421,1,F
25422,1,F
25423,2,F
25424,2,F
25425,2,F
25426,1,F
25427,1,F
25428,1,F
25429,1,F
25430,1,F
25431,2,F
25432,2,F
25433,2,F
25434,1,F
25435,1,F
25436,2,F
25437,2,F
25438,2,F
25439,2,F
25440,1,F
25441,1,F
25442,2,F
25443,1,F
25444,2,F
25445,2,F
25446,1,F
25447,1,F
25448,2,F
25449,2,F
25450,1,F
25451,1,F
25452,1,F
25453,2,F
25454,1,F
25455,2,F
25456,1,F
25457,2,F
25458,1,F
25459,2,F
25460,2,F
25461,1,F
25462,1,F
25463,1,F
25464,1,F
25465,1,F
25466,2,F
25467,2,F
25468,1,F
25469,2,F
25470,2,F
25471,2,F
25472,2,F
25473,1,F
25474,2,F
25475,1,F
25476,1,F
25477,1,F
25478,1,F
25479,2,F
25480,1,F
25481,2,F
25482,2,F
25483,2,F
25484,1,F
25485,1,F
25486,2,F
25487,2,F
25488,2,F
25489,2,F
25490,1,F
25491,1,F
25492,1,F
25493,2,F
25494,2,F
25495,1,F
25496,1,F
25497,2,F
25498,2,F
25499,1,F
25500,1,F
25501,2,F
25502,2,F
25503,2,F
25504,2,F
25505,2,F
25506,1,F
25507,2,F
25508,2,F
25509,1,F
25510,1,F
25511,1,F
25512,1,F
25513,1,F
25514,1,F
25515,2,F
25516,2,F
25517,2,F
25518,1,F
25519,2,F
25520,2,F
25521,2,F
25522,2,F
25523,2,F
25524,1,F
25525,1,F
25526,2,F
25527,2,F
25528,1,F
25529,2,F
25530,2,F
25531,1,F
25532,2,F
25533,1,F
25534,2,F
25535,1,F
25536,2,F
25537,1,F
25538,2,F
25539,1,F
25540,1,F
25541,2,F
25542,1,F
25543,2,F
25544,2,F
25545,1,F
25546,2,F
25547,1,F
25548,1,F
25549,1,F
25550,1,F
25551,2,F
25552,2,F
25553,2,F
25554,2,F
25555,2,F
25556,1,F
25557,1,F
25558,1,F
25559,1,F
25560,2,F
25561,2,F
25562,2,F
25563,2,F
25564,2,F
25565,2,F
25566,1,F
25567,2,F
25568,2,F
25569,2,F
25570,1,F
25571,2,F
25572,2,F
25573,1,F
25574,1,F
25575,1,F
25576,2,F
25577,2,M
25578,1,F
25579,2,F
25580,1,F
25581,1,F
25582,2,F
25583,1,F
25584,2,F
25585,1,F
25586,2,F
25587,1,F
25588,2,F
25589,1,F
25590,2,F
25591,1,F
25592,2,F
25593,2,F
25594,1,F
25595,2,F
25596,1,F
25597,2,F
25598,2,F
25599,1,F
25600,1,F
25601,1,F
25602,2,F
25603,2,F
25604,2,F
25605,1,F
25606,1,F
25607,2,F
25608,2,F
25609,2,F
25610,2,F
25611,1,F
25612,2,F
25613,1,F
25614,2,F
25615,2,F
25616,1,F
25617,2,F
25618,2,F
25619,2,F
25620,1,F
25621,1,F
25622,2,F
25623,1,F
25624,1,F
25625,2,F
25626,2,F
25627,2,F
25628,1,F
25629,1,F
25630,1,F
25631,2,F
25632,1,F
25633,2,F
25634,1,F
25635,1,F
25636,1,F
25637,2,F
25638,2,F
25639,2,F
25640,1,F
25641,2,F
25642,2,F
25643,1,F
25644,2,F
25645,2,F
25646,1,F
25647,2,F
25648,1,F
25649,2,F
25650,1,F
25651,2,F
25652,2,F
25653,1,F
25654,2,F
25655,2,F
25656,2,F
25657,2,F
25658,2,F
25659,2,F
25660,2,F
25661,2,F
25662,2,F
25663,1,F
25664,1,F
25665,2,F
25666,1,F
25667,1,F
25668,1,F
25669,1,F
25670,2,F
25671,2,F
25672,2,F
25673,2,F
25674,2,F
25675,1,F
25676,2,F
25677,2,F
25678,2,F
25679,1,F
25680,2,F
25681,2,F
25682,1,F
25683,2,F
25684,2,F
25685,2,F
25686,2,F
25687,1,F
25688,2,F
25689,2,F
25690,2,F
25691,1,F
25692,2,F
25693,2,F
25694,2,F
25695,2,F
25696,2,F
25697,1,F
25698,1,F
25699,2,F
25700,1,F
25701,2,F
25702,1,F
25703,2,F
25704,1,F
25705,2,F
25706,2,F
25707,2,F
25708,2,F
25709,1,F
25710,1,F
25711,2,F
25712,1,F
25713,2,F
25714,1,F
25715,2,F
25716,1,F
25717,1,F
25718,1,F
25719,2,F
25720,2,F
25721,2,F
25722,2,F
25723,2,F
25724,2,F
25725,1,F
25726,2,F
25727,2,F
25728,2,F
25729,2,F
25730,2,F
25731,1,F
25732,1,F
25733,2,F
25734,2,F
25735,2,F
25736,1,F
25737,1,F
25738,1,F
25739,2,F
25740,1,F
25741,2,F
25742,1,F
25743,2,F
25744,2,F
25745,2,F
25746,2,F
25747,2,F
25748,1,F
25749,2,F
25750,1,F
25751,1,F
25752,2,F
25753,1,F
25754,1,F
25755,1,F
25756,1,F
25757,2,F
25758,2,F
25759,2,F
25760,1,F
25761,2,F
25762,2,F
25763,2,F
25764,2,F
25765,2,F
25766,2,F
25767,2,F
25768,1,F
25769,2,F
25770,2,F
25771,2,F
25772,2,F
25773,2,F
25774,2,F
25775,1,F
25776,1,F
25777,1,F
25778,1,F
25779,2,F
25780,1,F
25781,2,F
25782,2,F
25783,2,F
25784,1,F
25785,1,F
25786,2,F
25787,2,F
25788,2,F
25789,2,F
25790,1,F
25791,1,F
25792,2,F
25793,2,F
25794,2,F
25795,2,F
25796,1,F
25797,2,F
25798,1,F
25799,2,F
25800,2,F
25801,2,F
25802,1,F
25803,1,F
25804,1,F
25805,1,F
25806,1,F
25807,1,F
25808,2,F
25809,2,F
25810,2,F
25811,2,F
25812,2,F
25813,1,F
25814,2,F
25815,2,F
25816,2,F
25817,2,F
25818,2,F
25819,1,F
25820,2,F
25821,2,F
25822,2,F
25823,2,F
25824,1,F
25825,2,F
25826,1,F
25827,2,F
25828,1,F
25829,1,F
25830,2,F
25831,1,F
25832,2,F
25833,2,F
25834,2,F
25835,1,F
25836,2,F
25837,2,F
25838,1,F
25839,2,F
25840,1,F
25841,2,F
25842,2,F
25843,2,F
25844,2,F
25845,1,F
25846,2,F
25847,1,F
25848,2,F
25849,2,F
25850,1,F
25851,2,F
25852,1,F
25853,2,F
25854,2,F
25855,1,F
25856,1,F
25857,2,F
25858,2,F
25859,1,F
25860,1,F
25861,2,F
25862,2,F
25863,1,F
25864,1,F
25865,1,F
25866,2,F
25867,2,F
25868,1,F
25869,2,F
25870,2,F
25871,2,F
25872,1,F
25873,2,F
25874,1,F
25875,2,F
25876,2,F
25877,2,F
25878,2,F
25879,2,F
25880,2,F
25881,2,F
25882,2,F
25883,1,F
25884,2,F
25885,1,F
25886,2,F
25887,1,F
25888,2,F
25889,1,F
25890,2,F
25891,2,F
25892,2,F
25893,2,F
25894,2,F
25895,2,F
25896,2,F
25897,2,F
25898,2,F
25899,1,F
25900,1,F
25901,2,F
25902,2,F
25903,2,F
25904,1,F
25905,2,F
25906,1,F
25907,1,F
25908,1,F
25909,1,F
25910,2,F
25911,2,F
25912,1,F
25913,1,F
25914,2,F
25915,1,F
25916,2,F
25917,1,F
25918,2,F
25919,2,F
25920,2,F
25921,2,F
25922,1,F
25923,1,F
25924,1,F
25925,1,F
25926,2,F
25927,2,F
25928,2,F
25929,2,F
25930,1,F
25931,2,F
25932,2,F
25933,2,F
25934,1,F
25935,1,F
25936,2,F
25937,2,F
25938,1,F
25939,2,F
25940,1,F
25941,2,F
25942,2,F
25943,2,F
25944,2,F
25945,2,F
25946,2,F
25947,2,F
25948,2,F
25949,2,F
25950,2,F
25951,2,F
25952,1,F
25953,2,F
25954,1,F
25955,2,F
25956,1,F
25957,2,F
25958,2,F
25959,2,F
25960,2,F
25961,1,F
25962,2,F
25963,2,F
25964,2,F
25965,1,F
25966,1,F
25967,2,F
25968,2,F
25969,1,F
25970,1,F
25971,1,F
25972,2,F
25973,2,F
25974,1,F
25975,1,F
25976,2,F
25977,1,F
25978,2,F
25979,2,F
25980,2,F
25981,2,F
25982,2,F
25983,1,F
25984,2,F
25985,1,F
25986,1,F
25987,1,F
25988,2,F
25989,2,F
25990,2,F
25991,2,F
25992,1,F
25993,2,F
25994,2,F
25995,2,F
25996,1,F
25997,2,F
25998,2,F
25999,1,F
26000,1,F
26001,1,F
26002,1,F
26003,2,F
26004,2,F
26005,2,F
26006,2,F
26007,2,F
26008,1,F
26009,1,F
26010,1,F
26011,2,F
26012,1,F
26013,1,F
26014,2,F
26015,1,F
26016,1,F
26017,2,F
26018,1,F
26019,2,F
26020,1,F
26021,1,F
26022,1,F
26023,2,F
26024,1,F
26025,1,F
26026,1,F
26027,2,F
26028,2,F
26029,2,F
26030,1,F
26031,2,F
26032,2,F
26033,2,F
26034,2,F
26035,2,F
26036,2,F
26037,2,F
26038,2,F
26039,2,F
26040,2,F
26041,2,F
26042,2,F
26043,2,F
26044,1,F
26045,2,F
26046,2,F
26047,2,F
26048,2,F
26049,1,F
26050,2,F
26051,2,F
26052,2,F
26053,2,F
26054,2,F
26055,1,F
26056,1,F
26057,1,F
26058,1,F
26059,1,F
26060,2,F
26061,2,F
26062,2,F
26063,1,F
26064,2,F
26065,2,F
26066,1,F
26067,2,F
26068,2,F
26069,2,F
26070,1,F
26071,2,F
26072,2,F
26073,2,F
26074,1,F
26075,2,F
26076,2,F
26077,1,F
26078,1,F
26079,2,F
26080,2,F
26081,2,F
26082,1,F
26083,1,F
26084,2,F
26085,2,F
26086,2,F
26087,2,F
26088,1,F
26089,1,F
26090,2,F
26091,2,F
26092,2,F
26093,2,F
26094,2,F
26095,1,F
26096,1,F
26097,2,F
26098,2,F
26099,2,F
26100,2,F
26101,2,F
26102,1,F
26103,2,F
26104,2,F
26105,1,F
26106,1,F
26107,2,F
26108,2,F
26109,1,F
26110,2,F
26111,1,F
26112,2,F
26113,2,F
26114,2,F
26115,2,F
26116,2,F
26117,1,F
26118,1,F
26119,2,F
26120,2,F
26121,1,F
26122,2,F
26123,2,F
26124,2,F
26125,1,F
26126,1,F
26127,1,F
26128,2,F
26129,2,F
26130,2,F
26131,2,F
26132,1,F
26133,1,F
26134,2,F
26135,2,F
26136,1,F
26137,2,F
26138,2,F
26139,1,F
26140,2,F
26141,1,F
26142,2,F
26143,2,F
26144,2,F
26145,2,F
26146,2,F
26147,1,F
26148,2,F
26149,1,F
26150,2,F
26151,1,F
26152,2,F
26153,2,F
26154,2,F
26155,2,F
26156,2,F
26157,2,F
26158,2,F
26159,2,F
26160,2,F
26161,1,F
26162,2,F
26163,2,F
26164,2,F
26165,1,F
26166,1,F
26167,1,F
26168,1,F
26169,1,F
26170,1,F
26171,2,F
26172,1,F
26173,1,F
26174,1,F
26175,1,F
26176,2,F
26177,2,F
26178,1,F
26179,1,F
26180,2,F
26181,2,F
26182,1,F
26183,2,F
26184,2,F
26185,2,F
26186,2,F
26187,2,F
26188,1,F
26189,1,F
26190,2,F
26191,2,F
26192,1,F
26193,2,F
26194,1,F
26195,2,F
26196,2,F
26197,2,F
26198,2,F
26199,1,F
26200,2,F
26201,2,F
26202,1,F
26203,2,F
26204,2,F
26205,1,F
26206,1,F
26207,2,F
26208,2,F
26209,2,F
26210,2,F
26211,2,F
26212,2,F
26213,1,F
26214,2,F
26215,2,F
26216,2,F
26217,1,F
26218,2,F
26219,1,F
26220,1,F
26221,2,F
26222,2,F
26223,1,F
26224,2,F
26225,1,F
26226,2,F
26227,1,F
26228,2,F
26229,1,F
26230,2,F
26231,2,F
26232,1,F
26233,1,F
26234,1,F
26235,1,F
26236,2,F
26237,2,F
26238,2,F
26239,2,F
26240,2,F
26241,2,F
26242,1,F
26243,2,F
26244,1,F
26245,2,F
26246,1,F
26247,1,F
26248,1,F
26249,1,F
26250,1,F
26251,2,F
26252,2,F
26253,2,F
26254,2,F
26255,1,F
26256,1,F
26257,2,F
26258,1,F
26259,2,F
26260,1,F
26261,2,F
26262,1,F
26263,2,F
26264,1,F
26265,1,F
26266,1,F
26267,2,F
26268,2,F
26269,1,F
26270,1,F
26271,2,F
26272,1,F
26273,2,F
26274,2,F
26275,2,F
26276,2,F
26277,1,F
26278,2,F
26279,1,F
26280,2,F
26281,1,F
26282,2,F
26283,2,F
26284,2,F
26285,2,F
26286,2,F
26287,2,F
26288,2,F
26289,1,F
26290,2,F
26291,1,F
26292,1,F
26293,2,F
26294,1,F
26295,2,F
26296,1,F
26297,2,F
26298,2,F
26299,1,F
26300,1,F
26301,1,F
26302,1,F
26303,2,F
26304,2,F
26305,1,F
26306,1,F
26307,2,F
26308,1,F
26309,2,F
26310,2,F
26311,1,F
26312,2,F
26313,2,F
26314,2,F
26315,1,F
26316,2,F
26317,1,F
26318,2,F
26319,1,F
26320,1,F
26321,1,F
26322,2,F
26323,2,F
26324,2,F
26325,2,F
26326,1,F
26327,2,F
26328,1,F
26329,2,F
26330,2,F
26331,2,F
26332,1,F
26333,1,F
26334,2,F
26335,1,F
26336,2,F
26337,2,F
26338,2,F
26339,2,F
26340,2,F
26341,2,F
26342,2,F
26343,1,F
26344,1,F
26345,2,F
26346,2,F
26347,2,F
26348,2,F
26349,2,F
26350,1,F
26351,2,F
26352,1,F
26353,2,F
26354,1,F
26355,1,F
26356,1,F
26357,2,F
26358,2,F
26359,1,F
26360,2,F
26361,2,F
26362,1,F
26363,1,F
26364,2,F
26365,1,F
26366,1,F
26367,2,F
26368,2,F
26369,1,F
26370,2,F
26371,2,F
26372,2,F
26373,1,F
26374,2,F
26375,1,F
26376,1,F
26377,1,F
26378,2,F
26379,2,F
26380,2,F
26381,2,F
26382,1,F
26383,2,F
26384,2,F
26385,2,F
26386,2,F
26387,2,F
26388,2,F
26389,2,F
26390,1,F
26391,1,F
26392,2,F
26393,2,F
26394,1,F
26395,1,F
26396,2,F
26397,2,F
26398,2,F
26399,1,F
26400,2,F
26401,2,F
26402,2,F
26403,1,F
26404,2,F
26405,1,F
26406,2,F
26407,2,F
26408,2,F
26409,2,F
26410,1,F
26411,1,F
26412,2,F
26413,1,F
26414,1,F
26415,2,F
26416,2,F
26417,2,F
26418,2,F
26419,1,F
26420,1,F
26421,2,F
26422,1,F
26423,2,F
26424,2,F
26425,1,F
26426,2,F
26427,2,F
26428,2,F
26429,2,F
26430,2,F
26431,2,F
26432,1,F
26433,2,F
26434,2,F
26435,2,F
26436,2,F
26437,2,F
26438,2,F
26439,1,F
26440,1,F
26441,1,F
26442,2,F
26443,2,F
26444,1,F
26445,2,F
26446,2,F
26447,1,F
26448,2,F
26449,1,F
26450,2,F
26451,2,F
26452,2,F
26453,2,F
26454,1,F
26455,1,F
26456,2,F
26457,1,F
26458,1,F
26459,1,F
26460,1,F
26461,1,F
26462,2,F
26463,2,F
26464,2,F
26465,1,F
26466,1,F
26467,2,F
26468,1,F
26469,1,F
26470,1,F
26471,2,F
26472,1,F
26473,1,F
26474,2,F
26475,2,F
26476,1,F
26477,2,F
26478,1,F
26479,2,F
26480,1,F
26481,1,F
26482,1,F
26483,1,F
26484,1,F
26485,1,F
26486,2,F
26487,1,F
26488,1,F
26489,1,F
26490,2,F
26491,1,F
26492,1,F
26493,2,F
26494,1,F
26495,2,F
26496,2,F
26497,2,F
26498,1,F
26499,1,F
26500,1,F
26501,1,F
26502,2,F
26503,1,F
26504,1,F
26505,2,F
26506,1,F
26507,1,F
26508,2,F
26509,1,F
26510,2,F
26511,1,F
26512,1,F
26513,2,F
26514,2,F
26515,1,F
26516,1,F
26517,2,F
26518,1,F
26519,1,F
26520,1,F
26521,1,F
26522,1,F
26523,1,F
26524,1,F
26525,1,F
26526,1,F
26527,1,F
26528,2,F
26529,2,F
26530,1,F
26531,1,F
26532,1,F
26533,1,F
26534,2,F
26535,1,F
26536,1,F
26537,1,F
26538,2,F
26539,1,F
26540,2,F
26541,1,F
26542,1,F
26543,2,F
26544,2,F
26545,2,F
26546,2,F
26547,2,F
26548,2,F
26549,1,F
26550,2,F
26551,1,F
26552,1,F
26553,2,F
26554,2,F
26555,1,F
26556,1,F
26557,1,F
26558,1,F
26559,1,F
26560,1,F
26561,1,F
26562,2,F
26563,1,F
26564,1,F
26565,2,F
26566,2,F
26567,1,F
26568,2,F
26569,2,F
26570,2,F
26571,2,F
26572,2,F
26573,1,F
26574,2,F
26575,1,F
26576,1,F
26577,1,F
26578,2,F
26579,2,F
26580,1,F
26581,2,F
26582,2,F
26583,1,M
26584,2,M
26585,1,M
26586,2,M
26587,1,M
26588,1,M
26589,1,F
26590,2,F
26591,1,M
26592,1,M
26593,2,M
26594,2,M
26595,2,M
26596,1,M
26597,1,M
26598,1,M
26599,2,M
26600,2,M
26601,1,M
26602,1,M
26603,1,M
26604,1,M
26605,1,M
26606,1,M
26607,1,M
26608,1,M
26609,1,M
26610,1,M
26611,1,M
26612,1,M
26613,1,M
26614,1,M
26615,1,M
26616,1,M
26617,1,M
26618,1,M
26619,1,M
26620,1,M
26621,1,M
26622,1,M
26623,1,M
26624,1,M
26625,1,M
26626,2,M
26627,1,M
26628,1,M
26629,1,M
26630,1,M
26631,1,M
26632,1,M
26633,1,M
26634,1,M
26635,2,M
26636,1,M
26637,1,M
26638,1,M
26639,1,M
26640,1,M
26641,1,M
26642,1,M
26643,1,M
26644,1,M
26645,1,M
26646,1,M
26647,1,M
26648,1,M
26649,2,M
26650,1,M
26651,1,M
26652,1,M
26653,1,M
26654,1,M
26655,1,M
26656,1,M
26657,1,M
26658,1,M
26659,1,M
26660,1,M
26661,2,M
26662,1,M
26663,1,M
26664,1,M
26665,2,M
26666,1,M
26667,1,M
26668,1,M
26669,1,M
26670,2,M
26671,1,M
26672,2,M
26673,1,M
26674,1,M
26675,1,M
26676,1,M
26677,2,M
26678,1,M
26679,1,M
26680,1,M
26681,1,M
26682,1,M
26683,1,M
26684,1,M
26685,1,M
26686,1,M
26687,1,M
26688,1,M
26689,1,M
26690,1,M
26691,1,M
26692,1,M
26693,2,M
26694,1,M
26695,1,M
26696,1,M
26697,1,M
26698,1,M
26699,1,M
26700,1,M
26701,1,M
26702,2,M
26703,1,M
26704,2,M
26705,2,M
26706,1,M
26707,1,M
26708,1,M
26709,1,M
26710,2,M
26711,2,M
26712,2,M
26713,1,M
26714,2,M
26715,1,M
26716,1,M
26717,2,M
26718,1,M
26719,1,M
26720,1,M
26721,1,M
26722,2,M
26723,2,M
26724,1,M
26725,1,M
26726,2,M
26727,1,M
26728,2,M
26729,1,M
26730,1,M
26731,1,M
26732,1,M
26733,2,M
26734,1,M
26735,1,M
26736,1,M
26737,1,M
26738,2,M
26739,1,M
26740,2,M
26741,2,M
26742,1,M
26743,1,M
26744,1,M
26745,2,M
26746,1,M
26747,2,M
26748,1,M
26749,2,M
26750,1,M
26751,2,M
26752,2,M
26753,1,M
26754,2,M
26755,2,M
26756,2,M
26757,2,M
26758,1,M
26759,1,M
26760,2,M
26761,2,M
26762,1,M
26763,2,M
26764,2,M
26765,2,M
26766,2,M
26767,1,M
26768,1,M
26769,1,M
26770,2,M
26771,2,M
26772,2,M
26773,2,M
26774,1,M
26775,1,M
26776,1,M
26777,1,M
26778,2,M
26779,2,M
26780,1,M
26781,2,M
26782,1,M
26783,2,M
26784,1,M
26785,2,M
26786,1,M
26787,2,M
26788,2,M
26789,2,M
26790,1,M
26791,1,M
26792,2,M
26793,1,M
26794,2,M
26795,2,M
26796,2,M
26797,2,M
26798,2,M
26799,2,M
26800,1,M
26801,2,M
26802,2,M
26803,2,M
26804,1,M
26805,1,M
26806,2,M
26807,2,M
26808,2,M
26809,1,M
26810,2,M
26811,1,M
26812,1,M
26813,2,M
26814,1,M
26815,2,M
26816,1,M
26817,2,M
26818,1,M
26819,2,M
26820,2,M
26821,2,M
26822,1,M
26823,1,M
26824,1,M
26825,1,M
26826,2,M
26827,1,M
26828,1,M
26829,2,M
26830,1,M
26831,2,M
26832,2,M
26833,1,M
26834,1,M
26835,2,M
26836,2,M
26837,2,M
26838,2,M
26839,2,M
26840,1,M
26841,1,M
26842,2,M
26843,2,M
26844,2,M
26845,2,M
26846,1,M
26847,1,M
26848,1,M
26849,1,M
26850,1,M
26851,2,M
26852,1,M
26853,2,M
26854,2,M
26855,2,M
26856,2,M
26857,2,M
26858,2,M
26859,1,M
26860,2,M
26861,2,M
26862,2,M
26863,1,M
26864,1,M
26865,2,M
26866,1,M
26867,2,M
26868,2,M
26869,2,M
26870,2,M
26871,1,M
26872,2,M
26873,2,M
26874,1,M
26875,2,M
26876,2,M
26877,2,M
26878,2,M
26879,2,M
26880,2,M
26881,1,M
26882,2,M
26883,2,M
26884,2,M
26885,2,M
26886,2,M
26887,2,M
26888,2,M
26889,2,M
26890,1,M
26891,2,M
26892,2,M
26893,1,M
26894,2,M
26895,2,M
26896,1,M
26897,1,M
26898,2,M
26899,1,M
26900,2,M
26901,2,M
26902,1,M
26903,1,M
26904,1,M
26905,2,M
26906,2,M
26907,1,M
26908,1,M
26909,2,M
26910,2,M
26911,1,M
26912,2,M
26913,1,M
26914,1,M
26915,1,M
26916,2,M
26917,1,M
26918,2,M
26919,1,M
26920,1,M
26921,2,M
26922,2,M
26923,1,M
26924,2,M
26925,2,M
26926,1,M
26927,2,M
26928,1,M
26929,1,M
26930,2,M
26931,1,M
26932,2,M
26933,1,M
26934,2,M
26935,2,M
26936,2,M
26937,2,M
26938,2,M
26939,1,M
26940,2,M
26941,2,M
26942,2,M
26943,1,M
26944,1,M
26945,2,M
26946,2,M
26947,1,M
26948,1,M
26949,1,M
26950,2,M
26951,1,M
26952,1,M
26953,2,M
26954,2,M
26955,2,M
26956,2,M
26957,2,M
26958,2,M
26959,2,M
26960,2,M
26961,1,M
26962,2,M
26963,2,M
26964,2,M
26965,2,M
26966,2,M
26967,1,M
26968,2,M
26969,2,M
26970,2,M
26971,1,M
26972,2,M
26973,2,M
26974,2,M
26975,2,M
26976,2,M
26977,2,M
26978,2,M
26979,1,M
26980,2,M
26981,2,M
26982,1,M
26983,2,M
26984,2,M
26985,2,M
26986,2,M
26987,2,M
26988,1,M
26989,2,M
26990,2,M
26991,1,M
26992,1,M
26993,1,M
26994,2,M
26995,2,M
26996,2,M
26997,1,M
26998,2,M
26999,2,M
27000,2,M
27001,1,M
27002,1,M
27003,1,M
27004,1,M
27005,1,M
27006,1,M
27007,1,M
27008,2,M
27009,1,M
27010,2,M
27011,2,M
27012,2,M
27013,2,M
27014,1,M
27015,2,M
27016,2,M
27017,2,M
27018,1,M
27019,1,M
27020,2,M
27021,2,M
27022,1,M
27023,2,M
27024,1,M
27025,1,M
27026,2,M
27027,2,M
27028,1,M
27029,1,M
27030,2,M
27031,2,M
27032,2,M
27033,1,M
27034,2,M
27035,2,M
27036,1,M
27037,2,M
27038,1,M
27039,2,M
27040,2,M
27041,2,M
27042,2,M
27043,1,M
27044,2,M
27045,2,M
27046,2,M
27047,2,M
27048,1,M
27049,1,M
27050,2,M
27051,2,M
27052,1,M
27053,1,M
27054,1,M
27055,1,M
27056,1,M
27057,1,M
27058,1,M
27059,1,M
27060,2,M
27061,1,M
27062,1,M
27063,2,M
27064,1,M
27065,1,M
27066,2,M
27067,2,M
27068,2,M
27069,1,M
27070,2,M
27071,2,M
27072,1,M
27073,1,M
27074,2,M
27075,1,M
27076,2,M
27077,2,M
27078,1,M
27079,2,M
27080,2,M
27081,2,M
27082,1,M
27083,1,M
27084,2,M
27085,1,M
27086,1,M
27087,2,M
27088,1,M
27089,1,M
27090,2,M
27091,1,M
27092,1,M
27093,1,M
27094,2,M
27095,2,M
27096,1,M
27097,2,M
27098,2,M
27099,2,M
27100,1,M
27101,2,M
27102,2,M
27103,1,M
27104,2,M
27105,1,M
27106,1,M
27107,1,M
27108,1,M
27109,2,M
27110,1,M
27111,1,M
27112,1,M
27113,2,M
27114,1,M
27115,1,M
27116,2,M
27117,1,M
27118,2,M
27119,1,M
27120,2,M
27121,1,M
27122,2,M
27123,2,M
27124,2,M
27125,2,M
27126,2,M
27127,2,M
27128,1,M
27129,2,M
27130,1,M
27131,2,M
27132,2,M
27133,2,M
27134,2,M
27135,2,M
27136,2,M
27137,1,M
27138,2,M
27139,2,M
27140,2,M
27141,2,M
27142,2,M
27143,2,M
27144,1,M
27145,2,M
27146,2,M
27147,2,M
27148,2,M
27149,2,M
27150,1,M
27151,1,M
27152,2,M
27153,2,M
27154,2,M
27155,1,M
27156,2,M
27157,1,M
27158,1,M
27159,1,M
27160,1,M
27161,1,M
27162,2,M
27163,1,M
27164,1,M
27165,1,M
27166,2,M
27167,1,M
27168,1,M
27169,1,M
27170,2,M
27171,1,M
27172,1,M
27173,2,M
27174,2,M
27175,2,M
27176,2,M
27177,2,M
27178,2,M
27179,1,M
27180,2,M
27181,2,M
27182,2,M
27183,1,M
27184,2,M
27185,1,M
27186,1,M
27187,2,M
27188,2,M
27189,1,M
27190,1,M
27191,2,M
27192,2,M
27193,2,M
27194,2,M
27195,2,M
27196,2,M
27197,1,M
27198,1,M
27199,1,M
27200,2,M
27201,2,M
27202,2,M
27203,2,M
27204,2,M
27205,1,M
27206,2,M
27207,1,M
27208,2,M
27209,1,M
27210,1,M
27211,2,M
27212,1,M
27213,1,M
27214,1,M
27215,1,M
27216,2,M
27217,1,M
27218,1,M
27219,2,M
27220,2,M
27221,1,M
27222,2,M
27223,2,M
27224,2,M
27225,1,M
27226,1,M
27227,2,M
27228,2,M
27229,1,M
27230,2,M
27231,2,M
27232,2,M
27233,2,M
27234,2,M
27235,2,M
27236,1,M
27237,1,M
27238,2,M
27239,1,M
27240,2,M
27241,1,M
27242,1,M
27243,1,M
27244,2,M
27245,2,M
27246,1,M
27247,1,M
27248,2,M
27249,2,M
27250,1,M
27251,2,M
27252,2,M
27253,1,M
27254,1,M
27255,1,M
27256,2,M
27257,1,M
27258,1,M
27259,2,M
27260,1,M
27261,1,M
27262,1,M
27263,1,M
27264,2,M
27265,2,M
27266,2,M
27267,2,M
27268,2,M
27269,2,M
27270,2,M
27271,2,M
27272,2,M
27273,2,M
27274,2,M
27275,1,M
27276,2,M
27277,2,M
27278,1,M
27279,2,M
27280,1,M
27281,2,M
27282,2,M
27283,1,M
27284,2,M
27285,2,M
27286,2,M
27287,2,M
27288,2,M
27289,2,M
27290,2,M
27291,2,M
27292,2,M
27293,2,M
27294,1,M
27295,1,M
27296,2,M
27297,1,M
27298,1,M
27299,1,M
27300,2,M
27301,2,M
27302,1,M
27303,2,M
27304,1,M
27305,2,M
27306,2,M
27307,1,M
27308,1,M
27309,1,M
27310,2,M
27311,1,M
27312,2,M
27313,2,M
27314,2,M
27315,1,M
27316,1,M
27317,1,M
27318,1,M
27319,2,M
27320,2,M
27321,2,M
27322,1,M
27323,2,M
27324,1,M
27325,2,M
27326,1,M
27327,2,M
27328,1,M
27329,2,M
27330,1,M
27331,2,M
27332,2,M
27333,2,M
27334,1,M
27335,2,M
27336,2,M
27337,1,M
27338,1,M
27339,2,M
27340,2,M
27341,1,M
27342,1,M
27343,2,M
27344,1,M
27345,2,M
27346,2,M
27347,1,M
27348,2,M
27349,2,M
27350,2,M
27351,2,M
27352,2,M
27353,1,M
27354,2,M
27355,1,M
27356,2,M
27357,2,M
27358,2,M
27359,1,M
27360,1,M
27361,2,M
27362,1,M
27363,1,M
27364,1,M
27365,1,M
27366,1,M
27367,2,M
27368,1,M
27369,1,M
27370,2,M
27371,2,M
27372,2,M
27373,1,M
27374,2,M
27375,1,M
27376,2,M
27377,2,M
27378,2,M
27379,2,M
27380,1,M
27381,2,M
27382,2,M
27383,2,M
27384,2,M
27385,2,M
27386,1,M
27387,1,M
27388,1,M
27389,2,M
27390,1,M
27391,2,M
27392,2,M
27393,2,M
27394,1,M
27395,2,M
27396,2,M
27397,2,M
27398,2,M
27399,2,M
27400,2,M
27401,1,M
27402,2,M
27403,1,M
27404,2,M
27405,1,M
27406,1,M
27407,1,M
27408,2,M
27409,1,M
27410,1,M
27411,2,M
27412,2,M
27413,2,M
27414,1,M
27415,2,M
27416,2,M
27417,2,M
27418,2,M
27419,1,M
27420,1,M
27421,2,M
27422,1,M
27423,2,M
27424,1,M
27425,2,M
27426,2,M
27427,1,M
27428,2,M
27429,1,M
27430,2,M
27431,1,M
27432,2,M
27433,1,M
27434,2,M
27435,1,M
27436,2,M
27437,1,M
27438,2,M
27439,2,M
27440,2,M
27441,2,M
27442,2,M
27443,2,M
27444,1,M
27445,2,M
27446,1,M
27447,1,M
27448,1,M
27449,1,M
27450,1,M
27451,2,M
27452,1,M
27453,2,M
27454,1,M
27455,1,M
27456,1,M
27457,2,M
27458,1,M
27459,1,M
27460,2,M
27461,2,M
27462,2,M
27463,2,M
27464,1,M
27465,1,M
27466,1,M
27467,2,M
27468,2,M
27469,2,M
27470,1,M
27471,1,M
27472,2,M
27473,1,M
27474,1,M
27475,2,M
27476,1,M
27477,2,M
27478,2,M
27479,1,M
27480,2,M
27481,2,M
27482,2,M
27483,1,M
27484,1,M
27485,1,M
27486,2,M
27487,1,M
27488,1,M
27489,1,M
27490,1,M
27491,1,M
27492,1,M
27493,1,M
27494,2,M
27495,1,M
27496,2,M
27497,1,M
27498,2,M
27499,2,M
27500,1,M
27501,1,M
27502,1,M
27503,2,M
27504,1,M
27505,2,M
27506,2,M
27507,2,M
27508,1,M
27509,2,M
27510,1,M
27511,1,M
27512,1,M
27513,2,M
27514,2,M
27515,2,M
27516,1,M
27517,1,M
27518,1,M
27519,2,M
27520,2,M
27521,1,M
27522,1,M
27523,2,M
27524,2,M
27525,2,M
27526,1,M
27527,1,M
27528,1,M
27529,2,M
27530,1,M
27531,1,M
27532,2,M
27533,1,M
27534,2,M
27535,1,M
27536,1,M
27537,2,M
27538,1,M
27539,2,M
27540,1,M
27541,2,M
27542,2,M
27543,1,M
27544,1,M
27545,1,M
27546,2,M
27547,1,M
27548,2,M
27549,2,M
27550,1,M
27551,1,M
27552,2,M
27553,2,M
27554,1,M
27555,1,M
27556,2,M
27557,1,M
27558,2,M
27559,2,M
27560,2,M
27561,1,M
27562,2,M
27563,1,M
27564,1,M
27565,1,M
27566,2,M
27567,1,M
27568,2,M
27569,2,M
27570,2,M
27571,1,M
27572,1,M
27573,2,M
27574,2,M
27575,1,M
27576,2,M
27577,2,M
27578,1,M
27579,1,M
27580,2,M
27581,2,M
27582,1,M
27583,2,M
27584,2,M
27585,1,M
27586,1,M
27587,2,M
27588,1,M
27589,2,M
27590,1,M
27591,2,M
27592,1,M
27593,1,F
27594,1,F
27595,1,F
27596,1,F
27597,2,F
27598,1,F
27599,2,F
27600,1,F
27601,1,F
27602,1,F
27603,2,F
27604,1,F
27605,1,F
27606,1,F
27607,1,F
27608,1,F
27609,1,F
27610,2,F
27611,2,F
27612,1,F
27613,1,F
27614,1,F
27615,2,F
27616,1,F
27617,1,F
27618,1,F
27619,1,F
27620,1,F
27621,1,F
27622,1,F
27623,1,F
27624,1,F
27625,1,F
27626,1,F
27627,1,F
27628,1,F
27629,1,F
27630,1,F
27631,1,F
27632,1,F
27633,1,F
27634,1,F
27635,1,F
27636,1,F
27637,1,F
27638,1,F
27639,1,F
27640,1,F
27641,1,F
27642,1,F
27643,1,F
27644,1,F
27645,1,F
27646,1,F
27647,1,F
27648,1,F
27649,2,F
27650,1,F
27651,1,F
27652,1,F
27653,1,F
27654,1,F
27655,1,F
27656,1,F
27657,1,F
27658,1,F
27659,1,F
27660,1,F
27661,1,F
27662,1,F
27663,1,F
27664,1,F
27665,1,F
27666,1,F
27667,1,F
27668,1,F
27669,1,F
27670,1,F
27671,1,F
27672,1,F
27673,1,F
27674,1,F
27675,1,F
27676,1,F
27677,2,F
27678,1,F
27679,1,F
27680,1,F
27681,1,F
27682,1,F
27683,1,F
27684,1,F
27685,1,F
27686,1,F
27687,1,F
27688,1,F
27689,1,F
27690,1,F
27691,2,F
27692,2,F
27693,2,F
27694,1,F
27695,1,F
27696,1,F
27697,1,F
27698,1,F
27699,2,F
27700,1,F
27701,1,F
27702,1,F
27703,1,F
27704,1,F
27705,1,F
27706,1,F
27707,1,F
27708,2,F
27709,1,F
27710,1,F
27711,1,F
27712,2,F
27713,2,F
27714,1,F
27715,1,F
27716,1,F
27717,1,F
27718,1,F
27719,1,F
27720,1,F
27721,1,F
27722,1,F
27723,1,F
27724,1,F
27725,1,F
27726,1,F
27727,1,F
27728,1,F
27729,1,F
27730,1,F
27731,1,F
27732,1,F
27733,1,F
27734,1,F
27735,1,F
27736,1,F
27737,1,F
27738,1,F
27739,1,F
27740,1,F
27741,1,F
27742,1,F
27743,1,F
27744,1,F
27745,1,F
27746,2,F
27747,1,F
27748,1,F
27749,1,F
27750,1,F
27751,2,F
27752,1,F
27753,2,F
27754,1,F
27755,1,F
27756,1,F
27757,1,F
27758,1,F
27759,1,F
27760,1,F
27761,1,F
27762,1,F
27763,1,F
27764,1,F
27765,2,F
27766,1,F
27767,1,F
27768,1,F
27769,1,F
27770,1,F
27771,1,F
27772,2,F
27773,1,F
27774,1,F
27775,2,F
27776,1,F
27777,1,F
27778,1,F
27779,1,F
27780,2,F
27781,1,F
27782,2,F
27783,1,F
27784,2,F
27785,2,F
27786,2,F
27787,1,F
27788,1,F
27789,2,F
27790,1,F
27791,1,F
27792,2,F
27793,1,F
27794,2,F
27795,1,F
27796,2,F
27797,2,F
27798,2,F
27799,1,F
27800,1,F
27801,1,F
27802,1,F
27803,2,F
27804,2,F
27805,2,F
27806,1,F
27807,1,F
27808,2,F
27809,1,F
27810,2,F
27811,1,F
27812,1,F
27813,1,F
27814,1,F
27815,2,F
27816,2,F
27817,1,F
27818,1,F
27819,2,F
27820,1,F
27821,1,F
27822,2,F
27823,1,F
27824,1,F
27825,2,F
27826,2,F
27827,1,F
27828,2,F
27829,2,F
27830,2,F
27831,2,F
27832,2,F
27833,2,F
27834,1,F
27835,2,F
27836,1,F
27837,1,F
27838,1,F
27839,1,F
27840,1,F
27841,1,F
27842,2,F
27843,1,F
27844,1,F
27845,2,F
27846,1,F
27847,1,F
27848,1,F
27849,2,F
27850,1,F
27851,2,F
27852,1,F
27853,1,F
27854,1,F
27855,1,F
27856,2,F
27857,1,F
27858,1,F
27859,1,F
27860,1,F
27861,1,F
27862,2,F
27863,2,F
27864,1,F
27865,2,F
27866,1,F
27867,1,F
27868,1,F
27869,1,F
27870,1,F
27871,1,F
27872,2,F
27873,1,F
27874,2,F
27875,2,F
27876,1,F
27877,1,F
27878,2,F
27879,1,F
27880,2,F
27881,1,F
27882,2,F
27883,2,F
27884,1,F
27885,2,F
27886,1,F
27887,2,F
27888,1,F
27889,2,F
27890,2,F
27891,2,F
27892,1,F
27893,1,F
27894,2,F
27895,2,F
27896,1,F
27897,2,F
27898,2,F
27899,1,F
27900,2,F
27901,1,F
27902,2,F
27903,1,F
27904,1,F
27905,2,F
27906,2,F
27907,2,F
27908,2,F
27909,2,F
27910,2,F
27911,2,F
27912,2,F
27913,2,F
27914,1,F
27915,1,F
27916,1,F
27917,1,F
27918,2,F
27919,2,F
27920,1,F
27921,1,F
27922,2,F
27923,1,F
27924,2,F
27925,1,F
27926,2,F
27927,1,F
27928,1,F
27929,1,F
27930,1,F
27931,1,F
27932,2,F
27933,1,F
27934,2,F
27935,2,F
27936,1,F
27937,1,F
27938,1,F
27939,2,F
27940,1,F
27941,1,F
27942,2,F
27943,2,F
27944,2,F
27945,2,F
27946,2,F
27947,1,F
27948,1,F
27949,2,F
27950,2,F
27951,2,F
27952,2,F
27953,2,F
27954,1,F
27955,2,F
27956,1,F
27957,2,F
27958,1,F
27959,1,F
27960,2,F
27961,1,F
27962,1,F
27963,1,F
27964,1,F
27965,1,F
27966,2,F
27967,2,F
27968,1,F
27969,1,F
27970,1,F
27971,2,F
27972,1,F
27973,2,F
27974,1,F
27975,2,F
27976,2,F
27977,2,F
27978,2,F
27979,2,F
27980,2,F
27981,2,F
27982,1,F
27983,1,F
27984,1,F
27985,1,F
27986,1,F
27987,2,F
27988,2,F
27989,2,F
27990,2,F
27991,2,F
27992,1,F
27993,2,F
27994,1,F
27995,2,F
27996,1,F
27997,2,F
27998,2,F
27999,2,F
28000,1,F
28001,1,F
28002,2,F
28003,2,F
28004,2,F
28005,1,F
28006,2,F
28007,1,F
28008,2,F
28009,2,F
28010,1,F
28011,2,F
28012,2,F
28013,2,F
28014,2,F
28015,1,F
28016,1,F
28017,1,F
28018,2,F
28019,1,F
28020,1,F
28021,1,F
28022,2,F
28023,2,F
28024,2,F
28025,2,F
28026,2,F
28027,1,F
28028,2,F
28029,1,F
28030,1,F
28031,1,F
28032,2,F
28033,1,F
28034,1,F
28035,2,F
28036,2,F
28037,1,F
28038,2,F
28039,2,F
28040,2,F
28041,2,F
28042,2,F
28043,1,F
28044,2,F
28045,2,F
28046,1,F
28047,2,F
28048,1,F
28049,2,F
28050,1,F
28051,2,F
28052,1,F
28053,1,F
28054,2,F
28055,1,F
28056,1,F
28057,1,F
28058,1,F
28059,1,F
28060,1,F
28061,1,F
28062,1,F
28063,2,F
28064,1,F
28065,1,F
28066,2,F
28067,2,F
28068,2,F
28069,1,F
28070,2,F
28071,1,F
28072,1,F
28073,1,F
28074,1,F
28075,1,F
28076,2,F
28077,1,F
28078,2,F
28079,1,F
28080,1,F
28081,1,F
28082,1,F
28083,1,F
28084,1,F
28085,2,F
28086,2,F
28087,2,F
28088,1,F
28089,1,F
28090,1,F
28091,1,F
28092,1,F
28093,1,F
28094,1,F
28095,2,F
28096,1,F
28097,1,F
28098,2,F
28099,2,F
28100,2,F
28101,2,F
28102,2,F
28103,2,F
28104,1,F
28105,1,F
28106,2,F
28107,2,F
28108,2,F
28109,1,F
28110,1,F
28111,2,F
28112,2,F
28113,2,F
28114,2,F
28115,2,F
28116,1,F
28117,2,F
28118,2,F
28119,2,F
28120,1,F
28121,2,F
28122,2,F
28123,2,F
28124,1,F
28125,2,F
28126,1,F
28127,1,F
28128,2,F
28129,2,F
28130,1,F
28131,1,F
28132,2,F
28133,2,F
28134,1,F
28135,2,F
28136,2,F
28137,1,F
28138,2,F
28139,2,F
28140,2,F
28141,2,F
28142,2,F
28143,2,F
28144,2,F
28145,2,F
28146,2,F
28147,2,F
28148,1,F
28149,2,F
28150,1,F
28151,1,F
28152,2,F
28153,2,F
28154,2,F
28155,1,F
28156,2,F
28157,1,F
28158,1,F
28159,2,F
28160,2,F
28161,2,F
28162,2,F
28163,2,F
28164,2,F
28165,2,F
28166,1,F
28167,1,F
28168,1,F
28169,2,F
28170,2,F
28171,1,F
28172,1,F
28173,1,F
28174,2,F
28175,2,F
28176,1,F
28177,1,F
28178,2,F
28179,1,F
28180,2,F
28181,2,F
28182,1,F
28183,2,F
28184,1,F
28185,2,F
28186,1,F
28187,1,F
28188,2,F
28189,1,F
28190,1,F
28191,1,F
28192,1,F
28193,2,F
28194,2,F
28195,1,F
28196,2,F
28197,2,F
28198,2,F
28199,2,F
28200,2,F
28201,2,F
28202,2,F
28203,1,F
28204,2,F
28205,2,F
28206,1,F
28207,2,F
28208,2,F
28209,2,F
28210,2,F
28211,2,F
28212,2,F
28213,2,F
28214,2,F
28215,2,F
28216,1,F
28217,2,F
28218,2,F
28219,1,F
28220,1,F
28221,1,F
28222,2,F
28223,2,F
28224,2,F
28225,2,F
28226,2,F
28227,2,F
28228,2,F
28229,2,F
28230,2,F
28231,2,F
28232,1,F
28233,2,F
28234,1,F
28235,2,F
28236,1,F
28237,2,F
28238,2,F
28239,1,F
28240,1,F
28241,2,F
28242,1,F
28243,1,F
28244,1,F
28245,2,F
28246,1,F
28247,2,F
28248,1,F
28249,2,F
28250,1,F
28251,1,F
28252,1,F
28253,1,F
28254,1,F
28255,1,F
28256,1,F
28257,2,F
28258,2,F
28259,2,F
28260,1,F
28261,2,F
28262,1,F
28263,2,F
28264,1,F
28265,1,F
28266,2,F
28267,1,F
28268,2,F
28269,1,F
28270,1,F
28271,1,F
28272,1,F
28273,1,F
28274,2,F
28275,2,F
28276,1,F
28277,2,F
28278,2,F
28279,2,F
28280,2,F
28281,1,F
28282,2,F
28283,1,F
28284,2,F
28285,2,F
28286,1,F
28287,1,F
28288,1,F
28289,1,F
28290,1,F
28291,2,F
28292,2,F
28293,2,F
28294,2,F
28295,1,F
28296,2,F
28297,2,F
28298,1,F
28299,1,F
28300,1,F
28301,1,F
28302,1,F
28303,2,F
28304,1,F
28305,1,F
28306,2,F
28307,2,F
28308,1,F
28309,1,F
28310,2,F
28311,2,F
28312,1,F
28313,1,F
28314,1,F
28315,2,F
28316,2,F
28317,1,F
28318,1,F
28319,2,F
28320,1,F
28321,2,F
28322,2,F
28323,1,F
28324,2,F
28325,1,F
28326,1,F
28327,2,F
28328,1,F
28329,2,F
28330,2,F
28331,2,F
28332,2,F
28333,2,F
28334,2,F
28335,2,F
28336,1,F
28337,1,F
28338,2,F
28339,1,F
28340,2,F
28341,1,F
28342,1,F
28343,2,F
28344,2,F
28345,1,F
28346,2,F
28347,1,F
28348,2,F
28349,2,F
28350,2,F
28351,2,F
28352,1,F
28353,2,F
28354,2,F
28355,1,F
28356,2,F
28357,2,F
28358,2,F
28359,2,F
28360,2,F
28361,2,F
28362,2,F
28363,2,F
28364,1,F
28365,1,F
28366,1,F
28367,1,F
28368,2,F
28369,2,F
28370,1,F
28371,1,F
28372,1,F
28373,1,F
28374,1,F
28375,1,F
28376,1,F
28377,1,F
28378,2,F
28379,2,F
28380,1,F
28381,2,F
28382,2,F
28383,1,F
28384,1,F
28385,2,F
28386,1,F
28387,1,F
28388,1,F
28389,2,F
28390,2,F
28391,2,F
28392,1,F
28393,1,F
28394,2,F
28395,2,F
28396,1,F
28397,2,F
28398,1,F
28399,2,F
28400,2,F
28401,2,F
28402,1,F
28403,1,F
28404,2,F
28405,1,F
28406,2,F
28407,1,F
28408,1,F
28409,2,F
28410,1,F
28411,2,F
28412,1,F
28413,2,F
28414,1,F
28415,1,F
28416,1,F
28417,2,F
28418,2,F
28419,2,F
28420,1,F
28421,2,F
28422,1,F
28423,1,F
28424,2,F
28425,2,F
28426,2,F
28427,1,F
28428,1,F
28429,2,F
28430,1,F
28431,2,F
28432,1,F
28433,2,F
28434,1,F
28435,1,F
28436,2,F
28437,1,F
28438,2,F
28439,2,F
28440,1,F
28441,1,F
28442,2,F
28443,1,F
28444,1,F
28445,1,F
28446,1,F
28447,2,F
28448,2,F
28449,2,F
28450,1,F
28451,2,F
28452,2,F
28453,1,F
28454,2,F
28455,1,F
28456,1,F
28457,1,F
28458,2,F
28459,2,F
28460,2,F
28461,1,F
28462,2,F
28463,2,F
28464,1,F
28465,1,F
28466,2,F
28467,2,F
28468,2,F
28469,2,F
28470,2,F
28471,2,F
28472,2,F
28473,1,F
28474,2,F
28475,1,F
28476,1,F
28477,1,F
28478,1,F
28479,1,F
28480,2,F
28481,2,F
28482,1,F
28483,1,F
28484,2,F
28485,1,F
28486,2,F
28487,1,F
28488,2,F
28489,1,F
28490,1,F
28491,1,F
28492,1,F
28493,1,F
28494,2,F
28495,1,F
28496,2,F
28497,2,F
28498,2,F
28499,2,F
28500,2,F
28501,2,F
28502,1,F
28503,1,F
28504,2,F
28505,1,F
28506,1,F
28507,2,F
28508,2,F
28509,1,F
28510,2,F
28511,2,F
28512,2,F
28513,2,F
28514,2,F
28515,1,F
28516,1,F
28517,2,F
28518,1,F
28519,1,F
28520,1,F
28521,1,F
28522,1,F
28523,2,F
28524,2,F
28525,1,F
28526,2,F
28527,1,F
28528,2,F
28529,1,F
28530,1,F
28531,1,F
28532,2,F
28533,1,F
28534,1,F
28535,1,F
28536,1,F
28537,1,F
28538,2,F
28539,2,F
28540,2,F
28541,2,F
28542,2,F
28543,2,F
28544,1,F
28545,2,F
28546,1,F
28547,1,F
28548,1,F
28549,2,F
28550,2,F
28551,1,F
28552,2,F
28553,2,F
28554,2,F
28555,1,F
28556,2,F
28557,1,F
28558,2,F
28559,2,F
28560,2,F
28561,2,F
28562,2,F
28563,2,F
28564,1,F
28565,1,F
28566,2,F
28567,2,F
28568,1,F
28569,2,F
28570,2,F
28571,1,F
28572,1,F
28573,1,F
28574,2,F
28575,2,F
28576,1,F
28577,1,F
28578,1,F
28579,2,F
28580,2,F
28581,1,F
28582,1,F
28583,2,F
28584,1,F
28585,1,F
28586,2,F
28587,2,F
28588,2,F
28589,2,F
28590,2,F
28591,1,F
28592,2,F
28593,1,F
28594,1,F
28595,2,F
28596,2,F
28597,2,F
28598,1,F
28599,2,F
28600,2,F
28601,1,F
28602,2,F
28603,2,F
28604,1,F
28605,1,F
28606,1,F
28607,1,F
28608,2,F
28609,1,F
28610,1,F
28611,1,F
28612,1,F
28613,2,F
28614,2,F
28615,2,F
28616,1,F
28617,1,F
28618,1,F
28619,2,F
28620,1,F
28621,2,F
28622,1,F
28623,1,F
28624,2,F
28625,2,F
28626,2,F
28627,1,F
28628,2,F
28629,1,F
28630,2,F
28631,2,F
28632,1,F
28633,1,F
28634,1,F
28635,2,F
28636,1,F
28637,2,F
28638,2,F
28639,1,F
28640,1,F
28641,1,F
28642,1,F
28643,2,F
28644,2,F
28645,1,F
28646,2,F
28647,1,F
28648,2,F
28649,1,F
28650,2,F
28651,1,F
28652,2,F
28653,1,F
28654,2,F
28655,2,F
28656,1,F
28657,2,F
28658,1,F
28659,2,F
28660,2,F
28661,1,F
28662,1,F
28663,1,F
28664,2,F
28665,1,F
28666,1,F
28667,2,F
28668,2,F
28669,2,F
28670,1,F
28671,2,F
28672,2,F
28673,1,F
28674,2,F
28675,1,F
28676,1,F
28677,2,F
28678,2,F
28679,1,F
28680,2,F
28681,2,F
28682,1,F
28683,2,F
28684,2,F
28685,2,F
28686,1,F
28687,2,F
28688,2,F
28689,1,F
28690,2,F
28691,1,F
28692,2,F
28693,1,F
28694,1,F
28695,1,F
28696,2,F
28697,2,F
28698,2,F
28699,2,F
28700,2,F
28701,2,F
28702,1,F
28703,2,F
28704,2,F
28705,1,F
28706,2,F
28707,1,F
28708,2,F
28709,2,F
28710,2,F
28711,1,F
28712,1,F
28713,2,F
28714,2,F
28715,2,F
28716,2,F
28717,2,F
28718,2,F
28719,2,F
28720,2,F
28721,1,F
28722,2,F
28723,1,F
28724,2,F
28725,2,F
28726,2,F
28727,1,F
28728,1,F
28729,1,F
28730,2,F
28731,1,F
28732,2,F
28733,1,F
28734,2,F
28735,2,F
28736,2,F
28737,1,F
28738,2,F
28739,2,F
28740,2,F
28741,2,F
28742,1,F
28743,2,F
28744,2,F
28745,2,F
28746,1,F
28747,1,F
28748,1,F
28749,2,F
28750,2,F
28751,2,F
28752,2,F
28753,2,F
28754,2,F
28755,1,F
28756,2,F
28757,2,F
28758,2,F
28759,1,F
28760,2,F
28761,1,F
28762,1,F
28763,2,F
28764,2,F
28765,2,F
28766,2,F
28767,1,F
28768,2,F
28769,2,F
28770,2,F
28771,1,F
28772,2,F
28773,2,F
28774,1,F
28775,2,F
28776,1,F
28777,1,F
28778,2,F
28779,2,F
28780,2,F
28781,2,F
28782,1,M
28783,1,F
28784,1,F
28785,2,F
28786,2,F
28787,2,F
28788,2,F
28789,2,F
28790,2,F
28791,2,F
28792,2,F
28793,1,F
28794,1,F
28795,2,F
28796,1,F
28797,1,F
28798,2,F
28799,2,F
28800,2,F
28801,1,F
28802,2,F
28803,1,F
28804,2,F
28805,2,F
28806,2,F
28807,2,F
28808,2,F
28809,2,F
28810,2,F
28811,2,F
28812,1,F
28813,2,F
28814,2,F
28815,2,F
28816,2,F
28817,2,F
28818,2,F
28819,1,F
28820,2,F
28821,1,F
28822,2,F
28823,2,F
28824,1,F
28825,1,F
28826,2,F
28827,1,F
28828,2,F
28829,2,F
28830,2,F
28831,1,F
28832,2,F
28833,2,F
28834,1,F
28835,2,F
28836,2,F
28837,2,F
28838,2,F
28839,2,F
28840,1,F
28841,2,F
28842,1,F
28843,2,F
28844,2,F
28845,2,F
28846,1,F
28847,2,F
28848,1,F
28849,2,F
28850,2,F
28851,2,F
28852,2,F
28853,2,F
28854,1,F
28855,2,F
28856,2,F
28857,1,F
28858,2,F
28859,1,F
28860,1,F
28861,1,F
28862,2,F
28863,1,F
28864,2,F
28865,2,F
28866,2,F
28867,2,F
28868,2,F
28869,1,F
28870,2,F
28871,1,F
28872,1,F
28873,2,F
28874,1,F
28875,2,F
28876,2,F
28877,1,F
28878,2,F
28879,1,F
28880,2,F
28881,2,F
28882,1,F
28883,1,F
28884,2,F
28885,2,F
28886,2,F
28887,2,F
28888,1,F
28889,1,F
28890,2,F
28891,1,F
28892,2,F
28893,1,F
28894,1,F
28895,2,F
28896,2,F
28897,2,F
28898,1,F
28899,1,F
28900,1,F
28901,2,F
28902,2,F
28903,1,F
28904,2,F
28905,1,F
28906,1,F
28907,1,F
28908,2,F
28909,2,F
28910,2,F
28911,2,F
28912,2,F
28913,2,F
28914,2,F
28915,1,F
28916,1,F
28917,2,F
28918,1,F
28919,2,F
28920,2,F
28921,2,F
28922,2,F
28923,2,F
28924,2,F
28925,1,F
28926,1,F
28927,2,F
28928,2,F
28929,2,F
28930,2,F
28931,1,F
28932,2,F
28933,1,F
28934,2,F
28935,1,F
28936,2,F
28937,2,F
28938,2,F
28939,1,F
28940,2,F
28941,1,F
28942,2,F
28943,2,F
28944,2,F
28945,1,F
28946,2,F
28947,2,F
28948,2,F
28949,2,F
28950,2,F
28951,2,F
28952,2,F
28953,2,F
28954,2,F
28955,2,F
28956,2,F
28957,2,F
28958,1,F
28959,2,F
28960,2,F
28961,2,F
28962,2,F
28963,1,F
28964,2,F
28965,2,F
28966,2,F
28967,2,F
28968,2,F
28969,2,F
28970,1,F
28971,2,F
28972,1,F
28973,1,F
28974,1,F
28975,1,F
28976,2,F
28977,1,F
28978,1,F
28979,2,F
28980,1,F
28981,1,F
28982,1,F
28983,2,F
28984,1,F
28985,2,F
28986,2,F
28987,2,F
28988,2,F
28989,2,F
28990,2,F
28991,2,F
28992,2,F
28993,1,F
28994,2,F
28995,2,F
28996,1,F
28997,2,F
28998,2,F
28999,2,F
29000,2,F
29001,1,F
29002,1,F
29003,2,F
29004,2,F
29005,2,F
29006,1,F
29007,1,F
29008,1,F
29009,2,F
29010,2,F
29011,2,F
29012,2,F
29013,1,F
29014,2,F
29015,2,F
29016,1,F
29017,1,F
29018,2,F
29019,1,F
29020,2,F
29021,2,F
29022,2,F
29023,1,F
29024,2,F
29025,2,F
29026,1,F
29027,2,F
29028,2,F
29029,2,F
29030,1,F
29031,2,F
29032,1,F
29033,1,F
29034,1,F
29035,2,F
29036,1,F
29037,2,F
29038,2,F
29039,2,F
29040,2,F
29041,2,F
29042,2,F
29043,1,F
29044,1,F
29045,1,F
29046,2,F
29047,1,F
29048,1,F
29049,2,F
29050,2,F
29051,2,F
29052,1,F
29053,1,F
29054,1,F
29055,1,F
29056,1,F
29057,1,F
29058,2,F
29059,2,F
29060,1,F
29061,2,F
29062,1,F
29063,2,F
29064,2,F
29065,2,F
29066,1,F
29067,1,F
29068,1,F
29069,2,F
29070,2,F
29071,2,F
29072,2,F
29073,2,F
29074,2,F
29075,1,F
29076,2,F
29077,1,F
29078,1,F
29079,1,F
29080,2,F
29081,1,F
29082,2,F
29083,2,F
29084,1,F
29085,2,F
29086,2,F
29087,1,F
29088,1,F
29089,1,F
29090,2,F
29091,2,F
29092,1,F
29093,2,F
29094,2,F
29095,1,F
29096,1,F
29097,2,F
29098,1,F
29099,1,F
29100,1,F
29101,2,F
29102,1,F
29103,2,F
29104,1,F
29105,2,F
29106,1,F
29107,2,F
29108,1,F
29109,1,F
29110,1,F
29111,1,F
29112,2,F
29113,1,F
29114,1,F
29115,2,F
29116,1,F
29117,1,F
29118,1,F
29119,2,F
29120,2,F
29121,2,F
29122,2,F
29123,2,F
29124,1,F
29125,1,F
29126,2,F
29127,1,F
29128,1,F
29129,2,F
29130,1,F
29131,2,F
29132,2,F
29133,2,F
29134,2,F
29135,2,F
29136,1,F
29137,2,F
29138,2,F
29139,1,F
29140,1,F
29141,1,F
29142,2,F
29143,1,F
29144,2,F
29145,1,F
29146,2,F
29147,1,F
29148,2,F
29149,2,F
29150,1,F
29151,2,F
29152,1,F
29153,1,F
29154,1,F
29155,1,F
29156,1,F
29157,1,F
29158,2,F
29159,1,F
29160,1,F
29161,1,F
29162,1,F
29163,1,F
29164,2,F
29165,2,F
29166,1,F
29167,1,F
29168,1,F
29169,1,F
29170,1,F
29171,1,F
29172,2,F
29173,2,F
29174,2,F
29175,2,F
29176,2,F
29177,2,F
29178,2,F
29179,1,F
29180,2,F
29181,1,F
29182,2,F
29183,2,F
29184,1,M
29185,1,M
29186,1,F
29187,1,M
29188,2,M
29189,2,M
29190,1,M
29191,1,M
29192,2,M
29193,1,M
29194,1,M
29195,1,M
29196,1,M
29197,1,M
29198,1,M
29199,2,M
29200,1,M
29201,1,M
29202,1,M
29203,1,M
29204,1,M
29205,1,M
29206,1,M
29207,1,M
29208,2,M
29209,1,M
29210,1,M
29211,1,M
29212,1,M
29213,1,M
29214,1,M
29215,1,M
29216,1,M
29217,1,M
29218,1,M
29219,1,M
29220,1,M
29221,1,M
29222,1,M
29223,1,M
29224,1,M
29225,1,M
29226,1,M
29227,1,M
29228,1,M
29229,1,M
29230,1,M
29231,1,M
29232,2,M
29233,1,M
29234,1,M
29235,1,M
29236,1,M
29237,1,M
29238,1,M
29239,1,M
29240,1,M
29241,1,M
29242,1,M
29243,1,M
29244,1,M
29245,1,M
29246,1,M
29247,1,M
29248,1,M
29249,1,M
29250,1,M
29251,1,M
29252,1,M
29253,1,M
29254,1,M
29255,1,M
29256,1,M
29257,1,M
29258,1,M
29259,1,M
29260,1,M
29261,1,M
29262,1,M
29263,1,M
29264,1,M
29265,1,M
29266,2,M
29267,2,M
29268,1,M
29269,1,M
29270,1,M
29271,1,M
29272,2,M
29273,2,M
29274,1,M
29275,2,M
29276,1,M
29277,1,M
29278,2,M
29279,2,M
29280,2,M
29281,2,M
29282,1,M
29283,1,F
29284,2,M
29285,1,M
29286,2,M
29287,2,M
29288,1,M
29289,1,M
29290,1,M
29291,1,M
29292,2,M
29293,1,M
29294,1,M
29295,1,M
29296,1,M
29297,1,M
29298,1,M
29299,1,M
29300,2,M
29301,2,M
29302,1,M
29303,2,M
29304,1,M
29305,2,M
29306,1,M
29307,1,M
29308,2,M
29309,1,M
29310,2,M
29311,1,M
29312,1,M
29313,1,M
29314,1,M
29315,1,M
29316,2,M
29317,1,M
29318,1,M
29319,1,M
29320,2,M
29321,1,M
29322,1,M
29323,1,M
29324,2,M
29325,1,M
29326,1,M
29327,1,M
29328,1,M
29329,1,M
29330,1,M
29331,1,M
29332,1,M
29333,2,M
29334,1,M
29335,1,M
29336,2,M
29337,1,M
29338,2,M
29339,1,M
29340,1,M
29341,1,M
29342,1,M
29343,1,M
29344,1,M
29345,1,M
29346,1,M
29347,2,M
29348,1,M
29349,1,M
29350,1,M
29351,2,M
29352,1,M
29353,1,M
29354,2,M
29355,1,M
29356,2,M
29357,1,M
29358,1,M
29359,1,M
29360,1,M
29361,1,M
29362,2,M
29363,1,M
29364,2,M
29365,1,M
29366,1,M
29367,1,M
29368,1,M
29369,2,M
29370,2,M
29371,2,M
29372,1,M
29373,2,M
29374,2,M
29375,2,M
29376,2,M
29377,2,M
29378,1,M
29379,2,M
29380,1,M
29381,2,M
29382,1,M
29383,2,M
29384,2,M
29385,1,M
29386,2,M
29387,1,M
29388,2,M
29389,1,M
29390,1,M
29391,1,M
29392,2,M
29393,2,M
29394,1,M
29395,2,M
29396,2,M
29397,2,M
29398,1,M
29399,1,M
29400,2,M
29401,2,M
29402,1,M
29403,2,M
29404,1,M
29405,2,M
29406,1,M
29407,1,M
29408,1,M
29409,1,M
29410,1,M
29411,2,M
29412,1,M
29413,1,M
29414,1,M
29415,1,M
29416,1,M
29417,1,M
29418,1,M
29419,1,M
29420,2,M
29421,2,M
29422,1,M
29423,1,M
29424,2,M
29425,1,M
29426,2,M
29427,1,M
29428,1,M
29429,1,M
29430,1,M
29431,2,M
29432,1,M
29433,1,M
29434,2,M
29435,2,M
29436,1,M
29437,1,M
29438,2,M
29439,2,M
29440,1,M
29441,1,M
29442,2,M
29443,2,M
29444,2,M
29445,1,M
29446,1,M
29447,2,M
29448,1,M
29449,1,M
29450,2,M
29451,2,M
29452,1,M
29453,1,M
29454,1,M
29455,1,M
29456,1,M
29457,1,M
29458,2,M
29459,2,M
29460,1,M
29461,2,M
29462,1,M
29463,2,M
29464,1,M
29465,2,M
29466,2,M
29467,1,M
29468,2,M
29469,1,M
29470,2,M
29471,2,M
29472,2,M
29473,2,M
29474,1,M
29475,1,M
29476,1,M
29477,2,M
29478,1,M
29479,1,M
29480,2,M
29481,1,M
29482,2,M
29483,1,M
29484,2,M
29485,2,M
29486,2,M
29487,2,M
29488,1,M
29489,1,M
29490,1,M
29491,2,M
29492,2,M
29493,2,M
29494,1,M
29495,2,M
29496,2,M
29497,1,M
29498,2,M
29499,1,M
29500,1,M
29501,1,M
29502,2,M
29503,2,M
29504,1,M
29505,1,M
29506,1,M
29507,1,M
29508,2,M
29509,2,M
29510,2,M
29511,1,M
29512,1,M
29513,1,M
29514,1,M
29515,1,M
29516,1,M
29517,1,M
29518,2,M
29519,1,M
29520,1,M
29521,1,M
29522,2,M
29523,1,M
29524,1,M
29525,1,M
29526,2,M
29527,1,M
29528,2,M
29529,1,M
29530,1,M
29531,1,M
29532,2,M
29533,2,M
29534,1,M
29535,2,M
29536,1,M
29537,2,M
29538,1,M
29539,1,M
29540,1,M
29541,1,M
29542,1,M
29543,2,M
29544,2,M
29545,1,M
29546,1,M
29547,1,M
29548,2,M
29549,2,M
29550,2,M
29551,1,M
29552,1,M
29553,2,M
29554,2,M
29555,1,M
29556,1,M
29557,1,M
29558,1,M
29559,2,M
29560,1,M
29561,2,M
29562,1,M
29563,2,M
29564,1,M
29565,2,M
29566,1,M
29567,1,M
29568,1,M
29569,1,M
29570,2,M
29571,1,M
29572,2,M
29573,2,M
29574,2,M
29575,1,M
29576,1,M
29577,1,M
29578,2,M
29579,1,M
29580,1,M
29581,2,M
29582,2,M
29583,1,M
29584,1,M
29585,2,M
29586,1,M
29587,2,M
29588,1,M
29589,2,M
29590,1,M
29591,1,M
29592,2,M
29593,1,M
29594,2,M
29595,2,M
29596,2,M
29597,2,M
29598,1,M
29599,1,M
29600,1,M
29601,1,M
29602,2,M
29603,1,M
29604,1,M
29605,1,M
29606,2,M
29607,1,M
29608,2,M
29609,1,M
29610,2,M
29611,2,M
29612,1,M
29613,1,M
29614,2,M
29615,1,M
29616,1,M
29617,2,M
29618,1,M
29619,2,M
29620,1,M
29621,1,M
29622,1,M
29623,1,M
29624,2,M
29625,1,M
29626,2,M
29627,1,M
29628,1,M
29629,2,M
29630,2,M
29631,1,M
29632,1,M
29633,2,M
29634,2,M
29635,2,M
29636,1,M
29637,2,M
29638,1,M
29639,2,M
29640,2,M
29641,2,M
29642,2,M
29643,1,M
29644,2,M
29645,2,M
29646,2,M
29647,1,M
29648,1,M
29649,2,M
29650,2,M
29651,2,M
29652,1,M
29653,2,M
29654,1,M
29655,1,M
29656,2,M
29657,2,M
29658,1,M
29659,1,M
29660,1,M
29661,1,M
29662,2,M
29663,1,M
29664,1,M
29665,2,M
29666,1,M
29667,2,M
29668,1,M
29669,1,M
29670,1,M
29671,2,M
29672,1,M
29673,1,M
29674,2,M
29675,1,M
29676,2,M
29677,1,M
29678,1,M
29679,2,M
29680,2,M
29681,1,M
29682,2,M
29683,1,M
29684,2,M
29685,2,M
29686,1,M
29687,2,M
29688,2,M
29689,2,M
29690,2,M
29691,2,M
29692,1,M
29693,2,M
29694,2,M
29695,2,M
29696,2,M
29697,2,M
29698,2,M
29699,2,M
29700,1,M
29701,1,M
29702,2,M
29703,2,M
29704,2,M
29705,2,M
29706,1,M
29707,2,M
29708,1,M
29709,1,M
29710,2,M
29711,2,M
29712,1,M
29713,1,M
29714,2,M
29715,1,M
29716,1,M
29717,1,M
29718,1,M
29719,2,M
29720,1,M
29721,1,M
29722,2,M
29723,2,M
29724,2,M
29725,1,M
29726,2,M
29727,1,M
29728,2,M
29729,2,M
29730,2,M
29731,1,M
29732,1,M
29733,1,M
29734,2,M
29735,2,M
29736,1,M
29737,2,M
29738,1,M
29739,2,M
29740,2,M
29741,2,M
29742,1,M
29743,2,M
29744,1,M
29745,1,M
29746,1,M
29747,2,M
29748,1,M
29749,2,M
29750,2,M
29751,1,M
29752,1,M
29753,2,M
29754,2,M
29755,2,M
29756,1,M
29757,1,M
29758,1,M
29759,2,M
29760,1,M
29761,2,M
29762,2,M
29763,2,M
29764,1,M
29765,1,M
29766,1,M
29767,1,M
29768,2,M
29769,1,M
29770,2,M
29771,1,M
29772,1,M
29773,2,M
29774,2,M
29775,1,M
29776,2,M
29777,2,M
29778,2,M
29779,2,M
29780,1,M
29781,1,M
29782,2,M
29783,2,M
29784,1,M
29785,2,M
29786,1,M
29787,1,M
29788,1,M
29789,1,M
29790,2,M
29791,2,M
29792,2,M
29793,2,M
29794,1,M
29795,2,M
29796,1,M
29797,1,M
29798,1,M
29799,2,M
29800,1,M
29801,2,M
29802,2,M
29803,1,M
29804,1,M
29805,1,M
29806,1,M
29807,2,M
29808,1,M
29809,2,M
29810,1,M
29811,2,M
29812,1,M
29813,2,M
29814,2,M
29815,1,M
29816,2,M
29817,1,M
29818,1,M
29819,1,M
29820,1,M
29821,2,M
29822,2,M
29823,1,M
29824,2,M
29825,1,M
29826,1,M
29827,1,M
29828,2,M
29829,1,M
29830,1,M
29831,2,M
29832,1,M
29833,1,M
29834,1,M
29835,1,M
29836,1,M
29837,2,M
29838,2,M
29839,2,M
29840,2,M
29841,2,M
29842,2,M
29843,2,M
29844,1,M
29845,2,M
29846,1,M
29847,2,M
29848,2,M
29849,1,M
29850,1,M
29851,1,M
29852,2,M
29853,2,M
29854,1,M
29855,2,M
29856,1,M
29857,2,M
29858,1,M
29859,1,M
29860,2,M
29861,2,M
29862,2,M
29863,1,M
29864,1,M
29865,2,M
29866,1,M
29867,2,M
29868,2,M
29869,2,M
29870,1,M
29871,1,M
29872,2,M
29873,2,M
29874,1,M
29875,1,M
29876,2,M
29877,2,M
29878,2,M
29879,2,M
29880,2,M
29881,1,M
29882,2,M
29883,1,M
29884,2,M
29885,2,M
29886,1,M
29887,2,M
29888,1,M
29889,2,M
29890,2,M
29891,2,M
29892,1,M
29893,2,M
29894,2,M
29895,2,M
29896,2,M
29897,1,M
29898,1,M
29899,1,M
29900,2,M
29901,1,M
29902,1,M
29903,2,M
29904,2,M
29905,1,M
29906,1,M
29907,2,M
29908,2,M
29909,1,M
29910,2,M
29911,2,M
29912,2,M
29913,2,M
29914,2,M
29915,2,M
29916,1,M
29917,2,M
29918,1,M
29919,2,M
29920,1,M
29921,1,M
29922,2,M
29923,1,M
29924,2,M
29925,1,M
29926,2,M
29927,1,M
29928,2,M
29929,1,M
29930,2,M
29931,1,M
29932,1,M
29933,2,M
29934,2,M
29935,2,M
29936,1,M
29937,1,M
29938,2,M
29939,1,M
29940,1,M
29941,1,M
29942,1,M
29943,1,M
29944,2,M
29945,1,M
29946,1,M
29947,2,M
29948,1,M
29949,2,M
29950,2,M
29951,2,M
29952,2,M
29953,2,M
29954,2,M
29955,2,M
29956,2,M
29957,1,M
29958,2,M
29959,2,M
29960,2,M
29961,1,M
29962,2,M
29963,1,M
29964,2,M
29965,2,M
29966,2,M
29967,2,M
29968,1,M
29969,1,M
29970,2,M
29971,2,M
29972,1,M
29973,2,M
29974,2,M
29975,1,M
29976,2,M
29977,1,M
29978,2,M
29979,2,M
29980,2,M
29981,1,M
29982,1,M
29983,1,M
29984,1,M
29985,1,M
29986,2,M
29987,2,M
29988,1,M
29989,2,M
29990,1,M
29991,1,M
29992,2,M
29993,1,M
29994,1,M
29995,1,M
29996,2,M
29997,1,M
29998,1,M
29999,1,M
30000,1,M
